SnapshotDate,SKU,WarehouseID,OnHandQty
2026-07-28,SKU-0020,WH-07,136
2026-07-14,SKU-0015,WH-04,53
2026-08-25,SKU-0022,WH-06,184
2026-08-18,SKU-0019,wh-01,106
2026-07-14,SKU-0013,WH-04,199
2026-07-07,SKU-0020,WH-05,77
07/21/2026,SKU-0020,WH-08,143
2026-07-21,SKU-0014,WH-05,83
2026-07-28,SKU-0025,WH-03,129
2026-08-11,SKU-0013,WH-07,233
2026-08-04,SKU-0028,WH-01,125
2026-07-21,SKU-0006,WH-05,53
2026-08-11,SKU-0024,WH-02,200
2026-07-21,SKU-0019,WH-07,51
11-Aug-2026,SKU-0038,WH-01,39
2026-07-14,SKU-0019,WH-05,215
2026-07-28,SKU-0031,WH-03,48
2026-07-21,SKU-0012,WH-05,193
2026-08-25,SKU-0008,WH-02,100
2026-06-30,SKU-0011,WH-06,125
2026-08-04,SKU-0022,WH-04,110
2026-07-14,SKU-0027,WH-08,172
,SKU-0010,WH-04,179
08/11/2026,SKU-0009,WH-03,102
2026-07-14,SKU-0038,WH-08,132
2026-08-18,SKU-0033,WH-99,258
2026-07-07,SKU-0042,WH-02,150
2026-07-28,SKU-0032,WH-04,115
2026-08-04,SKU-0008,WH-08,202
2026-08-18,SKU-0001,WH-05,144
2026-07-28,SKU-0035,WH-02,153
2026-07-14,SKU-0018,WH-09,63
18-Aug-2026,SKU-0045,WH-09,113
2026-06-30,SKU-0025,WH-08,157
07/21/2026,SKU-0003,WH-06,-24
2026-08-18,SKU-0008,WH-08,73
2026-08-04,SKU-0028,WH-03,168
,SKU-0028,WH-07,107
2026-06-30,SKU-0002,WH-05,107
2026-08-11,SKU-0032,WH-05,135
2026-09-01,SKU-0042,WH-04,119
2026-07-28,SKU-0003,WH-01,144
2026-06-30,SKU-0003,WH-06,91
2026-07-21,SKU-0015,WH-02,112
2026-07-21,SKU-0003,WH-07,134
2026-09-01,SKU-0045,WH-05,198
07/14/2026,SKU-0004,WH-05,144
2026-08-04,SKU-0020,WH-05,107
25-Aug-2026,SKU-0032,WH-08,166
2026-08-11,SKU-0032,WH-04,196
2026-06-30,SKU-0005,WH-09,88
2026-08-25,SKU-0022,WH-08,120
2026-07-21,SKU-0017,WH-02,122
2026-07-21,SKU-0045,WH-03,183
07/21/2026,SKU-0024,WH-06,129
2026-07-14,SKU-0015,WH-05,133
2026-08-25,SKU-0028,WH-04,61
2026-07-07,SKU-0021,WH-05,56
2026-07-21,SKU-0027,WH-01,17
2026-09-01,SKU-0028,WH-01,111
2026-08-11,SKU-0031,WH-03,193
2026-07-14,SKU-0035,WH-07,251
2026-09-01,SKU-0029,WH-04,86
2026-08-04,SKU-0034,WH-02,145
2026-08-18,SKU-0001,WH-06,177
2026-08-25,SKU-0027,WH-05,89
21-Jul-2026,SKU-0041,WH-06,168
2026-09-01,SKU-0004,WH-07,101
2026-08-11,SKU-0018,WH-06,51
08/25/2026,SKU-0001,WH-06,8
2026-08-25,SKU-0010,WH-05,158
2026-07-14,SKU-0031,WH-01,117
2026-07-07,SKU-0015,WH-05,41
,SKU-0044,WH-04,28
2026-06-30,SKU-0018,WH-07,171
2026-08-25,SKU-0026,WH-02,39
2026-06-30,SKU-0007,WH-01,20
2026-08-11,SKU-0045,WH-02,79
2026-07-14,SKU-0019,WH-04,86
2026-08-04,SKU-0001,WH-06,157
2026-07-21,SKU-0005,WH-02,132
2026-08-04,SKU-0030,WH-02,186
21-Jul-2026,SKU-0005,WH-08,17
2026-07-21,SKU-0033,WH-06,114
18-Aug-2026,SKU-0005,WH-05,91
2026-07-21,SKU-0015,wh-01,219
2026-08-25,SKU-0005,WH-01,47
2026-08-25,SKU-0007,WH-04,184
2026-07-14,SKU-0012,WH-01,34
2026-08-11,SKU-0040,WH-06,21
2026-08-04,SKU-0012,WH-05,75
2026-07-21,SKU-0016,WH-08,27
2026-07-14,SKU-0014,WH-06,94
2026-09-01,SKU-0045,WH-04,62
2026-09-01,SKU-0028,WH-04,88
,SKU-0016,WH-06,180
2026-07-28,SKU-0034,WH-02,208
2026-07-21,SKU-0016,WH-03,103
2026-06-30,SKU-0015,WH-06,136
2026-08-18,SKU-0010,WH-06,52
2026-08-11,SKU-0008,WH-03,22
2026-08-11,SKU-0017,WH-06,86
2026-08-25,SKU-0015,wh-01,100
2026-07-14,SKU-0033,WH-05,86
2026-08-04,SKU-0005,Wh-01,58
2026-08-25,SKU-0033,WH-03,138
2026-07-07,SKU-0015,WH-02,134
2026-07-14,SKU-0025,WH_05,94
2026-07-07,SKU-0028,WH-03,139
2026-08-11,SKU-0006,WH-07,122
2026-07-21,SKU-0015,WH-04,99
2026-06-30,SKU-0025,WH_05,114
2026-08-04,SKU-0035,WH-04,167
2026-06-30,SKU-0033,WH-07,181
2026-07-28,SKU-0010,WH-04,187
2026-07-14,SKU-0017,WH-01,179
2026-07-28,SKU-0015,WH-01,166
2026-07-07,SKU-0039,WH-01,-6
2026-07-07,SKU-0021,WH-06,88
2026-07-28,SKU-0037,WH-03,169
2026-08-11,SKU-0019,WH-08,78
2026-09-01,SKU-0024,WH-05,75
2026-08-25,SKU-0023,WH-01,119
2026-08-25,SKU-0027,WH-02,108
2026-08-04,SKU-0013,WH-08,171
2026-07-28,SKU-0015,WH-02,244
2026-09-01,SKU-0009,WH-07,97
2026-08-18,SKU-0011,WH-06,220
2026-07-28,SKU-0017,WH-05,139
2026-07-07,SKU-0033,WH-01,189
2026-08-04,SKU-0020,WH-06,99
,SKU-0020,WH-08,60
2026-06-30,SKU-0042,WH-04,157
2026-07-21,SKU-0029,WH-04,126
28-Jul-2026,SKU-0004,WH-01,122
2026-08-04,SKU-0021,WH-08,115
2026-06-30,SKU-0004,WH-05,94
28-Jul-2026,SKU-0036,WH-08,48
2026-08-18,SKU-0024,WH-99,230
2026-07-21,SKU-0043,WH-06,158
2026-08-18,SKU-0038,WH-01,78
08/25/2026,SKU-0003,WH-02,101
2026-08-18,SKU-0012,WH-02,155
2026-07-07,SKU-0025,WH-06,108
2026-07-07,SKU-0010,WH-01,132
2026-08-04,SKU-0002,WH-03,106
07/14/2026,SKU-0009,WH-04,153
2026-07-28,SKU-0028,WH-01,90
2026-07-21,SKU-0033,WH-07,138
2026-07-14,SKU-0037,WH-04,131
2026-08-04,SKU-0044,WH-06,64
2026-06-30,SKU-0004,WH-06,120
2026-08-18,SKU-0027,WH-03,161
2026-07-07,SKU-0041,WH-07,100
09/01/2026,SKU-0008,WH-09,129
2026-07-21,SKU-0011,WH-05,115
2026-09-01,SKU-0031,WH-05,179
2026-07-28,SKU-0024,WH-02,311
2026-08-18,SKU-0022,WH-08,142
2026-07-21,SKU-0045,WH-07,107
2026-09-01,SKU-0034,WH-06,131
2026-06-30,SKU-0043,WH-05,168
2026-07-21,SKU-0039,WH-04,60
25-Aug-2026,SKU-0040,WH-07,137
2026-08-11,SKU-0044,WH-02,146
2026-07-14,SKU-0034,WH-06,212
2026-09-01,SKU-0030,WH-02,79
11-Aug-2026,SKU-0029,WH-01,55
2026-07-14,SKU-0007,WH-08,234
2026-06-30,SKU-0030,WH-01,92
2026-08-18,SKU-0030,WH-05,209
2026-07-21,SKU-0023,WH-02,125
2026-07-07,SKU-0024,WH_05,33
2026-08-04,SKU-0021,WH-04,165
2026-07-14,SKU-0018,WH-01,149
2026-08-25,SKU-0008,Wh-01,149
2026-07-28,SKU-0045,WH-01,62
2026-07-07,SKU-0036,WH-06,64
08/18/2026,SKU-0038,WH-02,79
2026-08-18,SKU-0019,WH-08,142
2026-07-14,SKU-0004,WH-07,156
2026-08-25,SKU-0045,WH-03,132
2026-06-30,SKU-0033, WH-01 ,68
2026-07-21,SKU-0024,WH-08,19
2026-07-07,SKU-0031,WH-09,147
2026-06-30,SKU-0023,WH-05,150
,SKU-0008,WH-03,177
2026-08-11,SKU-0044,WH-07,37
2026-07-21,SKU-0036,WH-05,141
2026-07-28,SKU-0019,WH-05,127
2026-07-21,SKU-0040,WH-08,183
2026-07-07,SKU-0018,WH-08,194
2026-07-21,SKU-0008,WH-02,115
25-Aug-2026,SKU-0038,WH-03,132
2026-08-11,SKU-0036,WH-04,135
2026-07-28,SKU-0001,WH-01,213
2026-09-01,SKU-0039,WH-09,86
2026-07-21,SKU-0028,WH_05,-122
2026-08-11,SKU-0004,WH-07,142
2026-08-25,SKU-0004,WH-04,71
09/01/2026,SKU-0044,WH-01,113
2026-09-01,SKU-0023,WH-07,25
2026-09-01,SKU-0030,WH-08,84
2026-07-21,SKU-0037,WH-06,155
2026-06-30,SKU-0012,WH-04,135
2026-08-11,SKU-0011,WH-02,99
2026-09-01,SKU-0030,WH-04,-24
2026-06-30,SKU-0002,WH-03,233
2026-08-11,SKU-0035,WH-03,113
2026-07-07,SKU-0014,WH-08,194
2026-07-28,SKU-0012,WH-06,90
06/30/2026,SKU-0039,WH-06,244
2026-06-30,SKU-0030,WH-02,39
2026-08-11,SKU-0030,WH-02,17
2026-08-25,SKU-0010,WH-02,144
2026-07-21,SKU-0041,WH-08,-3
11-Aug-2026,SKU-0017,WH-08,7
2026-08-04,SKU-0001,WH-03,121
2026-07-28,SKU-0006,WH-07,79
2026-07-28,SKU-0010,Wh-01,125
2026-08-04,SKU-0002,WH-07,126
2026-09-01,SKU-0036,WH-04,130
2026-08-11,SKU-0041,wh-01,153
2026-07-21,SKU-0002,WH-03,202
2026-08-11,SKU-0039,WH-05,119
2026-06-30,SKU-0020,WH-08,-43
2026-06-30,SKU-0003,WH-08,214
2026-08-25,SKU-0022,wh-05,11
2026-07-07,SKU-0044,WH-06,152
2026-08-11,SKU-0015,WH-08,157
2026-08-11,SKU-0035,WH-06,51
2026-07-21,SKU-0013,WH-06,188
2026-07-21,SKU-0020,WH-04,194
2026-08-25,SKU-0033,WH-01,139
2026-07-14,SKU-0022,WH-06,180
2026-07-21,SKU-0038,WH-01,136
2026-08-04,SKU-0010,WH-05,115
2026-06-30,SKU-0026,WH-08,119
2026-09-01,SKU-0013,WH-07,60
2026-08-25,SKU-0006,WH-02,163
2026-08-25,SKU-0008,WH-03,190
08/18/2026,SKU-0021,WH-07,-137
2026-06-30,SKU-0021,WH-08,-20
2026-08-04,SKU-0033,WH-06,193
2026-08-18,SKU-0009,WH-02,87
2026-06-30,SKU-0031,WH-04,156
2026-08-11,SKU-0042,WH-08,61
2026-09-01,SKU-0042,WH-02,181
2026-08-04,SKU-0010,WH-08,128
2026-07-28,SKU-0005,WH-07,124
2026-08-11,SKU-0041,WH-08,152
2026-07-28,SKU-0003,WH-08,154
2026-09-01,SKU-0021,WH-01,45
2026-09-01,SKU-0039,WH-04,141
2026-07-14,SKU-0030,WH-01,192
2026-08-11,SKU-0032,WH-08,77
2026-07-07,SKU-0007,WH-01,196
2026-07-21,SKU-0019,WH-03,75
2026-07-28,SKU-0040,WH-01,103
2026-08-18,SKU-0014,WH-06,252
2026-06-30,SKU-0017,WH-06,152
2026-08-25,SKU-0034,WH-02,87
07/14/2026,SKU-0003,wh-05,187
2026-09-01,SKU-0045,WH-03,63
21-Jul-2026,SKU-0017,WH-01,365
2026-08-25,SKU-0011,WH-05,125
2026-07-28,SKU-0026,Wh-01,94
2026-09-01,SKU-0014,WH-07,60
2026-08-18,SKU-0042,WH-05,32
2026-08-25,SKU-0016,WH-07,145
2026-09-01,SKU-0027,WH-04,80
09/01/2026,SKU-0027,WH-06,212
2026-08-11,SKU-0012,WH-08,133
2026-07-14,SKU-0041,WH-04,123
09/01/2026,SKU-0014,WH-06,205
2026-09-01,SKU-0011,WH-04,148
2026-07-14,SKU-0013,WH-01,143
07/21/2026,SKU-0010,WH-01,84
08/04/2026,SKU-0020,WH-07,140
2026-06-30,SKU-0033,WH-08,141
2026-07-21,SKU-0015,WH-08,-19
2026-08-25,SKU-0006,WH-03,45
2026-07-28,SKU-0027,WH-07,58
2026-08-11,SKU-0015,WH-04,160
2026-07-21,SKU-0027,WH-07,146
2026-08-04,SKU-0035,WH-02,210
2026-09-01,SKU-0035,WH-04,79
2026-09-01,SKU-0024,WH-03,86
2026-07-07,SKU-0032,WH-08,125
2026-07-07,SKU-0005,WH-02,122
2026-09-01,SKU-0013,Wh-01,88
2026-07-07,SKU-0009,WH-08,139
07/21/2026,SKU-0023,WH-05,53
2026-09-01,SKU-0040,WH-07,99
2026-06-30,SKU-0023, WH-01 ,49
2026-07-07,SKU-0044,WH-03,63
2026-08-04,SKU-0040,WH-08,158
2026-07-28,SKU-0045,WH-02,-20
2026-08-04,SKU-0025,WH-03,103
2026-08-18,SKU-0029,WH-05,104
2026-07-21,SKU-0040,WH-04,120
2026-08-04,SKU-0012,WH-06,134
2026-09-01,SKU-0038,WH-01,240
2026-07-21,SKU-0026,WH-03,160
,SKU-0032,WH-02,131
2026-06-30,SKU-0030,WH-08,175
2026-08-25,SKU-0003,WH-04,37
2026-09-01,SKU-0007,WH-06,198
2026-07-07,SKU-0012,WH-03,148
2026-08-11,SKU-0035,WH-01,170
2026-08-25,SKU-0023,WH-03,107
2026-06-30,SKU-0038,WH-04,144
2026-07-14,SKU-0018,WH-06,145
11-Aug-2026,SKU-0018,WH-03,92
2026-07-28,SKU-0014,WH-04,127
2026-08-04,SKU-0042,WH-07,58
2026-08-25,SKU-0001,WH-02,72
2026-07-21,SKU-0015,WH-08,-19
2026-08-18,SKU-0033,wh-01,154
2026-09-01,SKU-0038,WH-04,31
2026-08-18,SKU-0018,WH-03,81
2026-08-04,SKU-0003,WH-06,-159
01-Sep-2026,SKU-0017,WH-02,147
2026-08-18,SKU-0006,WH-01,124
30-Jun-2026,SKU-0019,WH_05,131
2026-07-21,SKU-0002,WH-05,90
2026-08-04,SKU-0017,WH-05,187
2026-08-25,SKU-0030,WH-03,70
2026-07-14,SKU-0020,WH-07,202
18-Aug-2026,SKU-0008,WH-04,127
2026-08-11,SKU-0024,WH-03,85
2026-07-07,SKU-0011,WH-04,32
2026-08-25,SKU-0027,WH-01,102
2026-06-30,SKU-0044,WH-05,46
,SKU-0011,WH-07,95
2026-07-07,SKU-0032,WH-03,140
2026-07-07,SKU-0020,WH-02,125
2026-07-07,SKU-0018,WH-03,171
2026-08-25,SKU-0042,WH-06,83
2026-07-28,SKU-0015,WH-08,-3
2026-06-30,SKU-0033,WH-06,160
2026-09-01,SKU-0020,WH-05,54
2026-08-25,SKU-0006,WH-07,71
2026-08-11,SKU-0034,WH-04,42
2026-07-21,SKU-0014,WH-04,109
2026-07-07,SKU-0004,WH-05,91
2026-06-30,SKU-0018,WH-02,58
2026-07-21,SKU-0004,WH-06,84
,SKU-0021,WH-03,15
2026-07-14,SKU-0040,WH-06,125
2026-08-18,SKU-0020,WH-03,228
2026-08-04,SKU-0039,WH-02,245
2026-06-30,SKU-0035,WH-05,73
2026-07-28,SKU-0018,WH-05,41
2026-09-01,SKU-0021,WH-04,61
2026-06-30,SKU-0035,WH-06,194
2026-08-25,SKU-0014,WH-04,189
2026-08-04,SKU-0041,WH-01,183
2026-07-28,SKU-0041,WH-07,233
25-Aug-2026,SKU-0035,WH-06,146
2026-08-18,SKU-0024,WH-05,139
2026-08-25,SKU-0005,WH-03,149
2026-07-21,SKU-0010,WH-08,150
2026-07-07,SKU-0028,WH-07,88
2026-07-28,SKU-0008,WH-01,109
2026-08-11,SKU-0006,WH-08,92
2026-07-28,SKU-0024,WH-03,235
2026-07-28,SKU-0032,WH_05,89
2026-06-30,SKU-0014,WH-07,129
2026-08-25,SKU-0005,WH-06,182
2026-06-30,SKU-0028,wh-05,27
2026-07-07,SKU-0045,WH-05,111
2026-07-21,SKU-0009,WH-01,19
2026-07-07,SKU-0020,WH-08,105
01-Sep-2026,SKU-0009,WH-02,107
2026-07-14,SKU-0015,WH-08,78
2026-08-04,SKU-0019,WH-05,212
2026-07-28,SKU-0001,WH-07,95
2026-07-28,SKU-0045,WH-03,99
,SKU-0033,WH-05,205
2026-08-18,SKU-0007,WH-05,147
2026-09-01,SKU-0012,WH-08,160
2026-09-01,SKU-0033,WH-02,70
2026-07-28,SKU-0009,WH-04,162
25-Aug-2026,SKU-0028,WH-01,97
2026-08-18,SKU-0012,WH-03,108
2026-06-30,SKU-0028,WH-04,108
2026-08-18,SKU-0002,WH-08,244
2026-07-14,SKU-0012,WH-04,67
2026-08-25,SKU-0027,WH-04,166
2026-07-21,SKU-0012,WH-07,20
2026-08-11,SKU-0001,WH-03,47
2026-08-11,SKU-0004,WH-04,94
2026-06-30,SKU-0025,WH-06,73
2026-07-21,SKU-0023,WH-01,94
2026-08-18,SKU-0020,WH-07,68
2026-08-11,SKU-0003,WH-04,103
01-Sep-2026,SKU-0010,WH-06,154
2026-07-14,SKU-0040,WH-05,100
2026-08-11,SKU-0041,WH-03,92
2026-08-18,SKU-0038,WH-06,130
2026-08-11,SKU-0025,WH_05,180
2026-08-11,SKU-0012,WH-02,81
2026-07-07,SKU-0021,WH-07,254
2026-07-07,SKU-0021,WH-04,82
2026-08-25,SKU-0039,WH-06,55
2026-09-01,SKU-0010,WH-02,185
2026-08-04,SKU-0006,WH-06,237
2026-08-18,SKU-0040,WH-01,149
2026-07-07,SKU-0006,WH-02,92
2026-07-28,SKU-0040,WH-07,68
2026-08-18,SKU-0029,WH-06,211
2026-07-28,SKU-0042,WH-01,56
2026-06-30,SKU-0020,WH-06,121
2026-09-01,SKU-0031,WH-01,151
2026-08-18,SKU-0037,WH-04,184
2026-08-18,SKU-0014,WH-01,62
2026-07-28,SKU-0044,wh-01,155
14-Jul-2026,SKU-0029,WH-07,119
2026-08-04,SKU-0008,WH-02,33
2026-07-07,SKU-0037,WH-05,110
2026-08-18,SKU-0019,WH-02,131
2026-08-04,SKU-0032,WH-08,211
2026-08-11,SKU-0042,WH-05,47
2026-08-11,SKU-0014,WH-08,168
2026-07-21,SKU-0030,WH-08,64
2026-07-28,SKU-0033,WH-04,110
2026-07-07,SKU-0040,WH-02,171
2026-07-28,SKU-0014,WH-01,97
2026-07-28,SKU-0007,WH-01,166
2026-08-04,SKU-0006,WH-04,147
2026-07-28,SKU-0006,WH-02,106
2026-06-30,SKU-0044,WH-04,190
2026-06-30,SKU-0041,WH-01,68
2026-07-28,SKU-0041,WH-02,183
2026-09-01,SKU-0002,WH-02,24
2026-07-28,SKU-0035,WH-06,112
2026-07-28,SKU-0042,WH-06,158
2026-08-11,SKU-0028,WH-01,60
2026-06-30,SKU-0037,WH-08,108
2026-08-11,SKU-0018,WH-05,52
2026-08-18,SKU-0002,WH-04,144
2026-08-11,SKU-0011,WH-06,194
2026-08-04,SKU-0017,WH-07,86
2026-07-28,SKU-0026,WH-08,132
2026-07-07,SKU-0031,WH-02,75
2026-06-30,SKU-0024,WH-03,223
2026-07-07,SKU-0005,WH-07,168
2026-08-25,SKU-0011,WH-08,108
2026-07-21,SKU-0032,WH-08,183
2026-08-11,SKU-0021,WH-01,153
2026-08-18,SKU-0035,WH-06,196
,SKU-0038,WH-05,222
2026-08-11,SKU-0009,WH-07,137
2026-08-04,SKU-0033,WH-07,-4
2026-06-30,SKU-0029,WH-02,-38
2026-08-04,SKU-0044,WH-04,87
2026-09-01,SKU-0014,WH-04,101
2026-09-01,SKU-0008,WH-06,115
2026-07-21,SKU-0013,WH-04,136
2026-07-28,SKU-0020,WH-06,96
2026-06-30,SKU-0017,WH-02,139
2026-06-30,SKU-0032,WH-02,76
2026-07-14,SKU-0001,WH-02,67
2026-09-01,SKU-0005,WH-01,131
2026-07-14,SKU-0021,WH-99,56
2026-08-18,SKU-0010,WH-03,151
2026-07-07,SKU-0020,WH-03,148
11-Aug-2026,SKU-0045,WH-03,151
28-Jul-2026,SKU-0004,WH-05,145
2026-08-18,SKU-0036,WH-06,167
2026-08-11,SKU-0023,WH-07,92
2026-06-30,SKU-0019,WH-02,155
2026-07-14,SKU-0039,WH_05,85
2026-07-14,SKU-0017,WH-06,123
2026-08-11,SKU-0014,WH-06,11
,SKU-0037,WH-08,120
2026-07-14,SKU-0033,WH-07,26
2026-08-25,SKU-0029,WH-06,97
2026-08-18,SKU-0004,WH-04,192
2026-07-07,SKU-0017,WH-05,131
2026-08-04,SKU-0018,WH-02,139
2026-07-14,SKU-0011,WH-04,91
2026-07-21,SKU-0026,WH-02,190
07/21/2026,SKU-0033,WH-02,135
2026-07-14,SKU-0044,wh-05,119
2026-08-11,SKU-0015,WH-07,209
2026-08-11,SKU-0038,WH-03,237
2026-09-01,SKU-0005,WH-05,64
2026-08-04,SKU-0039,WH-01,80
2026-07-28,SKU-0029,WH-08,147
2026-07-21,SKU-0001,WH-04,144
2026-08-04,SKU-0013,WH-02,98
2026-08-11,SKU-0029,WH-05,65
2026-07-14,SKU-0026,WH-08,28
01-Sep-2026,SKU-0016,WH-08,127
2026-08-25,SKU-0029,WH-08,106
2026-08-25,SKU-0030,WH-09,125
2026-07-21,SKU-0015,WH-05,102
2026-07-07,SKU-0032,WH-01,139
2026-08-18,SKU-0005,WH-07,106
2026-07-07,SKU-0001,WH-04,31
2026-08-04,SKU-0023,WH-08,53
2026-08-04,SKU-0039,WH-05,156
2026-08-25,SKU-0023,WH-02,61
2026-07-14,SKU-0041,WH-06,171
2026-08-04,SKU-0038,Wh-01,167
2026-06-30,SKU-0035,WH-08,52
2026-07-14,SKU-0034,WH-09,171
2026-07-21,SKU-0012,WH-03,165
2026-07-07,SKU-0021,WH-02,40
2026-07-07,SKU-0010,WH-03,121
2026-08-25,SKU-0017,WH-07,148
,SKU-0016,WH-04,203
2026-08-18,SKU-0003,WH-02,132
2026-08-18,SKU-0043,WH-06,156
2026-07-21,SKU-0020,WH-03,143
2026-07-28,SKU-0003,WH-03,147
08/18/2026,SKU-0045,WH-03,197
2026-08-18,SKU-0009,WH-06,157
2026-08-04,SKU-0019,WH-07,100
2026-08-25,SKU-0038,WH-04,130
2026-09-01,SKU-0039,WH-03,118
2026-09-01,SKU-0030,WH-05,47
2026-07-21,SKU-0008,WH-05,89
2026-08-04,SKU-0031,WH-01,181
08/18/2026,SKU-0033,WH-99,113
25-Aug-2026,SKU-0006,WH-99,153
2026-08-04,SKU-0022,WH-06,203
2026-08-18,SKU-0004,WH-03,3
30-Jun-2026,SKU-0036,WH-03,97
2026-08-11,SKU-0014,WH-01,-9
2026-07-21,SKU-0019,WH-01,116
2026-07-28,SKU-0034,WH-03,235
2026-08-11,SKU-0014,WH-05,114
2026-07-14,SKU-0045,WH-08,224
2026-07-07,SKU-0043,WH-04,141
2026-08-11,SKU-0014,WH-03,181
2026-07-21,SKU-0017,WH-07,164
2026-08-04,SKU-0023,Wh-01,68
2026-07-07,SKU-0035, WH-01 ,241
2026-07-14,SKU-0006,WH-06,29
2026-08-04,SKU-0033,WH-01,47
08/11/2026,SKU-0043,WH-01,87
2026-09-01,SKU-0025,WH-06,142
2026-08-18,SKU-0040,WH-04,157
2026-07-14,SKU-0028,WH-07,204
2026-07-07,SKU-0005,WH-06,196
08/04/2026,SKU-0027,WH-99,139
2026-07-21,SKU-0006,WH-03,127
2026-07-14,SKU-0039,WH-07,117
2026-07-14,SKU-0044,WH-03,-83
06/30/2026,SKU-0045,WH-08,100
2026-07-14,SKU-0030,WH-04,187
2026-07-21,SKU-0006,WH-04,40
2026-06-30,SKU-0042,WH-05,65
2026-08-11,SKU-0009,WH-05,-19
2026-06-30,SKU-0004,WH-01,38
2026-08-25,SKU-0025,WH-05,84
2026-06-30,SKU-0001,WH-01,128
2026-08-04,SKU-0032,WH-07,88
2026-07-28,SKU-0010,WH-07,56
2026-09-01,SKU-0043,WH-02,105
2026-07-14,SKU-0039,WH-01,50
2026-08-11,SKU-0023,WH-01,197
2026-07-28,SKU-0010,WH-06,66
2026-07-21,SKU-0030,WH-01,134
2026-09-01,SKU-0031,WH-08,151
2026-07-14,SKU-0014,WH-03,196
2026-07-28,SKU-0038,WH-03,100
2026-08-04,SKU-0018,WH-01,70
2026-06-30,SKU-0028,WH-01,89
2026-07-07,SKU-0008,WH-01,188
2026-08-11,SKU-0043,WH-03,154
2026-09-01,SKU-0001,WH-06,15
2026-09-01,SKU-0002,WH-06,64
2026-06-30,SKU-0034,WH-04,113
2026-08-04,SKU-0027,WH-04,144
2026-09-01,SKU-0011,WH-07,44
2026-08-25,SKU-0034,WH-08,151
2026-06-30,SKU-0013,WH-05,157
,SKU-0006,wh-05,203
,SKU-0028,WH_05,24
2026-08-18,SKU-0009,WH-99,136
2026-09-01,SKU-0005,WH-06,96
2026-08-04,SKU-0038,WH-03,127
2026-07-14,SKU-0018,wh-05,153
2026-07-21,SKU-0044,WH-04,165
2026-07-21,SKU-0005,WH-01,147
,SKU-0033,Wh-01,113
2026-06-30,SKU-0025,WH-01,93
2026-08-18,SKU-0033,WH-02,161
2026-07-21,SKU-0026,WH-08,60
2026-08-25,SKU-0004,WH-07,156
2026-08-04,SKU-0022,WH-07,102
2026-08-25,SKU-0016,WH-08,244
2026-07-28,SKU-0039,WH-09,179
2026-07-07,SKU-0028,WH-06,200
2026-08-18,SKU-0038,WH-08,121
2026-09-01,SKU-0026,WH-08,135
2026-09-01,SKU-0029,WH-08,81
2026-08-18,SKU-0018,WH-06,-87
2026-09-01,SKU-0029,WH-03,80
,SKU-0030,WH-07,101
2026-08-04,SKU-0045,WH-03,0
2026-08-25,SKU-0020,WH-03,27
2026-07-07,SKU-0031,WH-07,279
2026-08-11,SKU-0018,WH-07,-31
2026-07-21,SKU-0020,WH-06,20
2026-07-14,SKU-0043,WH-07,129
2026-09-01,SKU-0013,WH_05,224
2026-09-01,SKU-0045,WH-03,63
2026-07-07,SKU-0014,WH-07,203
07/07/2026,SKU-0026,WH-02,156
2026-08-11,SKU-0018,WH-99,71
2026-08-25,SKU-0034,WH-06,263
2026-08-04,SKU-0010,WH-02,75
21-Jul-2026,SKU-0032,WH-05,138
2026-07-21,SKU-0008,WH-08,176
2026-07-21,SKU-0036,WH-08,101
2026-09-01,SKU-0039,WH-01,106
2026-08-18,SKU-0036,WH-07,117
2026-08-25,SKU-0036,WH-08,122
2026-08-25,SKU-0017,WH-06,92
2026-08-11,SKU-0019,WH-04,185
2026-06-30,SKU-0039,WH-08,177
2026-07-21,SKU-0023,WH-06,96
2026-08-25,SKU-0008,WH-05,251
2026-07-07,SKU-0033,WH-06,125
2026-07-07,SKU-0039,WH-05,56
2026-08-25,SKU-0016,WH-04,147
2026-07-21,SKU-0045,WH-02,67
2026-08-18,SKU-0030,WH-06,119
2026-07-07,SKU-0006,WH-06,11
2026-08-04,SKU-0038,WH-04,73
2026-08-04,SKU-0030,WH-01,161
2026-08-18,SKU-0032,WH-02,65
2026-07-14,SKU-0043,WH-05,172
2026-09-01,SKU-0011,WH-01,167
2026-08-04,SKU-0029,WH-07,192
2026-06-30,SKU-0029,WH-06,110
2026-08-25,SKU-0011,WH-03,193
07/21/2026,SKU-0035,WH-01,77
2026-07-28,SKU-0022,WH-06,36
2026-08-04,SKU-0042,WH-05,94
2026-08-18,SKU-0028,WH-03,119
2026-07-07,SKU-0032,WH-05,194
2026-08-04,SKU-0020,WH-02,138
2026-06-30,SKU-0030,WH_05,96
2026-08-18,SKU-0043,WH-02,86
2026-07-07,SKU-0037,WH-07,94
2026-08-04,SKU-0035,WH-05,155
2026-08-18,SKU-0016,WH-03,138
2026-07-07,SKU-0045,WH-07,158
2026-07-14,SKU-0036,WH-03,113
2026-06-30,SKU-0041,WH_05,172
2026-07-07,SKU-0033,WH-07,100
2026-09-01,SKU-0010,WH-03,208
2026-06-30,SKU-0042,WH-03,146
25-Aug-2026,SKU-0032,WH-04,84
2026-07-28,SKU-0044,WH-03,90
2026-07-07,SKU-0009,WH-02,54
2026-08-04,SKU-0023,WH-02,232
2026-08-04,SKU-0040,WH-06,62
07/07/2026,SKU-0037,WH-04,126
2026-08-11,SKU-0010,WH-08,54
2026-07-07,SKU-0035,WH-07,136
2026-07-28,SKU-0028,WH-02,110
2026-08-11,SKU-0033,WH-02,90
2026-08-11,SKU-0029,WH-07,181
2026-07-07,SKU-0028,WH-05,219
2026-07-28,SKU-0026,WH-06,155
2026-06-30,SKU-0015,WH-08,93
2026-06-30,SKU-0040,WH-03,126
2026-07-21,SKU-0031,WH-01,187
2026-07-21,SKU-0029,WH-05,124
2026-06-30,SKU-0040,WH-04,97
2026-08-18,SKU-0007,WH-08,162
2026-07-07,SKU-0021,WH-08,145
2026-07-07,SKU-0011,WH-01,107
2026-07-14,SKU-0017,wh-05,176
2026-08-04,SKU-0025,WH-06,228
2026-07-14,SKU-0017,WH-02,271
2026-08-18,SKU-0022,WH-03,152
2026-09-01,SKU-0005,WH-03,44
2026-07-14,SKU-0040,WH-01,94
2026-08-18,SKU-0033,WH-05,16
2026-08-04,SKU-0006,WH-02,143
2026-08-04,SKU-0023,WH-07,134
2026-07-21,SKU-0021,WH-01,117
2026-08-25,SKU-0018,WH-05,48
2026-07-21,SKU-0004,WH-01,94
07/28/2026,SKU-0034,WH-08,83
2026-08-18,SKU-0022,WH-05,157
2026-08-11,SKU-0022,WH-03,229
2026-07-21,SKU-0004,WH-03,86
2026-06-30,SKU-0001,WH-03,-20
2026-08-25,SKU-0003,WH-07,190
2026-09-01,SKU-0013,WH-02,34
2026-08-04,SKU-0008,WH-03,14
2026-07-14,SKU-0031,WH-05,88
2026-07-21,SKU-0041,WH-02,186
2026-08-25,SKU-0013,WH-04,49
2026-07-07,SKU-0006,WH-07,145
2026-08-18,SKU-0026,WH-03,201
2026-07-28,SKU-0043,WH-03,133
2026-07-28,SKU-0003,WH-02,38
04-Aug-2026,SKU-0007,WH-06,91
2026-08-18,SKU-0020,WH-08,99
2026-08-25,SKU-0028,WH-99,143
2026-09-01,SKU-0007,WH-07,0
2026-07-21,SKU-0039,WH-08,226
2026-06-30,SKU-0032,WH-03,165
2026-06-30,SKU-0039,WH-03,67
2026-08-11,SKU-0038,WH-05,157
08/04/2026,SKU-0010,WH-07,100
01-Sep-2026,SKU-0005,WH-08,140
2026-06-30,SKU-0024,WH-04,145
2026-08-04,SKU-0018,WH-05,146
2026-09-01,SKU-0003,WH-08,139
2026-07-21,SKU-0033,WH-08,141
2026-06-30,SKU-0009,WH-05,184
2026-07-28,SKU-0035,WH-04,47
2026-08-18,SKU-0006,WH-06,92
08/25/2026,SKU-0037,WH-05,240
2026-09-01,SKU-0033,WH-04,-74
2026-08-25,SKU-0020,WH-01,151
2026-08-11,SKU-0032,WH-07,103
2026-08-18,SKU-0045,WH-07,178
2026-07-14,SKU-0029,WH-08,119
2026-07-28,SKU-0001,WH-04,64
2026-08-11,SKU-0014,WH-07,147
2026-06-30,SKU-0024,WH-06,156
2026-07-28,SKU-0027,WH-05,75
2026-08-18,SKU-0040,WH-07,118
2026-08-18,SKU-0004,WH-07,64
2026-08-11,SKU-0026,WH-03,71
2026-07-21,SKU-0008,WH-07,58
2026-07-07,SKU-0007,WH-07,60
2026-07-21,SKU-0028,WH-07,121
2026-09-01,SKU-0042,WH-05,151
2026-06-30,SKU-0025,WH-02,203
2026-07-28,SKU-0015,WH-05,23
2026-07-21,SKU-0041,WH-03,143
2026-07-28,SKU-0028,WH-06,140
2026-06-30,SKU-0009,WH-07,142
08/18/2026,SKU-0001,WH-07,104
2026-08-25,SKU-0021,WH_05,163
2026-06-30,SKU-0006,WH-01,113
2026-07-07,SKU-0039,WH-06,114
2026-09-01,SKU-0041,WH-03,109
2026-07-28,SKU-0023,WH-07,122
2026-06-30,SKU-0027,WH-03,29
2026-08-11,SKU-0021,WH-07,196
2026-06-30,SKU-0010,WH-08,28
2026-08-11,SKU-0034,WH-06,132
2026-08-11,SKU-0011,WH-08,74
07/28/2026,SKU-0001,WH-08,230
2026-07-14,SKU-0002,WH-07,113
07/14/2026,SKU-0028,WH-05,138
2026-07-07,SKU-0002,WH-04,73
08/18/2026,SKU-0001,WH-03,168
2026-08-18,SKU-0026,WH-06,127
2026-08-18,SKU-0026,WH-02,104
2026-06-30,SKU-0044,WH-01,85
2026-06-30,SKU-0041,WH-06,97
2026-09-01,SKU-0041,WH-06,112
,SKU-0040,WH-01,73
2026-06-30,SKU-0002,WH-08,118
01-Sep-2026,SKU-0007,WH-08,62
2026-08-25,SKU-0015,WH-02,154
2026-08-11,SKU-0043,WH-04,57
2026-09-01,SKU-0014,WH-05,-120
2026-08-04,SKU-0011,WH-07,96
2026-08-18,SKU-0029,WH-07,87
2026-09-01,SKU-0003,WH-03,73
08/04/2026,SKU-0028,WH-05,91
2026-08-18,SKU-0017,WH-05,180
2026-08-18,SKU-0025,WH-06,234
2026-08-18,SKU-0025,WH-02,83
2026-08-04,SKU-0030,WH-03,29
2026-07-07,SKU-0030,WH-03,-95
2026-06-30,SKU-0030,WH-04,0
2026-08-18,SKU-0010,WH-08,128
2026-07-07,SKU-0023,WH-02,200
2026-07-21,SKU-0017,WH-05,145
2026-07-14,SKU-0028,WH-06,37
2026-07-21,SKU-0035,WH-06,36
,SKU-0004,WH-05,164
2026-07-07,SKU-0027,WH-02,129
2026-08-18,SKU-0038,WH-05,166
21-Jul-2026,SKU-0045,WH-08,21
2026-07-07,SKU-0033,WH-03,24
2026-07-07,SKU-0027,WH-99,213
2026-07-21,SKU-0016,WH-07,135
2026-06-30,SKU-0019,WH-03,7
2026-09-01,SKU-0014,WH-02,153
2026-08-11,SKU-0026,WH-05,155
2026-07-14,SKU-0041,WH-03,91
2026-07-21,SKU-0031,WH-06,86
2026-07-07,SKU-0029,WH-02,82
,SKU-0012,WH-08,50
2026-06-30,SKU-0010,WH-02,101
2026-07-21,SKU-0029,WH-02,108
2026-07-28,SKU-0044,WH-07,141
2026-08-18,SKU-0036,WH-09,166
21-Jul-2026,SKU-0031,WH-02,99
2026-07-28,SKU-0044,WH-05,58
2026-08-25,SKU-0011,WH-01,202
2026-08-04,SKU-0021,WH-06,122
2026-08-04,SKU-0012,WH-08,131
2026-08-04,SKU-0029,WH-08,156
2026-07-21,SKU-0040,WH-05,80
2026-08-18,SKU-0014,WH-04,29
2026-07-21,SKU-0007,WH-04,77
2026-07-28,SKU-0008,WH-05,175
2026-08-18,SKU-0032,WH-03,216
2026-07-14,SKU-0044,WH-08,-110
2026-08-11,SKU-0034,WH-08,27
2026-07-21,SKU-0012,WH-04,-5
2026-07-07,SKU-0016,WH-03,121
11-Aug-2026,SKU-0005,WH-02,-4
2026-08-04,SKU-0011,WH-05,152
2026-07-07,SKU-0018,WH-08,194
2026-08-04,SKU-0019,WH-01,170
2026-08-04,SKU-0024,WH-01,72
2026-08-11,SKU-0006,WH-03,101
2026-08-25,SKU-0002,WH-01,178
2026-08-04,SKU-0013,WH-01,112
2026-08-11,SKU-0042,WH-01,98
2026-06-30,SKU-0037,wh-01,109
2026-06-30,SKU-0015,WH-07,105
2026-08-04,SKU-0013,WH-03,207
2026-07-14,SKU-0044,WH-04,139
08/04/2026,SKU-0013,WH-07,136
2026-09-01,SKU-0015,WH-08,3
2026-08-11,SKU-0036,WH-08,173
07/07/2026,SKU-0031,WH-09,56
2026-08-04,SKU-0043,WH-08,35
2026-07-07,SKU-0023,WH-01,92
2026-08-18,SKU-0027,WH-03,161
21-Jul-2026,SKU-0043,WH-02,100
2026-09-01,SKU-0034,WH-05,31
2026-08-18,SKU-0041,WH-06,123
2026-09-01,SKU-0023,WH-06,43
2026-07-14,SKU-0029,WH-04,48
2026-06-30,SKU-0042,WH-07,56
2026-08-25,SKU-0041,WH-01,163
2026-07-28,SKU-0004,WH-08,206
2026-08-11,SKU-0023,WH-04,56
2026-09-01,SKU-0003,WH-05,164
2026-07-28,SKU-0034,WH-01,152
2026-06-30,SKU-0002,WH-04,169
2026-06-30,SKU-0019,WH-02,155
2026-08-25,SKU-0045,WH-04,-119
2026-07-21,SKU-0042,WH-01,115
2026-08-25,SKU-0002,WH-07,149
,SKU-0037, WH-01 ,41
2026-08-18,SKU-0028,WH-07,142
2026-09-01,SKU-0011,WH-02,107
2026-07-14,SKU-0020,WH-06,102
2026-08-25,SKU-0021,WH-02,49
2026-08-25,SKU-0022,WH-04,196
2026-07-14,SKU-0005,WH-99,-5
2026-08-25,SKU-0004,WH-01,89
2026-08-11,SKU-0004,WH-05,24
2026-07-07,SKU-0039,WH-03,91
2026-08-18,SKU-0041,WH-02,125
2026-09-01,SKU-0021,WH-08,89
2026-08-04,SKU-0012,WH-03,148
2026-07-14,SKU-0003,WH-01,59
2026-07-07,SKU-0001,WH-06,172
2026-06-30,SKU-0008,WH-07,63
2026-08-25,SKU-0010,WH-08,11
2026-07-14,SKU-0016,WH-01,153
2026-08-11,SKU-0019,WH-03,149
2026-06-30,SKU-0039,WH-07,131
2026-07-14,SKU-0008,WH-08,109
2026-09-01,SKU-0017,WH-06,123
2026-08-04,SKU-0040,WH-03,177
2026-07-28,SKU-0042,WH-05,70
2026-07-14,SKU-0005,WH-04,202
2026-07-14,SKU-0032,WH-08,179
2026-08-04,SKU-0012,WH-03,148
2026-09-01,SKU-0026,WH-07,118
2026-08-25,SKU-0002,WH-02,123
2026-07-21,SKU-0035,WH-04,168
2026-06-30,SKU-0004,WH-08,196
2026-09-01,SKU-0026,WH-05,113
2026-08-25,SKU-0042,WH-03,157
2026-08-18,SKU-0001,WH-01,-76
2026-07-21,SKU-0002,WH-02,170
2026-07-14,SKU-0009,WH-08,40
2026-09-01,SKU-0017,WH-04,139
2026-08-18,SKU-0006,WH-04,122
2026-07-07,SKU-0008,WH-02,81
08/04/2026,SKU-0015,WH-02,157
2026-06-30,SKU-0043,WH-02,218
2026-07-14,SKU-0035,WH-06,17
2026-08-18,SKU-0016,WH-06,175
2026-07-07,SKU-0022,wh-01,106
2026-07-07,SKU-0017,Wh-01,84
2026-06-30,SKU-0006,WH-03,124
2026-07-28,SKU-0005,WH-03,111
2026-08-25,SKU-0018,WH-07,145
2026-09-01,SKU-0019,WH-02,252
2026-06-30,SKU-0033,WH-02,112
2026-06-30,SKU-0018,WH-06,16
28-Jul-2026,SKU-0033,WH-05,2
2026-07-28,SKU-0009,WH-06,180
2026-08-18,SKU-0025,WH-03,104
2026-08-25,SKU-0027,WH-07,65
2026-08-25,SKU-0031,WH-04,123
2026-06-30,SKU-0042,WH-02,85
2026-08-25,SKU-0032,WH-03,127
2026-08-25,SKU-0028,WH-06,42
2026-06-30,SKU-0017,WH-07,115
2026-08-18,SKU-0006,WH-08,164
07/21/2026,SKU-0042,WH-04,46
2026-08-18,SKU-0011,WH-07,72
2026-08-04,SKU-0023,WH-06,202
2026-08-11,SKU-0021,WH-08,130
2026-08-04,SKU-0031,WH-03,74
,SKU-0039,WH-06,101
01-Sep-2026,SKU-0043, WH-01 ,91
2026-07-28,SKU-0003,WH-04,203
2026-06-30,SKU-0024,WH-08,112
,SKU-0016,WH-06,169
2026-08-11,SKU-0020,WH-04,112
07-Jul-2026,SKU-0019,WH-03,136
2026-07-14,SKU-0033,WH-04,250
14-Jul-2026,SKU-0002,WH-06,83
2026-07-21,SKU-0024,WH-02,17
2026-08-04,SKU-0005,WH-08,105
2026-07-28,SKU-0020,WH-01,101
2026-08-25,SKU-0001,WH-08,133
2026-06-30,SKU-0018,WH-01,137
2026-08-18,SKU-0005,WH-02,76
2026-07-21,SKU-0022,WH-02,91
2026-07-14,SKU-0032,WH-05,145
2026-08-25,SKU-0023,WH-05,215
2026-09-01,SKU-0034,WH-02,71
2026-08-18,SKU-0023,WH-06,146
2026-07-14,SKU-0001,WH-03,251
21-Jul-2026,SKU-0043,WH-09,54
2026-08-25,SKU-0014,WH-07,118
2026-07-21,SKU-0007,WH-07,22
2026-07-14,SKU-0038,WH_05,114
2026-08-25,SKU-0024,WH-01,189
2026-08-11,SKU-0001,WH-04,144
2026-08-11,SKU-0005,WH-01,183
09/01/2026,SKU-0024,WH-01,83
2026-08-11,SKU-0003,WH-07,146
2026-08-25,SKU-0006,WH-04,-2
2026-06-30,SKU-0016,WH-05,156
2026-08-18,SKU-0026,WH-08,192
2026-09-01,SKU-0032,WH-04,146
2026-08-04,SKU-0022,WH-02,152
2026-07-14,SKU-0042,WH-07,167
08/18/2026,SKU-0014,WH-07,153
2026-07-07,SKU-0021,WH-03,100
2026-07-21,SKU-0039,WH-02,79
2026-06-30,SKU-0045,WH-05,-15
2026-09-01,SKU-0007,WH-03,141
,SKU-0009,WH-08,118
2026-07-28,SKU-0030,WH-01,111
2026-08-25,SKU-0016,WH-01,352
2026-08-11,SKU-0003,WH-03,-26
2026-08-04,SKU-0022,WH-08,80
2026-07-07,SKU-0024,WH-04,218
2026-08-04,SKU-0037,WH-02,52
01-Sep-2026,SKU-0007,WH-02,119
2026-08-25,SKU-0039,WH-07,136
2026-08-11,SKU-0006,WH-05,54
2026-08-25,SKU-0038,WH-08,111
2026-09-01,SKU-0034,WH-03,157
2026-08-04,SKU-0020,WH-08,121
2026-09-01,SKU-0032,WH-07,186
2026-08-18,SKU-0039,WH-08,128
2026-08-11,SKU-0033,WH-08,126
2026-09-01,SKU-0004,WH-04,126
2026-08-04,SKU-0029,WH-04,74
2026-07-07,SKU-0013,WH-03,48
2026-08-25,SKU-0032,wh-01,138
2026-07-28,SKU-0003,WH-05,66
2026-07-28,SKU-0021,WH-08,120
2026-08-25,SKU-0031,WH-07,143
2026-07-21,SKU-0011,WH-01,122
2026-09-01,SKU-0004,WH-03,165
11-Aug-2026,SKU-0031,WH-04,90
2026-08-25,SKU-0028,WH-99,143
2026-07-14,SKU-0026,WH-02,258
2026-08-04,SKU-0017,WH-01,146
2026-07-07,SKU-0024,WH-02,138
2026-08-04,SKU-0029,WH-02,214
2026-08-11,SKU-0040,WH-04,94
2026-08-04,SKU-0013,WH-04,189
2026-07-14,SKU-0019,WH-02,161
2026-07-28,SKU-0025,WH-02,136
2026-07-28,SKU-0041,WH-06,134
2026-07-28,SKU-0041,WH-04,89
2026-07-21,SKU-0010,WH-04,124
2026-08-11,SKU-0040,WH-07,128
2026-08-04,SKU-0037,WH-07,94
2026-07-14,SKU-0018,WH-03,125
2026-08-18,SKU-0008,WH-05,63
2026-07-14,SKU-0040,WH-02,188
2026-08-04,SKU-0001,WH-05,181
2026-06-30,SKU-0040,WH-08,101
04-Aug-2026,SKU-0019,WH-08,146
2026-09-01,SKU-0012,WH-04,129
2026-09-01,SKU-0025,WH-03,222
2026-06-30,SKU-0031,WH-07,144
2026-08-25,SKU-0022,WH-03,168
2026-08-11,SKU-0026,WH-02,-2
2026-08-04,SKU-0017,WH-02,180
2026-07-07,SKU-0037,WH-06,90
2026-08-25,SKU-0032,WH-02,95
2026-08-25,SKU-0010,WH-06,120
2026-07-28,SKU-0023,WH-05,191
2026-07-14,SKU-0025,WH-02,106
2026-08-11,SKU-0014,WH-02,104
2026-08-18,SKU-0005,WH-08,92
2026-08-25,SKU-0007,WH-06,198
2026-08-11,SKU-0042,WH-02,105
2026-07-21,SKU-0022,WH-01,193
2026-08-25,SKU-0001,wh-05,99
2026-07-28,SKU-0032,WH-06,63
2026-07-14,SKU-0006,WH-02,-82
2026-08-04,SKU-0035,WH-06,161
2026-08-25,SKU-0040,WH-08,107
2026-08-18,SKU-0018,WH-02,191
2026-08-18,SKU-0018,WH-07,47
2026-07-14,SKU-0027,WH-01,155
2026-08-11,SKU-0042,WH-03,115
2026-07-21,SKU-0021,WH-08,56
2026-08-18,SKU-0023,WH-08,140
2026-08-18,SKU-0042,WH-06,137
2026-08-04,SKU-0030,WH-07,109
2026-08-04,SKU-0025,WH-08,168
2026-07-21,SKU-0023,WH-04,34
2026-08-11,SKU-0027,WH-07,87
2026-07-28,SKU-0036,WH-04,204
2026-06-30,SKU-0022,WH-08,117
2026-07-07,SKU-0002,WH-05,282
2026-07-07,SKU-0042,WH-04,189
2026-07-28,SKU-0027,WH-02,159
,SKU-0020,WH-05,176
2026-07-28,SKU-0018,WH-03,108
2026-08-18,SKU-0028,WH-01,166
2026-08-11,SKU-0034,WH-02,109
2026-07-07,SKU-0016,WH-01,107
2026-09-01,SKU-0024,WH-06,142
2026-07-28,SKU-0021,WH-06,144
2026-06-30,SKU-0022,WH-02,148
2026-06-30,SKU-0021,WH-02,107
2026-07-21,SKU-0016,wh-05,127
2026-07-28,SKU-0043,WH-04,113
2026-08-25,SKU-0007,WH-01,-74
2026-07-07,SKU-0019,WH-07,131
2026-07-21,SKU-0001,WH-01,29
2026-07-14,SKU-0004,WH-06,206
2026-08-11,SKU-0005,WH-06,117
2026-08-18,SKU-0013,WH-01,55
2026-08-18,SKU-0024,WH-08,183
2026-09-01,SKU-0015,WH-04,124
2026-07-14,SKU-0014,WH-04,200
2026-08-18,SKU-0037,WH-06,156
2026-07-07,SKU-0035,WH-06,37
2026-08-25,SKU-0034,WH-03,113
,SKU-0038,WH-05,222
2026-09-01,SKU-0035,WH-06,153
2026-08-11,SKU-0013,WH-01,7
2026-07-28,SKU-0013,WH-04,77
2026-08-11,SKU-0027,WH-02,174
2026-08-18,SKU-0015,WH-07,134
08/04/2026,SKU-0034,WH-06,175
2026-07-07,SKU-0029,WH-08,105
,SKU-0043,wh-05,75
2026-08-11,SKU-0010,WH-01,9
2026-07-07,SKU-0017,WH-02,53
2026-08-18,SKU-0016,WH-07,211
2026-08-04,SKU-0014,WH-02,173
2026-07-07,SKU-0016,WH-07,142
2026-08-11,SKU-0011,WH_05,124
2026-07-21,SKU-0042,WH-07,101
,SKU-0034,WH-04,-62
2026-09-01,SKU-0021,WH-03,63
2026-08-25,SKU-0041,WH-04,140
2026-08-25,SKU-0040,WH-03,153
2026-06-30,SKU-0034,WH-06,45
2026-08-11,SKU-0037,WH-02,61
2026-07-07,SKU-0036,WH-01,89
2026-07-28,SKU-0045,WH-04,57
2026-08-04,SKU-0031,WH-07,180
2026-08-18,SKU-0015,WH-04,101
2026-07-21,SKU-0009,WH-03,116
2026-07-21,SKU-0002,WH-08,77
2026-08-11,SKU-0029,WH-07,181
2026-07-07,SKU-0006,WH-08,266
2026-07-28,SKU-0022,WH-07,81
2026-07-21,SKU-0002,WH-04,35
2026-09-01,SKU-0041,WH-04,278
2026-07-14,SKU-0031,WH-02,51
2026-08-18,SKU-0037,WH-03,141
2026-07-14,SKU-0008,WH-06,151
2026-08-18,SKU-0043,WH-08,218
2026-07-14,SKU-0038,WH-03,120
2026-08-18,SKU-0040,WH-02,43
08/25/2026,SKU-0036,WH-03,210
2026-08-25,SKU-0036,WH-04,78
2026-07-14,SKU-0027,WH-02,115
2026-07-07,SKU-0040,WH-01,181
2026-09-01,SKU-0025,WH-02,128
2026-07-07,SKU-0008,WH-07,127
2026-06-30,SKU-0035,WH-07,175
2026-07-07,SKU-0009,WH-06,145
2026-07-14,SKU-0041,WH-09,104
2026-08-18,SKU-0011,WH-08,146
08/25/2026,SKU-0030,WH-06,98
2026-08-25,SKU-0030,WH-08,21
2026-08-04,SKU-0026,WH-01,110
2026-08-11,SKU-0028,WH-02,47
2026-08-18,SKU-0008,WH-03,194
,SKU-0044,WH-02,74
2026-09-01,SKU-0023,WH-02,97
2026-08-11,SKU-0021,WH-02,123
2026-08-04,SKU-0031,WH-06,167
2026-07-14,SKU-0045, WH-01 ,156
2026-07-07,SKU-0013,WH-04,90
2026-09-01,SKU-0015,WH-06,153
2026-07-14,SKU-0023,WH-07,147
2026-09-01,SKU-0014,WH-08,192
2026-07-14,SKU-0025,WH-08,177
2026-07-07,SKU-0042,WH-05,79
08/04/2026,SKU-0016,WH-04,38
2026-07-14,SKU-0016,WH-06,134
2026-07-21,SKU-0043,WH-08,75
2026-07-07,SKU-0042,WH-07,228
11-Aug-2026,SKU-0023,WH-03,74
2026-08-04,SKU-0043,WH-06,25
2026-08-04,SKU-0042,WH-08,89
2026-08-04,SKU-0030,WH-06,143
2026-09-01,SKU-0014,WH-01,110
2026-07-28,SKU-0019,WH-03,158
2026-08-04,SKU-0024,WH-07,108
2026-07-28,SKU-0031,WH-06,100
2026-07-21,SKU-0023,WH-08,236
2026-08-11,SKU-0007,WH-05,101
01-Sep-2026,SKU-0029,WH-05,98
2026-07-28,SKU-0013,WH-02,264
2026-06-30,SKU-0041,WH-02,29
14-Jul-2026,SKU-0042,WH-04,136
2026-08-18,SKU-0017,WH-01,161
2026-08-04,SKU-0014,WH-01,151
2026-08-11,SKU-0004,WH-02,212
2026-08-18,SKU-0010,WH-04,94
2026-07-21,SKU-0013,WH-08,93
2026-06-30,SKU-0022,WH-03,129
2026-08-11,SKU-0007,WH-04,194
2026-09-01,SKU-0007,WH-05,78
2026-08-04,SKU-0024,WH-05,190
2026-07-07,SKU-0043,WH-02,8
2026-09-01,SKU-0045,Wh-01,37
2026-08-04,SKU-0031,WH-08,226
2026-08-04,SKU-0018,WH-06,117
2026-08-25,SKU-0018,WH-04,171
2026-08-04,SKU-0028,WH-04,112
2026-08-04,SKU-0036,WH-02,173
2026-08-18,SKU-0001,WH-04,128
2026-08-04,SKU-0032,WH_05,96
2026-07-21,SKU-0016,WH-02,207
2026-07-07,SKU-0038,WH-03,135
2026-06-30,SKU-0045,WH-06,63
07/28/2026,SKU-0001,WH-05,209
2026-08-11,SKU-0037,WH-06,14
2026-07-07,SKU-0002,WH-01,51
2026-08-04,SKU-0012,wh-01,108
2026-06-30,SKU-0026,WH-05,179
2026-08-11,SKU-0039,WH-03,110
30-Jun-2026,SKU-0036,WH-07,50
2026-08-11,SKU-0020,WH-06,208
2026-08-25,SKU-0023,WH-06,150
2026-07-14,SKU-0038,WH-06,106
2026-08-25,SKU-0035,WH-04,165
30-Jun-2026,SKU-0031,WH-01,95
2026-07-21,SKU-0010,WH-05,57
2026-07-07,SKU-0002,WH-07,85
,SKU-0038,WH-02,150
2026-08-25,SKU-0010,WH-07,69
2026-07-07,SKU-0010,WH-02,138
2026-07-14,SKU-0042,WH-02,207
07/21/2026,SKU-0025,WH-01,71
2026-07-07,SKU-0036,WH-07,131
2026-08-18,SKU-0045,WH-08,176
2026-07-14,SKU-0006,WH-01,158
11-Aug-2026,SKU-0033,WH-06,84
2026-08-18,SKU-0009,WH-01,231
2026-07-28,SKU-0037,WH-07,142
2026-06-30,SKU-0028,WH-03,-2
2026-08-25,SKU-0023,WH-07,22
2026-06-30,SKU-0037,WH-05,106
2026-06-30,SKU-0001,WH-08,52
2026-08-11,SKU-0041,WH-05,113
2026-09-01,SKU-0022,WH-08,96
2026-08-18,SKU-0009,WH-05,105
2026-08-04,SKU-0043,WH-04,106
2026-09-01,SKU-0031,WH-03,64
2026-08-11,SKU-0015,WH-06,82
2026-07-21,SKU-0019,WH-06,142
14-Jul-2026,SKU-0045,WH-04,135
2026-08-25,SKU-0003,WH-05,183
2026-08-04,SKU-0016,WH-03,0
2026-08-11,SKU-0003,WH-02,180
2026-09-01,SKU-0024,WH-04,110
2026-09-01,SKU-0013,WH-06,62
2026-06-30,SKU-0044,WH-03,188
2026-08-11,SKU-0010,WH-02,29
2026-07-21,SKU-0026,WH-01,127
2026-07-28,SKU-0037,WH-01,134
2026-07-14,SKU-0043,WH-04,172
2026-07-14,SKU-0026,WH-03,140
2026-08-04,SKU-0029,WH-05,135
2026-07-14,SKU-0024,WH-05,132
2026-07-21,SKU-0041,WH-07,185
2026-08-25,SKU-0024,WH-04,109
,SKU-0010,WH-01,88
2026-07-07,SKU-0011,WH-06,62
2026-07-28,SKU-0019,WH-07,262
2026-06-30,SKU-0037,WH-04,166
2026-08-25,SKU-0043,WH-08,107
2026-07-21,SKU-0021,WH-03,99
2026-07-28,SKU-0038, WH-01 ,116
2026-07-14,SKU-0013,WH-02,168
2026-07-21,SKU-0031,WH-03,242
2026-08-18,SKU-0023,WH-01,134
08/11/2026,SKU-0027,WH-06,159
2026-06-30,SKU-0009,WH-06,137
2026-08-04,SKU-0032,WH-03,139
08/11/2026,SKU-0045,WH-04,242
2026-07-21,SKU-0033,WH-05,46
2026-07-07,SKU-0034,WH-03,188
2026-07-07,SKU-0019,WH-04,156
2026-08-25,SKU-0007,WH-03,228
2026-07-21,SKU-0005,WH-05,123
2026-08-04,SKU-0016,WH-02,145
2026-08-25,SKU-0038,WH_05,-29
2026-07-14,SKU-0005,WH-01,102
2026-07-14,SKU-0036,WH-01,97
2026-06-30,SKU-0023,WH-04,137
2026-08-04,SKU-0019,WH-04,167
2026-07-28,SKU-0039,WH-01,105
2026-07-07,SKU-0017,WH-04,130
2026-06-30,SKU-0044,WH-07,104
2026-07-14,SKU-0036,WH-05,170
2026-06-30,SKU-0044,WH-06,56
2026-08-18,SKU-0043,WH-03,127
2026-06-30,SKU-0012,WH-03,141
2026-08-04,SKU-0019,WH-02,49
2026-07-07,SKU-0039,WH-04,120
2026-07-14,SKU-0041,WH-02,206
2026-08-18,SKU-0040,WH-03,174
2026-08-18,SKU-0021,WH-02,131
07/14/2026,SKU-0004,WH-01,-3
2026-08-25,SKU-0009,WH-01,-145
2026-06-30,SKU-0034,WH-01,181
,SKU-0030,WH-01,122
2026-08-04,SKU-0023,WH-03,158
2026-08-25,SKU-0019,WH-04,124
2026-06-30,SKU-0028,WH-06,169
2026-08-04,SKU-0041,WH-03,115
2026-06-30,SKU-0014,WH-05,164
2026-07-14,SKU-0030,WH-03,70
2026-08-18,SKU-0017,WH-07,61
2026-08-18,SKU-0043,WH-01,157
2026-09-01,SKU-0019,WH-06,-8
2026-07-14,SKU-0009,WH-06,159
2026-08-11,SKU-0035,WH-08,174
2026-08-04,SKU-0009,WH-01,98
2026-07-21,SKU-0003,WH-02,182
2026-07-21,SKU-0027,WH-05,71
2026-07-28,SKU-0042,WH-07,183
2026-07-28,SKU-0032, WH-01 ,145
2026-08-25,SKU-0006,WH-06,235
2026-07-28,SKU-0042,WH-02,103
2026-07-14,SKU-0021,wh-01,119
07/07/2026,SKU-0008,WH-04,20
2026-07-07,SKU-0004,WH-01,231
2026-08-04,SKU-0019,WH-06,35
2026-09-01,SKU-0020,WH-03,229
2026-08-04,SKU-0020,WH-01,109
11-Aug-2026,SKU-0022,WH-04,60
2026-07-28,SKU-0001,WH-03,161
2026-08-04,SKU-0036,WH-06,166
2026-07-21,SKU-0014,WH-03,55
2026-07-14,SKU-0009,WH-05,143
2026-08-04,SKU-0004,WH-06,74
2026-07-14,SKU-0045,WH-06,256
08/25/2026,SKU-0039,WH-05,162
2026-07-07,SKU-0018,wh-01,-35
2026-08-18,SKU-0037,WH-02,156
2026-08-25,SKU-0026,WH-03,-72
2026-07-28,SKU-0014,WH-08,37
2026-07-07,SKU-0023,wh-05,-34
2026-07-28,SKU-0039,WH-02,120
2026-08-11,SKU-0013,WH-08,152
2026-07-21,SKU-0039,WH-06,175
2026-08-04,SKU-0022,WH-05,160
2026-07-21,SKU-0011,WH-03,66
2026-08-25,SKU-0025,WH-08,55
2026-08-25,SKU-0043,WH-03,234
2026-08-25,SKU-0034,WH-07,173
2026-07-28,SKU-0031,WH-01,77
2026-08-18,SKU-0008,WH-06,168
06/30/2026,SKU-0021,WH-06,175
2026-07-07,SKU-0043,WH-08,106
2026-07-28,SKU-0045,WH_05,146
2026-08-18,SKU-0042,WH-08,78
2026-06-30,SKU-0014,WH-08,117
2026-07-21,SKU-0018,WH-01,110
2026-08-11,SKU-0022,WH-01,132
2026-08-04,SKU-0039,WH-07,177
2026-07-21,SKU-0003,WH-08,-32
2026-07-07,SKU-0041,WH-01,201
2026-07-14,SKU-0007,WH-01,6
2026-08-04,SKU-0024,WH-02,156
2026-08-25,SKU-0036,WH-07,112
2026-07-21,SKU-0042,WH-05,158
2026-07-21,SKU-0002,WH-07,123
2026-07-21,SKU-0030,WH-04,84
2026-07-07,SKU-0023,WH-08,152
2026-09-01,SKU-0004,WH-09,177
2026-08-18,SKU-0021,WH-08,191
2026-08-25,SKU-0038,WH-06,72
2026-07-14,SKU-0011,WH-07,50
2026-08-04,SKU-0018,WH-04,162
2026-07-07,SKU-0045,WH-04,114
2026-08-04,SKU-0003,Wh-01,55
07/28/2026,SKU-0036,WH-06,74
2026-07-21,SKU-0014,WH-01,105
2026-08-18,SKU-0027,WH-01,92
,SKU-0034,WH-05,119
2026-07-14,SKU-0023,WH-06,84
2026-09-01,SKU-0012,WH-05,138
2026-07-21,SKU-0034,WH-04,113
14-Jul-2026,SKU-0034,WH-01,171
04-Aug-2026,SKU-0009,WH-02,144
2026-08-11,SKU-0040,WH-08,152
2026-08-25,SKU-0026,WH-05,199
2026-07-21,SKU-0012,WH-01,66
2026-08-25,SKU-0040,WH-01,161
2026-07-14,SKU-0013,WH-99,228
08/11/2026,SKU-0036,WH-06,90
2026-07-07,SKU-0014,WH-06,121
2026-06-30,SKU-0017,WH-08,195
2026-07-21,SKU-0041,WH-04,92
2026-08-04,SKU-0045,WH-08,97
2026-08-11,SKU-0044,WH-08,202
2026-07-07,SKU-0014,WH-03,266
2026-08-11,SKU-0020,WH-01,158
2026-08-25,SKU-0043,WH-99,111
2026-07-07,SKU-0017,WH-07,78
2026-08-18,SKU-0002,WH-07,160
2026-06-30,SKU-0027,WH-07,150
2026-06-30,SKU-0036,WH-04,188
2026-06-30,SKU-0016,WH-03,168
2026-07-28,SKU-0018,WH-07,116
2026-07-21,SKU-0042,WH-08,200
2026-08-25,SKU-0009,WH-04,123
2026-09-01,SKU-0009,WH-03,56
2026-07-07,SKU-0025,WH-02,170
2026-08-25,SKU-0022,WH-02,0
2026-09-01,SKU-0041,WH-02,18
2026-07-07,SKU-0019,WH-02,105
2026-07-14,SKU-0011,WH-08,125
2026-07-28,SKU-0022,WH-03,102
2026-07-28,SKU-0032,WH-08,192
2026-07-21,SKU-0039,WH-05,127
2026-08-11,SKU-0042,WH-04,170
2026-06-30,SKU-0002,WH-02,102
2026-09-01,SKU-0013,WH-08,43
2026-06-30,SKU-0011,WH-04,23
2026-08-25,SKU-0042,WH-05,159
2026-08-11,SKU-0008,WH-02,48
2026-06-30,SKU-0037,WH-06,206
2026-07-21,SKU-0019,WH-08,40
2026-07-14,SKU-0022,WH-07,183
2026-08-25,SKU-0006, WH-01 ,109
2026-08-18,SKU-0025,WH-08,61
25-Aug-2026,SKU-0028,WH-03,90
2026-09-01,SKU-0032,WH-01,30
2026-08-11,SKU-0021,WH-04,156
2026-08-18,SKU-0003,WH-05,40
2026-07-28,SKU-0011,WH-08,81
2026-07-14,SKU-0003,WH-03,144
2026-08-04,SKU-0027,WH-08,77
2026-07-07,SKU-0004,WH-06,-171
2026-09-01,SKU-0016,WH-07,110
2026-08-18,SKU-0022,WH-02,121
,SKU-0001,WH-05,164
2026-08-25,SKU-0017,WH-05,193
2026-07-07,SKU-0005,WH-05,56
2026-07-21,SKU-0003,WH-05,102
2026-06-30,SKU-0013,WH-01,2
2026-08-18,SKU-0022,wh-01,116
2026-07-21,SKU-0033, WH-01 ,127
2026-08-04,SKU-0025,WH-05,151
2026-06-30,SKU-0043,WH-01,119
06/30/2026,SKU-0029,WH-07,177
2026-08-11,SKU-0038,WH-06,167
2026-07-28,SKU-0011,WH-05,181
2026-07-14,SKU-0029, WH-01 ,91
2026-08-04,SKU-0009,WH-06,35
2026-07-28,SKU-0015,WH-06,34
2026-07-14,SKU-0036,WH-02,161
2026-08-25,SKU-0021,WH-07,112
2026-08-04,SKU-0012,WH-04,154
2026-06-30,SKU-0038,WH-05,83
30-Jun-2026,SKU-0035,WH-03,110
2026-07-28,SKU-0010,WH-08,192
2026-08-18,SKU-0045,WH-04,152
2026-06-30,SKU-0029,WH-01,103
2026-07-14,SKU-0045,WH-05,109
2026-07-14,SKU-0006,WH-04,115
2026-06-30,SKU-0045,WH-02,126
25-Aug-2026,SKU-0001,WH-03,224
2026-08-04,SKU-0021,WH-99,206
2026-09-01,SKU-0017,WH-05,86
08/25/2026,SKU-0039,WH-03,182
2026-06-30,SKU-0039,WH-02,90
2026-07-14,SKU-0023,WH_05,48
2026-06-30,SKU-0020,WH-04,131
2026-09-01,SKU-0036,WH-01,97
2026-07-21,SKU-0027,WH-02,93
2026-08-11,SKU-0002,WH-06,127
2026-07-28,SKU-0008,WH-04,89
,SKU-0014,WH-05,126
2026-08-11,SKU-0019,WH-07,159
2026-08-11,SKU-0037,WH-07,90
2026-07-28,SKU-0013,WH-07,108
2026-07-14,SKU-0035,WH-99,115
2026-07-07,SKU-0008,WH-06,148
2026-09-01,SKU-0017,WH-08,147
,SKU-0021,WH-02,185
2026-06-30,SKU-0013,WH-08,182
2026-07-28,SKU-0034,WH-06,237
2026-07-07,SKU-0043,WH-01,89
2026-07-28,SKU-0002,WH-05,105
,SKU-0006,WH-06,178
2026-08-11,SKU-0038,WH-02,147
2026-07-28,SKU-0033,WH-08,22
2026-07-21,SKU-0036,WH-02,55
2026-07-07,SKU-0042,WH-06,122
2026-07-21,SKU-0019,WH-02,121
2026-08-11,SKU-0045,WH-01,144
2026-09-01,SKU-0027, WH-01 ,99
2026-07-07,SKU-0023,WH-04,201
2026-07-07,SKU-0022,WH-06,155
2026-08-18,SKU-0007,WH-01,156
2026-07-28,SKU-0007,WH-08,124
07/28/2026,SKU-0033,WH-06,148
2026-08-11,SKU-0016,WH-06,102
2026-08-11,SKU-0045,WH-08,171
2026-07-28,SKU-0002,WH-07,69
2026-08-25,SKU-0019,WH-07,71
,SKU-0037,WH-07,59
2026-08-25,SKU-0015,WH-06,69
2026-08-04,SKU-0025,WH-07,52
2026-08-18,SKU-0030,WH-02,88
2026-08-11,SKU-0012,WH-05,74
2026-08-25,SKU-0011,WH-02,213
,SKU-0031,WH-08,-4
2026-08-18,SKU-0018,WH-08,44
2026-08-04,SKU-0004,WH-01,26
2026-08-04,SKU-0025,WH-04,164
,SKU-0007,WH-05,191
2026-08-18,SKU-0030,WH-03,70
2026-08-11,SKU-0018,WH-08,109
2026-07-28,SKU-0040,WH-05,83
2026-09-01,SKU-0015,WH-05,169
01-Sep-2026,SKU-0023,WH-01,73
2026-07-14,SKU-0015,WH-07,93
2026-08-18,SKU-0003,WH-04,115
2026-07-14,SKU-0026,WH-06,112
,SKU-0027,WH-08,56
2026-07-07,SKU-0024,WH-03,80
2026-09-01,SKU-0001,WH-05,37
2026-08-25,SKU-0024,WH-08,160
2026-08-11,SKU-0031,WH-05,92
2026-07-07,SKU-0006,WH-03,235
2026-07-07,SKU-0011,WH-02,-40
2026-08-25,SKU-0025,WH-03,182
2026-07-14,SKU-0035,WH-02,145
2026-08-11,SKU-0022,WH-02,151
2026-07-28,SKU-0021,WH-02,70
2026-08-25,SKU-0041,WH-07,80
2026-07-14,SKU-0044,WH-07,67
2026-08-25,SKU-0004,WH-06,59
2026-07-21,SKU-0037,WH-01,204
2026-08-11,SKU-0012,WH-03,152
2026-08-04,SKU-0007,WH-07,123
2026-09-01,SKU-0034,WH-08,99
2026-08-25,SKU-0042,WH-07,123
2026-06-30,SKU-0039,WH-05,98
2026-06-30,SKU-0039,wh-01,190
2026-08-11,SKU-0023,WH-05,105
2026-07-21,SKU-0028,WH-04,148
2026-07-14,SKU-0024,WH-02,116
2026-08-18,SKU-0031,WH-06,68
2026-07-14,SKU-0010,WH-07,78
2026-07-14,SKU-0033,WH-06,-10
,SKU-0016,WH-05,36
2026-08-25,SKU-0019,WH-05,63
2026-07-21,SKU-0038,WH-07,93
2026-08-25,SKU-0009,WH-07,115
2026-08-11,SKU-0005,WH-04,182
2026-07-28,SKU-0006,WH-04,179
2026-06-30,SKU-0022,WH-01,38
2026-07-14,SKU-0016,WH-05,181
08/25/2026,SKU-0025,WH-07,184
2026-06-30,SKU-0037,WH-03,150
07-Jul-2026,SKU-0039,WH-07,157
2026-06-30,SKU-0032,WH-05,116
2026-06-30,SKU-0008,WH-06,25
2026-07-14,SKU-0024,WH-01,84
2026-08-25,SKU-0019,WH-06,68
2026-07-07,SKU-0023,WH-06,177
2026-09-01,SKU-0006,WH-01,122
2026-07-14,SKU-0020,WH-02,181
2026-08-04,SKU-0037,WH-03,101
2026-06-30,SKU-0039,wh-01,190
06/30/2026,SKU-0006,WH-08,98
2026-07-21,SKU-0024,WH-01,145
2026-07-07,SKU-0008,WH-05,132
2026-06-30,SKU-0020,WH-01,147
2026-07-07,SKU-0024,WH-08,117
2026-08-04,SKU-0003,WH-03,146
2026-07-21,SKU-0030,WH-02,206
2026-08-04,SKU-0029,WH-01,129
2026-06-30,SKU-0006,WH-02,208
2026-07-21,SKU-0008,WH-04,197
2026-07-21,SKU-0035,WH-03,87
2026-07-07,SKU-0015,WH-07,177
2026-08-04,SKU-0011,WH-03,-92
2026-09-01,SKU-0043,WH-07,83
2026-08-04,SKU-0002,WH-04,119
2026-07-07,SKU-0016,WH-04,48
2026-08-25,SKU-0003,WH-08,185
2026-07-28,SKU-0036,WH-03,110
2026-08-18,SKU-0040,WH-06,95
2026-08-18,SKU-0039,WH-03,153
2026-08-25,SKU-0018,WH-02,147
2026-07-07,SKU-0009,WH-05,96
2026-08-25,SKU-0012,WH-03,150
,SKU-0028,WH-02,29
2026-09-01,SKU-0024,WH-08,165
,SKU-0020,WH-02,104
2026-06-30,SKU-0038,WH-02,219
2026-09-01,SKU-0032,WH-06,153
2026-07-21,SKU-0045,WH-04,236
,SKU-0031,WH-03,82
2026-07-28,SKU-0004,WH-07,57
2026-07-28,SKU-0041,WH_05,-100
2026-08-04,SKU-0032,WH-04,188
2026-08-18,SKU-0023,WH-05,-101
2026-07-21,SKU-0022,WH-04,144
2026-09-01,SKU-0027,WH-03,90
2026-07-28,SKU-0031,WH-07,216
2026-08-25,SKU-0029,WH-07,127
2026-08-18,SKU-0016,WH-02,80
2026-08-11,SKU-0026,WH-07,51
2026-07-28,SKU-0005,WH-05,176
2026-07-21,SKU-0022,WH-05,150
2026-07-07,SKU-0036,WH-04,213
2026-08-18,SKU-0022,WH-06,70
2026-07-28,SKU-0008,WH-06,123
2026-08-04,SKU-0014,WH-07,68
2026-07-28,SKU-0030,WH_05,166
2026-08-18,SKU-0043,WH-04,8
2026-07-28,SKU-0015,WH-07,121
2026-08-11,SKU-0003,WH-06,71
2026-07-07,SKU-0030,WH-05,128
2026-09-01,SKU-0015,WH-02,141
2026-09-01,SKU-0039,WH-05,97
2026-07-07,SKU-0025,WH-05,121
2026-07-28,SKU-0028,WH-07,60
2026-08-25,SKU-0021,WH-06,193
2026-08-11,SKU-0008,WH-08,222
2026-08-04,SKU-0028,WH-08,194
2026-07-14,SKU-0028,WH-02,40
2026-06-30,SKU-0032,WH-06,154
18-Aug-2026,SKU-0015,wh-05,180
28-Jul-2026,SKU-0039,WH-07,95
2026-09-01,SKU-0009,WH-06,6
2026-08-18,SKU-0036,WH-01,103
2026-08-18,SKU-0038,WH-04,107
2026-09-01,SKU-0023,WH-08,124
2026-07-28,SKU-0023,WH-08,169
2026-08-25,SKU-0004,WH-03,126
2026-08-18,SKU-0013,WH-09,209
2026-06-30,SKU-0034,WH-07,30
2026-07-14,SKU-0041,WH-05,58
,SKU-0021,WH-04,103
2026-08-11,SKU-0008,WH_05,95
2026-08-04,SKU-0021,wh-05,86
2026-07-28,SKU-0005,WH-06,-142
2026-09-01,SKU-0012,WH-07,89
2026-08-18,SKU-0019,WH-05,110
2026-06-30,SKU-0030,WH-09,82
2026-06-30,SKU-0003,WH-01,139
2026-08-25,SKU-0042,WH-02,96
2026-07-07,SKU-0010,WH-06,46
2026-07-21,SKU-0045,WH-01,117
2026-07-07,SKU-0016,WH-02,167
2026-06-30,SKU-0010,WH_05,115
2026-06-30,SKU-0019,WH-04,81
2026-07-07,SKU-0034,WH-07,149
2026-07-14,SKU-0037,WH-02,196
2026-07-07,SKU-0018,WH-02,137
07/07/2026,SKU-0030,WH-02,202
2026-07-21,SKU-0038,WH-02,202
2026-07-14,SKU-0006,WH-05,93
2026-07-07,SKU-0009,WH-07,-72
2026-07-28,SKU-0033,WH-02,13
2026-08-11,SKU-0039,WH-08,112
2026-06-30,SKU-0001,WH-05,110
2026-08-25,SKU-0019,WH-08,62
2026-07-07,SKU-0027,WH-08,193
2026-08-11,SKU-0038,WH-07,184
2026-06-30,SKU-0016,WH-06,68
2026-08-25,SKU-0039,WH-04,44
2026-07-07,SKU-0005,WH-04,99
,SKU-0028,WH-07,107
2026-07-07,SKU-0018,WH-04,151
2026-08-04,SKU-0038,WH-07,156
2026-07-07,SKU-0002,WH-08,87
2026-07-21,SKU-0011,WH-06,111
2026-07-07,SKU-0019,WH-06,55
09/01/2026,SKU-0035,WH-08,203
2026-08-18,SKU-0011,WH-01,32
2026-07-28,SKU-0017,WH-01,65
,SKU-0042,WH-07,146
2026-07-14,SKU-0022,WH-08,172
2026-06-30,SKU-0036,WH-05,68
2026-07-07,SKU-0028,WH-02,145
2026-06-30,SKU-0002,WH-07,88
2026-09-01,SKU-0007,WH-04,205
2026-08-04,SKU-0023,WH-05,205
2026-07-28,SKU-0017,WH-06,9
2026-08-25,SKU-0036,WH-02,157
2026-07-28,SKU-0022,WH-04,180
2026-08-25,SKU-0036,WH-06,200
25-Aug-2026,SKU-0024,WH-07,157
2026-07-14,SKU-0025,WH-03,95
2026-07-07,SKU-0018,WH-05,167
11-Aug-2026,SKU-0005,WH-08,-17
2026-08-25,SKU-0015,WH-04,57
09/01/2026,SKU-0024,WH-02,196
2026-08-11,SKU-0006,WH-04,68
2026-08-25,SKU-0025,WH-04,155
2026-07-14,SKU-0027,WH-07,147
2026-08-18,SKU-0027,WH-07,253
2026-07-14,SKU-0024,WH-04,178
2026-07-28,SKU-0023,WH-01,188
2026-09-01,SKU-0020,WH-08,79
2026-07-28,SKU-0016,WH-02,6
2026-07-14,SKU-0024,WH-03,242
2026-07-07,SKU-0038,WH-05,110
2026-08-18,SKU-0002,WH-06,140
2026-08-11,SKU-0008,WH-01,91
,SKU-0036,WH-01,197
2026-09-01,SKU-0012,WH-01,116
2026-08-25,SKU-0043,WH-02,209
2026-07-14,SKU-0039,WH-03,140
2026-09-01,SKU-0005,WH-07,110
2026-07-21,SKU-0034,WH-03,238
2026-08-18,SKU-0002,WH-09,58
25-Aug-2026,SKU-0010,WH-03,193
2026-07-07,SKU-0004,WH-02,121
2026-09-01,SKU-0026,WH-06,110
2026-09-01,SKU-0025,WH-08,206
2026-08-04,SKU-0018,WH-03,122
2026-09-01,SKU-0016,WH-01,184
2026-09-01,SKU-0037,WH-04,198
2026-08-04,SKU-0016,WH-06,122
2026-08-18,SKU-0013,WH-02,105
18-Aug-2026,SKU-0008,WH-02,84
2026-08-25,SKU-0001,WH-01,141
2026-08-11,SKU-0017,WH-01,135
2026-08-18,SKU-0028,WH-08,171
2026-08-18,SKU-0025,WH-07,73
2026-09-01,SKU-0034,WH-04,186
,SKU-0037,WH-02,206
,SKU-0029,WH-09,141
2026-08-04,SKU-0034,WH-07,144
2026-07-14,SKU-0023,WH-01,115
2026-08-18,SKU-0020,WH-06,124
2026-08-25,SKU-0007,WH-08,228
2026-07-21,SKU-0011,WH-07,118
2026-07-28,SKU-0019,WH-99,158
2026-07-28,SKU-0009,WH-09,215
2026-07-14,SKU-0012,WH-03,157
2026-07-28,SKU-0018,WH-01,126
2026-07-07,SKU-0036,WH-08,73
2026-07-07,SKU-0039,WH-02,169
2026-08-11,SKU-0011,WH-03,52
2026-08-18,SKU-0044,WH-08,195
2026-07-07,SKU-0006,wh-05,113
2026-08-25,SKU-0017,WH-04,148
2026-07-28,SKU-0029,WH-03,81
2026-09-01,SKU-0006,WH-07,239
2026-07-07,SKU-0013,WH-07,66
2026-07-21,SKU-0030,WH-07,187
2026-06-30,SKU-0040,wh-01,245
2026-07-07,SKU-0004,WH-04,109
2026-07-07,SKU-0002,WH-06,180
2026-07-14,SKU-0019,WH-08,-8
2026-08-04,SKU-0038,WH-05,94
2026-07-14,SKU-0010,WH-06,168
2026-08-25,SKU-0037,WH-06,94
2026-07-28,SKU-0035,WH-05,132
2026-07-07,SKU-0038,WH-07,53
2026-06-30,SKU-0017,WH-99,131
2026-08-11,SKU-0001,WH-08,255
2026-09-01,SKU-0019,WH-05,169
2026-08-25,SKU-0021,WH-01,153
2026-08-25,SKU-0011,WH-04,141
2026-07-07,SKU-0044,WH-01,140
2026-07-21,SKU-0006,WH-02,248
2026-08-18,SKU-0042,WH-04,89
2026-09-01,SKU-0019,WH-08,109
2026-09-01,SKU-0022,WH-07,126
2026-07-21,SKU-0029,WH-03,202
2026-09-01,SKU-0028,WH-07,153
2026-07-28,SKU-0022,WH-01,178
2026-09-01,SKU-0006,WH-03,112
2026-08-25,SKU-0035,WH-01,123
2026-08-18,SKU-0034,WH-05,140
2026-07-21,SKU-0040,WH-03,168
2026-07-28,SKU-0043,WH-02,172
2026-07-28,SKU-0007,WH-02,80
2026-07-14,SKU-0002,WH-03,220
2026-07-28,SKU-0041,WH-03,130
2026-06-30,SKU-0043,WH-07,-37
2026-08-25,SKU-0020,WH-06,-7
2026-07-21,SKU-0018,WH-06,127
2026-08-04,SKU-0005,WH-05,119
2026-07-21,SKU-0022,WH-03,116
2026-06-30,SKU-0005,WH-01,51
2026-08-25,SKU-0045,WH-02,132
2026-07-28,SKU-0038,WH-07,47
2026-06-30,SKU-0038,WH-09,170
2026-07-21,SKU-0026,WH-04,-113
2026-07-21,SKU-0032,WH-03,83
2026-08-25,SKU-0030,WH-02,86
2026-06-30,SKU-0017,WH-03,119
2026-07-07,SKU-0009,WH-03,172
2026-07-21,SKU-0025,WH-02,88
07/07/2026,SKU-0012,WH-07,163
2026-08-04,SKU-0030,WH-05,177
2026-07-21,SKU-0025,WH-07,19
2026-07-21,SKU-0044,WH-03,122
14-Jul-2026,SKU-0007,WH-02,130
2026-07-28,SKU-0030,WH-03,198
2026-08-04,SKU-0041,WH-02,154
2026-07-14,SKU-0010,WH-02,225
,SKU-0010,WH-07,83
2026-08-11,SKU-0040,WH-02,110
2026-08-25,SKU-0008,WH-07,64
2026-07-07,SKU-0042,WH-03,196
08/25/2026,SKU-0028,WH-02,90
2026-09-01,SKU-0039,WH-02,-1
2026-08-11,SKU-0044,WH-05,75
2026-07-14,SKU-0033,WH-08,134
2026-08-11,SKU-0024,WH-06,152
07/21/2026,SKU-0012,WH-02,133
2026-07-07,SKU-0016,WH-08,57
2026-09-01,SKU-0009,WH-04,124
2026-07-21,SKU-0044,WH-02,218
2026-08-11,SKU-0022,WH-08,113
2026-08-25,SKU-0034,WH-05,86
2026-09-01,SKU-0006,WH-04,59
07/07/2026,SKU-0031,WH-08,154
2026-08-18,SKU-0034,WH-03,104
2026-09-01,SKU-0021,WH-07,154
2026-07-21,SKU-0026,WH-05,89
2026-08-18,SKU-0010,WH-07,90
2026-07-21,SKU-0032,WH-02,57
2026-08-04,SKU-0015,WH-01,65
2026-08-11,SKU-0040,WH-03,86
07/14/2026,SKU-0033,WH-02,133
2026-08-04,SKU-0003,WH-04,286
2026-07-28,SKU-0035,WH-03,166
,SKU-0022,WH-01,170
2026-06-30,SKU-0030,WH-07,79
2026-06-30,SKU-0031,WH-03,50
2026-09-01,SKU-0044,WH-06,72
2026-06-30,SKU-0001,WH-02,75
2026-08-04,SKU-0026,WH-02,176
2026-09-01,SKU-0043,WH-03,195
2026-07-07,SKU-0040,WH-07,192
2026-08-11,SKU-0019,WH-05,68
2026-09-01,SKU-0011,WH-08,209
2026-06-30,SKU-0010,WH-07,115
2026-08-25,SKU-0029,WH-04,166
2026-06-30,SKU-0024,WH-05,116
2026-08-18,SKU-0044,WH-01,180
2026-08-25,SKU-0024,WH-02,179
2026-07-14,SKU-0015,WH-03,103
2026-07-21,SKU-0037,WH-06,155
2026-07-21,SKU-0015,WH-03,167
2026-09-01,SKU-0032,WH-03,94
2026-08-25,SKU-0043,WH-05,162
2026-07-14,SKU-0009,WH-02,179
2026-09-01,SKU-0042,WH-08,225
2026-07-14,SKU-0032,WH-01,133
,SKU-0008,WH-07,121
07/14/2026,SKU-0011,WH-02,260
2026-07-14,SKU-0002,WH-04,201
2026-07-07,SKU-0032,WH-07,243
08/18/2026,SKU-0012,WH-08,136
,SKU-0027,wh-05,81
2026-08-18,SKU-0033,WH-08,125
2026-08-04,SKU-0037,WH-04,210
2026-06-30,SKU-0038,WH-03,186
2026-09-01,SKU-0023,WH-03,112
2026-07-14,SKU-0001,WH-04,168
09/01/2026,SKU-0008,WH-05,82
2026-08-18,SKU-0024,WH-04,139
,SKU-0042,WH-06,99
2026-07-28,SKU-0033,Wh-01,154
2026-08-04,SKU-0037,WH-01,118
2026-07-28,SKU-0043,WH-07,118
2026-08-04,SKU-0005,WH-04,146
2026-07-21,SKU-0009,WH-07,112
2026-08-18,SKU-0035,WH-05,77
2026-07-28,SKU-0033,WH-03,118
2026-07-28,SKU-0018,WH-09,136
2026-08-25,SKU-0027,WH-08,90
2026-08-18,SKU-0041,WH-04,177
2026-06-30,SKU-0021,WH-03,67
2026-07-28,SKU-0023,WH-02,-89
2026-06-30,SKU-0011,wh-05,39
2026-08-11,SKU-0008,WH-07,160
2026-07-14,SKU-0022,WH-05,136
2026-07-21,SKU-0015,WH-06,194
2026-09-01,SKU-0022,WH-02,145
2026-07-21,SKU-0042,WH-06,132
2026-07-28,SKU-0005,WH-01,171
2026-07-14,SKU-0014,WH-05,96
08/25/2026,SKU-0036,WH-05,-14
2026-08-18,SKU-0037,WH-05,62
2026-08-25,SKU-0040,WH-02,55
2026-08-25,SKU-0041,WH-99,185
2026-07-14,SKU-0012,WH-06,122
2026-09-01,SKU-0002,WH-07,81
2026-08-18,SKU-0032,WH-01,-136
2026-07-07,SKU-0040,WH-08,152
2026-08-04,SKU-0010,WH-06,161
2026-08-04,SKU-0009,WH-08,128
2026-07-21,SKU-0043,WH-03,19
2026-07-14,SKU-0021,WH-07,101
01-Sep-2026,SKU-0034,WH-01,140
2026-09-01,SKU-0031,WH-02,54
2026-08-25,SKU-0004,WH-02,158
2026-09-01,SKU-0010,WH-05,73
2026-08-18,SKU-0019,WH-03,140
2026-09-01,SKU-0022,WH-05,134
2026-08-25,SKU-0007,WH-02,97
2026-07-14,SKU-0025,WH-07,31
2026-07-28,SKU-0020,WH-04,45
2026-07-28,SKU-0010,WH-02,150
,SKU-0032,wh-05,102
2026-06-30,SKU-0016,WH-07,67
,SKU-0014,WH-03,190
2026-06-30,SKU-0043,WH-99,190
2026-08-11,SKU-0029,WH-06,100
2026-08-04,SKU-0005,WH-06,163
01-Sep-2026,SKU-0025,Wh-01,133
2026-07-28,SKU-0024,WH-05,49
2026-08-04,SKU-0016,WH-09,174
2026-07-21,SKU-0029,Wh-01,114
2026-07-21,SKU-0043,WH-07,218
2026-07-28,SKU-0033,WH-07,96
2026-07-28,SKU-0038,WH-05,157
2026-07-07,SKU-0028,WH-08,60
2026-07-07,SKU-0041,WH-04,149
2026-08-18,SKU-0043,WH-07,178
06/30/2026,SKU-0036,WH-06,157
2026-07-14,SKU-0021,WH-02,261
14-Jul-2026,SKU-0020,WH-01,117
2026-08-04,SKU-0003,WH-02,45
2026-07-07,SKU-0045,WH-02,176
2026-08-25,SKU-0012,WH-02,88
2026-08-25,SKU-0016,WH-06,173
2026-07-28,SKU-0005,WH-04,177
2026-06-30,SKU-0027,WH-04,106
,SKU-0029, WH-01 ,62
2026-08-11,SKU-0030,WH-99,145
2026-07-07,SKU-0020,WH-01,180
2026-06-30,SKU-0012,WH-01,320
2026-08-11,SKU-0043,WH-02,18
2026-07-14,SKU-0016,WH-04,143
2026-07-21,SKU-0035,WH-08,-201
2026-07-14,SKU-0043,WH-03,74
2026-07-14,SKU-0038,WH-07,266
2026-08-04,SKU-0033,WH-03,85
,SKU-0045,WH-06,54
2026-07-07,SKU-0001,WH-01,32
2026-07-14,SKU-0027,WH-06,145
,SKU-0020,WH-04,145
25-Aug-2026,SKU-0001,WH-04,78
2026-07-28,SKU-0042,WH-03,75
2026-07-28,SKU-0017,WH-03,231
2026-08-18,SKU-0002,WH-01,130
2026-07-28,SKU-0028,WH-05,80
2026-08-11,SKU-0013,WH_05,126
2026-07-14,SKU-0024,WH-07,135
2026-07-21,SKU-0017,WH-06,116
2026-07-28,SKU-0003,WH-09,106
2026-07-14,SKU-0035,WH-04,128
2026-08-25,SKU-0020,WH-07,203
2026-07-07,SKU-0038,WH-02,-28
07/28/2026,SKU-0037,WH-08,-8
07-Jul-2026,SKU-0030,WH-04,130
2026-07-07,SKU-0034,WH-02,263
2026-07-07,SKU-0024,WH-07,22
,SKU-0001,WH-06,105
2026-09-01,SKU-0013,WH-03,40
2026-08-11,SKU-0013,WH-04,164
2026-08-11,SKU-0030,WH-07,110
2026-07-07,SKU-0021,wh-01,93
2026-07-28,SKU-0031,WH-04,118
2026-07-14,SKU-0031,WH-08,40
2026-07-14,SKU-0038,WH-04,96
2026-08-04,SKU-0040,WH-07,139
2026-08-11,SKU-0017,WH-04,144
2026-08-25,SKU-0031,WH-01,219
2026-09-01,SKU-0018,WH-05,106
2026-08-25,SKU-0027,WH-06,167
2026-08-18,SKU-0034,WH-07,116
2026-07-07,SKU-0043,WH-03,194
2026-09-01,SKU-0043,WH-04,127
07/28/2026,SKU-0028,WH-04,75
2026-08-04,SKU-0014,WH-08,213
2026-06-30,SKU-0008,WH-04,80
2026-08-11,SKU-0028,WH-08,174
2026-07-28,SKU-0006,WH-03,75
2026-08-18,SKU-0039,WH-99,55
2026-07-14,SKU-0032,WH-04,173
2026-07-28,SKU-0032,WH-03,81
2026-08-18,SKU-0016,WH-04,-14
2026-07-21,SKU-0005,WH-03,123
2026-08-04,SKU-0031,WH-05,226
2026-09-01,SKU-0003,WH-01,131
2026-07-28,SKU-0004,WH-06,121
07/21/2026,SKU-0007,WH-02,91
2026-08-04,SKU-0016,WH-08,72
,SKU-0028,WH-02,164
,SKU-0011,WH-01,100
2026-08-18,SKU-0035,WH-07,123
08/04/2026,SKU-0036,WH-03,127
2026-08-04,SKU-0042,WH-03,88
2026-07-21,SKU-0005,WH-07,147
2026-09-01,SKU-0009,WH-08,56
2026-08-04,SKU-0008,WH-06,98
2026-06-30,SKU-0013,WH-06,132
2026-07-28,SKU-0027,WH-06,162
2026-07-28,SKU-0013,WH-06,185
2026-08-25,SKU-0014,WH-08,70
,SKU-0041,WH-04,163
2026-08-25,SKU-0010,WH-01,188
2026-08-04,SKU-0006,WH-08,112
2026-09-01,SKU-0040,WH-08,106
,SKU-0029,WH-05,122
2026-07-28,SKU-0044,WH-02,203
2026-07-14,SKU-0013,WH-08,39
2026-08-25,SKU-0041,WH-06,127
,SKU-0031,WH-01,215
2026-08-11,SKU-0021,WH-05,182
2026-08-04,SKU-0045,WH-04,-9
2026-08-11,SKU-0016,WH-02,118
2026-08-25,SKU-0015,WH-08,78
06/30/2026,SKU-0040,WH-02,184
2026-07-21,SKU-0021,WH-04,116
2026-08-04,SKU-0002,WH-05,-8
2026-06-30,SKU-0036,WH-01,177
2026-08-04,SKU-0036,WH-05,59
2026-07-21,SKU-0027,WH-08,78
2026-07-21,SKU-0040,WH-01,-31
2026-09-01,SKU-0040,WH-01,111
2026-07-21,SKU-0045,WH-05,142
2026-08-04,SKU-0009,wh-05,127
2026-07-28,SKU-0024,WH-07,228
2026-08-11,SKU-0011,WH-01,70
2026-08-25,SKU-0005,WH-02,176
07/14/2026,SKU-0017,WH-08,0
2026-08-11,SKU-0003,WH-05,46
2026-08-11,SKU-0042,WH-07,143
2026-07-28,SKU-0039,WH-08,116
2026-07-14,SKU-0040,WH-03,106
2026-06-30,SKU-0005,WH-99,175
2026-06-30,SKU-0029,WH-08,-6
2026-08-25,SKU-0012,WH-07,55
2026-08-04,SKU-0011,WH-02,110
2026-07-14,SKU-0027,WH-05,113
2026-08-04,SKU-0011,Wh-01,110
2026-07-14,SKU-0019,WH-06,198
,SKU-0001,WH-03,35
2026-08-25,SKU-0014,WH-06,91
2026-07-28,SKU-0035,Wh-01,122
2026-07-28,SKU-0038,WH-06,50
2026-07-14,SKU-0029,WH-05,134
,SKU-0036,WH-02,130
08/18/2026,SKU-0027,WH-04,150
2026-07-28,SKU-0044,WH-04,169
2026-08-11,SKU-0016,WH-07,102
2026-09-01,SKU-0010,WH-01,178
2026-08-11,SKU-0007,WH-02,97
2026-08-25,SKU-0038,WH-01,105
2026-07-21,SKU-0017,WH-08,116
2026-07-14,SKU-0010,WH-05,150
2026-06-30,SKU-0026,WH-01,100
2026-06-30,SKU-0022,WH-04,68
2026-06-30,SKU-0007,WH-03,76
2026-08-11,SKU-0025,WH-03,66
2026-09-01,SKU-0006,WH-05,128
2026-09-01,SKU-0033,WH-08,186
2026-07-28,SKU-0043,WH-01,249
2026-08-18,SKU-0005,WH-03,94
2026-07-28,SKU-0012,WH-07,166
2026-07-14,SKU-0036,WH-06,186
2026-08-18,SKU-0020,WH-02,133
2026-06-30,SKU-0025,WH-07,187
2026-08-11,SKU-0030,WH-08,39
2026-06-30,SKU-0036,WH-02,198
21-Jul-2026,SKU-0029,WH-08,59
2026-08-25,SKU-0043,WH-07,159
,SKU-0035,WH-04,66
2026-08-25,SKU-0037,WH-07,133
2026-08-18,SKU-0021,WH-01,71
2026-08-25,SKU-0032,WH-06,133
2026-07-21,SKU-0044,WH-01,155
11-Aug-2026,SKU-0032,WH-03,35
2026-07-07,SKU-0034,WH-05,226
2026-08-11,SKU-0004,WH-08,80
2026-07-07,SKU-0032,WH-04,122
2026-08-18,SKU-0016,WH-01,129
2026-08-18,SKU-0004,WH-01,245
2026-09-01,SKU-0037,WH-02,152
2026-08-25,SKU-0025,WH-06,25
2026-08-18,SKU-0004,WH-06,194
2026-07-14,SKU-0019,WH-07,165
2026-06-30,SKU-0039,WH-04,186
2026-06-30,SKU-0034,WH-05,57
2026-08-25,SKU-0041,WH-08,145
2026-06-30,SKU-0027,WH-06,141
2026-08-04,SKU-0042,WH-06,168
2026-07-14,SKU-0002,WH-08,142
2026-07-07,SKU-0040,WH-05,59
2026-08-04,SKU-0012,WH-07,161
2026-08-18,SKU-0018,WH-01,123
25-Aug-2026,SKU-0035,WH-02,186
2026-08-25,SKU-0012,WH-04,156
,SKU-0014,WH-03,206
2026-09-01,SKU-0001,WH-07,199
28-Jul-2026,SKU-0011,WH-07,142
2026-08-18,SKU-0027,WH-02,180
2026-07-21,SKU-0040,WH-06,200
2026-07-28,SKU-0027,WH-01,155
2026-08-04,SKU-0015,WH-08,130
2026-06-30,SKU-0008,WH-02,5
2026-08-11,SKU-0044,WH-03,15
2026-08-25,SKU-0002,WH-03,164
,SKU-0029,WH-02,60
2026-09-01,SKU-0040,WH-04,144
2026-08-25,SKU-0045,WH-05,44
2026-09-01,SKU-0009,WH-09,92
07/28/2026,SKU-0006,WH-01,161
2026-07-14,SKU-0016,WH-02,184
2026-08-04,SKU-0027,WH-05,81
2026-07-07,SKU-0001,WH-05,56
2026-08-04,SKU-0022,WH-01,26
2026-07-28,SKU-0014,WH-02,152
2026-07-28,SKU-0025,WH-08,50
2026-09-01,SKU-0025,WH-04,249
2026-07-21,SKU-0017,WH-03,121
2026-09-01,SKU-0038,WH-08,242
2026-08-04,SKU-0004,WH-03,271
2026-08-11,SKU-0021,WH-03,100
2026-09-01,SKU-0032,WH-05,-10
2026-07-28,SKU-0020,WH-08,60
25-Aug-2026,SKU-0035,WH-08,77
2026-07-28,SKU-0009,wh-05,197
2026-07-14,SKU-0029,WH-06,174
2026-08-11,SKU-0039,wh-01,233
2026-08-11,SKU-0010,WH-04,83
2026-09-01,SKU-0008,WH-02,20
2026-09-01,SKU-0022,WH-01,163
2026-07-28,SKU-0025,WH-07,184
06/30/2026,SKU-0013,WH-07,31
2026-08-18,SKU-0029,WH-02,148
2026-09-01,SKU-0036,WH-06,-47
2026-08-11,SKU-0029,WH-03,180
2026-07-21,SKU-0002,WH-06,231
2026-07-28,SKU-0014,WH-07,176
2026-08-11,SKU-0017,WH-07,170
2026-06-30,SKU-0023,WH-03,169
2026-08-04,SKU-0045,WH-05,63
2026-07-28,SKU-0041,WH-01,125
2026-07-21,SKU-0016,WH-06,195
2026-08-18,SKU-0015,WH-06,180
2026-07-07,SKU-0031,WH-03,107
2026-09-01,SKU-0029,WH-02,156
2026-07-14,SKU-0007,WH-04,95
2026-08-18,SKU-0023,WH-02,54
2026-09-01,SKU-0044,WH-05,113
2026-07-14,SKU-0002,wh-05,77
2026-07-14,SKU-0043,WH-08,100
2026-06-30,SKU-0015,WH-04,130
2026-09-01,SKU-0018,WH-03,141
2026-07-28,SKU-0014,WH-03,84
2026-08-25,SKU-0015,WH-05,37
2026-07-14,SKU-0008,WH-05,185
2026-07-07,SKU-0020,WH-07,15
2026-08-11,SKU-0025,WH-02,225
2026-08-11,SKU-0010,WH-06,162
2026-07-07,SKU-0013,WH-06,222
2026-07-14,SKU-0037,WH-06,199
2026-06-30,SKU-0032,WH-08,153
08/04/2026,SKU-0009,WH-03,101
2026-09-01,SKU-0024,WH-07,65
2026-07-28,SKU-0029,WH-01,19
2026-08-11,SKU-0037,WH-08,95
2026-07-28,SKU-0034,WH-05,111
2026-07-14,SKU-0031,WH-06,79
2026-07-14,SKU-0013,WH-07,23
2026-08-11,SKU-0039,WH-04,108
2026-07-14,SKU-0020,WH-03,66
2026-07-14,SKU-0001,WH-05,48
2026-08-11,SKU-0012,WH-04,183
2026-09-01,SKU-0027,WH-05,85
2026-08-11,SKU-0043,WH-07,165
2026-08-25,SKU-0042,WH-01,91
2026-08-04,SKU-0029,WH-03,264
2026-08-25,SKU-0045,WH-07,69
2026-07-21,SKU-0013,WH-03,133
2026-08-11,SKU-0043,WH-08,148
2026-07-21,SKU-0003,WH-01,80
21-Jul-2026,SKU-0034,WH-07,75
2026-06-30,SKU-0016,WH-02,84
2026-07-14,SKU-0036,WH-04,115
2026-08-25,SKU-0013,WH-06,100
2026-07-14,SKU-0004,WH-03,75
2026-07-21,SKU-0025,WH-08,159
2026-08-25,SKU-0041,WH_05,197
2026-09-01,SKU-0036,WH-02,115
2026-08-04,SKU-0006,WH-03,104
2026-06-30,SKU-0043,WH-08,138
2026-07-28,SKU-0011,WH-02,115
2026-08-18,SKU-0034,WH-06,105
2026-09-01,SKU-0035,WH-05,152
2026-06-30,SKU-0018,WH-08,133
2026-06-30,SKU-0040,WH-05,108
2026-07-28,SKU-0026,WH-02,250
2026-09-01,SKU-0038,WH-06,223
2026-07-28,SKU-0009,WH-01,62
2026-07-21,SKU-0008,wh-01,127
2026-08-18,SKU-0012,WH-04,92
2026-07-14,SKU-0011,WH-06,210
2026-06-30,SKU-0008,WH-05,92
2026-07-14,SKU-0024,WH-08,53
2026-07-07,SKU-0011,WH-07,140
2026-06-30,SKU-0002,WH-01,81
2026-08-18,SKU-0003,WH-07,97
07/28/2026,SKU-0007,WH-07,91
2026-08-11,SKU-0036,WH-03,139
2026-07-28,SKU-0005,WH-02,188
2026-07-07,SKU-0008,WH-08,149
2026-07-14,SKU-0020,WH-08,212
2026-08-11,SKU-0040,WH-05,15
2026-06-30,SKU-0018,WH-05,81
2026-09-01,SKU-0002,WH-05,105
,SKU-0026,WH-07,40
2026-07-28,SKU-0023,WH-06,94
14-Jul-2026,SKU-0007,WH-03,-61
2026-07-21,SKU-0032,WH-06,108
18-Aug-2026,SKU-0034,WH-08,80
2026-07-28,SKU-0043,WH-08,-38
,SKU-0028,WH-04,121
2026-07-21,SKU-0009,WH-99,156
2026-07-07,SKU-0013, WH-01 ,84
2026-07-07,SKU-0007,WH-06,23
2026-07-07,SKU-0003,WH-02,111
2026-08-11,SKU-0028,WH-04,130
2026-08-04,SKU-0003,WH-08,58
2026-07-28,SKU-0011,WH-04,132
2026-08-18,SKU-0021,WH-05,185
2026-09-01,SKU-0044,WH-08,113
,SKU-0026,WH-07,36
07-Jul-2026,SKU-0039,WH-08,143
2026-06-30,SKU-0034,WH-02,62
2026-07-07,SKU-0045,WH-06,56
2026-08-04,SKU-0008,WH-01,119
2026-06-30,SKU-0019,WH-08,29
2026-07-14,SKU-0044,WH-06,121
2026-07-28,SKU-0009,WH-03,115
2026-07-28,SKU-0040,WH-02,142
2026-07-21,SKU-0037,WH-03,118
2026-07-21,SKU-0022,WH-07,57
2026-08-11,SKU-0026,WH-08,179
2026-08-18,SKU-0045,wh-05,95
2026-08-04,SKU-0043,WH-03,121
2026-07-21,SKU-0027,WH-06,66
07/21/2026,SKU-0045,WH-06,207
2026-07-28,SKU-0013,WH-03,153
2026-09-01,SKU-0023,WH-04,133
2026-06-30,SKU-0032,WH-07,122
2026-07-14,SKU-0017,WH-07,85
2026-06-30,SKU-0026,WH-04,130
2026-08-18,SKU-0003,WH-03,134
2026-07-14,SKU-0038,WH-02,1
07-Jul-2026,SKU-0007,WH-04,23
2026-07-14,SKU-0001,WH-08,161
2026-06-30,SKU-0007,WH-07,8
,SKU-0002,WH-03,-7
2026-08-04,SKU-0035,WH-07,111
2026-09-01,SKU-0018,WH-08,72
2026-09-01,SKU-0005,WH-04,127
2026-06-30,SKU-0021,WH-01,145
2026-08-18,SKU-0021,WH-04,-36
2026-07-14,SKU-0042,WH-03,56
,SKU-0007,WH-04,31
04-Aug-2026,SKU-0011,WH-08,99
07/07/2026,SKU-0003,WH-01,136
2026-07-07,SKU-0014,WH-01,127
2026-06-30,SKU-0017,WH-01,100
,SKU-0019,WH-01,-6
2026-09-01,SKU-0008,WH-04,94
2026-07-14,SKU-0034,WH-04,38
18-Aug-2026,SKU-0011,WH-03,117
2026-08-11,SKU-0011,WH-02,99
2026-06-30,SKU-0011,WH-02,93
2026-08-11,SKU-0009,WH-08,152
2026-07-28,SKU-0039,WH-03,54
2026-07-14,SKU-0022,WH-04,153
2026-07-21,SKU-0039,WH-07,207
2026-08-18,SKU-0042,WH-03,87
2026-08-11,SKU-0001,WH-05,225
2026-08-04,SKU-0008,WH-04,185
,SKU-0025,WH-01,66
2026-09-01,SKU-0022,WH-03,205
2026-08-04,SKU-0013,WH_05,115
2026-09-01,SKU-0020,WH-02,154
2026-07-28,SKU-0011,WH-01,42
2026-08-04,SKU-0007,WH-08,256
2026-08-25,SKU-0021,WH-04,79
2026-07-07,SKU-0003,WH-03,196
2026-06-30,SKU-0035,WH-02,105
2026-07-07,SKU-0043,WH-07,78
2026-08-25,SKU-0028,WH-08,131
08/11/2026,SKU-0030,Wh-01,66
2026-06-30,SKU-0029,WH-04,183
2026-08-25,SKU-0012,WH-06,75
2026-08-04,SKU-0020,WH-04,149
2026-08-04,SKU-0018,WH-08,183
2026-07-14,SKU-0015,WH-01,159
2026-07-14,SKU-0004,WH-04,94
08/11/2026,SKU-0016,WH-03,152
25-Aug-2026,SKU-0005,WH-08,77
2026-08-25,SKU-0043,WH-06,8
2026-06-30,SKU-0032,WH-04,101
2026-07-14,SKU-0022,WH-02,184
2026-06-30,SKU-0020,wh-05,101
2026-08-18,SKU-0024,WH-07,100
2026-07-14,SKU-0018,WH-07,54
2026-08-11,SKU-0037,WH-01,274
2026-08-18,SKU-0026,WH-04,87
2026-08-25,SKU-0003,WH-01,106
2026-09-01,SKU-0020,WH-04,141
2026-07-21,SKU-0030,WH-05,243
2026-08-18,SKU-0039,WH-06,160
2026-08-11,SKU-0003,WH-08,126
2026-08-18,SKU-0004,WH-05,140
2026-06-30,SKU-0024,WH-02,124
2026-08-04,SKU-0040,WH-02,199
2026-08-18,SKU-0005,WH-04,52
2026-07-07,SKU-0010,WH-05,115
2026-07-14,SKU-0016,WH-07,118
2026-08-18,SKU-0013,WH-08,118
07/21/2026,SKU-0018,WH-05,133
2026-07-28,SKU-0001,WH-02,135
2026-07-28,SKU-0012,WH-01,221
2026-08-18,SKU-0020,WH-05,125
2026-08-18,SKU-0006,WH-05,57
2026-07-14,SKU-0034,WH-05,183
07/14/2026,SKU-0031,WH-04,103
2026-07-21,SKU-0043,WH-99,67
2026-08-18,SKU-0014,WH-08,187
2026-07-07,SKU-0032,WH-06,133
,SKU-0023,WH-02,80
2026-07-21,SKU-0010,WH-03,115
2026-07-21,SKU-0023,WH-07,152
07-Jul-2026,SKU-0038,WH-08,110
2026-07-14,SKU-0039,WH-08,78
2026-07-21,SKU-0036,WH-07,31
2026-08-25,SKU-0009,WH-06,99
2026-08-11,SKU-0036,WH-02,100
2026-07-07,SKU-0015,WH-03,165
07/28/2026,SKU-0010,WH_05,72
2026-08-04,SKU-0041,WH-07,106
2026-08-11,SKU-0016,WH-04,-14
2026-08-18,SKU-0032,WH-06,167
2026-07-28,SKU-0004,WH-02,-178
,SKU-0044,WH-01,177
2026-07-21,SKU-0024,WH-05,108
2026-07-21,SKU-0004,WH-02,-74
2026-08-18,SKU-0009,WH-04,223
2026-06-30,SKU-0003,WH-04,70
2026-09-01,SKU-0001,WH-04,159
2026-07-28,SKU-0019,WH-06,59
2026-06-30,SKU-0016,WH-04,148
2026-08-18,SKU-0029,WH-04,141
2026-08-11,SKU-0015, WH-01 ,191
2026-08-25,SKU-0033,WH-06,112
2026-08-25,SKU-0025,WH-02,208
2026-07-07,SKU-0042,WH-01,82
2026-07-14,SKU-0037,WH-03,59
2026-09-01,SKU-0018,WH-04,125
2026-06-30,SKU-0043,WH-06,73
14-Jul-2026,SKU-0041,wh-01,58
2026-07-21,SKU-0038,WH-06,118
,SKU-0025,WH-06,79
2026-07-14,SKU-0035,WH-08,88
2026-08-11,SKU-0028,WH-03,189
2026-06-30,SKU-0008,WH-01,88
2026-08-04,SKU-0030,WH-04,213
2026-08-11,SKU-0013,WH-03,113
2026-09-01,SKU-0042,WH-03,171
2026-07-14,SKU-0040,WH-07,107
2026-07-28,SKU-0026,WH-05,126
2026-07-21,SKU-0022,WH-06,112
2026-08-11,SKU-0019,WH-02,27
2026-08-04,SKU-0002,WH-02,184
2026-07-28,SKU-0016,WH-01,214
,SKU-0030,WH-03,163
2026-07-28,SKU-0006,WH-08,151
2026-07-28,SKU-0004,WH-03,118
2026-07-07,SKU-0036,WH-05,94
2026-07-14,SKU-0030,WH-06,-151
2026-08-11,SKU-0026,WH-04,6
2026-07-07,SKU-0035,WH-05,165
08/11/2026,SKU-0006,WH-02,200
2026-09-01,SKU-0012,WH-03,145
2026-08-25,SKU-0005,WH-05,164
2026-07-28,SKU-0013,WH-08,228
2026-09-01,SKU-0037,WH-08,102
01-Sep-2026,SKU-0020,WH-06,166
2026-07-21,SKU-0007,WH-06,186
2026-08-11,SKU-0007,WH-03,121
2026-06-30,SKU-0026,WH-06,49
2026-08-11,SKU-0019,WH-06,100
2026-09-01,SKU-0045,WH-02,49
,SKU-0023,WH-02,135
2026-06-30,SKU-0010,WH-03,93
2026-08-25,SKU-0023,WH-04,104
2026-06-30,SKU-0005,WH-02,119
2026-07-14,SKU-0003,WH-02,206
2026-09-01,SKU-0006,WH-02,145
2026-08-04,SKU-0027,WH-07,63
2026-09-01,SKU-0015,WH-07,-179
2026-07-14,SKU-0001,WH-06,207
2026-07-14,SKU-0014,WH-07,127
2026-07-14,SKU-0008,WH-04,72
2026-06-30,SKU-0021,wh-05,111
2026-08-04,SKU-0034,WH-01,184
2026-07-14,SKU-0036,WH-08,153
2026-08-11,SKU-0024,WH-05,139
2026-08-11,SKU-0016,WH-05,146
2026-07-28,SKU-0030,WH-08,163
2026-08-11,SKU-0032,WH-02,53
2026-08-04,SKU-0002,WH-06,136
2026-08-18,SKU-0041,WH-05,149
2026-07-28,SKU-0020,WH-02,227
2026-07-14,SKU-0039,WH-02,73
2026-07-07,SKU-0034,WH-04,160
2026-08-25,SKU-0038,WH-02,64
2026-07-07,SKU-0029,WH-06,128
2026-09-01,SKU-0001,WH-09,108
2026-08-18,SKU-0038,WH-03,138
2026-08-18,SKU-0007,WH-02,154
2026-07-07,SKU-0041,WH-02,239
2026-08-04,SKU-0035,WH-08,33
2026-09-01,SKU-0034,WH-07,44
2026-08-18,SKU-0006,WH-03,129
2026-08-25,SKU-0026,WH-06,114
2026-08-25,SKU-0004,WH-08,65
2026-08-18,SKU-0040,WH-08,108
2026-07-21,SKU-0026,WH-06,175
2026-09-01,SKU-0031,WH-07,24
2026-08-11,SKU-0022,WH-07,41
2026-09-01,SKU-0038,wh-05,160
2026-08-04,SKU-0026,WH-07,64
2026-09-01,SKU-0010,WH-08,146
01-Sep-2026,SKU-0014,WH-03,184
2026-08-11,SKU-0005,WH-07,105
2026-07-28,SKU-0015,WH-03,137
2026-08-04,SKU-0023,WH-04,113
2026-07-07,SKU-0027,WH-05,12
2026-07-21,SKU-0044,WH-06,169
2026-08-11,SKU-0027,WH-04,117
14-Jul-2026,SKU-0007,WH-07,128
07/07/2026,SKU-0018,WH-06,106
2026-06-30,SKU-0034,WH-03,20
2026-07-14,SKU-0019,WH-09,63
2026-07-21,SKU-0031,WH-05,159
2026-09-01,SKU-0016,WH-05,242
2026-08-11,SKU-0031,WH-02,146
2026-06-30,SKU-0025,WH-03,263
,SKU-0016,WH-03,193
2026-07-14,SKU-0016,WH-03,106
2026-08-04,SKU-0015,WH-06,100
2026-08-18,SKU-0016,WH-08,77
2026-08-11,SKU-0011,WH-99,143
2026-08-25,SKU-0008,WH-06,72
2026-09-01,SKU-0042,WH-01,112
2026-07-21,SKU-0007,WH-03,174
2026-08-18,SKU-0033,WH-06,190
2026-06-30,SKU-0002,WH-06,167
2026-07-14,SKU-0011,WH-03,109
2026-07-28,SKU-0006,WH-05,9
2026-08-18,SKU-0017,WH-06,164
2026-06-30,SKU-0012,WH-08,18
2026-07-21,SKU-0005,WH-04,96
2026-08-25,SKU-0042,WH-04,103
2026-06-30,SKU-0006,WH-06,86
2026-07-07,SKU-0001,WH-03,91
2026-08-25,SKU-0013,WH-99,-35
2026-07-14,SKU-0033,Wh-01,70
2026-08-18,SKU-0014,WH-02,94
2026-08-18,SKU-0007,WH-06,118
2026-06-30,SKU-0009,WH-01,47
2026-08-25,SKU-0020,WH-05,137
2026-07-28,SKU-0029,WH-07,60
2026-07-21,SKU-0025,WH-05,172
2026-08-18,SKU-0015,WH-03,43
2026-07-07,SKU-0041,WH-06,149
2026-08-18,SKU-0004,WH-08,167
2026-07-28,SKU-0012,WH-03,61
2026-08-18,SKU-0019,WH-06,113
2026-09-01,SKU-0043,WH-05,-155
2026-07-07,SKU-0003,WH-05,152
2026-07-28,SKU-0043,WH-05,213
2026-08-04,SKU-0036,WH-07,-23
2026-08-11,SKU-0043,WH-06,45
08/25/2026,SKU-0044,WH-05,113
2026-07-28,SKU-0030,WH-07,160
2026-08-11,SKU-0037,WH-03,132
2026-08-04,SKU-0026,WH-04,164
2026-07-21,SKU-0021,WH-05,183
08/04/2026,SKU-0045,WH-02,77
2026-07-21,SKU-0004,WH-08,53
07-Jul-2026,SKU-0035,WH-08,79
2026-07-14,SKU-0010,WH-99,200
2026-07-07,SKU-0004,WH-03,195
2026-09-01,SKU-0032,WH-02,129
2026-07-21,SKU-0001,WH-02,77
2026-08-04,SKU-0012,WH-02,189
2026-08-18,SKU-0018,WH-04,166
2026-06-30,SKU-0016,WH-08,86
2026-09-01,SKU-0045,WH-07,-151
2026-09-01,SKU-0021,WH-02,82
2026-06-30,SKU-0020,WH-02,43
2026-08-18,SKU-0010,WH-05,156
2026-08-04,SKU-0026,WH-06,190
2026-07-07,SKU-0045,WH-08,144
2026-08-11,SKU-0002,WH-07,180
2026-08-04,SKU-0015,WH-05,18
2026-09-01,SKU-0011,WH-03,176
2026-08-11,SKU-0009,WH-06,144
2026-07-21,SKU-0042,WH-03,-20
2026-07-14,SKU-0037,WH-05,88
07/14/2026,SKU-0006,WH-07,65
08/04/2026,SKU-0034,WH-08,-13
2026-07-21,SKU-0007,WH-08,119
2026-08-04,SKU-0014,WH-04,124
2026-07-07,SKU-0004,WH-08,102
2026-09-01,SKU-0020,WH-01,23
2026-08-04,SKU-0039,WH-04,171
07-Jul-2026,SKU-0013,wh-05,21
2026-07-07,SKU-0038,WH-04,151
2026-07-21,SKU-0035,WH-05,26
2026-09-01,SKU-0025,WH-07,164
2026-07-14,SKU-0037,WH-01,63
2026-08-04,SKU-0044,WH-07,155
2026-08-04,SKU-0039,WH-03,-2
2026-08-11,SKU-0041,WH-06,69
2026-07-14,SKU-0034,WH-08,105
2026-08-04,SKU-0032,WH-06,108
30-Jun-2026,SKU-0014,WH-02,98
2026-06-30,SKU-0009,WH-02,103
2026-07-14,SKU-0043,WH-02,51
2026-08-25,SKU-0014,WH-03,44
11-Aug-2026,SKU-0044,WH-04,71
11-Aug-2026,SKU-0004,WH-03,177
2026-07-14,SKU-0045,WH-03,151
2026-08-11,SKU-0003,WH-01,113
2026-07-07,SKU-0038,wh-01,116
2026-07-14,SKU-0012,WH-02,-12
2026-08-25,SKU-0011,WH-06,248
2026-07-07,SKU-0040,WH-06,33
2026-07-07,SKU-0009,WH-01,152
2026-08-11,SKU-0015,WH-05,176
2026-06-30,SKU-0008,WH-03,84
2026-07-21,SKU-0008,WH-06,68
2026-09-01,SKU-0035,WH-03,-4
2026-09-01,SKU-0011,WH-06,102
2026-08-25,SKU-0034,WH-04,132
2026-08-18,SKU-0029,WH-08,71
2026-08-25,SKU-0010,WH-04,83
2026-07-28,SKU-0005,WH-08,81
08/18/2026,SKU-0044,WH-02,26
2026-08-18,SKU-0013,WH-06,39
2026-06-30,SKU-0006,WH-04,93
2026-08-25,SKU-0003,WH-03,107
2026-07-14,SKU-0042,WH-06,112
2026-07-28,SKU-0041,WH-08,190
2026-09-01,SKU-0018,WH-02,171
2026-08-25,SKU-0033,WH-04,82
2026-07-14,SKU-0010,WH-03,197
2026-07-21,SKU-0023,WH-03,108
2026-07-28,SKU-0002,WH-08,45
2026-07-07,SKU-0042,WH-07,228
2026-07-28,SKU-0032,WH-07,82
2026-07-14,SKU-0028,WH-01,45
2026-07-07,SKU-0003,WH-09,119
2026-07-07,SKU-0013,WH-08,148
2026-08-25,SKU-0014,WH-01,-255
2026-07-21,SKU-0030,WH-06,15
2026-09-01,SKU-0013,WH-04,249
2026-07-07,SKU-0035,WH-02,199
2026-08-18,SKU-0024,WH-03,218
2026-08-04,SKU-0031,WH-04,114
2026-07-14,SKU-0003,WH-08,201
2026-08-11,SKU-0020,WH-08,240
,SKU-0002,WH-05,180
2026-06-30,SKU-0001,WH-04,76
2026-07-14,SKU-0039,WH-04,77
07/21/2026,SKU-0039,WH-03,72
2026-06-30,SKU-0027,WH-01,110
2026-08-18,SKU-0034,WH-01,68
2026-08-11,SKU-0025,WH-08,83
2026-08-04,SKU-0044,WH-02,16
2026-08-04,SKU-0042,WH-04,122
2026-07-28,SKU-0026,WH-04,93
2026-08-18,SKU-0004,WH-02,179
2026-08-11,SKU-0008,WH-04,116
2026-09-01,SKU-0019,WH-07,95
2026-08-18,SKU-0044,WH-05,173
2026-08-11,SKU-0020,WH-07,111
2026-07-14,SKU-0040,WH-08,181
2026-07-14,SKU-0020,WH-05,139
2026-07-28,SKU-0022,WH_05,122
2026-06-30,SKU-0014,WH-06,35
2026-08-04,SKU-0043,WH-07,29
2026-07-28,SKU-0010,WH-03,111
2026-07-28,SKU-0002,WH-03,199
2026-07-21,SKU-0032,WH-01,199
2026-08-25,SKU-0013,WH-02,89
2026-08-18,SKU-0008,WH-07,115
2026-08-11,SKU-0033,WH-04,105
2026-07-14,SKU-0009,WH-09,30
2026-08-04,SKU-0016,WH-05,102
2026-08-04,SKU-0036,WH-08,70
2026-07-07,SKU-0015,WH-01,152
2026-06-30,SKU-0027,WH-02,247
2026-07-28,SKU-0022,WH-08,173
2026-07-14,SKU-0042,WH-01,125
2026-06-30,SKU-0018,WH-04,127
2026-07-07,SKU-0032,WH-02,146
2026-08-18,SKU-0035,WH-01,98
2026-07-28,SKU-0030,WH-04,80
2026-08-18,SKU-0035,WH-04,99
2026-09-01,SKU-0008,WH-08,95
2026-06-30,SKU-0045,WH-04,139
08/18/2026,SKU-0035,WH-02,17
2026-07-14,SKU-0002,WH-02,125
2026-08-04,SKU-0003,WH-05,83
2026-06-30,SKU-0015,WH-02,90
30-Jun-2026,SKU-0010,WH-04,40
2026-09-01,SKU-0033,WH-01,82
2026-08-11,SKU-0005,WH-05,70
2026-07-07,SKU-0023,WH-03,99
08/04/2026,SKU-0018,WH-07,125
2026-07-14,SKU-0005,WH-08,146
2026-07-14,SKU-0031,WH-07,31
2026-06-30,SKU-0007,WH-04,141
2026-08-18,SKU-0036,WH-02,41
2026-08-04,SKU-0004,WH-05,112
2026-06-30,SKU-0003,WH-05,44
2026-08-11,SKU-0022,WH-06,77
2026-08-04,SKU-0029,WH-06,205
2026-07-07,SKU-0002,WH-02,84
2026-08-04,SKU-0006,WH-01,-25
2026-09-01,SKU-0027,WH-99,30
2026-07-07,SKU-0017,WH-03,121
2026-07-21,SKU-0035,WH-02,228
2026-09-01,SKU-0026,WH-03,100
2026-08-04,SKU-0024,WH-03,37
2026-09-01,SKU-0020,WH-07,207
08/04/2026,SKU-0036,WH-04,21
2026-07-21,SKU-0004,WH-07,183
2026-07-28,SKU-0037,WH-05,156
2026-06-30,SKU-0004,WH-03,73
2026-08-25,SKU-0033,WH-02,117
2026-07-21,SKU-0021,WH-07,31
2026-08-11,SKU-0036,wh-01,106
2026-08-04,SKU-0024,WH-08,58
2026-08-11,SKU-0027,WH-03,88
2026-07-21,SKU-0002,WH-01,-74
2026-07-21,SKU-0001,WH-08,85
2026-06-30,SKU-0042,WH-01,83
2026-07-14,SKU-0030,WH-08,115
2026-07-14,SKU-0005,WH-07,152
2026-07-07,SKU-0025,WH-08,236
2026-08-18,SKU-0012,WH-07,164
2026-07-07,SKU-0026,WH-03,171
2026-07-14,SKU-0013,WH-03,112
21-Jul-2026,SKU-0031,WH-02,99
2026-07-21,SKU-0038,WH-03,106
2026-06-30,SKU-0007,WH-05,97
2026-08-11,SKU-0034,WH-03,135
2026-06-30,SKU-0041,WH-08,134
2026-08-04,SKU-0026,WH-05,106
2026-08-11,SKU-0015,WH-03,92
2026-09-01,SKU-0045,WH-08,31
2026-07-28,SKU-0012,WH-05,52
2026-09-01,SKU-0022,WH-06,147
2026-07-28,SKU-0011,WH-06,62
2026-07-28,SKU-0008,WH-07,-16
2026-07-07,SKU-0012,WH-01,119
2026-07-07,SKU-0029,WH-07,98
2026-08-11,SKU-0002,WH-05,195
25-Aug-2026,SKU-0020,WH-04,91
2026-08-25,SKU-0018,WH-03,104
2026-07-28,SKU-0007,WH-05,41
2026-08-11,SKU-0033,WH-03,178
2026-09-01,SKU-0019,WH-04,70
2026-08-18,SKU-0014,WH-03,106
2026-08-11,SKU-0024,WH-01,150
2026-07-14,SKU-0044,WH-01,215
2026-07-14,SKU-0019,WH-01,70
2026-07-07,SKU-0019,WH-01,115
2026-09-01,SKU-0040,WH-05,40
2026-07-21,SKU-0037,WH-07,182
2026-07-28,SKU-0024,WH-06,50
2026-09-01,SKU-0035,WH-01,74
2026-08-25,SKU-0032,WH-05,143
2026-08-18,SKU-0025,WH-05,10
2026-07-28,SKU-0024,WH-04,200
2026-07-07,SKU-0022,WH-07,69
2026-07-07,SKU-0040,WH-03,243
2026-07-28,SKU-0017,WH-02,147
2026-09-01,SKU-0016,WH-02,175
2026-07-28,SKU-0002,WH-02,81
2026-08-25,SKU-0037,WH-03,134
2026-07-28,SKU-0028,WH-08,119
2026-08-11,SKU-0020,WH-02,155
2026-08-04,SKU-0008,WH-07,43
2026-08-18,SKU-0024,WH-06,61
2026-07-07,SKU-0022,WH-99,223
2026-09-01,SKU-0041,WH_05,178
2026-08-18,SKU-0039,WH-04,104
2026-08-04,SKU-0004,WH-02,98
2026-08-25,SKU-0013,WH-03,153
2026-08-25,SKU-0012,WH-01,101
2026-08-18,SKU-0005, WH-01 ,100
2026-08-04,SKU-0027,WH-02,114
01-Sep-2026,SKU-0039,WH-07,178
2026-08-18,SKU-0044,WH-06,146
2026-07-28,SKU-0023,WH-03,164
2026-08-25,SKU-0012,WH-08,150
2026-07-21,SKU-0024,WH-03,120
2026-08-04,SKU-0043,WH-05,91
,SKU-0001,WH-01,179
,SKU-0036,WH-05,161
2026-07-07,SKU-0009,WH-04,103
2026-08-11,SKU-0027,WH-05,105
2026-08-18,SKU-0012,WH-06,75
2026-06-30,SKU-0018,WH-03,97
2026-07-28,SKU-0020,WH-03,183
2026-07-14,SKU-0018,WH-02,85
2026-09-01,SKU-0002,WH-04,59
2026-08-25,SKU-0026,WH-07,97
2026-06-30,SKU-0013,WH-02,145
2026-07-14,SKU-0004,WH-08,112
2026-08-25,SKU-0034,WH-01,98
2026-06-30,SKU-0028,WH-02,114
2026-09-01,SKU-0019,WH-03,67
2026-07-14,SKU-0038,WH-01,112
2026-07-21,SKU-0034,WH-02,90
2026-06-30,SKU-0038,WH-08,195
25-Aug-2026,SKU-0039,WH-01,139
2026-07-28,SKU-0019,WH-01,110
2026-07-21,SKU-0044,WH-05,211
2026-07-14,SKU-0017,WH-03,99
2026-07-21,SKU-0019,WH-04,139
2026-07-21,SKU-0003,WH-04,187
2026-07-21,SKU-0031,WH-07,170
2026-07-21,SKU-0027,WH-03,57
2026-08-18,SKU-0012,WH-05,62
2026-08-18,SKU-0038,WH-07,-20
2026-06-30,SKU-0043,WH-03,126
2026-07-28,SKU-0039,WH-05,171
2026-08-04,SKU-0039,WH-06,101
2026-08-18,SKU-0044,WH-03,40
2026-08-18,SKU-0017,WH-02,156
07/21/2026,SKU-0021,WH-06,85
2026-08-25,SKU-0028,WH-05,107
2026-08-18,SKU-0013,WH-03,115
2026-07-21,SKU-0040,WH-02,49
2026-07-14,SKU-0012,WH-07,159
2026-08-11,SKU-0015,WH-02,89
,SKU-0018,WH-03,205
2026-09-01,SKU-0033,WH-06,118
2026-07-28,SKU-0014,WH-05,99
2026-07-07,SKU-0035,WH-03,214
2026-08-18,SKU-0026,WH-01,179
07-Jul-2026,SKU-0044,WH-07,193
18-Aug-2026,SKU-0009,WH-03,88
2026-08-18,SKU-0030,WH-04,45
2026-07-14,SKU-0034,WH-02,106
2026-08-25,SKU-0033,WH-07,60
2026-07-14,SKU-0035,WH-06,17
2026-06-30,SKU-0019,WH-06,77
2026-08-18,SKU-0010,WH-02,131
2026-07-21,SKU-0035,WH-07,65
2026-07-07,SKU-0043,WH-05,52
2026-07-07,SKU-0031,WH-05,243
2026-08-25,SKU-0012,WH-05,72
,SKU-0029,WH-03,149
2026-08-25,SKU-0019,WH-01,107
2026-08-25,SKU-0027,WH-03,155
2026-06-30,SKU-0013,WH-03,157
2026-07-28,SKU-0013,WH-02,264
2026-07-21,SKU-0010,WH-06,158
2026-08-18,SKU-0023,WH-07,63
2026-08-04,SKU-0040,WH-04,183
2026-08-04,SKU-0007,WH-05,-36
2026-07-14,SKU-0023,WH-08,260
2026-08-18,SKU-0039,WH-01,98
2026-07-28,SKU-0011,WH-03,151
2026-08-18,SKU-0044,WH-07,73
2026-08-25,SKU-0033,wh-05,93
2026-08-04,SKU-0038,WH-08,-17
2026-08-11,SKU-0031,WH-06,72
2026-06-30,SKU-0040,WH-07,-15
2026-08-25,SKU-0022,WH-01,172
2026-08-25,SKU-0033,WH-08,177
2026-09-01,SKU-0037,WH-03,180
2026-09-01,SKU-0036,WH-08,57
2026-08-11,SKU-0031,WH-07,151
2026-06-30,SKU-0033,WH-04,208
2026-07-21,SKU-0041,WH-05,88
2026-07-07,SKU-0010,WH-08,123
2026-09-01,SKU-0012,WH-02,74
2026-08-18,SKU-0030,WH-08,138
2026-07-14,SKU-0015,WH-06,137
2026-09-01,SKU-0026,WH-04,80
2026-08-18,SKU-0024,WH-01,160
2026-08-25,SKU-0011,WH-07,141
2026-07-28,SKU-0013,wh-05,140
2026-06-30,SKU-0023,WH-08,30
2026-06-30,SKU-0016,WH-01,134
2026-07-14,SKU-0037,WH-07,64
,SKU-0039,WH-02,20
2026-07-28,SKU-0030,WH-02,111
2026-07-07,SKU-0036,WH-03,40
2026-09-01,SKU-0002,WH-08,174
,SKU-0017,WH-08,226
2026-08-04,SKU-0001,WH-01,135
2026-07-07,SKU-0003,WH-08,100
2026-07-07,SKU-0023,WH-07,106
2026-07-07,SKU-0011,WH-08,62
2026-06-30,SKU-0042,WH-06,51
2026-08-04,SKU-0034,WH-04,137
2026-07-14,SKU-0021,WH-05,113
2026-07-07,SKU-0041,WH-03,98
2026-07-14,SKU-0029,WH-02,173
2026-08-25,SKU-0044,WH-06,93
2026-07-14,SKU-0003,WH-07,36
2026-07-14,SKU-0030,WH_05,55
2026-06-30,SKU-0037,WH-07,113
2026-06-30,SKU-0022,WH-06,133
25-Aug-2026,SKU-0037,WH-01,166
09/01/2026,SKU-0001,WH-08,179
2026-07-21,SKU-0020,WH-07,166
2026-08-04,SKU-0005,WH-02,104
2026-07-28,SKU-0017,WH-04,195
2026-08-11,SKU-0033,WH-09,99
2026-08-25,SKU-0032,WH-06,133
2026-08-11,SKU-0032,WH-01,229
2026-08-18,SKU-0008,WH-01,100
2026-08-04,SKU-0001,WH-08,191
2026-07-28,SKU-0027,WH-03,188
2026-07-21,SKU-0001,WH-06,70
2026-07-07,SKU-0022,WH-05,146
2026-08-18,SKU-0007,WH-07,96
2026-08-18,SKU-0003,WH-06,123
07-Jul-2026,SKU-0012,WH-05,87
2026-07-28,SKU-0008,WH-02,181
2026-07-21,SKU-0013,WH-02,66
2026-08-18,SKU-0042,WH-01,136
2026-09-01,SKU-0002,WH-01,55
2026-07-07,SKU-0034,WH-06,119
2026-07-07,SKU-0034,WH-08,123
2026-08-25,SKU-0044,WH-04,292
2026-08-11,SKU-0002,WH-03,165
2026-07-21,SKU-0018,WH-08,27
2026-07-28,SKU-0003,WH-01,144
2026-07-14,SKU-0026,WH-99,25
2026-06-30,SKU-0040,WH-06,23
2026-07-07,SKU-0026,WH-08,89
2026-08-11,SKU-0014,WH-04,69
2026-08-04,SKU-0024,WH-04,180
2026-07-07,SKU-0007,WH-02,176
2026-07-28,SKU-0008,WH-03,237
2026-08-25,SKU-0013,WH-05,217
2026-07-21,SKU-0034,WH-08,154
2026-07-14,SKU-0028,WH-03,95
2026-08-04,SKU-0004,WH-07,3
2026-08-04,SKU-0041,WH-05,132
2026-08-11,SKU-0040, WH-01 ,213
2026-08-18,SKU-0003,WH-08,122
2026-07-07,SKU-0044,WH-08,220
2026-07-21,SKU-0007,wh-05,76
2026-07-21,SKU-0010,WH-02,61
2026-09-01,SKU-0028,WH-06,254
2026-08-11,SKU-0029,WH-08,87
2026-06-30,SKU-0025,WH-04,-23
2026-07-28,SKU-0023,WH-04,131
2026-09-01,SKU-0016,WH-03,102
2026-07-14,SKU-0018,WH-04,120
2026-07-21,SKU-0014,WH-06,102
2026-07-07,SKU-0011,WH-05,29
2026-07-21,SKU-0025,WH-06,169
2026-08-11,SKU-0002,WH-01,52
2026-07-07,SKU-0022,WH-02,238
2026-06-30,SKU-0001,WH-07,122
2026-09-01,SKU-0004,WH-05,149
2026-08-18,SKU-0036,WH-08,150
2026-08-18,SKU-0030,WH-01,45
2026-06-30,SKU-0015,wh-05,178
2026-08-11,SKU-0026,WH-01,140
2026-07-07,SKU-0003,WH-04,156
2026-07-14,SKU-0003,WH-04,17
2026-08-11,SKU-0023,WH-08,57
2026-07-21,SKU-0011,WH-04,170
2026-08-25,SKU-0016,WH-05,147
2026-07-07,SKU-0025,WH-01,167
2026-09-01,SKU-0037,WH-07,103
2026-08-04,SKU-0011,WH-04,116
2026-08-18,SKU-0040,WH-05,248
2026-07-21,SKU-0022,WH-08,46
2026-08-11,SKU-0041,WH-07,96
2026-06-30,SKU-0034,WH-08,120
2026-07-07,SKU-0044,WH-04,16
2026-07-07,SKU-0022,WH-08,104
2026-07-07,SKU-0006,WH-01,64
2026-07-28,SKU-0014,WH-06,70
2026-07-14,SKU-0023,WH-04,212
2026-07-14,SKU-0001,WH-01,122
2026-08-25,SKU-0022,WH-07,183
2026-07-28,SKU-0045,WH-07,54
2026-09-01,SKU-0006,WH-08,131
,SKU-0005,WH-03,79
2026-06-30,SKU-0026,WH-02,190
2026-08-04,SKU-0014,WH-06,132
2026-09-01,SKU-0029, WH-01 ,114
2026-07-28,SKU-0042,WH-08,190
2026-09-01,SKU-0044,WH-07,106
2026-08-18,SKU-0012,WH-01,188
2026-08-18,SKU-0022,WH-07,213
2026-06-30,SKU-0023,WH-06,158
2026-08-25,SKU-0015,WH-03,131
2026-07-07,SKU-0005,WH-08,118
2026-08-18,SKU-0015,WH-02,117
2026-08-11,SKU-0025,WH-07,169
2026-07-28,SKU-0035,WH-07,123
2026-08-04,SKU-0019,WH-03,95
2026-08-11,SKU-0012,WH-99,176
2026-07-21,SKU-0028,WH-99,197
2026-07-07,SKU-0029,WH-05,163
2026-07-21,SKU-0029,WH-07,182
2026-09-01,SKU-0030,WH-06,68
2026-06-30,SKU-0033,WH-05,90
2026-08-04,SKU-0027,WH-06,156
2026-07-21,SKU-0010,WH-07,24
2026-08-11,SKU-0039,WH-07,51
2026-06-30,SKU-0008,WH-08,31
2026-07-21,SKU-0024,WH-07,107
2026-06-30,SKU-0045,WH-03,110
2026-07-07,SKU-0012,WH-02,56
2026-09-01,SKU-0036,WH-05,107
04-Aug-2026,SKU-0037,WH-05,84
2026-06-30,SKU-0031,WH-08,155
2026-06-30,SKU-0022,WH-05,125
2026-07-14,SKU-0043,WH-01,119
,SKU-0007,WH-04,126
2026-06-30,SKU-0009,WH-08,46
2026-07-21,SKU-0041,WH-01,70
2026-07-28,SKU-0025,WH-01,134
2026-07-07,SKU-0026,WH-04,154
2026-07-07,SKU-0001,WH-02,105
2026-08-25,SKU-0031,WH-05,71
2026-08-18,SKU-0032,WH-07,232
,SKU-0026,WH-06,110
2026-07-07,SKU-0014,WH-02,107
2026-09-01,SKU-0043,WH-08,78
2026-08-25,SKU-0003,WH-06,102
2026-09-01,SKU-0032,WH-08,-6
2026-08-25,SKU-0018,WH-01,178
2026-08-18,SKU-0044,WH-04,117
2026-08-25,SKU-0014,WH-02,215
2026-07-28,SKU-0040,WH-06,139
2026-06-30,SKU-0035,WH-04,94
2026-07-21,SKU-0006,WH-08,112
2026-09-01,SKU-0005,WH-02,188
2026-07-21,SKU-0037,WH-02,42
2026-07-14,SKU-0043,WH-06,109
07/21/2026,SKU-0013,WH-01,87
2026-07-21,SKU-0038,WH-08,128
,SKU-0034,WH-06,15
2026-09-01,SKU-0035,WH-02,271
2026-08-04,SKU-0034,WH-05,131
2026-08-04,SKU-0013,WH-06,138
2026-08-11,SKU-0001,WH-01,241
2026-07-07,SKU-0012,WH-06,29
2026-07-21,SKU-0004,WH-04,83
2026-07-28,SKU-0016,WH_05,161
2026-07-28,SKU-0002,WH-06,19
2026-08-18,SKU-0033,WH-07,64
18-Aug-2026,SKU-0032,WH-08,48
08/04/2026,SKU-0033,WH-04,76
2026-08-18,SKU-0036,WH-03,245
2026-08-11,SKU-0016,WH-01,115
2026-06-30,SKU-0007,WH-02,173
2026-06-30,SKU-0032,WH-01,16
2026-07-28,SKU-0006,WH-06,275
2026-08-04,SKU-0033,WH-05,221
2026-07-07,SKU-0033,WH-04,119
2026-08-04,SKU-0044,WH-03,114
,SKU-0007,WH-03,174
2026-09-01,SKU-0044,WH-02,11
2026-07-21,SKU-0032,WH-04,71
2026-07-21,SKU-0028,WH-06,76
2026-08-18,SKU-0022,WH-04,72
2026-08-04,SKU-0009,WH-04,124
2026-08-18,SKU-0042,WH-04,89
2026-08-04,SKU-0015,WH-04,164
04-Aug-2026,SKU-0033,WH-02,119
2026-08-25,SKU-0002,WH-08,60
2026-08-18,SKU-0011,WH-04,169
2026-07-07,SKU-0005,WH-03,121
2026-08-11,SKU-0021,WH-06,188
2026-07-14,SKU-0014,WH-08,137
09/01/2026,SKU-0025,WH-05,156
2026-09-01,SKU-0038,WH-03,132
2026-09-01,SKU-0015,WH-01,125
2026-08-25,SKU-0031,WH-99,143
2026-07-07,SKU-0027,WH-01,152
2026-07-21,SKU-0009,WH-02,194
2026-07-21,SKU-0011,WH-02,132
2026-08-18,SKU-0015,WH-08,180
2026-06-30,SKU-0004,WH-07,45
2026-08-25,SKU-0019,WH-03,56
2026-08-25,SKU-0030,WH-01,56
2026-08-11,SKU-0024,WH-07,157
2026-07-07,SKU-0044,WH-05,144
2026-08-18,SKU-0043,WH-05,129
2026-08-04,SKU-0044,WH-08,127
2026-07-07,SKU-0015,WH-06,-1
,SKU-0008,WH-07,29
2026-08-11,SKU-0035,WH-05,113
2026-07-07,SKU-0001,WH-07,11
2026-09-01,SKU-0004,WH-08,71
2026-08-04,SKU-0017,WH-08,60
2026-07-07,SKU-0037,WH-02,39
2026-08-11,SKU-0029,WH-02,122
2026-07-21,SKU-0018,WH-07,161
2026-07-21,SKU-0006,WH-06,97
2026-07-21,SKU-0037,WH-05,139
28-Jul-2026,SKU-0032,WH-02,92
2026-08-11,SKU-0028,WH-05,62
2026-08-11,SKU-0033,WH-07,92
2026-08-11,SKU-0009,WH-04,126
2026-08-04,SKU-0007,WH-03,121
2026-08-11,SKU-0024,WH-04,122
2026-07-28,SKU-0007,WH-03,101
2026-06-30,SKU-0020,WH-07,197
2026-07-14,SKU-0026,wh-01,16
2026-08-11,SKU-0012,WH-07,187
2026-07-07,SKU-0027,WH-03,144
2026-06-30,SKU-0029,WH-03,137
2026-06-30,SKU-0031,WH-02,125
2026-08-04,SKU-0004,WH-08,82
11-Aug-2026,SKU-0023,WH-02,174
2026-08-25,SKU-0043,WH-04,113
2026-09-01,SKU-0035,WH-07,148
2026-08-04,SKU-0041,WH-08,170
2026-08-04,SKU-0022,WH-03,166
,SKU-0002,WH-05,177
2026-08-11,SKU-0008,WH-06,110
2026-07-14,SKU-0024,WH-06,155
2026-07-07,SKU-0025,WH-03,227
2026-08-25,SKU-0015,WH-07,106
2026-08-18,SKU-0002,WH-02,236
2026-08-18,SKU-0026,WH-07,6
2026-07-28,SKU-0012,WH-04,76
2026-08-11,SKU-0027,WH-08,104
,SKU-0021,WH_05,6
2026-07-14,SKU-0015,WH-02,103
2026-08-18,SKU-0003,WH-01,132
2026-07-28,SKU-0021,WH-07,123
2026-06-30,SKU-0020,WH-03,110
2026-08-04,SKU-0010,WH-04,116
2026-09-01,SKU-0031,WH-04,80
2026-09-01,SKU-0016,WH-06,148
2026-09-01,SKU-0003,WH-02,99
2026-08-18,SKU-0041,WH-07,153
2026-06-30,SKU-0030,WH-06,211
2026-08-18,SKU-0028,WH-02,57
2026-08-25,SKU-0021,WH-03,99
2026-08-04,SKU-0009,WH-07,101
2026-07-28,SKU-0025,WH-05,145
2026-07-28,SKU-0030,WH-06,-34
2026-08-18,SKU-0009,WH-07,190
2026-06-30,SKU-0011,WH-03,51
2026-08-18,SKU-0021,WH-03,203
2026-07-21,SKU-0037,WH-04,120
2026-06-30,SKU-0044,WH-02,271
2026-08-18,SKU-0037,WH-08,111
2026-07-28,SKU-0045,WH-08,235
30-Jun-2026,SKU-0011,WH-01,126
2026-08-18,SKU-0027,WH-06,157
2026-07-14,SKU-0026,WH-05,133
2026-07-21,SKU-0011,WH-08,99
2026-07-14,SKU-0006,WH-03,243
2026-07-28,SKU-0013,wh-01,-51
,SKU-0022,WH-07,65
2026-07-28,SKU-0036,WH-01,166
2026-07-28,SKU-0003,WH-06,119
2026-07-21,SKU-0044,WH-08,113
2026-06-30,SKU-0003,WH-03,58
2026-06-30,SKU-0005,WH-03,126
2026-08-25,SKU-0017,WH-02,161
2026-06-30,SKU-0026,WH-07,136
2026-08-25,SKU-0044,WH-07,85
2026-08-04,SKU-0014,WH-05,57
2026-08-18,SKU-0030,WH-07,82
2026-07-28,SKU-0026,WH-03,-1
2026-08-04,SKU-0020,WH-03,153
2026-07-21,SKU-0040,WH-99,168
2026-07-28,SKU-0009,WH-02,131
2026-07-14,SKU-0010,WH-08,156
2026-07-07,SKU-0026,WH-01,159
2026-08-11,SKU-0004,WH-01,155
2026-07-07,SKU-0037,WH-08,62
2026-08-04,SKU-0002,WH-08,27
2026-07-14,SKU-0016,WH-08,145
2026-07-21,SKU-0036,WH-04,191
2026-08-11,SKU-0036,WH-07,75
2026-08-18,SKU-0019,WH-07,21
,SKU-0043,WH-01,78
2026-08-11,SKU-0007,WH-06,74
2026-08-18,SKU-0001,WH-08,156
2026-07-21,SKU-0014,WH-08,120
06/30/2026,SKU-0009,WH-03,123
2026-07-21,SKU-0001,WH-07,143
2026-08-11,SKU-0039,WH-02,60
2026-06-30,SKU-0041,WH-04,157
2026-07-07,SKU-0027,WH-04,95
2026-08-04,SKU-0032,WH-01,234
,SKU-0001,WH-07,111
2026-07-14,SKU-0035,WH-01,-21
2026-07-28,SKU-0040,WH-99,187
2026-08-25,SKU-0019,WH-02,131
2026-06-30,SKU-0036,WH-08,118
2026-06-30,SKU-0007,WH-06,38
2026-08-18,SKU-0031,WH-02,187
2026-09-01,SKU-0038,WH-07,89
2026-09-01,SKU-0017,WH-03,133
2026-08-18,SKU-0041,WH-03,170
2026-07-28,SKU-0037,WH-04,124
2026-07-07,SKU-0019,WH-05,181
2026-08-04,SKU-0017,WH-04,44
2026-09-01,SKU-0044,WH-03,266
2026-08-11,SKU-0030,WH-06,75
2026-08-04,SKU-0045,WH-06,109
2026-08-25,SKU-0017,WH-03,47
06/30/2026,SKU-0007,WH-08,201
2026-09-01,SKU-0038,WH-02,73
2026-07-28,SKU-0017,WH-07,53
2026-06-30,SKU-0027,WH-05,205
2026-07-21,SKU-0009,WH-04,60
2026-07-28,SKU-0029,WH-06,127
07/21/2026,SKU-0036,WH-03,78
2026-07-07,SKU-0025,WH-04,104
2026-06-30,SKU-0026,WH-03,43
2026-07-21,SKU-0042,WH-02,104
2026-07-21,SKU-0029,WH-06,36
2026-08-18,SKU-0025,WH-04,109
2026-08-18,SKU-0027,WH-08,182
2026-07-07,SKU-0031,WH-01,94
2026-07-14,SKU-0027,WH-03,141
2026-07-14,SKU-0032,WH-06,153
2026-08-11,SKU-0044,WH-06,14
,SKU-0010,WH-03,115
2026-07-07,SKU-0013,WH-02,101
2026-07-21,SKU-0024,WH-04,184
2026-08-25,SKU-0041,WH-02,66
2026-07-21,SKU-0019,WH-05,87
2026-07-14,SKU-0031,WH-03,81
07/21/2026,SKU-0013,WH-07,6
2026-09-01,SKU-0026,WH-01,100
2026-07-21,SKU-0039, WH-01 ,143
2026-08-25,SKU-0040,WH-06,116
2026-07-07,SKU-0036,WH-02,131
2026-07-07,SKU-0037,WH-01,189
2026-08-18,SKU-0017,WH-03,108
2026-07-07,SKU-0045,WH-03,212
2026-07-28,SKU-0042,WH-04,92
2026-08-18,SKU-0026,WH-05,148
2026-08-11,SKU-0028,WH-07,124
2026-08-18,SKU-0005,WH-06,97
,SKU-0027,WH-08,143
2026-08-04,SKU-0045,WH-01,37
2026-07-14,SKU-0033,WH-03,29
2026-08-04,SKU-0037,WH-08,189
2026-09-01,SKU-0040,WH-02,183
2026-07-28,SKU-0028,WH-03,174
2026-07-07,SKU-0026,WH-05,126
2026-08-18,SKU-0006,WH-07,61
2026-08-11,SKU-0007,WH-07,95
2026-07-14,SKU-0045,WH-07,74
2026-07-07,SKU-0010,WH-04,45
2026-07-28,SKU-0021,WH-03,-116
2026-06-30,SKU-0012,WH-06,24
2026-07-07,SKU-0033,WH-08,123
2026-08-25,SKU-0045,WH-06,131
2026-07-28,SKU-0021,WH-01,92
2026-09-01,SKU-0001,WH-02,170
2026-07-07,SKU-0034,WH-08,123
2026-07-14,SKU-0012,WH-08,211
2026-07-07,SKU-0024,WH-06,40
2026-07-21,SKU-0020,WH-01,100
2026-06-30,SKU-0037,WH-02,114
2026-08-18,SKU-0014,WH-05,75
2026-08-04,SKU-0037,WH-04,210
2026-08-25,SKU-0045,WH-01,69
08/04/2026,SKU-0042,Wh-01,-167
2026-07-14,SKU-0017,WH-04,-15
30-Jun-2026,SKU-0041,WH-03,72
2026-07-21,SKU-0012,WH-06,96
2026-08-25,SKU-0009,WH-02,131
2026-09-01,SKU-0017,WH-01,54
,SKU-0024,WH-06,135
2026-09-01,SKU-0015,WH-03,198
2026-07-28,SKU-0007,WH-06,194
2026-07-07,SKU-0020,WH-06,52
2026-07-28,SKU-0031,WH-05,-3
2026-07-07,SKU-0025,WH-07,13
2026-07-14,SKU-0045,WH-02,194
,SKU-0034,WH-05,251
2026-07-21,SKU-0012,WH-08,198
2026-07-07,SKU-0019,WH-08,214
2026-08-25,SKU-0023,WH-08,115
2026-09-01,SKU-0036,WH-07,74
2026-08-25,SKU-0009,WH-03,223
2026-09-01,SKU-0018,WH-06,65
2026-08-25,SKU-0008,WH-04,183
2026-07-28,SKU-0015,WH-04,71
2026-09-01,SKU-0002,WH-03,50
2026-09-01,SKU-0039,WH-08,178
2026-09-01,SKU-0030,WH-03,77
2026-06-30,SKU-0003,WH-07,135
2026-06-30,SKU-0028,WH-07,120
2026-08-18,SKU-0013,WH-07,84
07/28/2026,SKU-0025,WH-06,81
07/21/2026,SKU-0031,WH-04,57
2026-08-04,SKU-0037,WH-06,109
2026-08-18,SKU-0029,WH-03,124
2026-07-07,SKU-0029,WH-03,202
2026-08-11,SKU-0002,WH-08,76
2026-07-07,SKU-0007,WH-03,142
2026-08-25,SKU-0007,WH-05,86
2026-06-30,SKU-0045,WH-07,150
08/04/2026,SKU-0001,WH-02,93
2026-08-18,SKU-0034,WH-02,152
2026-09-01,SKU-0037,WH-05,112
2026-08-04,SKU-0040,WH-99,39
2026-07-07,SKU-0011,WH-03,98
2026-08-11,SKU-0007,WH-08,168
2026-08-04,SKU-0045,WH-07,152
2026-08-18,SKU-0001,WH-02,145
2026-08-18,SKU-0031,WH-05,52
2026-07-28,SKU-0037,WH-06,121
30-Jun-2026,SKU-0038,WH-09,79
08/04/2026,SKU-0034,WH-03,122
2026-06-30,SKU-0024,WH-07,87
2026-07-07,SKU-0015,WH-08,40
2026-07-21,SKU-0034, WH-01 ,135
2026-07-14,SKU-0008,WH-02,97
2026-07-07,SKU-0041,WH-05,54
2026-08-11,SKU-0035,WH-02,14
2026-09-01,SKU-0010,WH-07,189
2026-08-04,SKU-0008,WH-05,92
2026-08-11,SKU-0013,WH-06,145
2026-08-25,SKU-0024,WH-06,120
2026-07-21,SKU-0038,WH-04,146
2026-07-28,SKU-0025,WH-04,106
2026-08-04,SKU-0016,WH-07,83
2026-07-21,SKU-0028,WH-08,159
2026-07-28,SKU-0019,WH-08,259
2026-07-14,SKU-0008,WH-03,73
2026-07-07,SKU-0044,WH-02,165
2026-08-04,SKU-0025,WH-02,205
2026-07-21,SKU-0033,WH-04,157
2026-08-11,SKU-0002,WH-04,145
08/11/2026,SKU-0037,WH-05,62
14-Jul-2026,SKU-0013,WH-05,126
2026-08-25,SKU-0001,WH-07,140
2026-07-28,SKU-0035,WH-08,85
2026-09-01,SKU-0026,WH-02,93
2026-08-04,SKU-0031,WH-02,92
2026-07-21,SKU-0005,WH-06,156
2026-07-14,SKU-0005,WH-06,158
2026-08-18,SKU-0035,WH-08,178
2026-07-28,SKU-0027,WH-04,89
2026-07-07,SKU-0004,WH-07,84
2026-07-21,SKU-0006,WH-07,118
2026-09-01,SKU-0009,WH-01,95
2026-06-30,SKU-0005,WH-06,102
2026-09-01,SKU-0004,WH-02,135
2026-08-25,SKU-0024,WH-03,113
2026-08-11,SKU-0030,WH-05,51
2026-06-30,SKU-0001,WH-06,149
2026-06-30,SKU-0038,WH-01,167
2026-08-25,SKU-0030,WH-05,152
2026-08-18,SKU-0037,WH-01,113
2026-07-07,SKU-0028,WH-01,33
2026-08-25,SKU-0002,WH-06,142
2026-06-30,SKU-0014, WH-01 ,124
2026-07-07,SKU-0006,WH-04,306
2026-08-04,SKU-0002,WH-01,168
2026-08-11,SKU-0045,WH-05,258
2026-08-18,SKU-0031,WH-08,187
2026-07-21,SKU-0018,WH-02,197
2026-09-01,SKU-0043,WH-06,126
2026-07-28,SKU-0044,WH-06,177
30-Jun-2026,SKU-0015,WH-01,107
2026-08-11,SKU-0002,WH-02,38
2026-08-25,SKU-0029,WH-01,136
2026-07-14,SKU-0041,WH-08,145
2026-07-14,SKU-0026,WH-07,55
2026-07-07,SKU-0010,WH-07,19
2026-08-04,SKU-0039,WH-08,90
2026-08-25,SKU-0002,WH-04,148
07/07/2026,SKU-0008,WH-03,150
2026-06-30,SKU-0019,WH-01,123
2026-08-25,SKU-0016,WH-02,146
2026-08-04,SKU-0021,WH-02,2
2026-08-04,SKU-0042,WH-02,120
08/11/2026,SKU-0031,WH-08,36
2026-08-11,SKU-0017,WH_05,105
2026-07-21,SKU-0003,WH-03,46
2026-08-11,SKU-0024,WH-08,107
2026-08-04,SKU-0017,WH-06,139
2026-07-07,SKU-0005,WH-01,228
2026-09-01,SKU-0040,WH-06,133
2026-09-01,SKU-0003,WH-06,73
2026-08-18,SKU-0018,WH-05,64
08/18/2026,SKU-0021,WH-06,182
2026-07-28,SKU-0044,WH-08,158
2026-06-30,SKU-0035,WH-01,181
2026-07-07,SKU-0034,WH-01,131
2026-07-07,SKU-0017,WH-08,102
2026-08-11,SKU-0025,WH-04,222
2026-07-21,SKU-0020,WH-02,197
09/01/2026,SKU-0036,WH-03,171
2026-08-18,SKU-0006,WH-02,236
2026-08-25,SKU-0044,WH-08,35
2026-09-01,SKU-0027,WH-07,214
2026-08-11,SKU-0010,WH-05,217
2026-07-21,SKU-0032,WH-07,208
2026-07-14,SKU-0007,WH-05,70
2026-07-28,SKU-0018,WH-06,113
2026-06-30,SKU-0003,WH-09,151
2026-07-28,SKU-0034,WH-04,117
2026-09-01,SKU-0028,WH-03,68
2026-09-01,SKU-0006,WH-06,134
2026-08-25,SKU-0026,WH-08,115
2026-09-01,SKU-0036,WH-08,57
07-Jul-2026,SKU-0020,WH-04,131
2026-07-07,SKU-0035,WH-04,144
2026-08-11,SKU-0022,WH-05,147
2026-06-30,SKU-0004,WH-04,118
2026-08-11,SKU-0044, WH-01 ,188
2026-07-14,SKU-0009,wh-01,247
2026-08-11,SKU-0009,WH-01,169
2026-08-11,SKU-0041,WH-02,122
2026-07-14,SKU-0036,WH-07,308
2026-07-07,SKU-0024,WH-02,138
2026-07-14,SKU-0009,WH-03,160
2026-07-14,SKU-0021,WH-03,199
2026-08-18,SKU-0032,WH-04,87
2026-07-07,SKU-0024,WH-01,150
2026-08-11,SKU-0035,WH-07,104
2026-07-14,SKU-0029,WH-03,196
2026-08-04,SKU-0044,WH-05,142
2026-08-25,SKU-0035,WH-03,70
2026-07-28,SKU-0039,WH-06,70
2026-07-21,SKU-0036,WH-06,131
2026-08-18,SKU-0011,WH-05,105
2026-07-14,SKU-0001,WH-07,115
2026-07-28,SKU-0002,WH-04,171
2026-08-18,SKU-0039,WH-02,2
2026-07-07,SKU-0007,WH-08,113
14-Jul-2026,SKU-0021,WH-08,194
2026-08-18,SKU-0031,WH-03,94
2026-08-25,SKU-0039,WH-08,78
2026-08-11,SKU-0001,WH-02,99
2026-07-21,SKU-0017,WH-04,4
2026-07-07,SKU-0014,WH-04,140
2026-08-25,SKU-0018,WH-08,134
2026-08-04,SKU-0005,WH-03,106
2026-09-01,SKU-0012,WH-06,75
2026-06-30,SKU-0012,WH-02,129
2026-06-30,SKU-0031,WH-06,-2
2026-09-01,SKU-0016,WH-04,207
2026-08-11,SKU-0018,WH-01,49
2026-08-04,SKU-0005,WH-07,101
2026-07-21,SKU-0004,WH-05,187
2026-07-14,SKU-0014,WH-02,181
2026-08-11,SKU-0017,WH-03,143
2026-09-01,SKU-0041,WH-07,123
2026-07-21,SKU-0014,WH-07,122
2026-07-14,SKU-0037,WH-08,181
2026-08-11,SKU-0027,WH-01,123
2026-07-14,SKU-0027,WH-04,163
2026-08-11,SKU-0017,WH-02,-77
2026-08-04,SKU-0027,WH-01,153
07/07/2026,SKU-0030,WH-01,98
2026-08-25,SKU-0029,WH-05,161
2026-09-01,SKU-0011,WH-05,96
2026-06-30,SKU-0012,WH-07,183
2026-07-14,SKU-0004,WH-02,72
2026-08-18,SKU-0042,WH-02,152
2026-08-18,SKU-0013,WH-04,158
2026-07-28,SKU-0018,WH-04,110
2026-09-01,SKU-0007,WH-01,149
2026-07-21,SKU-0007,Wh-01,34
2026-07-28,SKU-0038,WH-08,115
01-Sep-2026,SKU-0003,WH-04,41
2026-08-11,SKU-0011,WH-07,36
2026-06-30,SKU-0041,WH-07,154
2026-08-04,SKU-0001,WH-04,122
2026-07-07,SKU-0030,WH-07,152
2026-06-30,SKU-0023,WH-07,195
2026-07-07,SKU-0029,WH-04,60
2026-07-07,SKU-0015,WH-04,25
2026-07-28,SKU-0019,WH-04,230
2026-06-30,SKU-0012,WH-05,146
2026-07-14,SKU-0032,WH-07,105
2026-08-04,SKU-0004,WH-04,233
2026-08-11,SKU-0029,WH-04,111
2026-07-14,SKU-0002,WH-01,66
2026-08-04,SKU-0007,WH-02,183
2026-09-01,SKU-0041,WH-08,69
08/11/2026,SKU-0019,wh-01,167
2026-07-21,SKU-0027,WH-04,42
2026-08-04,SKU-0026,WH-08,200
2026-07-14,SKU-0030,WH-02,115
2026-07-07,SKU-0040,WH-04,-56
2026-08-18,SKU-0007,WH-04,235
2026-08-11,SKU-0034,WH-07,-107
2026-09-01,SKU-0003,WH-07,206
2026-08-04,SKU-0001,WH-07,-47
2026-07-28,SKU-0022,WH-02,122
28-Jul-2026,SKU-0029,WH-02,129
2026-06-30,SKU-0013,WH-04,151
2026-09-01,SKU-0023,WH-05,147
2026-07-14,SKU-0011,WH_05,139
2026-08-11,SKU-0037,WH-04,169
2026-08-11,SKU-0045,WH-06,93
2026-07-14,SKU-0028,WH-08,42
2026-08-25,SKU-0035,WH-05,80
2026-07-14,SKU-0040,WH-04,171
,SKU-0023,WH-04,199
2026-08-25,SKU-0026,WH-01,86
,SKU-0032,WH-07,198
2026-08-04,SKU-0015,WH-07,174
2026-07-14,SKU-0035,WH_05,113
2026-06-30,SKU-0033,WH-03,183
2026-08-25,SKU-0017,WH-08,174
2026-08-11,SKU-0010,WH-03,255
2026-07-07,SKU-0033,wh-05,74
2026-08-04,SKU-0028,WH-02,129
2026-08-11,SKU-0018,WH-04,88
2026-08-04,SKU-0041,WH-06,65
08/11/2026,SKU-0038,WH-04,25
2026-08-04,SKU-0003,WH-07,87
2026-07-28,SKU-0024,WH-01,92
2026-06-30,SKU-0019,WH-07,210
2026-08-25,SKU-0038,WH-07,4
2026-07-14,SKU-0025,WH-01,35
2026-07-14,SKU-0042,WH-08,128
2026-07-28,SKU-0001,WH-06,103
2026-07-28,SKU-0020,WH-05,179
2026-08-04,SKU-0025,WH-01,-36
2026-07-07,SKU-0045,WH-01,169
2026-07-28,SKU-0012,WH-02,48
2026-08-18,SKU-0028,WH-05,158
2026-08-25,SKU-0026,WH-04,73
2026-08-25,SKU-0037,WH-08,85
2026-08-04,SKU-0026,WH-03,190
2026-06-30,SKU-0005,WH-05,41
2026-07-21,SKU-0031,WH-08,76
2026-08-18,SKU-0020,WH-01,70
2026-09-01,SKU-0014,WH-04,101
2026-08-25,SKU-0008,WH-08,258
2026-08-18,SKU-0031,WH-04,172
2026-07-14,SKU-0021,WH-04,202
2026-08-18,SKU-0017,WH-04,167
2026-09-01,SKU-0040,WH-03,53
2026-07-28,SKU-0009,WH-07,147
,SKU-0011,WH-02,85
2026-07-28,SKU-0045,WH-06,29
,SKU-0026,WH-07,153
2026-08-25,SKU-0037,WH-04,140
2026-07-14,SKU-0005,WH-05,81
2026-07-07,SKU-0001,WH-08,149
2026-09-01,SKU-0033,WH-07,90
2026-08-11,SKU-0028,WH-06,243
,SKU-0025,WH-04,127
18-Aug-2026,SKU-0042,WH-07,125
2026-07-28,SKU-0040,WH-03,110
2026-06-30,SKU-0042,WH-08,177
2026-08-18,SKU-0041,WH-01,46
2026-07-28,SKU-0031,WH-02,174
2026-08-18,SKU-0028,WH-06,46
2026-08-04,SKU-0028,WH-06,114
2026-07-28,SKU-0008,WH-08,69
2026-08-18,SKU-0035,WH-03,192
2026-07-21,SKU-0033,WH-03,238
2026-08-25,SKU-0040,WH-05,168
2026-07-28,SKU-0031,WH-08,126
2026-08-25,SKU-0009,WH-08,91
2026-08-25,SKU-0040,WH-04,105
2026-08-04,SKU-0021,WH-01,189
2026-08-18,SKU-0039,WH-07,56
2026-08-25,SKU-0013,WH-08,101
2026-07-14,SKU-0022,WH-03,124
2026-08-11,SKU-0026,WH-06,146
2026-07-14,SKU-0030,WH-09,89
2026-08-25,SKU-0031,WH-06,111
2026-07-28,SKU-0036,WH-07,273
2026-09-01,SKU-0004,WH-06,121
2026-07-28,SKU-0012,WH-08,112
2026-08-04,SKU-0006,WH-05,95
