order_id,date,sku,warehouse_id,ordered_quantity,order_status
ORD-0000856,2026-07-31,sku0051,wh002,94,cancelled
ORD-0001304,2026-06-30,sku0021,wh005,94,delivered
ORD-0001476,2026-06-28,sku0014,wh006,43,cancelled
ORD-0000431,2026-08-19,sku0019,wh008,-3,delivered
ORD-0001269,2026-06-15,sku0015,wc001,69,shipped
ORD-0001414,%d/%m/%Y,sku0047,wh001,27,shipped
ORD-0000811,2026-07-23,sku0021,wh003,49,delivered
ORD-0000409,2026-06-18,sku0038,wh006,27,delivered
ORD-0001107,2026-08-08,sku0048,wh001,90,shipped
ORD-0002049,%d/%m/%Y,sku0052,wh008,7,pending
ORD-0001422,2026-07-19,sku0033,wh004,14,cancelled
ORD-0000708,2026-06-04,sku0000,wh005,-3,pending
ORD-0001222,2026-08-28,sku0026,wh002,24,cancelled
ORD-0001534,2026-06-01,sku0037,wh006,46,shipped
ORD-0000783,31/31/2026,sku0006,wh005,64,canceled
ORD-0000388,2026-08-22,sku0060,wh005,-8,shipped
ORD-0001235,2026-07-25,sku0002,wh004,1,delivered
ORD-0000427,2026-08-09,sku0005,wh006,57,shipped
ORD-0000169,2026-08-21,sku0013,wh007,-6,shipped
ORD-0002034,2026-06-15,sku0045,wh003,-4,shipped
ORD-0000737,2026-06-24,sku0025,wh005,16,shipped
ORD-0000352,2026-07-31,sku0037,wh003,89,shipped
ORD-0001806,2026-06-19,sku0000,wh002,98,cancelled
ORD-0001949,2026-07-06,sku0002,wh999,39,canceled
ORD-0000276,2026-08-04,sku0059,wh006,-5,cancelled
ORD-0000531,2026-06-11,sku0025,wh007,58,shipped
ORD-0001101,2026-08-21,sku0000,wh001,33,shipd
ORD-0002001,2026-06-02,sku0017,wh008,70,cancelled
ORD-0002078,2026-06-16,sku0020,wh004,5,canceled
ORD-0000030,2026-08-06,sku0042,wc001,85,shipd
ORD-0000858,%Y/%m/%d %H:%M,sku0007,wc001,-6,shipped
ORD-0000282,2026-08-20,sku0046,wh001,18,cancelled
ORD-0001576,2026-08-07,sku0036,wh004,-2,pending
ORD-0000889,%m/%d/%Y,sku0023,wh003,93,delivered
ORD-0001472,2026-06-16,sku0036,wh003,-6,pending
ORD-0001827,2026-07-03,sku0031,wh004,11,delivered
ORD-0000868,2026-06-28,sku0032,wh003,34,pend
ORD-0000434,2026-06-10,sku0030,wh002,69,cancelled
ORD-0002030,2026-06-08,sku0046,wh002,54,shipped
ORD-0000232,2026-07-27,sku0025,wh005,20,delivered
ORD-0001971,2026-08-23,sku0007,wh001,-5,cancelled
ORD-0002118,2026-06-16,sku0058,wh003,96,shipped
ORD-0001682,2026-06-27,sku0049,wh002,2,delivered
ORD-0000112,2026-06-13,sku0038,wh004,13,shipped
ORD-0002015,2026-07-03,sku0038,wh004,81,delivered
ORD-0001316,2026-07-23,sku0044,wh006,85,cancelled
ORD-0000966,2026-07-24,sku0030,wh007,1,delivered
ORD-0001610,2026-08-15,sku0041,wh004,26,delivered
ORD-0001833,2026-08-28,,wh008,29,delivered
ORD-0001398,2026-07-11,sku0036,wh007,4,shipped
ORD-0001000,2026-08-08,sku0034,wh003,2,shipped
ORD-0000669,2026-07-03,sku0058,wh002,27,cancelled
ORD-0002164,2026-07-15,sku0009,wh001,-7,cancelled
ORD-0001402,2026-06-15,sku1001,wh005,81,cancelled
ORD-0001579,2026-07-30,sku0050,wh006,4,pending
ORD-0000901,2026-08-06,sku0037,wh003,69,pending
ORD-0002023,2026-07-19,sku0014,wh006,22,pending
ORD-0001560,2026-07-02,sku0006,wh006,97,cancelled
ORD-0001249,2026-08-19,sku0053,wh004,13,cancelled
ORD-0001719,2026-07-05,,wh004,-8,delivered
ORD-0001423,2026-07-29,sku0039,wh007,38,shipped
ORD-0001217,2026-06-09,sku0056,wh004,44,cancelled
ORD-0001809,2026-08-09,sku0025,wc001,-3,pending
ORD-0000135,2026-06-05,sku0038,wh003,5,cancelled
ORD-0000180,2026-07-18,sku0012,wh007,31,delivered
ORD-0000097,2026-08-24,sku0027,wh005,33,pending
ORD-0000368,2026-08-14,sku0028,wh008,61,pending
ORD-0002019,2026-07-18,sku0020,wh004,75,cancelled
ORD-0001898,2026-08-21,sku0001,wh999,34,shipped
ORD-0001904,2026-06-30,sku0040,wh007,93,pending
ORD-0000949,%Y-%m-%d,sku0005,wh006,37,pending
ORD-0000322,2026-06-14,sku0026,wh002,45,shipped
ORD-0001584,2026-07-28,sku0029,wh007,-3,cancelled
ORD-0000789,2026-06-18,sku0019,wh001,80,pending
ORD-0001358,2026-08-01,sku0037,wh003,-7,delivered
ORD-0001709,2026-08-07,sku0020,wh001,85,pending
ORD-0002026,2026-06-05,sku0028,wh008,45,delivered
ORD-0000361,2026-06-11,sku0057,wh004,8,pending
ORD-0000197,2026-08-10,sku0015,wh0,27,delivered
ORD-0002065,2026-06-29,sku0033,wh007,11,delivered
ORD-0001388,2026-06-06,sku0012,wh007,5,shipped
ORD-0000832,2026-08-28,sku0021,wh006,24,pending
ORD-0001038,2026-08-27,sku0055,wh005,20,delivered
ORD-0000074,2026-07-03,sku0059,wh004,61,cancelled
ORD-0000234,2026-08-15,sku0029,wh001,77,cancelled
ORD-0000354,%m/%d/%Y,sku9999,wh004,-6,delivered
ORD-0001447,2026-08-04,sku0053,wh005,-2,delivered
ORD-0000333,2026-07-13,sku0006,wh007,98,pending
ORD-0002189,2026-06-13,sku0025,wh005,18,pend
ORD-0000417,%d/%m/%Y,,wh008,50,cancelled
ORD-0001041,2026-08-04,sku0000,wh001,53,deliverd
ORD-0000545,2026-08-07,sku0019,wh006,46,shipped
ORD-0001741,2026-07-03,sku0021,wh006,54,delivered
ORD-0001453,2026-07-03,sku0010,wh007,15,shipped
ORD-0000362,2026-08-01,sku0010,wh007,57,pending
ORD-0001778,%m/%d/%Y,sku0030,wh004,17,delivered
ORD-0000101,2026-06-27,sku0047,wh008,30,delivered
ORD-0001139,2026-07-12,unknown,wh003,22,cancelled
ORD-0001018,2026-06-29,unknown,wh006,24,shipped
ORD-0002145,2026-07-09,sku0035,wh002,98,canceled
ORD-0001074,2026-07-29,sku0007,wh005,47,cancelled
ORD-0000369,2026-08-12,sku0002,wh008,71,shipd
ORD-0000679,2026-07-11,sku0028,wh008,69,deliverd
ORD-0000071,2026-08-19,sku0048,wh004,54,delivered
ORD-0000635,2026-06-24,sku0037,wh004,75,delivered
ORD-0000415,2026-06-30,sku0035,wh007,-7,shipd
ORD-0000539,2026-07-28,sku0055,wh007,71,cancelled
ORD-0001874,2026-06-04,sku0035,wh006,5,delivered
ORD-0001406,2026-08-19,,wh003,76,pending
ORD-0001651,2026-08-30,sku9999,wh006,27,delivered
ORD-0000241,2026-06-29,sku0017,wh001,94,cancelled
ORD-0002135,%Y-%m-%d,sku0055,wh008,9,cancelled
ORD-0000808,2026-07-19,sku0034,wh008,58,cancelled
ORD-0000384,2026-06-29,sku0010,wh004,45,shipped
ORD-0000255,2026-07-31,sku0022,wh005,4,shipped
ORD-0001434,2026-08-23,sku0020,wh005,2,pending
ORD-0000924,2026-07-13,sku0029,wh003,-2,shipd
ORD-0001001,2026-07-18,sku0054,wh005,9,pending
ORD-0000110,2026-08-25,sku0030,wh005,40,shipd
ORD-0001921,2026-06-06,sku0044,wh0,46,shipped
ORD-0001205,2026-07-06,sku0018,wh001,51,pending
ORD-0000068,2026-08-07,sku0000,wh005,-5,pending
ORD-0000756,2026-06-13,sku0021,wh008,13,cancelled
ORD-0000753,%Y-%m-%d,sku0059,wh008,18,delivered
ORD-0001343,2026-07-23,sku0046,wh003,-6,shipped
ORD-0001194,2026-06-06,sku0006,wh008,84,cancelled
ORD-0000283,2026-07-08,sku0029,wc001,30,cancelled
ORD-0001568,2026-06-17,,wh005,17,cancelled
ORD-0001180,2026-07-05,sku0054,wh003,96,cancelled
ORD-0000940,2026-07-04,sku0040,wh005,17,cancelled
ORD-0001054,2026-06-16,sku0026,wh005,78,delivered
ORD-0001616,2026-08-06,,,-8,shipped
ORD-0001290,2026-07-19,sku0044,wh002,87,shipped
ORD-0001780,2026-08-23,sku0036,wh006,57,delivered
ORD-0000185,2026-06-18,sku0054,wh003,45,shipped
ORD-0001293,2026-08-17,sku0037,wh003,87,delivered
ORD-0001002,2026-08-08,sku0031,wh002,70,delivered
ORD-0001515,2026-06-09,sku0040,wh004,72,pending
ORD-0002073,2026-08-05,sku0016,wh008,90,shipped
ORD-0000509,2026-08-16,sku0022,wh006,9,pending
ORD-0001996,2026-06-16,sku0020,wh006,24,cancelled
ORD-0000252,2026-06-14,sku0056,,50,delivered
ORD-0001565,2026-06-18,sku0011,wh001,75,pending
ORD-0000515,2026-06-12,sku0016,wh006,-1,pending
ORD-0001165,%d/%m/%Y,,wh006,-7,cancelled
ORD-0001238,%Y/%m/%d %H:%M,sku0058,wh004,25,delivered
ORD-0000136,2026-06-29,sku0003,wh005,20,pending
ORD-0000586,2026-07-23,sku0019,wh001,11,deliverd
ORD-0001964,2026-08-08,sku0012,wh007,35,shipped
ORD-0000530,2026-07-06,,wh005,63,cancelled
ORD-0000248,2026-08-19,sku0045,wh001,76,cancelled
ORD-0000351,2026-08-25,sku0042,wh002,-7,cancelled
ORD-0002020,2026-08-17,sku0035,wh004,66,delivered
ORD-0001106,2026-08-26,sku0006,wh004,97,pending
ORD-0001582,2026-08-28,sku0035,wh006,92,pend
ORD-0000810,2026-08-06,sku0037,wh005,17,cancelled
ORD-0001019,2026-06-27,sku0031,wh001,39,cancelled
ORD-0000486,2026-06-28,sku0047,wh006,22,pending
ORD-0001488,2026-06-07,sku0017,wh001,81,cancelled
ORD-0000129,2026-06-19,sku0027,wh003,50,pending
ORD-0000938,2026-06-13,sku1001,wh005,8,delivered
ORD-0000612,2026-08-06,sku0004,wh005,41,shipped
ORD-0001270,2026-06-12,sku0051,wh002,44,delivered
ORD-0000603,,sku0039,wh008,97,cancelled
ORD-0002027,2026-07-01,sku0047,wc001,12,delivered
ORD-0000052,2026-06-02,sku0030,wh001,21,delivered
ORD-0000680,2026-08-24,sku0021,wh006,53,delivered
ORD-0001466,2026-08-02,sku0020,wh007,41,cancelled
ORD-0001461,2026-07-06,sku0049,wh007,82,shipped
ORD-0000555,2026-08-18,sku0032,wh003,96,shipped
ORD-0001134,2026-08-15,sku0054,wh002,28,shipped
ORD-0000602,%Y/%m/%d %H:%M,,wh007,43,shipped
ORD-0002014,%Y/%m/%d %H:%M,sku0058,wh002,72,shipped
ORD-0001314,2026-07-23,,wh003,50,cancelled
ORD-0000291,2026-06-19,sku0033,wh005,44,delivered
ORD-0001559,2026-06-09,sku0046,wh006,62,cancelled
ORD-0002199,2026-06-07,sku0055,,4,pending
ORD-0001395,2026-07-03,sku1001,wh001,77,delivered
ORD-0001490,2026-06-26,,wh007,53,shipped
ORD-0001334,2026-06-04,sku0035,wh005,11,delivered
ORD-0000720,2026-08-21,sku0019,wh006,10,cancelled
ORD-0002006,2026-06-26,sku9999,wh003,-6,shipped
ORD-0000383,2026-07-18,sku0034,,42,delivered
ORD-0000830,2026-08-06,sku0051,wh003,33,delivered
ORD-0000809,2026-08-18,sku0047,wh005,67,shipd
ORD-0001262,%m/%d/%Y,sku9999,wh004,98,delivered
ORD-0000299,2026-06-04,sku0025,wh002,56,shipped
ORD-0000977,2026-07-04,sku0000,wh0,71,cancelled
ORD-0002114,2026-06-03,sku0005,wh008,39,delivered
ORD-0001642,2026-07-06,sku0022,wh006,72,shipped
ORD-0000908,2026-07-23,sku0016,wh008,79,shipped
ORD-0001855,2026-08-07,sku0005,wh006,-3,delivered
ORD-0000304,2026-06-17,sku0006,wh004,28,pending
ORD-0000991,2026-07-27,sku0003,wh002,73,pending
ORD-0001091,2026-06-18,sku0002,wh003,45,delivered
ORD-0000728,2026-06-11,sku0033,wh005,-3,cancelled
ORD-0000529,%Y-%m-%d,sku0007,wh005,60,delivered
ORD-0000189,2026-06-06,sku0005,wh003,77,cancelled
ORD-0000931,2026-06-28,sku0027,wh007,3,shipped
ORD-0000508,2026-08-01,sku0022,wh005,-5,in transit
ORD-0000606,2026-08-05,,wh0,46,shipped
ORD-0001133,2026-06-12,sku0041,wh006,65,delivered
ORD-0001282,2026-06-15,unknown,wh003,85,shipped
ORD-0001079,2026-06-01,sku0035,wh001,96,cancelled
ORD-0000520,2026-08-13,sku0055,wh002,23,delivered
ORD-0000049,2026-08-01,sku0050,wh003,28,shipped
ORD-0001567,2026-06-08,sku0044,wh006,24,canceled
ORD-0000219,2026-07-22,sku0038,wh001,29,shipped
ORD-0000481,2026-08-06,sku0004,wh001,44,cancelled
ORD-0000950,2026-08-28,sku0027,wh005,67,in transit
ORD-0000787,2026-08-11,sku0059,wh006,37,pending
ORD-0000121,not-a-date,unknown,wh001,55,shipped
ORD-0001910,2026-08-09,sku0001,wh001,25,shipped
ORD-0000212,2026-08-16,sku0004,wh008,45,delivered
ORD-0001768,2026-07-30,sku0021,wh007,49,delivered
ORD-0001162,2026-06-04,sku0055,,85,pending
ORD-0000057,2026-07-14,sku0025,wh002,17,pending
ORD-0000536,2026-08-16,sku0037,wh008,8,shipd
ORD-0001627,,sku0001,wh004,94,delivered
ORD-0001743,2026-07-02,sku0002,wh004,34,pend
ORD-0001550,2026-06-01,sku0032,wh007,78,shipped
ORD-0000290,2026-08-09,sku0015,wh004,-8,pending
ORD-0000565,2026-07-29,sku0057,,33,shipped
ORD-0001193,2026-07-17,sku0051,wc001,21,pending
ORD-0000487,2026-08-25,sku0024,wh008,84,in transit
ORD-0001728,2026-06-25,sku0014,wh005,2,pending
ORD-0002139,2026-08-23,sku1001,wh999,47,shipped
ORD-0000894,2026-08-23,sku0053,wh005,87,shipped
ORD-0000298,2026-07-30,,wh004,17,delivered
ORD-0001179,2026-08-06,sku0055,wh007,69,delivered
ORD-0001320,2026-06-20,sku0002,wh004,35,shipped
ORD-0000260,2026-07-30,sku0035,wh008,25,shipped
ORD-0001212,2026-06-16,sku0028,wh006,48,pending
ORD-0001056,2026-07-14,sku0007,wh008,82,cancelled
ORD-0001986,2026-06-27,sku0043,wh003,38,delivered
ORD-0001553,2026-06-07,sku0034,wh005,58,pending
ORD-0001919,2026-07-29,sku9999,wh004,40,pending
ORD-0000840,%Y/%m/%d %H:%M,sku0012,wh005,17,pending
ORD-0002099,2026-07-30,sku0027,wh001,11,shipped
ORD-0000045,2026-06-06,sku0047,wh003,51,cancelled
ORD-0000164,2026-07-27,sku0034,wh001,3,in transit
ORD-0001342,2026-06-25,sku0029,wh007,86,pending
ORD-0001937,2026-06-17,sku0000,wh001,66,deliverd
ORD-0001369,2026-07-08,sku0040,wh007,81,delivered
ORD-0000193,2026-07-18,sku0049,wh005,37,cancelled
ORD-0001405,2026-08-25,sku0044,wh001,77,delivered
ORD-0002000,%d/%m/%Y,sku0018,wh007,-3,cancelled
ORD-0000451,2026-07-08,sku0004,wh007,12,cancelled
ORD-0002123,2026-08-08,sku0032,wh006,36,deliverd
ORD-0001260,2026-06-11,sku0045,wh003,58,delivered
ORD-0001302,2026-07-19,sku0040,wh004,12,shipped
ORD-0000621,2026-08-17,sku0007,wh006,68,cancelled
ORD-0001724,2026-06-25,sku0024,wh007,47,delivered
ORD-0000439,2026-06-23,sku0029,wh008,29,delivered
ORD-0000070,2026-06-26,sku0014,wh004,90,cancelled
ORD-0000637,%d/%m/%Y,sku0007,wh005,98,delivered
ORD-0001670,2026-08-16,sku0007,wh001,45,cancelled
ORD-0001171,2026-07-27,sku0017,wh008,42,pending
ORD-0000231,2026-08-19,sku0037,wh002,24,in transit
ORD-0000343,2026-08-11,sku0038,wh008,63,pending
ORD-0001657,2026-07-01,sku0003,wh008,18,shipped
ORD-0001158,2026-06-23,sku0003,wh003,-1,delivered
ORD-0002174,2026-07-27,sku0009,wh008,63,cancelled
ORD-0000614,2026-08-29,sku0049,wh001,9,pending
ORD-0000926,2026-08-13,sku0058,wh008,28,delivered
ORD-0000240,2026-08-13,sku0006,wh001,76,pending
ORD-0000100,2026-08-06,sku0025,wh001,18,pending
ORD-0000436,2026-08-17,sku0044,wh006,79,pending
ORD-0001753,2026-08-05,sku0013,wh005,57,pending
ORD-0001114,2026-08-08,sku0014,wh005,93,delivered
ORD-0000648,2026-08-01,sku0001,wh002,60,delivered
ORD-0001985,2026-07-29,sku0025,wh006,51,pending
ORD-0002191,2026-06-04,sku0055,wh005,20,shipped
ORD-0001484,2026-08-11,sku0024,wh003,4,cancelled
ORD-0001897,%Y-%m-%d,sku0040,wh004,35,delivered
ORD-0000125,2026-08-12,sku0007,wh007,82,cancelled
ORD-0001846,2026-06-25,sku0031,wh003,-3,cancelled
ORD-0000186,2026-07-13,sku0052,wh003,46,deliverd
ORD-0000308,2026-08-06,sku0014,wh002,74,pending
ORD-0001652,2026-06-04,sku0035,wh001,65,cancelled
ORD-0000066,2026-08-20,sku0047,wh004,11,cancelled
ORD-0000562,%Y-%m-%d,sku0041,wh007,73,delivered
ORD-0000407,2026-08-18,sku0014,wh002,33,pending
ORD-0002097,2026-08-02,sku0060,wh007,56,shipped
ORD-0001420,2026-08-27,sku0005,wh006,22,shipped
ORD-0001908,2026-07-27,sku0055,wh007,11,delivered
ORD-0001045,2026-08-07,sku0014,wh004,35,shipped
ORD-0001909,2026-08-21,sku0025,wh005,82,cancelled
ORD-0001608,2026-08-16,sku0012,wh003,89,cancelled
ORD-0000631,2026-07-25,sku0031,wh002,19,shipped
ORD-0000220,2026-07-05,sku0000,wh001,79,shipped
ORD-0000495,2026-07-01,sku0045,wh001,63,cancelled
ORD-0001473,2026-07-26,sku0003,wh006,99,shipped
ORD-0001745,2026-08-16,sku0059,wh008,37,shipped
ORD-0001285,2026-07-27,sku0029,wh005,53,shipped
ORD-0000213,2026-06-27,sku0007,wh002,68,delivered
ORD-0002117,2026-08-19,sku0019,wh001,46,delivered
ORD-0001387,2026-06-06,sku0027,wh003,51,delivered
ORD-0001668,2026-06-04,sku0060,wh002,54,delivered
ORD-0001166,2026-07-07,sku0028,wh002,92,cancelled
ORD-0001779,2026-08-01,sku0020,wh007,92,pend
ORD-0001186,2026-06-10,sku0016,wh007,40,pend
ORD-0001224,2026-07-15,,wh0,-6,cancelled
ORD-0000917,2026-07-05,sku0023,wh001,42,cancelled
ORD-0001811,2026-08-27,sku0002,wh003,76,delivered
ORD-0000211,2026-07-07,sku0008,wh008,60,shipd
ORD-0000556,2026-06-07,sku0038,wh001,-4,cancelled
ORD-0000300,2026-06-23,sku0036,,94,shipped
ORD-0000307,2026-06-10,sku0040,wh002,88,cancelled
ORD-0000483,2026-08-25,sku0029,wh005,-8,deliverd
ORD-0001740,2026-07-05,sku0056,wh003,72,shipped
ORD-0000839,2026-08-03,sku0004,wh003,80,pending
ORD-0002184,2026-06-07,sku0036,,93,cancelled
ORD-0000221,2026-08-05,sku0038,wh007,98,shipped
ORD-0001203,2026-07-15,,wh001,80,shipped
ORD-0000238,2026-08-08,sku0014,wh005,4,delivered
ORD-0001051,2026-06-24,,wh001,8,pending
ORD-0000480,2026-06-27,sku0042,wh002,-7,pending
ORD-0000355,2026-08-08,sku0049,wh002,98,canceled
ORD-0001311,2026-07-16,sku0035,wh001,6,cancelled
ORD-0000862,2026-08-27,sku0023,wh006,-6,pending
ORD-0000782,2026-08-13,sku0031,wh003,23,shipped
ORD-0000325,2026-08-28,sku0059,wh007,33,shipd
ORD-0000986,2026-06-17,sku0052,wh008,68,pending
ORD-0001356,2026-08-30,sku0017,wh008,4,canceled
ORD-0000014,2026-06-22,unknown,,39,shipped
ORD-0000716,2026-06-27,sku0045,wh006,96,delivered
ORD-0000297,2026-07-02,sku0014,wh002,97,delivered
ORD-0001654,2026-08-06,sku0021,wh007,22,shipped
ORD-0001068,2026-07-04,sku0001,wh002,8,canceled
ORD-0001790,2026-07-01,sku0042,wc001,33,pending
ORD-0001810,2026-08-27,sku0019,wh005,89,delivered
ORD-0001801,2026-08-29,sku0044,wh004,42,pending
ORD-0000760,2026-06-08,sku0012,wh005,64,cancelled
ORD-0000945,2026-08-28,sku9999,wh003,99,delivered
ORD-0000600,2026-08-08,,wh006,31,pending
ORD-0001243,2026-08-11,sku0026,wh008,41,shipped
ORD-0001653,2026-07-22,sku0026,wh001,89,pending
ORD-0001463,2026-07-08,sku0015,wh005,96,shipped
ORD-0001762,2026-07-18,sku0008,wh007,11,cancelled
ORD-0002043,2026-07-29,sku0048,wc001,24,pending
ORD-0001542,2026-08-16,,wh001,86,shipd
ORD-0000963,2026-08-13,sku0038,wh005,19,shipped
ORD-0000204,2026-07-24,sku0005,wh008,72,shipped
ORD-0001454,2026-07-07,sku0022,wh007,70,pending
ORD-0000544,2026-08-16,,wh005,99,deliverd
ORD-0001765,2026-08-05,sku0001,wh002,37,deliverd
ORD-0000965,2026-08-12,sku0047,wh004,88,pend
ORD-0000411,2026-07-24,sku0041,wh007,85,pending
ORD-0002052,2026-06-18,sku0049,wh005,79,pending
ORD-0000317,2026-07-23,sku0049,wh008,57,shipped
ORD-0001660,2026-08-29,,wh007,12,shipped
ORD-0000106,2026-07-11,sku0007,wh006,71,cancelled
ORD-0001470,2026-06-22,sku0022,wh004,74,shipped
ORD-0000122,2026-08-25,sku0035,wh005,34,pending
ORD-0000433,2026-07-30,sku0014,wh001,-2,pending
ORD-0001562,2026-06-26,sku0007,wh006,54,shipped
ORD-0002138,2026-07-21,sku9999,wh008,99,cancelled
ORD-0001081,2026-07-18,sku0025,wh006,85,shipped
ORD-0001548,2026-07-28,sku0013,wh008,86,pending
ORD-0001522,2026-06-20,sku0007,wh0,61,canceled
ORD-0000116,2026-07-22,sku0048,wh001,32,cancelled
ORD-0000077,2026-06-23,sku0033,wh006,51,delivered
ORD-0001880,2026-08-20,sku0058,wh005,35,shipped
ORD-0000423,2026-07-29,sku0013,wh007,90,in transit
ORD-0001563,2026-06-09,sku0024,wh008,-3,cancelled
ORD-0001993,2026-07-13,sku0007,wh006,36,delivered
ORD-0000995,2026-06-01,sku0053,wh002,59,shipped
ORD-0000528,2026-06-01,,wh006,70,cancelled
ORD-0001065,%m/%d/%Y,sku0033,wh007,-1,shipped
ORD-0001746,2026-08-28,sku0016,wh007,15,shipped
ORD-0002124,2026-07-06,sku0012,wh008,14,shipped
ORD-0001927,2026-07-21,sku0055,wh006,61,cancelled
ORD-0001972,2026-07-23,sku0001,wh003,47,shipped
ORD-0001691,2026-07-25,sku0037,wh004,48,shipped
ORD-0001500,%Y/%m/%d %H:%M,sku0060,wh001,87,cancelled
ORD-0000813,2026-07-01,sku0023,wh008,94,pending
ORD-0000421,2026-06-28,sku0054,wh006,56,shipped
ORD-0000681,2026-08-09,sku0053,wh006,73,delivered
ORD-0001611,2026-07-18,,wc001,-8,shipped
ORD-0001174,2026-06-06,sku0000,wh007,8,pending
ORD-0001457,2026-08-29,sku0014,wh004,78,shipped
ORD-0000179,2026-06-28,sku0014,wh007,35,pending
ORD-0001838,%Y/%m/%d %H:%M,sku0045,wh001,6,shipped
ORD-0001478,2026-07-15,sku0054,wh007,43,shipped
ORD-0000773,2026-06-03,sku0007,wh001,25,cancelled
ORD-0000583,2026-08-27,sku0023,wh007,36,pending
ORD-0000786,2026-06-12,sku0001,wh006,21,delivered
ORD-0001118,2026-06-22,sku0043,wh004,77,shipped
ORD-0001191,2026-13-45,sku0011,wh999,-3,shipped
ORD-0001952,2026-07-13,sku0048,wh005,-1,shipped
ORD-0000410,2026-08-30,sku0046,wh006,55,cancelled
ORD-0001108,2026-08-25,sku0038,wh008,-3,cancelled
ORD-0000994,2026-06-21,sku0026,wh001,87,cancelled
ORD-0001953,2026-08-06,sku0030,wh008,36,shipped
ORD-0001272,2026-06-05,sku0009,wh006,-6,delivered
ORD-0000446,2026-08-11,sku0033,wh001,38,deliverd
ORD-0001232,2026-06-14,sku0050,wc001,7,cancelled
ORD-0000745,2026-07-31,sku0054,wh008,63,delivered
ORD-0000892,2026-06-19,sku0021,wh005,65,pending
ORD-0001336,2026-06-19,sku0001,wh007,94,shipped
ORD-0000064,2026-07-29,sku0059,wh004,-8,cancelled
ORD-0001961,2026-08-22,,wh007,61,shipd
ORD-0000989,2026-08-17,sku0043,wh004,47,shipped
ORD-0001901,2026-08-05,sku0045,wh003,76,delivered
ORD-0000922,2026-08-05,sku0004,wh006,37,pending
ORD-0001138,2026-08-20,sku0052,wh003,64,shipped
ORD-0001299,2026-07-10,sku0060,wh003,69,cancelled
ORD-0001774,2026-06-19,sku0045,wh001,2,shipped
ORD-0001353,2026-08-14,sku0007,wh007,12,in transit
ORD-0001984,2026-07-07,sku0008,wh004,39,shipped
ORD-0001822,2026-06-15,sku0036,wh002,41,shipd
ORD-0001042,%Y/%m/%d %H:%M,sku0058,wh001,22,cancelled
ORD-0000472,2026-06-20,sku0006,wh007,27,cancelled
ORD-0002007,2026-08-24,sku0019,wh001,35,pending
ORD-0002071,2026-06-02,sku0030,wh004,43,deliverd
ORD-0000206,2026-06-09,sku0043,wh002,4,in transit
ORD-0000533,%d/%m/%Y,sku0004,wh004,18,pend
ORD-0000651,%Y/%m/%d %H:%M,sku0019,wh001,67,pending
ORD-0001792,2026-08-06,sku0015,wh004,-6,cancelled
ORD-0000549,2026-08-28,sku0021,wh002,44,shipped
ORD-0002008,2026-08-27,sku0045,wh004,68,shipped
ORD-0001698,2026-08-04,sku0011,wh001,25,canceled
ORD-0000860,2026-08-02,sku0000,wh001,-1,pend
ORD-0001621,2026-08-14,sku0060,wh008,73,shipped
ORD-0000024,2026-06-21,sku0055,wh003,36,delivered
ORD-0001881,2026-07-07,sku0025,wh007,96,shipped
ORD-0000428,2026-08-08,sku0051,wh004,97,delivered
ORD-0000589,2026-06-14,sku0036,,85,cancelled
ORD-0000687,2026-07-12,sku0036,,35,shipped
ORD-0000199,2026-06-12,sku0013,wh007,31,cancelled
ORD-0000050,2026-06-15,sku0043,wh004,21,pending
ORD-0000174,2026-08-20,sku0031,wh005,70,shipped
ORD-0001211,2026-07-07,sku0002,wh002,28,pending
ORD-0000638,2026-08-03,sku0016,wh007,-3,shipped
ORD-0001030,2026-07-07,sku0002,wh005,86,canceled
ORD-0000309,2026-06-18,sku0002,wh002,8,shipped
ORD-0001321,2026-07-26,sku0020,,21,shipped
ORD-0001859,2026-06-20,sku0023,wh006,26,pending
ORD-0001160,2026-06-03,sku0040,wh006,76,canceled
ORD-0000060,2026-06-08,sku9999,wc001,1,delivered
ORD-0000072,2026-06-08,sku0035,wh007,57,pending
ORD-0000842,2026-06-30,sku0002,wh005,40,pending
ORD-0001979,2026-07-16,sku0007,wh004,93,shipped
ORD-0000799,2026-07-14,sku0017,wh002,56,pending
ORD-0001494,2026-07-11,sku0035,wh004,15,delivered
ORD-0001365,2026-08-30,sku0003,wh004,83,shipd
ORD-0000904,2026-06-18,sku0027,wh006,13,cancelled
ORD-0000887,%m/%d/%Y,sku0014,wh002,89,pending
ORD-0001190,2026-07-02,sku0006,wh005,6,canceled
ORD-0000163,2026-07-11,sku0023,,98,pending
ORD-0001538,2026-07-25,unknown,wh007,3,shipped
ORD-0001201,2026-06-11,sku0042,wh008,27,cancelled
ORD-0001113,2026-08-29,sku0021,wh008,1,shipped
ORD-0001916,2026-06-04,sku0019,wh003,83,delivered
ORD-0001902,2026-06-21,sku0015,wh008,21,deliverd
ORD-0001084,2026-06-02,sku0031,wh004,44,delivered
ORD-0000257,2026-08-01,sku0012,wh002,77,pending
ORD-0001518,2026-06-22,sku0005,wh005,51,delivered
ORD-0001725,%Y-%m-%d,sku0003,wh006,94,cancelled
ORD-0000441,2026-08-08,sku0038,wh002,78,cancelled
ORD-0000619,2026-08-31,sku0002,wh006,61,delivered
ORD-0000582,2026-06-06,sku0060,wh007,56,shipped
ORD-0000479,2026-07-04,sku0018,wh001,20,shipd
ORD-0001199,2026-07-07,sku0047,wh003,76,pending
ORD-0000618,2026-08-04,sku0038,wh008,77,delivered
ORD-0002033,2026-07-28,,wh007,14,pending
ORD-0001284,2026-07-09,sku0007,wh002,65,pending
ORD-0000021,2026-08-02,sku0012,wh008,5,shipped
ORD-0001845,2026-07-14,sku0019,wh005,10,delivered
ORD-0001574,2026-07-02,sku0044,wh999,36,cancelled
ORD-0002021,2026-07-14,sku0008,wh008,36,delivered
ORD-0000382,2026-08-04,unknown,wh002,7,pending
ORD-0002200,2026-06-21,sku0029,wh001,92,delivered
ORD-0002146,2026-08-28,sku0021,wh008,69,pending
ORD-0001592,2026-08-22,sku0027,wc001,25,shipped
ORD-0001712,2026-08-17,sku0048,wh008,72,pending
ORD-0000084,2026-06-27,sku0000,wh0,42,cancelled
ORD-0000462,2026-06-27,sku0051,wh004,82,pending
ORD-0001011,2026-07-08,sku0025,wh001,35,cancelled
ORD-0000837,%Y/%m/%d %H:%M,sku0004,wh003,70,pending
ORD-0000743,2026-07-02,sku0034,wh007,95,canceled
ORD-0001289,2026-06-29,,wh003,58,pend
ORD-0001305,2026-08-26,sku0024,wh006,94,in transit
ORD-0001129,2026-06-04,,wh005,39,cancelled
ORD-0000496,2026-06-29,sku0017,wh005,45,delivered
ORD-0000375,2026-07-06,sku0034,wh006,62,pending
ORD-0000271,2026-06-12,sku0036,wh003,52,pending
ORD-0001481,%Y/%m/%d %H:%M,sku0017,wh008,74,pending
ORD-0000403,2026-08-08,sku0039,wh005,71,pending
ORD-0002102,2026-08-09,sku0051,wh006,26,shipd
ORD-0001672,%d/%m/%Y,sku0010,wh006,24,shipped
ORD-0000465,2026-06-19,sku0006,wh008,64,delivered
ORD-0000880,2026-08-25,sku0016,wh008,94,cancelled
ORD-0001839,2026-08-16,sku0056,wh008,6,shipped
ORD-0000964,2026-07-04,sku0028,wh004,96,delivered
ORD-0000430,2026-08-10,sku0014,wh001,-2,cancelled
ORD-0002100,2026-07-31,sku0023,wh003,-4,shipped
ORD-0000026,%Y-%m-%d,sku0056,wc001,35,cancelled
ORD-0001556,%Y/%m/%d %H:%M,sku0057,wh004,97,pending
ORD-0001506,2026-06-18,sku0046,wh002,76,cancelled
ORD-0000459,2026-06-13,sku0031,wh006,17,cancelled
ORD-0000941,2026-08-05,sku0055,wh007,10,cancelled
ORD-0001685,2026-08-25,sku0049,wh002,9,shipped
ORD-0000079,2026-08-05,sku0026,wh005,93,pending
ORD-0000367,%m/%d/%Y,sku0023,wh005,55,pending
ORD-0001507,2026-06-21,sku0043,wh001,19,shipped
ORD-0000033,2026-07-05,sku0028,wh004,28,shipped
ORD-0002072,2026-08-11,sku0039,wh004,71,delivered
ORD-0001452,2026-06-29,unknown,wh008,59,pending
ORD-0002131,2026-08-04,unknown,wh005,4,delivered
ORD-0001930,2026-07-31,,wh003,61,cancelled
ORD-0001583,2026-06-20,sku0055,wh005,80,pending
ORD-0000817,2026-08-07,sku0018,wh003,52,delivered
ORD-0000932,2026-06-04,sku0052,wh002,1,cancelled
ORD-0001164,2026-07-04,sku0021,wh005,30,cancelled
ORD-0000306,2026-06-12,sku0051,wh002,35,delivered
ORD-0000210,2026-06-06,sku9999,wh008,32,shipped
ORD-0000622,2026-08-11,sku0008,wh002,61,shipped
ORD-0001279,2026-07-07,sku0043,wh007,6,pending
ORD-0002194,2026-06-08,sku0040,wh006,26,delivered
ORD-0001737,2026-07-27,,wh004,45,shipped
ORD-0000553,%Y-%m-%d,sku0028,wh004,47,cancelled
ORD-0000696,2026-08-27,sku0043,wh001,58,pending
ORD-0000671,2026-07-27,sku0059,wh003,54,shipped
ORD-0002177,%d/%m/%Y,sku0006,wh006,28,deliverd
ORD-0000484,2026-08-21,sku0051,wh005,94,shipped
ORD-0001122,2026-07-01,sku0053,,-7,pending
ORD-0001271,2026-06-20,sku0012,wh004,93,cancelled
ORD-0000597,2026-06-19,sku0049,wh008,24,cancelled
ORD-0001086,2026-08-19,sku0024,wh005,52,shipped
ORD-0001776,2026-08-11,sku0046,wh004,82,delivered
ORD-0000412,2026-08-24,sku0002,wc001,80,shipped
ORD-0000650,2026-08-18,sku0018,wh003,-6,delivered
ORD-0002185,2026-06-03,sku0004,wh008,25,shipped
ORD-0001188,2026-07-21,sku0048,wh007,22,shipped
ORD-0000695,%Y/%m/%d %H:%M,sku0057,wh007,91,pending
ORD-0001710,2026-07-26,sku0001,wh006,-5,cancelled
ORD-0001464,,sku1001,wh005,64,delivered
ORD-0001345,2026-08-04,sku0052,wh005,29,cancelled
ORD-0000448,2026-06-20,sku0054,wh003,62,cancelled
ORD-0000730,2026-06-17,sku0059,wh002,37,pending
ORD-0001786,%m/%d/%Y,sku0005,wh005,80,delivered
ORD-0000768,2026-06-14,sku0047,wh0,20,cancelled
ORD-0001248,2026-08-19,sku0042,wh005,87,delivered
ORD-0000846,2026-06-26,sku0013,wh008,93,pending
ORD-0000046,2026-06-07,sku0014,wh005,61,delivered
ORD-0001837,2026-08-22,sku0011,wh007,60,cancelled
ORD-0000591,2026-06-15,sku0030,wh004,65,pending
ORD-0000295,2026-08-12,sku0056,wh003,64,cancelled
ORD-0000772,2026-07-04,sku0038,wh006,92,cancelled
ORD-0002057,2026-08-01,sku0046,wh005,79,pending
ORD-0000766,2026-08-13,sku0016,wh001,33,cancelled
ORD-0000930,2026-07-12,sku0033,wh007,88,shipped
ORD-0001718,2026-06-11,sku0023,wh007,55,shipped
ORD-0000437,2026-07-22,sku0056,wh999,98,pending
ORD-0000630,2026-07-08,sku0053,wh007,15,pending
ORD-0000394,2026-08-04,sku0029,wh003,56,delivered
ORD-0000701,2026-07-10,sku9999,wh008,60,cancelled
ORD-0000535,2026-06-21,sku0042,wh007,9,cancelled
ORD-0000031,2026-08-11,sku0025,wh007,55,shipped
ORD-0000572,2026-08-02,sku0003,wh006,78,cancelled
ORD-0001346,2026-08-15,sku0028,wh002,90,delivered
ORD-0000943,2026-08-14,sku0015,wh006,49,delivered
ORD-0001812,2026-07-27,sku0034,wh002,7,cancelled
ORD-0001875,2026-07-18,sku0019,wh002,81,pending
ORD-0000866,2026-08-02,sku0006,wh008,45,pending
ORD-0000611,2026-07-26,sku0059,wh008,40,cancelled
ORD-0000345,2026-06-17,sku0032,wh0,57,delivered
ORD-0000557,2026-08-20,sku0043,wh002,32,shipd
ORD-0000975,2026-06-09,sku0054,wh007,-1,pending
ORD-0002182,2026-06-21,sku0013,wc001,12,shipped
ORD-0002081,2026-06-03,sku0016,wh006,94,pending
ORD-0000353,2026-07-30,sku0058,wh008,91,shipd
ORD-0000092,2026-06-27,sku0053,wh007,72,shipped
ORD-0000850,2026-06-23,sku0050,wh003,28,pending
ORD-0001973,2026-06-19,sku0038,wh006,3,shipped
ORD-0001062,2026-08-08,sku0011,wh004,47,pending
ORD-0001287,2026-07-11,sku0042,wh008,79,delivered
ORD-0000262,2026-06-10,sku0002,wh002,4,cancelled
ORD-0002002,2026-08-05,,wh007,9,cancelled
ORD-0002003,2026-06-07,sku0023,wh002,63,delivered
ORD-0001577,2026-06-08,sku0013,wh007,96,deliverd
ORD-0000568,%d/%m/%Y,sku0055,wh003,1,cancelled
ORD-0000722,2026-07-21,sku0039,wh001,31,cancelled
ORD-0000893,2026-07-14,sku0050,wh002,17,cancelled
ORD-0000706,2026-08-08,sku1001,wh004,80,delivered
ORD-0002047,%d/%m/%Y,sku0055,wh002,-6,cancelled
ORD-0001430,2026-07-29,sku0030,wh004,72,shipped
ORD-0000301,2026-06-30,sku0041,wh008,16,pending
ORD-0001871,2026-08-10,sku0002,wh007,79,delivered
ORD-0001005,%Y/%m/%d %H:%M,sku0006,wh008,40,shipped
ORD-0001834,2026-06-16,sku0046,wh002,19,cancelled
ORD-0000316,2026-08-24,,wh004,54,pending
ORD-0001630,2026-06-04,sku0031,wh001,56,shipped
ORD-0000454,2026-07-27,sku0023,wh001,35,shipped
ORD-0000176,2026-08-22,sku0037,wh006,74,delivered
ORD-0000694,%Y/%m/%d %H:%M,sku0052,wh008,-8,shipped
ORD-0001603,2026-06-26,sku0054,wh006,-6,shipped
ORD-0001922,2026-06-06,sku0005,wh003,95,pending
ORD-0000124,2026-07-04,sku0027,wh005,43,cancelled
ORD-0002134,2026-06-19,sku0027,wh006,33,pending
ORD-0000395,%d/%m/%Y,sku0039,wh005,57,shipped
ORD-0001125,2026-07-16,sku0047,wh008,-6,pending
ORD-0001684,%d/%m/%Y,,wh002,42,shipped
ORD-0000040,2026-07-09,sku0053,wh006,18,pending
ORD-0000463,2026-08-06,sku0055,wh001,2,delivered
ORD-0000633,2026-06-30,unknown,wh007,11,in transit
ORD-0002056,2026-07-18,sku0030,wh001,78,delivered
ORD-0000332,2026-08-13,sku0030,wh008,47,delivered
ORD-0000195,2026-06-24,sku0043,wh001,79,cancelled
ORD-0002106,2026-08-30,sku0029,wh007,59,delivered
ORD-0000323,2026-08-28,sku0029,wh003,65,pending
ORD-0000267,2026-08-06,sku0009,wh001,33,cancelled
ORD-0001037,2026-06-30,sku9999,wh001,48,shipped
ORD-0001714,2026-06-07,sku0015,wh002,82,pending
ORD-0000580,2026-06-16,sku0048,wh005,11,pend
ORD-0001178,,sku0037,wh001,83,shipped
ORD-0001267,2026-06-22,sku0054,wh007,41,delivered
ORD-0002197,2026-06-01,sku0058,wh002,96,shipped
ORD-0001693,2026-08-19,sku0009,wh008,40,shipped
ORD-0000675,2026-06-27,sku0033,wh008,59,deliverd
ORD-0001755,2026-08-01,sku0056,wh008,97,cancelled
ORD-0002082,2026-06-01,sku0022,wh001,85,cancelled
ORD-0001939,2026-07-06,sku0016,wh007,54,shipped
ORD-0001026,2026-08-18,sku0052,wh007,78,pending
ORD-0000573,2026-07-01,sku0060,wh004,77,shipped
ORD-0001831,2026-08-20,unknown,wh001,61,shipped
ORD-0001888,2026-07-11,sku0036,wh002,91,pending
ORD-0000890,2026-07-16,sku0051,wc001,79,canceled
ORD-0000818,2026-08-28,sku0035,wh005,38,pending
ORD-0001482,2026-07-15,sku0040,wh007,42,delivered
ORD-0001756,2026-06-03,sku0030,wh005,-8,pending
ORD-0001578,2026-07-19,,wh0,18,shipped
ORD-0000907,2026-06-13,sku0046,wh007,36,delivered
ORD-0001599,2026-06-02,sku0057,wh002,36,pend
ORD-0000652,2026-06-23,sku0020,wh007,79,shipped
ORD-0000474,2026-07-22,sku0059,wh001,65,shipped
ORD-0002087,2026-06-22,sku0058,wh007,58,shipped
ORD-0000366,2026-07-04,,wh005,98,pending
ORD-0000841,2026-07-12,sku0013,wh002,6,delivered
ORD-0001223,2026-07-29,sku0031,wh004,23,shipped
ORD-0001903,2026-07-17,sku0000,wh008,16,pending
ORD-0001886,2026-08-23,,wh002,90,cancelled
ORD-0000584,2026-06-23,sku0013,wh001,24,shipped
ORD-0000747,2026-06-27,sku0022,wh006,61,shipped
ORD-0002070,%m/%d/%Y,sku0042,wh003,57,cancelled
ORD-0001742,2026-08-21,sku0045,wh005,12,cancelled
ORD-0002064,2026-08-27,sku0039,wh002,20,shipped
ORD-0001622,2026-06-28,sku0020,wh002,70,cancelled
ORD-0001738,2026-06-24,sku0022,wh005,-5,shipped
ORD-0001704,2026-07-10,sku9999,wh006,-7,shipped
ORD-0001602,2026-08-20,sku0007,wh005,96,delivered
ORD-0000319,2026-08-03,sku0057,wh002,20,delivered
ORD-0001087,2026-07-17,sku0032,wh008,85,pending
ORD-0000987,2026-07-24,sku0027,wh003,31,pend
ORD-0001177,2026-06-27,sku0010,wh006,33,delivered
ORD-0000820,%d/%m/%Y,sku0026,wh008,88,delivered
ORD-0001195,2026-07-01,sku0050,wh002,-3,shipped
ORD-0000344,2026-07-09,sku0030,wh004,28,shipped
ORD-0000399,2026-08-18,sku0052,wh008,20,shipped
ORD-0000585,2026-07-04,sku0028,wh008,71,canceled
ORD-0001720,2026-07-01,sku0002,wh006,98,in transit
ORD-0001974,2026-08-05,sku0001,wh001,30,deliverd
ORD-0000293,2026-07-05,sku0019,wh008,46,canceled
ORD-0000870,2026-07-09,sku0033,wh007,80,cancelled
ORD-0001111,2026-07-16,sku0046,wh006,47,shipped
ORD-0001024,2026-06-27,sku0052,wh002,15,cancelled
ORD-0001246,%Y/%m/%d %H:%M,sku1001,wh0,82,delivered
ORD-0000142,2026-06-28,unknown,wh003,81,delivered
ORD-0001126,2026-06-02,sku0050,wh003,17,shipped
ORD-0000003,%d/%m/%Y,sku0008,wh003,37,pending
ORD-0000577,2026-07-13,sku0026,wh007,63,pending
ORD-0001380,2026-07-19,sku1001,wh002,17,pending
ORD-0000340,2026-08-13,sku0002,wh002,77,cancelled
ORD-0001692,2026-08-10,sku0044,wh007,68,pending
ORD-0000266,2026-06-30,sku0023,wh008,81,cancelled
ORD-0000377,2026-06-24,sku0058,wh004,78,shipped
ORD-0001978,2026-06-11,sku0045,wh004,56,pending
ORD-0000440,2026-06-22,sku0058,wh007,-6,delivered
ORD-0000272,2026-07-22,sku0035,wh004,-3,shipped
ORD-0000245,2026-06-11,sku0033,wh004,11,cancelled
ORD-0001796,2026-07-29,sku0037,wh005,11,shipped
ORD-0001620,2026-08-23,sku0000,wh007,45,pending
ORD-0001088,2026-08-04,sku0017,wh004,28,in transit
ORD-0001527,2026-07-17,sku0024,wh001,25,cancelled
ORD-0000608,2026-13-45,sku0014,wh007,84,delivered
ORD-0000416,%d/%m/%Y,sku0017,wh004,94,cancelled
ORD-0000274,2026-06-11,sku0011,wh003,50,delivered
ORD-0001092,2026-07-13,sku0007,wh002,12,shipped
ORD-0000251,2026-06-22,sku0043,wh002,25,cancelled
ORD-0000414,2026-07-30,,wh002,23,shipped
ORD-0001492,2026-06-26,sku0034,wh003,31,delivered
ORD-0001561,2026-06-18,sku0015,wh008,58,shipped
ORD-0000311,2026-07-24,sku0037,wh002,55,cancelled
ORD-0000793,%Y/%m/%d %H:%M,sku0028,wh004,80,pending
ORD-0001176,2026-08-31,sku0009,wh007,1,delivered
ORD-0000426,2026-07-12,sku0041,wh008,9,cancelled
ORD-0002148,2026-08-20,sku0034,wh007,-3,delivered
ORD-0000742,2026-07-03,sku0057,wh008,17,shipped
ORD-0001946,2026-07-13,sku0055,wh002,73,shipped
ORD-0001618,2026-08-10,sku0029,wh001,99,pending
ORD-0000980,2026-07-08,sku0022,wh003,-4,pending
ORD-0001230,2026-06-27,sku0039,wh001,58,shipped
ORD-0000765,2026-06-16,sku0004,wh008,32,pending
ORD-0000527,2026-08-12,sku0015,wc001,63,pend
ORD-0000781,%m/%d/%Y,sku0015,wh007,62,delivered
ORD-0000953,2026-08-06,sku0058,wh003,30,cancelled
ORD-0000183,%Y-%m-%d,sku0013,wh005,19,delivered
ORD-0000171,2026-06-14,sku0003,wh006,65,shipped
ORD-0002130,2026-07-08,sku0028,wh001,29,shipped
ORD-0000927,2026-08-20,,wh003,17,cancelled
ORD-0000188,2026-06-01,sku0004,wh005,-3,pending
ORD-0000620,2026-07-07,sku0010,wh004,46,delivered
ORD-0001976,2026-07-25,sku0057,wh0,8,delivered
ORD-0000159,2026-06-05,sku0001,wh007,77,cancelled
ORD-0001594,2026-07-19,sku0058,wh006,35,delivered
ORD-0000273,2026-07-06,sku0015,wh004,1,shipped
ORD-0000615,2026-08-24,sku0046,wh001,60,delivered
ORD-0001852,2026-07-16,sku0053,wh006,13,shipped
ORD-0000974,2026-08-14,sku0013,wh006,32,delivered
ORD-0002143,2026-07-10,sku0016,wh003,-6,pending
ORD-0000372,2026-06-22,,wh002,28,cancelled
ORD-0000223,2026-06-23,sku9999,wh003,-3,shipped
ORD-0000594,2026-08-23,sku0060,wh004,80,cancelled
ORD-0001545,2026-07-16,,wh999,85,pending
ORD-0000757,2026-08-21,sku0022,wh003,25,shipped
ORD-0001655,2026-07-03,sku0033,wh006,64,delivered
ORD-0002176,2026-06-01,sku0034,wh007,91,shipped
ORD-0000137,2026-06-12,sku0037,wh999,90,shipped
ORD-0000519,2026-06-10,sku0002,wh007,61,delivered
ORD-0000857,2026-06-11,sku0056,wh003,91,shipped
ORD-0000335,2026-08-05,,wh006,35,delivered
ORD-0001873,2026-08-24,sku0002,wh003,19,delivered
ORD-0001771,2026-08-18,sku0029,wh003,25,shipped
ORD-0001256,2026-06-20,,wh008,59,cancelled
ORD-0001229,2026-08-19,sku0041,wc001,58,delivered
ORD-0000711,2026-06-16,sku1001,wh004,43,delivered
ORD-0000016,2026-07-06,sku0042,wc001,16,pending
ORD-0001445,2026-07-19,sku0037,wh007,28,cancelled
ORD-0001112,2026-06-26,sku0058,wh007,30,delivered
ORD-0001840,2026-07-14,sku0060,wh006,-1,shipped
ORD-0002017,2026-08-31,sku0042,wh001,52,delivered
ORD-0000571,2026-07-20,sku0010,wh005,69,cancelled
ORD-0000655,2026-06-01,sku0012,wh005,84,pending
ORD-0001362,2026-07-25,sku0043,wh004,14,cancelled
ORD-0002060,2026-08-06,sku0037,wh001,29,cancelled
ORD-0000466,2026-08-11,sku0021,wh005,8,cancelled
ORD-0001059,2026-08-08,sku0017,wh002,56,delivered
ORD-0000200,2026-08-05,sku0056,wh007,7,cancelled
ORD-0001925,%Y-%m-%d,sku9999,wh999,55,pending
ORD-0001512,2026-07-18,sku0001,wh002,78,shipped
ORD-0001750,%Y/%m/%d %H:%M,sku0032,wh008,14,shipped
ORD-0000874,2026-08-13,sku0030,wh008,37,delivered
ORD-0001862,2026-06-09,sku0021,wh008,1,pending
ORD-0001678,%Y-%m-%d,sku0054,wh006,2,shipped
ORD-0001551,2026-08-25,sku9999,wh001,4,cancelled
ORD-0001115,%Y-%m-%d,sku0048,wh006,76,delivered
ORD-0000592,%m/%d/%Y,sku0017,wh001,64,delivered
ORD-0001843,2026-07-15,sku0032,wh002,31,shipped
ORD-0001674,2026-08-11,sku0028,wh003,14,shipped
ORD-0001695,2026-06-12,sku0045,wh007,22,shipped
ORD-0001605,2026-06-22,sku0028,wh005,85,canceled
ORD-0000942,%Y/%m/%d %H:%M,sku0018,wh002,29,delivered
ORD-0000788,2026-08-18,sku0048,wh003,9,cancelled
ORD-0000044,2026-08-18,sku0011,wh007,-4,cancelled
ORD-0001767,2026-08-20,sku0029,wh008,51,shipped
ORD-0000275,2026-06-18,,,56,pending
ORD-0001733,2026-06-16,sku0033,wh005,60,shipped
ORD-0000102,2026-08-25,sku0010,wh004,63,delivered
ORD-0001132,%d/%m/%Y,sku0036,wh004,54,cancelled
ORD-0001028,2026-06-17,sku0047,wh003,62,pending
ORD-0001182,2026-07-19,sku0032,wh001,-3,cancelled
ORD-0000108,2026-06-20,sku0048,wh005,-3,delivered
ORD-0001477,2026-07-19,sku0058,wh002,22,pending
ORD-0000498,2026-06-20,sku1001,wh005,41,pending
ORD-0001532,2026-08-10,sku0033,wh004,33,shipd
ORD-0002036,2026-07-04,,wh005,98,pending
ORD-0001449,2026-06-08,sku0048,wh004,88,delivered
ORD-0001764,2026-08-12,sku0012,wh001,10,cancelled
ORD-0001319,%d/%m/%Y,sku0038,wh005,9,deliverd
ORD-0001544,2026-06-12,sku0024,wh004,71,shipped
ORD-0002010,%Y/%m/%d %H:%M,sku0045,wh004,-1,shipd
ORD-0000863,2026-06-17,sku0059,wh008,53,cancelled
ORD-0000906,2026-07-21,sku0045,wh003,-8,pending
ORD-0000713,%Y-%m-%d,sku0042,wh003,54,pending
ORD-0000073,%Y-%m-%d,sku0047,wc001,71,delivered
ORD-0000501,2026-08-27,sku0024,wh006,99,cancelled
ORD-0001443,%Y/%m/%d %H:%M,,wh001,49,shipd
ORD-0001390,2026-07-24,sku0002,wh004,13,shipped
ORD-0001600,2026-07-26,sku0037,wh004,50,delivered
ORD-0000482,2026-06-05,sku0040,wh008,33,cancelled
ORD-0001438,2026-08-11,sku0012,wh006,95,cancelled
ORD-0000507,,sku0009,wh008,35,delivered
ORD-0001856,2026-07-28,sku0041,wh002,89,delivered
ORD-0002105,2026-06-16,sku0031,wh001,65,cancelled
ORD-0001264,2026-07-21,sku0034,wh007,81,delivered
ORD-0001035,2026-06-09,sku0027,wh008,71,delivered
ORD-0001573,%d/%m/%Y,sku0052,wh004,-7,cancelled
ORD-0000933,2026-06-20,sku0017,wh003,20,delivered
ORD-0001707,not-a-date,sku0025,wh007,33,pending
ORD-0001419,2026-07-16,sku0008,wh001,46,cancelled
ORD-0000312,2026-06-07,sku0006,wh003,26,cancelled
ORD-0001104,2026-06-02,sku0031,wh001,34,shipped
ORD-0000406,2026-07-08,sku0056,wh001,85,pending
ORD-0001787,2026-07-02,sku0039,wh006,-4,cancelled
ORD-0001048,2026-06-11,sku0029,wh004,63,pend
ORD-0001424,2026-07-21,sku0031,wh004,18,cancelled
ORD-0001090,2026-06-22,sku0013,wh004,55,pending
ORD-0001361,2026-07-20,sku0026,wh005,6,pending
ORD-0000310,2026-07-23,sku0037,wh002,28,shipped
ORD-0000227,2026-07-31,sku0049,wh004,10,pending
ORD-0000744,2026-08-22,sku0053,wh003,68,pending
ORD-0000807,2026-06-22,sku0037,wh008,4,shipped
ORD-0002035,2026-08-24,sku0014,wh003,64,cancelled
ORD-0001006,2026-08-30,sku0026,wh001,33,cancelled
ORD-0001468,2026-07-19,sku0040,wh002,-6,delivered
ORD-0001828,2026-06-07,sku0030,wh006,50,cancelled
ORD-0001103,2026-08-08,sku0047,wh006,37,pending
ORD-0001152,2026-07-24,sku0028,wh001,67,delivered
ORD-0001076,2026-13-45,,wh004,42,delivered
ORD-0000149,2026-06-04,sku0023,wh006,73,pending
ORD-0001234,2026-07-23,sku0036,wc001,73,cancelled
ORD-0001105,2026-07-17,,wh007,50,cancelled
ORD-0001726,2026-08-20,sku0035,wh005,54,pending
ORD-0000292,2026-07-26,sku0034,wh003,72,delivered
ORD-0000693,2026-08-27,sku0012,wh006,81,cancelled
ORD-0000819,2026-08-25,sku0054,wh004,88,pending
ORD-0000705,2026-06-10,sku0043,wh008,19,delivered
ORD-0001095,2026-07-10,sku0020,wh002,55,shipped
ORD-0001951,2026-06-28,sku0013,wh003,20,delivered
ORD-0001404,2026-08-20,sku0050,wh007,30,cancelled
ORD-0000576,2026-08-17,sku0043,wh005,64,shipped
ORD-0000558,2026-08-28,sku0000,wh004,51,delivered
ORD-0001318,2026-06-05,sku0025,wh001,60,pending
ORD-0000702,2026-07-06,sku0023,wh005,17,delivered
ORD-0001593,2026-08-11,sku0019,wh006,58,shipped
ORD-0001377,2026-08-24,sku0038,wh999,90,pending
ORD-0001926,2026-06-23,sku0026,wh003,46,pend
ORD-0001609,2026-07-09,sku0024,wh007,25,cancelled
ORD-0001965,2026-08-14,sku0021,wh003,85,shipped
ORD-0000749,2026-08-31,sku0056,wh007,48,pending
ORD-0001383,2026-07-19,sku0034,wh004,5,pending
ORD-0000875,2026-08-05,sku0013,wh002,12,cancelled
ORD-0000168,%d/%m/%Y,,wh008,28,cancelled
ORD-0000731,2026-08-01,sku0044,wh002,72,delivered
ORD-0001747,2026-06-03,sku0011,wh005,10,cancelled
ORD-0000287,2026-06-05,sku0057,wh007,84,shipped
ORD-0001072,2026-06-15,sku0041,wh008,44,cancelled
ORD-0001915,2026-06-15,sku0035,wh002,94,pending
ORD-0001034,2026-07-18,sku0045,wh005,54,pending
ORD-0000629,2026-08-25,sku0006,wh003,95,cancelled
ORD-0000599,2026-07-27,sku0045,wh007,65,pending
ORD-0001591,2026-07-28,sku0024,wh007,58,cancelled
ORD-0000378,2026-08-29,sku0047,wh005,76,cancelled
ORD-0001958,2026-06-02,sku0020,wh004,66,shipped
ORD-0001606,2026-07-12,sku0054,wh001,3,delivered
ORD-0002126,2026-07-18,sku0041,wh006,1,pending
ORD-0001242,2026-08-29,sku0037,wh004,8,shipped
ORD-0001460,2026-06-27,sku0025,wh006,12,pending
ORD-0001085,2026-06-08,sku0057,wh002,37,in transit
ORD-0000042,2026-06-23,sku0060,wh003,24,shipped
ORD-0001887,2026-07-18,sku0057,wh002,6,pending
ORD-0001872,2026-07-14,sku0034,wh004,-2,delivered
ORD-0001431,2026-06-08,sku0023,wc001,21,cancelled
ORD-0001858,%Y-%m-%d,sku0044,wc001,62,cancelled
ORD-0001058,%m/%d/%Y,,wh001,16,cancelled
ORD-0001509,2026-07-29,sku0021,wh006,-7,shipped
ORD-0002147,2026-08-18,sku0001,wh003,58,in transit
ORD-0000610,2026-06-03,sku0021,wh004,40,pending
ORD-0001581,2026-08-13,sku0041,wh008,25,cancelled
ORD-0001554,2026-07-18,sku0059,wh008,45,cancelled
ORD-0001947,2026-06-12,sku0034,wh006,1,shipd
ORD-0002137,2026-06-30,sku0033,wh007,59,cancelled
ORD-0001673,2026-08-15,sku0021,wh002,92,delivered
ORD-0000494,2026-08-28,sku0047,wh003,11,cancelled
ORD-0001575,2026-08-28,sku0024,wh007,-1,cancelled
ORD-0000278,%Y/%m/%d %H:%M,sku0030,wh003,18,cancelled
ORD-0000758,2026-06-09,sku0006,wh001,29,pending
ORD-0002132,%m/%d/%Y,sku0034,wh001,-1,pending
ORD-0000359,2026-07-22,sku0025,wh008,-6,shipped
ORD-0001564,2026-07-08,sku0039,wh004,19,delivered
ORD-0000237,31/31/2026,sku0013,wh006,15,delivered
ORD-0000552,2026-08-11,sku0051,wh001,87,shipped
ORD-0000521,%d/%m/%Y,sku0021,wh007,14,cancelled
ORD-0001273,2026-07-18,sku0045,wh008,72,pend
ORD-0000209,2026-07-20,,wh003,31,shipped
ORD-0001658,2026-08-15,unknown,wh008,87,shipped
ORD-0000882,2026-06-18,sku0024,wh006,23,cancelled
ORD-0000721,not-a-date,sku0039,wh003,98,shipped
ORD-0002172,2026-06-22,sku0018,wh004,69,shipped
ORD-0001868,2026-06-20,sku0011,wh001,46,cancelled
ORD-0001667,2026-07-10,sku0030,wh004,92,shipped
ORD-0000059,2026-06-23,sku0010,wh002,35,cancelled
ORD-0000632,2026-08-17,sku0050,wh004,51,shipped
ORD-0001893,2026-06-02,sku0024,wh005,45,delivered
ORD-0001259,2026-06-21,sku0047,wh003,48,in transit
ORD-0000593,2026-06-18,sku0010,wh006,22,shipped
ORD-0001957,%m/%d/%Y,sku0001,wh004,-6,pending
ORD-0000364,31/31/2026,sku0015,wh005,-5,pending
ORD-0001818,2026-08-15,sku0033,wh002,91,pending
ORD-0000506,2026-06-20,,wh003,74,shipped
ORD-0001711,2026-06-06,sku0047,wh002,-3,cancelled
ORD-0002128,2026-07-18,sku0011,wh003,21,shipped
ORD-0001337,2026-08-23,sku1001,wh003,55,delivered
ORD-0001914,2026-06-14,,wh006,15,pending
ORD-0000905,%d/%m/%Y,sku0017,wh007,26,pending
ORD-0000734,2026-06-11,sku0048,wh006,84,shipped
ORD-0002127,2026-06-24,sku0022,wh005,66,delivered
ORD-0001183,2026-08-23,sku0004,wh007,55,delivered
ORD-0001197,2026-07-05,sku0024,wh004,35,pending
ORD-0001555,2026-06-28,sku0049,wh999,21,shipped
ORD-0000119,2026-08-21,,wh004,7,pending
ORD-0002101,2026-06-19,sku0051,wh005,46,cancelled
ORD-0000707,2026-06-22,sku0044,wh002,7,cancelled
ORD-0001932,2026-06-25,sku0000,wh005,65,canceled
ORD-0000746,2026-07-19,,wh006,61,pending
ORD-0000523,2026-06-14,sku0042,wh008,87,shipped
ORD-0000916,2026-07-22,sku0050,wh006,7,canceled
ORD-0001412,2026-07-08,sku0041,wh004,57,pending
ORD-0001570,2026-08-04,sku0048,wh003,29,delivered
ORD-0000999,2026-06-28,sku0046,wh007,48,pending
ORD-0000514,%d/%m/%Y,sku0047,wh008,73,in transit
ORD-0000082,2026-07-08,sku0009,wh002,7,cancelled
ORD-0001878,2026-06-06,sku0041,wh008,65,shipped
ORD-0001023,2026-07-02,sku9999,wh002,61,pend
ORD-0001323,%Y-%m-%d,sku0041,wh004,-3,shipd
ORD-0000915,%d/%m/%Y,sku0013,wh005,84,shipped
ORD-0000381,%d/%m/%Y,sku0054,wh007,75,shipped
ORD-0001513,2026-08-25,sku0008,wh002,16,shipped
ORD-0002022,2026-08-16,sku0038,wh001,22,pending
ORD-0000085,2026-07-15,sku0021,wh0,6,delivered
ORD-0002005,2026-08-07,sku0003,wh007,83,delivered
ORD-0000673,2026-06-29,sku0047,wh002,42,cancelled
ORD-0000775,2026-06-12,sku0012,wh0,-1,cancelled
ORD-0000330,2026-07-10,sku0022,wh006,46,shipd
ORD-0000007,2026-07-01,sku0004,wh002,96,cancelled
ORD-0000944,2026-07-29,sku0056,wh005,98,pending
ORD-0001227,2026-07-02,,wh001,10,delivered
ORD-0001607,2026-08-17,sku0013,wh006,28,cancelled
ORD-0000910,2026-06-27,sku0013,wh005,44,shipd
ORD-0000469,2026-07-29,sku0013,wh004,94,cancelled
ORD-0000182,2026-08-20,sku0056,wh006,-2,cancelled
ORD-0000165,2026-06-27,sku0009,wh006,-8,delivered
ORD-0001547,2026-07-12,sku0036,wh004,95,shipped
ORD-0000452,2026-08-17,sku0037,wh006,87,cancelled
ORD-0002103,2026-08-22,sku0027,wh006,-2,delivered
ORD-0000491,2026-08-01,,wh004,71,shipped
ORD-0001317,2026-07-20,sku0056,wh002,83,delivered
ORD-0001773,2026-06-29,sku0032,wh006,-2,delivered
ORD-0000288,%Y/%m/%d %H:%M,sku0001,wh006,74,pend
ORD-0001936,%d/%m/%Y,sku0033,wh007,30,delivered
ORD-0000088,2026-08-13,,wh007,42,pend
ORD-0001911,2026-08-03,sku0048,wh002,58,in transit
ORD-0000803,2026-06-18,sku0042,wh003,1,delivered
ORD-0001055,,sku0044,wh002,-5,pend
ORD-0000998,2026-08-03,sku0010,wh007,73,delivered
ORD-0001623,2026-07-04,sku0029,wh007,-1,cancelled
ORD-0002038,,sku0053,wh002,84,delivered
ORD-0001382,2026-07-19,sku0032,wh003,27,cancelled
ORD-0001962,2026-07-24,sku0033,wh005,58,cancelled
ORD-0001656,2026-06-26,sku0015,wh002,26,deliverd
ORD-0002180,%d/%m/%Y,sku0000,wh007,55,pending
ORD-0002095,%Y-%m-%d,,wh008,41,cancelled
ORD-0001975,2026-07-22,sku0017,wh005,72,pend
ORD-0000328,%m/%d/%Y,sku0024,wh002,52,cancelled
ORD-0001375,2026-06-20,sku0003,wh006,14,delivered
ORD-0000443,%d/%m/%Y,sku0025,wh004,95,shipped
ORD-0000835,%Y-%m-%d,,wh008,85,delivered
ORD-0001455,2026-08-07,sku0037,wh002,8,shipped
ORD-0001221,2026-06-20,sku0005,wh003,25,shipped
ORD-0000833,2026-06-26,sku0050,wc001,76,pending
ORD-0001288,2026-08-15,sku9999,wh003,35,delivered
ORD-0000349,%Y/%m/%d %H:%M,sku0060,wh008,11,cancelled
ORD-0001135,2026-08-06,sku0049,wh001,76,cancelled
ORD-0000178,2026-08-25,sku0050,wh007,9,shipd
ORD-0001474,2026-08-22,sku0049,wh004,37,delivered
ORD-0002125,2026-07-14,sku0042,wh005,89,shipped
ORD-0002159,2026-06-04,sku0050,wh004,75,delivered
ORD-0000087,2026-06-08,sku0025,wh006,64,cancelled
ORD-0001690,2026-06-15,sku0014,wh005,98,shipped
ORD-0002162,2026-06-10,sku0043,wh006,37,delivered
ORD-0001954,2026-08-06,sku0014,wh004,43,delivered
ORD-0000979,%d/%m/%Y,sku1001,wh006,-5,shipped
ORD-0000458,%Y-%m-%d,sku0059,wh003,74,shipped
ORD-0000778,%Y-%m-%d,sku0018,wh005,71,pending
ORD-0001531,,sku0011,wh007,74,shipped
ORD-0000643,2026-08-02,sku0033,wh001,35,pending
ORD-0002119,2026-08-29,sku0059,wc001,39,in transit
ORD-0000055,2026-07-03,sku0059,wh008,63,shipped
ORD-0001450,2026-07-07,sku0022,wh005,15,pending
ORD-0001798,2026-06-05,sku0000,wh004,3,pend
ORD-0001749,2026-06-18,sku0040,wh005,57,delivered
ORD-0000644,2026-07-02,sku0006,wh007,64,delivered
ORD-0001294,2026-08-10,sku0029,wh006,18,cancelled
ORD-0001209,2026-06-09,,wh005,56,delivered
ORD-0000678,2026-07-01,sku0016,wh007,62,cancelled
ORD-0000222,2026-06-06,sku0013,wh005,-6,canceled
ORD-0000114,2026-07-03,sku0007,wh006,18,pending
ORD-0001895,2026-06-21,sku0046,wh001,42,delivered
ORD-0000988,2026-07-08,sku0054,wh005,42,pending
ORD-0001458,2026-06-10,sku0035,wh004,60,shipd
ORD-0001331,2026-08-06,sku0011,wh004,6,cancelled
ORD-0001010,2026-06-22,sku0007,wh006,59,cancelled
ORD-0000175,2026-07-14,sku0052,wh005,86,shipped
ORD-0001069,2026-06-02,sku0023,wh007,22,shipped
ORD-0000590,2026-06-17,sku0040,wh007,17,delivered
ORD-0001703,2026-06-16,sku0056,wh005,46,shipped
ORD-0001867,2026-06-12,sku0007,wc001,-3,pending
ORD-0000019,2026-06-29,sku0048,wh007,67,shipped
ORD-0000424,2026-07-09,sku0045,wh004,-7,shipped
ORD-0001681,2026-07-12,sku0047,,94,shipped
ORD-0000286,%Y-%m-%d,sku0011,wh005,73,delivered
ORD-0001892,2026-07-08,unknown,wh001,19,pending
ORD-0000429,2026-08-02,sku0010,wh004,36,delivered
ORD-0002188,2026-07-05,sku9999,wh006,99,delivered
ORD-0001044,2026-07-27,sku0022,wh999,5,delivered
ORD-0000670,2026-08-18,sku0045,wh001,45,delivered
ORD-0000032,2026-07-25,sku0021,wh008,68,pending
ORD-0000723,2026-08-14,sku0047,wh005,62,cancelled
ORD-0000952,2026-06-15,sku0019,wh006,8,shipped
ORD-0001357,2026-06-26,sku0030,wh006,29,pending
ORD-0000215,2026-06-22,sku0003,wh0,38,pending
ORD-0001379,2026-08-11,sku0031,wh006,49,pending
ORD-0000327,2026-06-06,sku0052,wh007,84,delivered
ORD-0000561,2026-07-25,sku0004,wh004,88,pending
ORD-0001413,2026-08-07,sku0010,wh004,29,delivered
ORD-0000342,%d/%m/%Y,sku0030,wc001,7,cancelled
ORD-0000148,2026-07-05,sku0020,wh007,25,pending
ORD-0001421,2026-08-06,sku0058,wh006,8,shipped
ORD-0001666,2026-07-24,,wh007,41,pend
ORD-0000967,2026-06-13,sku0051,wh008,-7,cancelled
ORD-0000156,2026-07-17,sku0020,wh001,5,shipped
ORD-0001274,2026-06-08,sku9999,wh002,8,cancelled
ORD-0001233,2026-06-23,,wh001,27,cancelled
ORD-0001802,2026-07-05,sku0041,wh005,54,cancelled
ORD-0001425,2026-07-14,sku0035,wh008,45,delivered
ORD-0001989,2026-06-11,sku0013,wh001,-2,delivered
ORD-0001428,2026-06-01,sku0009,wh007,78,shipped
ORD-0002084,2026-06-25,sku0028,wh004,58,cancelled
ORD-0001250,2026-07-22,sku0005,wh007,95,cancelled
ORD-0002077,2026-06-05,sku0050,wh007,-1,cancelled
ORD-0001821,2026-08-31,sku0000,wh004,2,shipped
ORD-0001537,2026-07-12,sku0054,wh007,43,pend
ORD-0001929,%Y-%m-%d,sku0042,wh003,72,delivered
ORD-0000939,2026-08-14,sku0026,wh007,55,shipped
ORD-0001933,2026-08-27,sku0032,wh004,94,delivered
ORD-0000347,2026-08-19,sku0005,wh008,92,shipped
ORD-0001659,2026-07-17,sku0032,wh004,83,shipped
ORD-0002192,2026-06-20,sku0032,wh005,13,delivered
ORD-0000386,2026-07-31,sku0027,wh008,56,cancelled
ORD-0001514,2026-06-18,sku0013,wh001,91,pending
ORD-0001371,2026-06-07,sku0048,wh008,66,cancelled
ORD-0000244,2026-07-22,sku0001,wh002,36,pending
ORD-0001147,2026-08-16,sku0017,wh0,10,in transit
ORD-0000937,2026-08-31,sku0019,wh003,65,shipd
ORD-0001766,2026-07-22,sku0050,wh005,18,pend
ORD-0000313,2026-06-15,sku0013,wh004,14,delivered
ORD-0002161,2026-06-13,sku0042,wh005,34,pending
ORD-0000969,2026-07-14,,wh001,14,shipped
ORD-0000661,2026-07-23,sku0029,wh007,80,delivered
ORD-0001782,2026-07-01,sku0042,wh006,13,in transit
ORD-0000371,2026-07-07,sku0007,wc001,40,pending
ORD-0000567,2026-07-20,sku0031,wh004,5,cancelled
ORD-0001519,2026-08-16,sku0046,wh004,-7,canceled
ORD-0000825,2026-08-27,sku0042,wh006,77,delivered
ORD-0000983,2026-08-14,sku0000,wh002,30,delivered
ORD-0001348,2026-07-18,,wh001,2,shipped
ORD-0000814,2026-06-01,sku0009,wh008,68,shipped
ORD-0000779,2026-06-05,sku0025,wh001,-5,shipped
ORD-0001053,2026-06-09,sku0021,wh001,71,shipped
ORD-0001969,2026-06-11,,wh004,-1,shipped
ORD-0001014,2026-06-26,sku0037,wh004,50,pending
ORD-0001315,2026-07-22,sku1001,wh005,36,delivered
ORD-0002045,2026-08-10,sku0040,wh002,70,delivered
ORD-0000127,2026-07-06,sku0026,wh001,11,shipped
ORD-0000888,2026-08-02,sku9999,wh007,38,pending
ORD-0001008,%m/%d/%Y,sku0016,wh001,47,pending
ORD-0000356,2026-06-29,,wh002,32,shipped
ORD-0002031,2026-06-27,sku0007,wh006,4,cancelled
ORD-0000683,,sku0045,wh008,25,delivered
ORD-0001836,2026-06-29,sku0028,wh001,40,cancelled
ORD-0001300,2026-07-22,sku0058,wh006,13,cancelled
ORD-0000985,2026-07-22,sku0054,wh004,74,pending
ORD-0001727,2026-07-31,sku0060,wh007,49,shipped
ORD-0000141,2026-07-25,sku0002,wh007,57,cancelled
ORD-0001815,2026-08-29,sku0051,wh005,61,pending
ORD-0001597,2026-07-22,sku1001,wh006,35,pending
ORD-0001487,2026-08-05,sku0045,wh0,24,pending
ORD-0002115,2026-06-23,sku0040,wh002,83,pending
ORD-0001308,2026-06-16,sku0035,wh001,29,delivered
ORD-0001117,2026-08-15,,wh002,-4,delivered
ORD-0001713,2026-08-09,sku0013,wh004,24,cancelled
ORD-0000712,2026-06-28,sku0006,wh002,-8,pending
ORD-0001849,2026-08-27,sku0012,wh001,93,cancelled
ORD-0002011,2026-08-08,sku0037,wh001,82,in transit
ORD-0000011,2026-07-16,sku0008,wh007,25,shipped
ORD-0001339,2026-07-24,sku0009,,55,delivered
ORD-0001303,2026-08-02,sku0039,wh006,50,cancelled
ORD-0000755,2026-06-25,sku0011,wh002,93,pending
ORD-0000627,2026-08-11,sku0020,wh002,45,pending
ORD-0001489,2026-06-27,sku0012,wh004,44,pending
ORD-0000130,%Y/%m/%d %H:%M,sku0034,wh008,15,delivered
ORD-0000844,2026-07-11,sku0047,wh007,2,shipped
ORD-0000324,2026-06-09,sku0037,wh007,74,shipped
ORD-0001646,2026-07-29,,wh001,32,delivered
ORD-0000015,2026-08-03,sku0027,wh006,34,cancelled
ORD-0001595,2026-06-04,sku0054,wh008,74,delivered
ORD-0000216,2026-07-23,sku0058,wh004,67,in transit
ORD-0001526,2026-06-25,sku0026,wh004,36,shipped
ORD-0001502,2026-07-20,sku0056,wh001,68,delivered
ORD-0001265,2026-06-19,sku1001,wh001,55,shipped
ORD-0000865,2026-07-05,sku0041,wh005,59,pend
ORD-0000517,2026-07-28,sku0003,wh008,24,pending
ORD-0000598,2026-06-11,sku0020,wh007,62,cancelled
ORD-0000196,2026-07-09,sku0003,wh002,97,pending
ORD-0000289,%Y-%m-%d,sku0050,wh002,59,pending
ORD-0000951,2026-07-21,sku0007,wh004,91,pending
ORD-0002090,2026-06-24,sku0002,wh007,49,cancelled
ORD-0001645,2026-08-07,sku0028,wh005,-4,shipped
ORD-0001121,2026-08-13,sku0034,wh008,-2,shipped
ORD-0000550,2026-07-04,sku0016,wh003,34,delivered
ORD-0000157,2026-08-19,sku0011,wh002,42,cancelled
ORD-0000420,2026-08-23,sku0034,wh001,17,pending
ORD-0000923,2026-06-19,sku0052,wc001,39,pend
ORD-0000478,2026-08-30,sku0007,wh008,5,delivered
ORD-0001429,2026-08-01,sku0023,wh007,98,pending
ORD-0000554,2026-08-31,sku0041,wh006,25,delivered
ORD-0000391,2026-06-19,sku0011,wh001,58,pending
ORD-0000579,2026-06-26,sku0056,wh002,69,cancelled
ORD-0002044,2026-07-13,sku0048,wh003,14,shipped
ORD-0002079,2026-06-08,sku0053,wh008,44,cancelled
ORD-0001966,2026-08-29,sku0043,wh001,30,pending
ORD-0000821,%d/%m/%Y,sku0021,wh002,71,pend
ORD-0002121,2026-07-18,sku0020,wh003,75,shipped
ORD-0001007,2026-08-22,sku0037,wh008,-7,shipd
ORD-0001252,2026-07-19,sku0032,wh007,32,delivered
ORD-0000665,2026-07-25,sku0033,wh001,42,delivered
ORD-0001799,2026-08-23,sku9999,wh004,47,pending
ORD-0000143,2026-08-16,sku0048,wh006,79,cancelled
ORD-0001814,2026-08-23,sku0001,wh007,33,pending
ORD-0001851,2026-07-03,sku0039,wh005,21,deliverd
ORD-0000422,2026-06-04,sku1001,wh005,41,shipped
ORD-0000800,2026-07-24,sku0056,,38,pending
ORD-0000616,2026-07-25,sku0011,wh005,87,pending
ORD-0000296,2026-08-12,sku0052,wh008,5,delivered
ORD-0000402,2026-08-26,sku0041,wh007,-5,delivered
ORD-0000089,2026-08-19,,wh005,62,cancelled
ORD-0001585,2026-06-08,sku0005,wc001,-2,pending
ORD-0002179,2026-08-26,sku0017,wh005,24,shipped
ORD-0000132,2026-08-03,sku0018,wh006,21,shipped
ORD-0001208,2026-06-18,sku0014,wh004,81,shipped
ORD-0001286,2026-06-13,unknown,wh001,27,shipped
ORD-0001945,2026-07-01,sku0022,wh004,46,cancelled
ORD-0001793,2026-07-10,sku0004,wh008,47,cancelled
ORD-0000725,2026-08-29,sku0052,wh005,-3,shipped
ORD-0001360,2026-08-16,sku0020,wh002,41,pend
ORD-0000270,2026-08-26,sku0046,wh006,9,in transit
ORD-0001624,2026-06-26,,wh004,3,shipd
ORD-0000918,2026-08-06,,wh008,79,pending
ORD-0002108,2026-08-20,sku0000,wh005,18,shipd
ORD-0001717,2026-06-03,sku0006,wc001,30,delivered
ORD-0001226,2026-06-21,sku0018,wh004,-6,cancelled
ORD-0000376,31/31/2026,sku0039,wh002,19,delivered
ORD-0000334,2026-06-13,sku0050,wh006,18,delivered
ORD-0001381,,sku0006,wh008,54,shipped
ORD-0002080,2026-07-31,sku0008,wh002,49,shipped
ORD-0001119,%Y/%m/%d %H:%M,sku0044,wh005,65,pending
ORD-0000911,2026-07-14,sku0047,wh0,98,shipped
ORD-0000777,2026-07-18,sku0014,wh001,85,delivered
ORD-0001341,2026-07-01,sku0055,wh007,60,pending
ORD-0000329,2026-07-16,sku0030,wh008,12,delivered
ORD-0001830,%Y-%m-%d,sku0042,wh008,34,delivered
ORD-0000013,2026-06-26,sku0016,wh005,11,pending
ORD-0000898,2026-08-03,sku0059,wh002,81,shipd
ORD-0000172,2026-06-30,sku0006,wh007,52,delivered
ORD-0000261,2026-08-23,unknown,wh002,-2,shipped
ORD-0001442,2026-07-06,sku0005,wh008,28,pending
ORD-0001860,,,wh008,-5,shipd
ORD-0000902,2026-06-19,sku0001,wh004,90,pending
ORD-0000259,2026-06-29,sku0042,wh008,-6,cancelled
ORD-0000845,2026-06-19,sku0013,wh007,16,pending
ORD-0000139,2026-08-18,sku0014,wh005,45,delivered
ORD-0000320,2026-08-05,sku0059,,39,pending
ORD-0001826,2026-06-07,sku0046,wh008,93,cancelled
ORD-0001467,%m/%d/%Y,sku0007,wh004,94,delivered
ORD-0002133,2026-07-09,sku0049,wh002,1,pending
ORD-0000559,2026-08-27,sku0060,wh001,37,shipped
ORD-0000140,2026-06-19,sku0009,wc001,31,in transit
ORD-0000113,2026-07-26,sku0003,wh003,27,shipped
ORD-0000532,%m/%d/%Y,sku0051,wh001,85,delivered
ORD-0000225,2026-08-11,sku0013,wh006,1,pending
ORD-0000724,2026-08-04,sku0052,wh999,50,shipped
ORD-0002054,%d/%m/%Y,unknown,wh003,30,cancelled
ORD-0001754,2026-08-21,sku0005,wh003,3,shipped
ORD-0000326,2026-06-17,sku0009,wh002,45,delivered
ORD-0001503,2026-06-24,sku0055,wh006,61,pend
ORD-0001291,2026-07-21,sku0044,wh001,84,delivered
ORD-0000715,2026-08-13,sku0012,wh005,11,delivered
ORD-0000847,2026-07-12,sku0023,wh007,69,delivered
ORD-0000194,2026-06-08,sku0002,wh007,43,shipped
ORD-0000574,2026-07-05,sku0030,wh002,57,shipped
ORD-0000947,2026-06-14,sku0019,wh005,40,shipd
ORD-0000504,2026-08-15,sku0060,wh002,69,shipped
ORD-0001396,2026-07-13,sku0053,wh002,93,delivered
ORD-0001386,2026-06-13,sku9999,wh007,47,cancelled
ORD-0000646,2026-08-07,sku0018,wh008,23,pending
ORD-0000004,%d/%m/%Y,sku0053,wh008,14,cancelled
ORD-0002144,2026-08-22,sku0041,wh005,98,cancelled
ORD-0000468,2026-08-13,sku0023,wh999,-6,pending
ORD-0000006,2026-07-24,sku0020,wh008,93,shipped
ORD-0001640,2026-06-07,sku0038,wh008,85,shipped
ORD-0000548,2026-08-04,sku9999,wh003,71,shipped
ORD-0000229,2026-08-24,,wh004,3,pending
ORD-0001064,2026-06-08,sku0055,wh003,52,shipd
ORD-0000543,%m/%d/%Y,sku0031,wh004,6,shipped
ORD-0000243,2026-06-07,sku0025,,21,delivered
ORD-0000899,2026-08-19,sku0003,wh004,7,pending
ORD-0001701,2026-08-20,sku0033,wh003,74,delivered
ORD-0001161,2026-08-03,sku0049,wh003,32,shipped
ORD-0001415,2026-08-23,sku0004,wh001,6,delivered
ORD-0001748,2026-08-31,sku0049,wh005,96,pending
ORD-0000843,2026-08-28,sku0015,wh001,9,cancelled
ORD-0001700,2026-07-20,sku0021,wh007,93,shipped
ORD-0001376,2026-06-10,sku0048,wh003,39,cancelled
ORD-0000277,2026-08-23,sku0025,wh005,86,shipped
ORD-0000662,2026-06-12,sku0055,wh001,58,shipped
ORD-0001437,%Y-%m-%d,sku0005,wh003,40,delivered
ORD-0000315,2026-08-11,sku0007,wh001,13,pend
ORD-0000692,%Y/%m/%d %H:%M,sku0020,wh006,39,delivered
ORD-0001829,2026-07-21,sku0026,wh008,51,deliverd
ORD-0000425,2026-07-04,sku0027,wh004,73,pending
ORD-0000595,2026-07-24,sku0046,wh001,42,delivered
ORD-0002193,2026-08-13,sku0013,wh001,89,shipped
ORD-0000623,2026-08-26,sku0013,wh001,99,cancelled
ORD-0001394,2026-08-18,sku0045,wh004,26,cancelled
ORD-0001245,2026-07-05,sku0025,wh999,86,shipped
ORD-0000228,2026-08-25,sku0046,wh004,54,cancelled
ORD-0001333,2026-07-27,sku0024,wh999,99,shipped
ORD-0001170,2026-08-04,sku0011,wh003,60,delivered
ORD-0002168,2026-08-03,sku0032,wh008,74,delivered
ORD-0001310,2026-06-08,sku0004,wh006,30,shipped
ORD-0000067,2026-07-13,sku0059,wh006,89,pending
ORD-0000025,2026-07-06,unknown,wh007,48,shipped
ORD-0001236,2026-06-19,sku0056,wh008,83,in transit
ORD-0000145,2026-06-23,sku0009,wh007,19,cancelled
ORD-0000537,2026-08-20,sku0006,wh005,-2,cancelled
ORD-0000812,2026-08-10,sku0003,wh006,69,pend
ORD-0001335,2026-08-16,sku1001,wh003,4,cancelled
ORD-0000086,2026-07-27,,wh004,48,shipped
ORD-0001255,2026-07-18,sku0030,wc001,47,shipped
ORD-0001587,2026-07-25,,wh003,16,delivered
ORD-0001407,2026-06-11,sku0053,wh001,7,shipped
ORD-0001715,2026-07-24,sku0002,wh004,84,delivered
ORD-0000485,2026-06-21,sku0021,wh999,62,pending
ORD-0001899,2026-07-25,,wh001,15,delivered
ORD-0002116,%d/%m/%Y,sku0009,wh001,72,cancelled
ORD-0001638,2026-08-22,sku0018,wh004,70,pend
ORD-0001363,2026-06-29,sku0013,wh007,49,cancelled
ORD-0000363,%m/%d/%Y,sku0000,wh001,28,cancelled
ORD-0002109,2026-08-27,sku0022,wh005,5,shipped
ORD-0001884,2026-06-16,sku0006,wh003,48,cancelled
ORD-0001027,2026-08-04,sku0010,wh003,31,pending
ORD-0001031,2026-08-10,,wh007,83,cancelled
ORD-0001552,2026-06-07,sku0059,wh001,22,pending
ORD-0001617,%m/%d/%Y,sku0016,wh003,31,shipped
ORD-0001870,2026-07-28,sku0035,wh002,55,deliverd
ORD-0000666,2026-06-26,sku0057,wh005,73,shipped
ORD-0000365,2026-08-10,sku0034,wh003,93,cancelled
ORD-0001240,2026-06-29,sku0039,wh003,93,pending
ORD-0000078,2026-07-29,sku0015,wh005,37,delivered
ORD-0000028,2026-08-06,sku0028,wh007,-5,cancelled
ORD-0001721,2026-06-28,sku0011,wh004,97,delivered
ORD-0000526,2026-07-18,sku0042,wh007,11,cancelled
ORD-0000726,2026-06-16,,wh0,88,cancelled
ORD-0000056,2026-08-21,sku0006,wh003,54,shipped
ORD-0000639,2026-06-03,sku0051,wh003,78,cancelled
ORD-0000303,2026-06-08,sku0044,wh001,52,pending
ORD-0000719,2026-06-25,sku0038,wh006,93,shipped
ORD-0001448,2026-08-11,sku0047,wh001,62,delivered
ORD-0000625,2026-06-28,sku0021,wh007,86,pending
ORD-0000008,2026-07-16,sku0036,wh003,65,pending
ORD-0001281,2026-08-22,unknown,wh006,54,pend
ORD-0000804,2026-06-22,sku0032,wh003,11,shipped
ORD-0001050,%Y/%m/%d %H:%M,sku9999,wh003,78,cancelled
ORD-0000337,2026-07-29,sku0055,wh005,66,shipped
ORD-0000048,2026-07-01,sku0037,wh004,61,pending
ORD-0001772,2026-06-20,sku0000,wh004,58,pend
ORD-0000107,2026-06-17,sku0018,wh008,71,cancelled
ORD-0000350,2026-08-15,sku0045,wh008,11,delivered
ORD-0001080,%Y/%m/%d %H:%M,sku0050,wh007,36,delivered
ORD-0000239,2026-08-30,sku0037,wh003,45,shipped
ORD-0000214,2026-07-06,sku0015,wh003,68,cancelled
ORD-0001145,2026-08-02,sku0021,wh006,4,delivered
ORD-0001491,2026-07-03,sku0023,wh006,95,cancelled
ORD-0002083,2026-06-10,sku0042,wh999,46,cancelled
ORD-0000794,2026-08-23,sku0032,wh003,29,cancelled
ORD-0001097,2026-08-23,sku0018,wh003,80,shipped
ORD-0001403,2026-06-23,sku0054,wh007,44,shipped
ORD-0001338,2026-06-27,sku0035,wh003,98,shipped
ORD-0001891,2026-06-12,sku0018,wh008,58,cancelled
ORD-0001998,2026-07-30,sku0000,wh005,11,shipped
ORD-0000524,2026-07-15,sku0059,wh006,66,pend
ORD-0000233,2026-13-45,sku0014,wh008,7,pend
ORD-0000645,2026-07-28,sku0006,wh007,9,cancelled
ORD-0001804,2026-06-21,sku0021,wh007,78,pending
ORD-0000534,2026-08-22,sku0008,wh0,82,shipped
ORD-0001805,2026-08-09,sku0000,wh003,53,pending
ORD-0000604,2026-08-24,sku0044,wh003,69,cancelled
ORD-0001436,%Y-%m-%d,sku0000,wh007,9,shipped
ORD-0001075,2026-08-08,sku0058,wh004,44,cancelled
ORD-0001557,2026-06-09,sku0032,wh007,58,pending
ORD-0000061,2026-06-30,sku0011,wh002,14,pending
ORD-0001504,2026-08-10,sku0015,wh006,-7,deliverd
ORD-0000093,%Y-%m-%d,sku0010,wh007,61,delivered
ORD-0000667,2026-08-18,,wh004,21,pending
ORD-0001324,2026-06-11,sku0058,wh005,17,delivered
ORD-0001935,2026-06-02,sku0011,wh008,69,pending
ORD-0000281,2026-07-23,sku0015,wh0,55,cancelled
ORD-0001991,%m/%d/%Y,sku0047,wh007,41,cancelled
ORD-0000360,%Y-%m-%d,sku0060,wh002,24,cancelled
ORD-0001344,2026-08-11,sku0000,wh007,-2,deliverd
ORD-0001392,2026-07-13,sku0001,wh004,39,pending
ORD-0000848,2026-07-15,sku0049,wh006,1,cancelled
ORD-0001207,2026-06-08,sku0031,wh005,94,shipped
ORD-0001794,2026-06-09,sku0035,wh001,23,pending
ORD-0000111,%d/%m/%Y,sku0010,wh001,8,shipped
ORD-0000043,2026-06-08,,wh003,91,shipd
ORD-0000126,2026-07-13,sku0060,wh002,15,cancelled
ORD-0000205,2026-08-15,sku0023,wh006,-5,pending
ORD-0000053,2026-08-22,sku0047,wh004,41,pending
ORD-0000546,2026-08-17,,wh005,75,shipped
ORD-0000069,2026-08-21,sku0052,wh001,6,shipped
ORD-0001352,2026-08-02,sku0030,wh003,55,shipd
ORD-0001850,%Y-%m-%d,sku0050,wh999,-3,shipped
ORD-0000184,2026-06-17,sku0056,wh002,-1,shipped
ORD-0000138,2026-08-24,sku0008,wh004,-2,cancelled
ORD-0000900,2026-06-15,sku0005,wh002,7,shipped
ORD-0000797,2026-07-06,sku1001,wh001,61,shipped
ORD-0000133,2026-06-09,sku0018,wh007,20,cancelled
ORD-0000081,2026-08-16,sku0051,wh004,51,cancelled
ORD-0001777,2026-07-31,sku0060,wh004,86,shipped
ORD-0001841,2026-06-07,sku0057,wc001,11,delivered
ORD-0000542,%Y/%m/%d %H:%M,sku0035,wh005,11,cancelled
ORD-0001905,2026-06-21,sku0005,wh004,20,pending
ORD-0000984,2026-07-17,sku0027,wh001,34,shipped
ORD-0000166,2026-07-26,sku0027,,80,shipped
ORD-0000249,2026-08-05,sku0006,wh001,-8,pend
ORD-0001332,2026-07-18,sku0056,wh999,44,shipped
ORD-0000447,2026-07-31,sku0049,wh003,91,cancelled
ORD-0001367,2026-07-07,sku0035,wh003,30,pending
ORD-0000859,2026-06-16,sku0039,wh003,98,delivered
ORD-0001359,2026-06-20,sku0048,wh006,13,in transit
ORD-0002055,2026-08-09,sku0027,wh002,43,cancelled
ORD-0000098,2026-08-28,sku0015,wh008,10,cancelled
ORD-0001384,2026-07-10,sku0031,wh001,47,delivered
ORD-0000806,2026-06-07,sku0038,wh004,69,pending
ORD-0000738,2026-07-15,sku0041,wh003,-4,delivered
ORD-0002074,2026-06-10,sku0007,wh002,28,pending
ORD-0000103,2026-07-29,sku0030,wh999,32,canceled
ORD-0000435,2026-08-26,sku0029,wh007,88,cancelled
ORD-0000075,2026-07-27,sku0059,wh005,25,pending
ORD-0000578,2026-08-31,sku0010,wh003,96,pending
ORD-0001427,2026-07-22,sku0014,wh008,-8,cancelled
ORD-0001495,%d/%m/%Y,sku0006,wh001,19,shipped
ORD-0001231,2026-07-13,sku0004,wh007,67,delivered
ORD-0000919,%d/%m/%Y,sku0003,wh005,2,pending
ORD-0001327,,sku0002,wh004,-7,shipped
ORD-0002050,2026-07-29,sku0024,wh001,59,pending
ORD-0001997,2026-06-22,sku0016,wh006,83,pend
ORD-0001934,2026-07-26,sku0016,wh006,-8,pending
ORD-0000763,2026-06-10,unknown,wh003,49,pending
ORD-0000990,2026-08-10,sku0030,wh008,74,delivered
ORD-0000389,2026-07-27,sku0034,wh007,82,shipped
ORD-0000236,2026-08-14,sku0005,wh004,96,delivered
ORD-0002009,2026-06-29,sku0031,wh003,99,pending
ORD-0000268,2026-07-05,sku0046,wh008,75,shipped
ORD-0001330,2026-06-01,sku0015,wh007,52,pending
ORD-0001411,2026-06-18,sku0037,wh004,91,delivered
ORD-0000118,2026-08-21,sku0043,wh002,23,shipped
ORD-0001918,2026-07-12,sku0030,wh002,87,delivered
ORD-0000674,2026-07-31,sku0024,wh005,13,delivered
ORD-0000250,2026-06-26,sku0000,wh001,6,cancelled
ORD-0001739,2026-08-25,sku0004,wh004,30,delivered
ORD-0000878,2026-07-09,sku0044,wh008,31,shipped
ORD-0000095,2026-06-11,sku0046,wh008,39,in transit
ORD-0001469,2026-07-02,sku0027,wh008,22,pending
ORD-0000034,2026-06-09,sku0045,wh001,-6,cancelled
ORD-0001751,2026-06-25,sku0017,wh004,20,cancelled
ORD-0001994,2026-07-08,sku0004,wh006,-8,shipped
ORD-0000449,2026-06-02,sku0044,wh008,90,shipped
ORD-0000717,2026-08-18,,wh005,86,shipped
ORD-0001928,2026-07-05,sku0056,wh007,98,shipped
ORD-0001866,2026-08-31,sku0054,wh008,56,cancelled
ORD-0000001,2026-08-20,sku0017,wh006,62,delivered
ORD-0001641,2026-06-15,,wh007,94,shipd
ORD-0001102,2026-08-01,sku0059,wh004,50,pending
ORD-0001109,2026-06-26,sku0039,wh0,23,pending
ORD-0001456,2026-08-25,sku1001,wh001,75,cancelled
ORD-0000083,2026-07-04,sku0039,wh003,8,delivered
ORD-0001533,2026-06-26,sku0035,wh007,96,shipped
ORD-0000677,2026-07-21,sku0058,wh004,39,delivered
ORD-0001736,2026-06-29,sku0033,wh006,1,shipped
ORD-0001047,2026-06-03,sku0054,wc001,87,shipped
ORD-0000771,2026-08-22,sku0058,wh002,30,in transit
ORD-0001648,2026-06-01,sku0009,wh007,48,pending
ORD-0001524,2026-08-04,sku0022,wh008,62,pending
ORD-0001889,2026-07-08,sku0034,wh004,50,cancelled
ORD-0001783,2026-07-13,sku0043,wh003,95,shipped
ORD-0000405,2026-07-25,sku0053,wh008,19,cancelled
ORD-0000385,2026-08-06,sku0052,wh008,78,shipped
ORD-0001546,2026-07-13,sku0000,wh007,65,delivered
ORD-0000105,31/31/2026,sku0045,wh002,9,cancelled
ORD-0000689,2026-08-17,sku0045,wh007,20,delivered
ORD-0001558,2026-08-15,sku0044,wh003,46,shipped
ORD-0000827,not-a-date,sku0057,wh007,88,shipd
ORD-0001241,2026-08-16,sku0039,wh008,94,canceled
ORD-0000063,2026-06-23,,wh007,96,cancelled
ORD-0001306,2026-07-23,sku0009,wh002,74,pending
ORD-0000853,2026-06-22,sku0042,wh007,26,canceled
ORD-0001615,2026-06-11,sku0036,wh002,1,cancelled
ORD-0001263,2026-07-18,sku0027,wh008,18,cancelled
ORD-0000224,2026-07-15,sku0036,wh007,28,delivered
ORD-0000146,2026-06-16,sku0027,wh004,8,delivered
ORD-0001089,2026-07-31,sku0013,wh006,97,pending
ORD-0000374,2026-07-02,sku0024,wh004,12,cancelled
ORD-0001702,2026-08-10,sku0051,wh006,49,cancelled
ORD-0001143,2026-08-19,sku0030,wh005,81,cancelled
ORD-0002122,2026-06-17,,wh004,71,delivered
ORD-0001789,%m/%d/%Y,sku0009,wh007,56,cancelled
ORD-0001275,2026-07-14,sku0007,wh002,32,shipped
ORD-0001266,2026-06-05,,wh002,47,shipped
ORD-0001912,2026-07-30,sku0040,wh004,24,shipped
ORD-0001511,2026-08-24,sku0052,wh007,96,pending
ORD-0000010,2026-07-22,sku0054,wh007,68,pending
ORD-0000450,2026-07-30,,wh006,97,pending
ORD-0000709,%m/%d/%Y,sku0013,wh005,70,shipped
ORD-0000256,2026-06-10,sku0013,wh003,24,delivered
ORD-0000883,2026-06-20,sku0057,wh002,92,pending
ORD-0000390,2026-08-07,sku0053,wh008,94,in transit
ORD-0001566,2026-07-08,sku0010,wh008,51,cancelled
ORD-0000909,2026-07-30,sku0026,wh006,55,shipped
ORD-0000925,2026-08-11,sku0041,wh008,72,shipped
ORD-0002040,2026-08-28,sku0016,wh001,7,cancelled
ORD-0001462,%m/%d/%Y,sku0035,wh002,11,cancelled
ORD-0000461,%m/%d/%Y,sku0018,wh004,30,delivered
ORD-0001510,2026-06-12,sku0032,wh008,4,pending
ORD-0002037,2026-06-03,sku0019,wh005,21,pending
ORD-0001169,2026-07-22,sku0007,wh001,15,delivered
ORD-0000959,2026-08-05,sku0017,wh008,69,cancelled
ORD-0000502,%m/%d/%Y,sku0046,wh007,98,pending
ORD-0000740,%Y/%m/%d %H:%M,,wh005,-2,cancelled
ORD-0000041,2026-07-27,sku0054,wh006,9,cancelled
ORD-0000869,2026-06-21,sku0044,wh006,15,delivered
ORD-0000732,2026-08-10,sku0051,wh005,40,cancelled
ORD-0000540,%Y-%m-%d,sku0037,wh002,39,shipd
ORD-0001202,2026-06-15,sku0007,wh002,60,delivered
ORD-0001340,2026-07-08,sku0043,wh005,64,cancelled
ORD-0000698,2026-07-11,sku0001,wh001,-5,cancelled
ORD-0001761,2026-07-17,,wh001,-6,delivered
ORD-0001643,2026-08-19,sku0038,wh001,18,cancelled
ORD-0001372,2026-06-18,sku0030,wh007,58,shipped
ORD-0001146,2026-08-23,sku0012,wh999,96,delivered
ORD-0001032,2026-07-12,sku0010,,38,cancelled
ORD-0000373,2026-07-30,sku0039,wh004,80,delivered
ORD-0000668,2026-06-26,sku0038,wh001,59,shipped
ORD-0001432,2026-08-29,sku0019,wh004,87,delivered
ORD-0001825,2026-07-08,sku0052,wh002,44,cancelled
ORD-0000358,2026-08-05,sku0025,wh005,20,pending
ORD-0000968,2026-06-06,sku0034,wh001,25,shipped
ORD-0000784,2026-08-07,sku0027,wh005,53,delivered
ORD-0000736,2026-07-21,sku0008,wh008,60,shipped
ORD-0001354,2026-07-04,sku0044,wh007,78,delivered
ORD-0001036,2026-08-17,sku0001,wh008,5,delivered
ORD-0000971,,,wh002,29,delivered
ORD-0001824,,sku0011,wh008,2,delivered
ORD-0001781,2026-06-12,sku0053,wh004,50,pending
ORD-0002085,2026-06-30,sku0058,wh003,30,pending
ORD-0001890,%Y-%m-%d,sku0044,wh003,-4,cancelled
ORD-0001539,%Y/%m/%d %H:%M,sku0034,wh002,20,cancelled
ORD-0001823,2026-06-18,sku0042,wh004,62,pending
ORD-0001329,2026-07-21,sku0016,wh003,-7,delivered
ORD-0001612,2026-08-20,sku0014,wh004,55,delivered
ORD-0001785,2026-08-26,sku0040,wh005,50,shipped
ORD-0001426,2026-06-07,sku0010,wh001,31,delivered
ORD-0001465,2026-07-21,sku0007,wh002,72,cancelled
ORD-0001963,2026-06-24,sku0030,wh007,97,cancelled
ORD-0001253,2026-08-09,sku0046,wh006,18,shipped
ORD-0002029,2026-07-17,sku0021,wh008,97,cancelled
ORD-0002053,2026-06-20,sku0018,wh005,28,pending
ORD-0001237,%m/%d/%Y,sku0038,wh004,99,cancelled
ORD-0000886,2026-07-08,sku0032,wh003,9,cancelled
ORD-0000080,2026-07-24,,wh006,-8,pending
ORD-0001173,2026-07-08,sku0003,wh008,68,delivered
ORD-0000815,2026-08-09,sku0055,wh003,-4,shipd
ORD-0002183,2026-06-20,sku0024,wh008,88,shipped
ORD-0000672,2026-07-16,sku0048,wh005,77,delivered
ORD-0001832,2026-08-15,sku0036,wh007,46,pending
ORD-0000058,2026-06-21,,wh007,-7,delivered
ORD-0000134,2026-07-14,sku1001,wh008,-7,delivered
ORD-0001141,2026-07-31,sku0006,wh003,13,canceled
ORD-0000934,2026-07-29,sku0024,wh007,86,in transit
ORD-0002016,2026-07-17,sku0008,wh007,56,cancelled
ORD-0000824,2026-07-22,sku0030,wh001,44,shipped
ORD-0001433,2026-07-09,sku0019,wh006,46,shipped
ORD-0001629,%m/%d/%Y,sku0025,wh006,25,pending
ORD-0001215,2026-07-17,sku0051,wh004,49,shipped
ORD-0000505,2026-06-03,sku0014,wh001,86,shipped
ORD-0002187,2026-06-14,sku0019,wh006,84,delivered
ORD-0000348,2026-08-16,sku0021,wh004,17,delivered
ORD-0000387,2026-06-04,sku0014,wh008,11,shipped
ORD-0001025,2026-08-21,sku0059,wh001,96,shipped
ORD-0001385,2026-06-29,sku0002,wh0,53,shipped
ORD-0000895,2026-08-08,sku0012,wh001,44,pending
ORD-0000829,2026-06-23,sku0018,wh008,49,canceled
ORD-0002157,2026-08-21,sku0034,wh006,21,pending
ORD-0000476,2026-07-24,sku0038,wh006,76,pending
ORD-0002178,2026-06-25,sku0038,wh006,69,pending
ORD-0001732,2026-07-06,sku0012,wh004,30,shipped
ORD-0001669,2026-08-12,sku0007,wh007,92,shipped
ORD-0000653,2026-08-30,sku0015,wh001,18,cancelled
ORD-0000173,2026-08-21,sku0060,wh001,47,cancelled
ORD-0001475,2026-08-29,sku0040,wh007,72,pending
ORD-0001150,2026-06-19,sku0022,wh003,33,pending
ORD-0000039,2026-07-11,sku0019,wc001,14,pending
ORD-0000714,2026-08-13,sku0047,wh001,91,shipped
ORD-0000091,2026-08-29,sku0028,wh005,70,canceled
ORD-0000167,2026-06-08,sku0031,wh001,75,deliverd
ORD-0001206,2026-07-08,sku0035,wh006,25,delivered
ORD-0000876,2026-08-11,sku0033,wh002,25,shipped
ORD-0001613,2026-07-06,sku0024,wh002,12,pending
ORD-0002004,2026-07-09,sku0049,wh004,37,cancelled
ORD-0002156,2026-08-02,sku0003,wh003,70,cancelled
ORD-0001094,2026-06-07,sku0048,wh002,58,deliverd
ORD-0001156,2026-08-05,sku0055,wh002,-6,delivered
ORD-0001325,2026-06-30,sku0045,wh006,54,delivered
ORD-0001661,2026-07-09,sku0054,wh006,90,cancelled
ORD-0001351,2026-06-09,unknown,wh004,39,delivered
ORD-0000511,2026-06-15,sku0003,wh002,67,cancelled
ORD-0000500,2026-08-27,sku0011,wh006,64,cancelled
ORD-0001619,2026-06-15,sku0021,wh003,19,cancelled
ORD-0001938,2026-07-14,unknown,wh003,-1,shipped
ORD-0001520,2026-07-15,sku0006,wh002,97,deliverd
ORD-0000339,2026-07-13,sku9999,wh004,18,delivered
ORD-0001967,2026-07-16,sku0021,wh005,85,delivered
ORD-0001189,2026-08-09,sku0024,wh007,50,shipped
ORD-0000029,2026-08-11,sku0031,wh006,64,pending
ORD-0001541,2026-06-21,sku0000,wh001,73,cancelled
ORD-0001218,2026-07-04,sku0012,wh007,15,delivered
ORD-0001677,2026-07-24,sku0008,wh004,16,cancelled
ORD-0000795,2026-08-25,sku0045,wh008,93,delivered
ORD-0000946,2026-07-02,sku0036,wh008,65,cancelled
ORD-0001763,2026-08-01,sku0044,wh003,3,delivered
ORD-0000170,2026-07-04,sku0010,wc001,73,cancelled
ORD-0002107,2026-06-23,sku0036,wh004,-4,cancelled
ORD-0001198,2026-08-21,sku0056,wh004,60,delivered
ORD-0001543,2026-06-05,sku0000,wh007,-6,pending
ORD-0001254,2026-08-24,sku0001,wh002,71,pending
ORD-0001671,2026-08-10,sku0052,wh008,68,shipped
ORD-0000913,%d/%m/%Y,sku0046,wh006,87,canceled
ORD-0000492,2026-06-13,sku0008,wh006,25,delivered
ORD-0000954,2026-07-09,sku0027,wh002,13,pending
ORD-0001098,2026-08-25,sku0059,wh001,72,shipped
ORD-0001033,2026-08-17,sku0043,wh002,53,delivered
ORD-0000588,2026-08-29,sku0029,wh004,5,shipped
ORD-0000751,%m/%d/%Y,,wh005,60,shipped
ORD-0000658,2026-08-30,sku0000,wh007,97,delivered
ORD-0000235,2026-08-05,sku0021,wh007,95,pending
ORD-0000733,2026-07-17,sku0054,wh001,37,shipped
ORD-0000767,2026-07-12,sku0012,wh006,6,canceled
ORD-0001950,2026-08-19,sku1001,wh008,69,pending
ORD-0001157,2026-08-23,sku0026,wh003,88,pending
ORD-0001865,%Y/%m/%d %H:%M,sku0027,wh004,19,pending
ORD-0002058,2026-08-04,sku0042,wh002,-4,delivered
ORD-0001943,%Y-%m-%d,sku0022,wh006,16,cancelled
ORD-0000935,2026-06-09,sku0032,wh003,26,delivered
ORD-0001210,2026-07-22,sku0027,wc001,-8,pending
ORD-0001066,2026-08-01,sku0015,wh008,40,cancelled
ORD-0000109,2026-08-27,sku0041,wh001,37,shipped
ORD-0002018,2026-07-24,sku0011,wh004,79,pending
ORD-0000569,2026-06-23,sku0027,wh005,27,delivered
ORD-0001168,2026-08-19,sku0028,wh002,25,delivered
ORD-0001175,2026-08-24,sku0012,wh005,80,cancelled
ORD-0001589,2026-07-29,sku0039,wh008,74,delivered
ORD-0001508,2026-07-15,sku0048,wh004,61,pending
ORD-0001493,2026-06-09,,wh008,26,pending
ORD-0000891,2026-07-27,sku0003,wh005,76,delivered
ORD-0000948,2026-06-30,sku0017,wh004,78,cancelled
ORD-0001049,2026-08-22,sku0047,wh002,41,pending
ORD-0001614,2026-07-13,sku0050,wh003,-4,cancelled
ORD-0001842,2026-07-31,sku0034,wc001,26,cancelled
ORD-0001731,2026-08-05,sku0013,wh007,80,shipped
ORD-0000885,2026-08-06,sku0032,wh004,73,delivered
ORD-0002076,2026-08-14,sku0020,wh003,37,shipped
ORD-0002173,2026-08-28,sku0010,wh004,39,shipped
ORD-0001847,2026-06-08,sku0056,wh999,50,pending
ORD-0000851,not-a-date,sku0021,wh008,52,shipped
ORD-0001588,2026-07-13,sku0035,wh003,23,pending
ORD-0001408,2026-07-03,sku0010,wh003,-3,shipped
ORD-0000735,2026-06-15,sku0033,wh007,45,pending
ORD-0000718,2026-07-20,sku0002,wh003,95,pending
ORD-0000455,2026-07-04,sku0053,wh006,27,delivered
ORD-0000265,2026-07-28,sku0046,wh007,14,deliverd
ORD-0000076,%d/%m/%Y,sku0049,wh001,89,shipped
ORD-0001983,2026-08-11,sku0017,wh005,84,pending
ORD-0000445,2026-06-11,sku0048,wh001,97,pending
ORD-0000396,2026-08-10,sku0020,wh007,87,deliverd
ORD-0000177,2026-07-04,sku0001,wh007,84,delivered
ORD-0001043,2026-07-31,sku0052,wh001,45,in transit
ORD-0002067,2026-07-18,sku0028,wh003,66,pending
ORD-0001675,2026-06-13,sku0002,wh006,45,pending
ORD-0001808,2026-08-20,sku0043,wh007,73,canceled
ORD-0001647,2026-07-11,sku0001,wh005,9,pending
ORD-0000596,2026-07-16,sku0016,wh006,57,cancelled
ORD-0000062,2026-07-30,sku0003,wh002,14,pending
ORD-0001297,2026-06-10,sku0009,wh006,49,cancelled
ORD-0000873,2026-07-02,sku0010,wh008,41,delivered
ORD-0001784,2026-07-27,sku0018,wh001,37,cancelled
ORD-0000217,2026-07-29,sku0026,wh004,8,delivered
ORD-0000279,2026-06-07,sku0036,wh006,9,shipped
ORD-0001549,2026-07-17,sku0054,wh003,54,pending
ORD-0001393,2026-08-10,sku0023,wh001,23,delivered
ORD-0000037,2026-08-23,sku0014,wh003,46,shipped
ORD-0001813,2026-08-11,sku0058,wh002,12,pending
ORD-0000663,2026-08-04,,wh008,50,cancelled
ORD-0002110,2026-07-07,sku0029,wh003,20,cancelled
ORD-0001729,2026-06-09,sku0048,wh003,19,delivered
ORD-0000978,2026-06-01,sku0025,wh002,63,shipped
ORD-0001572,2026-08-23,sku0033,wh007,40,pending
ORD-0001879,2026-07-03,sku0048,wh004,16,shipped
ORD-0000739,2026-07-22,sku0025,wh007,24,pending
ORD-0000192,2026-07-22,sku0005,wh007,99,cancelled
ORD-0000920,2026-06-25,sku1001,wh008,24,pending
ORD-0000457,2026-08-17,sku0025,wh003,58,delivered
ORD-0001418,2026-08-31,sku0028,wh006,94,shipped
ORD-0000676,2026-07-11,sku0050,wh005,35,deliverd
ORD-0000761,2026-07-25,sku0028,wh006,2,cancelled
ORD-0002111,2026-07-11,sku0060,wh005,83,cancelled
ORD-0001913,%Y-%m-%d,sku0027,wh001,45,shipped
ORD-0000729,2026-06-11,sku0045,wh001,7,delivered
ORD-0001968,%m/%d/%Y,sku0023,wh003,41,pending
ORD-0001400,2026-08-20,sku0014,wh005,78,shipd
ORD-0000413,2026-07-26,sku0051,wh007,69,shipped
ORD-0001099,2026-07-29,sku0023,wh002,34,cancelled
ORD-0001517,2026-06-19,sku0012,wh007,79,pending
ORD-0001650,2026-06-27,sku0008,wh005,-4,pending
ORD-0001525,2026-06-28,sku0022,wh002,75,cancelled
ORD-0000826,2026-07-20,sku0023,wh003,19,shipped
ORD-0001791,2026-08-22,sku0030,wh001,52,pend
ORD-0000617,2026-08-13,sku0023,wh002,40,cancelled
ORD-0000115,2026-06-18,sku0012,wh002,61,cancelled
ORD-0000418,2026-07-11,sku0003,wh004,37,cancelled
ORD-0002167,2026-07-25,sku0025,wh007,39,shipped
ORD-0001626,2026-08-18,sku0059,wh005,24,shipped
ORD-0000970,2026-06-18,sku0060,wc001,53,delivered
ORD-0000605,2026-07-14,sku0046,wh007,58,cancelled
ORD-0002171,%m/%d/%Y,sku0004,wh001,-8,delivered
ORD-0000090,2026-08-14,sku9999,wh004,76,cancelled
ORD-0000849,2026-06-03,sku0040,wh005,63,cancelled
ORD-0001819,2026-07-25,sku9999,wh004,12,delivered
ORD-0000754,2026-06-23,sku0005,wh004,25,deliverd
ORD-0000499,2026-08-13,sku0035,wh005,45,delivered
ORD-0001277,%d/%m/%Y,sku0040,,55,delivered
ORD-0001326,2026-08-16,sku0047,wh003,94,shipped
ORD-0001631,2026-06-19,sku0057,wh005,37,delivered
ORD-0000012,%m/%d/%Y,sku0038,wh006,36,cancelled
ORD-0000397,%Y/%m/%d %H:%M,sku0045,wh002,70,pending
ORD-0000285,2026-07-05,sku0035,wh007,56,shipped
ORD-0002163,%Y-%m-%d,unknown,wh003,15,shipped
ORD-0001067,%Y-%m-%d,,wh007,75,cancelled
ORD-0001192,%m/%d/%Y,sku0057,wh999,-3,pending
ORD-0001441,2026-06-11,sku0036,wh005,96,delivered
ORD-0001601,2026-08-24,sku0046,wh004,-3,cancelled
ORD-0002181,31/31/2026,sku0011,wc001,4,cancelled
ORD-0002068,2026-07-02,sku0022,wh007,-4,pending
ORD-0001451,2026-07-12,sku0051,wh003,48,pending
ORD-0000691,2026-06-10,sku0005,wh007,77,shipped
ORD-0001948,2026-06-01,sku0016,wh007,79,pending
ORD-0001569,2026-07-02,sku0039,wh001,12,shipped
ORD-0002149,2026-08-12,sku0056,wh005,41,shipped
ORD-0000690,2026-07-07,sku0047,wh005,-1,shipped
ORD-0001688,2026-06-02,sku0025,wh005,-6,pending
ORD-0000852,2026-08-27,sku0007,wh007,62,delivered
ORD-0001499,%d/%m/%Y,sku0055,wh002,28,delivered
ORD-0000160,2026-08-11,sku0001,wh008,-4,cancelled
ORD-0000896,2026-06-02,sku0017,wh999,57,cancelled
ORD-0001883,2026-06-10,sku0044,wh003,34,shipped
ORD-0000258,2026-07-30,sku0026,wh007,12,shipped
ORD-0000336,2026-07-03,sku0026,wc001,94,pend
ORD-0002151,2026-06-05,sku0046,wh001,92,cancelled
ORD-0001040,2026-06-25,unknown,wh006,22,delivered
ORD-0000516,2026-07-24,sku0020,wh003,52,pending
ORD-0001349,2026-08-29,sku0047,wh006,75,cancelled
ORD-0001016,2026-08-31,sku0038,wh002,42,deliverd
ORD-0000769,2026-08-07,sku0039,wh006,25,delivered
ORD-0002075,2026-08-24,sku0008,wh001,47,pending
ORD-0000442,2026-07-20,sku0045,wh005,90,pending
ORD-0001775,2026-06-23,sku0046,wh006,44,cancelled
ORD-0000762,2026-07-28,sku0016,wh007,1,deliverd
ORD-0001247,2026-08-01,sku0039,wh003,62,pend
ORD-0001204,2026-08-19,sku0032,wh005,32,pending
ORD-0001757,%Y-%m-%d,sku0028,wh004,70,delivered
ORD-0001124,2026-07-23,sku0047,wh006,24,cancelled
ORD-0000522,2026-08-06,sku0040,wh006,51,pending
ORD-0000023,2026-06-03,sku0005,wh007,3,delivered
ORD-0000357,2026-07-03,sku0017,wh004,29,shipped
ORD-0001278,2026-07-16,sku0004,wh007,87,cancelled
ORD-0001313,2026-06-30,sku0050,wh003,8,pending
ORD-0001636,2026-08-08,sku0026,wh001,61,cancelled
ORD-0002013,2026-07-27,sku0014,wh007,33,cancelled
ORD-0000341,2026-06-08,sku0012,wh007,69,cancelled
ORD-0000432,%m/%d/%Y,sku0056,wh003,9,cancelled
ORD-0000218,2026-08-31,sku0026,wh008,30,pending
ORD-0000912,2026-08-18,sku0029,wh008,69,shipped
ORD-0001228,2026-07-11,sku0051,wh003,40,cancelled
ORD-0001906,2026-07-22,sku0032,wh0,65,pending
ORD-0001012,2026-08-28,sku0026,wh005,10,delivered
ORD-0000958,2026-06-16,sku0036,wh004,38,delivered
ORD-0000094,2026-07-21,sku0035,wh007,88,cancelled
ORD-0001009,2026-07-20,sku0055,,31,shipped
ORD-0001071,2026-06-22,sku0042,wh008,96,delivered
ORD-0001093,2026-06-26,sku0008,wh003,12,cancelled
ORD-0001894,2026-06-15,sku0038,wh007,99,pending
ORD-0001309,2026-08-08,sku0004,wh002,45,delivered
ORD-0000697,%m/%d/%Y,sku0034,wh001,61,canceled
ORD-0001110,2026-06-07,sku1001,wh003,18,shipped
ORD-0000997,2026-07-31,,wh008,53,pending
ORD-0001459,2026-08-06,sku0020,wh003,44,delivered
ORD-0001680,%Y-%m-%d,sku0014,wh001,28,pending
ORD-0000154,2026-08-21,sku0031,wh004,-2,cancelled
ORD-0001100,2026-06-08,sku0019,wh003,13,shipped
ORD-0000247,2026-06-05,sku0007,wh007,49,shipped
ORD-0000780,2026-07-22,sku0037,wh007,10,shipped
ORD-0000790,2026-08-17,sku0010,wh002,69,shipped
ORD-0000581,2026-06-01,sku0050,wh002,67,cancelled
ORD-0001471,2026-06-19,sku0023,wh007,84,shipped
ORD-0000704,2026-07-18,sku0059,wh0,81,pend
ORD-0001213,2026-07-14,sku0051,wh005,73,pending
ORD-0001296,%m/%d/%Y,sku0000,wh007,90,delivered
ORD-0001992,2026-08-20,sku9999,wh006,24,pending
ORD-0001261,2026-06-21,sku0003,wh008,80,delivered
ORD-0000488,2026-08-28,sku0038,wh005,98,shipped
ORD-0001625,not-a-date,sku0023,wh007,38,shipped
ORD-0000560,2026-08-29,sku0002,wh007,91,shipped
ORD-0001142,2026-06-02,sku0003,wh005,12,delivered
ORD-0002061,2026-07-05,sku0020,wh004,13,cancelled
ORD-0001120,2026-08-26,sku0045,wh006,41,shipped
ORD-0000802,%m/%d/%Y,sku0039,wh006,95,delivered
ORD-0000513,2026-08-30,sku0051,wh004,46,shipped
ORD-0000634,2026-08-16,sku0016,wh004,93,shipped
ORD-0001770,2026-08-21,sku0039,wh003,15,delivered
ORD-0001665,2026-06-09,sku0039,wh999,71,cancelled
ORD-0001013,2026-08-06,sku0035,wh001,-3,in transit
ORD-0001848,2026-07-30,sku0022,wh007,38,pending
ORD-0001151,%Y-%m-%d,sku0038,wh003,38,cancelled
ORD-0000791,2026-06-05,sku0007,wh003,9,delivered
ORD-0000117,2026-06-04,sku0051,wh001,94,shipped
ORD-0001498,2026-07-24,sku0004,wh001,91,cancelled
ORD-0000741,%d/%m/%Y,sku0000,wh004,88,shipped
ORD-0002025,2026-07-08,sku0049,wh007,5,shipped
ORD-0001082,2026-08-21,sku0018,wh008,44,shipped
ORD-0001628,2026-07-27,sku0035,wh002,56,deliverd
ORD-0000831,2026-08-15,sku0033,wh008,-8,cancelled
ORD-0000120,2026-08-13,sku0060,wh007,48,delivered
ORD-0000657,2026-06-25,sku0006,wh008,38,cancelled
ORD-0001981,2026-08-28,sku0028,wh007,95,deliverd
ORD-0001923,2026-08-09,,wh006,19,canceled
ORD-0002166,%d/%m/%Y,sku0026,wh002,84,shipped
ORD-0000636,2026-08-16,sku0058,wh008,50,pending
ORD-0000370,2026-08-17,sku0006,wh007,21,shipped
ORD-0000269,2026-08-11,sku0039,wh003,34,delivered
ORD-0000656,2026-07-26,sku0022,wh006,20,pending
ORD-0000936,2026-07-18,sku0030,wh004,81,delivered
ORD-0000823,2026-08-28,sku0007,wh003,5,shipped
ORD-0000867,2026-08-21,sku0016,wh007,33,pending
ORD-0000047,2026-08-13,sku0047,wh006,43,cancelled
ORD-0001374,2026-07-18,sku0058,wh003,32,canceled
ORD-0002046,%Y/%m/%d %H:%M,sku0018,wh003,69,pending
ORD-0000992,%d/%m/%Y,sku0015,wh008,83,delivered
ORD-0000877,2026-06-28,sku0036,wh001,5,shipped
ORD-0000774,2026-07-27,sku0037,wh004,-4,cancelled
ORD-0001220,%Y-%m-%d,sku0004,wh006,88,pend
ORD-0001127,2026-07-26,sku0007,wh008,87,pending
ORD-0000005,%Y/%m/%d %H:%M,sku0048,wh008,84,delivered
ORD-0002098,2026-07-30,sku0042,wh0,35,cancelled
ORD-0001004,2026-08-23,sku0046,wh001,33,delivered
ORD-0001995,%Y/%m/%d %H:%M,sku0008,wh004,97,pending
ORD-0002059,%Y/%m/%d %H:%M,sku0003,wh007,-5,delivered
ORD-0000264,2026-07-19,sku0023,wh002,45,cancelled
ORD-0001877,2026-08-09,sku0006,wh007,14,canceled
ORD-0000613,2026-08-20,sku0032,wh008,33,delivered
ORD-0000444,2026-08-22,sku0050,wh005,88,pending
ORD-0001003,2026-07-10,sku0043,wh006,35,cancelled
ORD-0001078,2026-07-28,,wh002,73,pending
ORD-0000838,2026-07-30,sku0046,wh008,24,cancelled
ORD-0000682,2026-06-20,sku0048,wh007,-1,pending
ORD-0001716,2026-08-20,sku0045,wh003,45,pending
ORD-0000305,not-a-date,,wh008,77,shipped
ORD-0001366,2026-08-24,sku0035,wh004,91,shipped
ORD-0001863,2026-13-45,sku0000,wh003,4,in transit
ORD-0000314,2026-08-06,sku0022,wh008,47,pending
ORD-0000150,2026-06-07,sku0009,wh007,7,pending
ORD-0001149,2026-06-08,sku0042,wh008,27,delivered
ORD-0001214,2026-06-07,sku9999,wh004,23,delivered
ORD-0000575,2026-06-21,sku0015,wh002,29,delivered
ORD-0001722,2026-07-12,sku0002,wh008,76,pending
ORD-0001689,2026-06-27,sku1001,wh008,9,delivered
ORD-0000051,2026-07-05,sku0051,wh005,71,shipped
ORD-0001857,2026-06-22,,wh003,72,pending
ORD-0000727,%m/%d/%Y,sku0002,wh005,22,pending
ORD-0000834,2026-08-09,sku0037,wh001,62,pending
ORD-0001378,2026-08-01,sku0052,wh005,39,shipped
ORD-0001116,2026-07-24,sku0039,wh008,36,delivered
ORD-0001167,2026-07-11,sku0031,wh006,1,shipped
ORD-0000471,2026-06-25,sku0030,wh003,64,cancelled
ORD-0000972,2026-06-15,sku0056,wh008,-8,shipped
ORD-0000654,2026-07-09,sku0017,wh002,91,delivered
ORD-0000400,2026-08-12,sku0004,wh007,24,cancelled
ORD-0000512,2026-07-19,sku0040,wh004,67,pending
ORD-0001917,2026-06-10,sku0039,wh001,87,shipped
ORD-0000321,2026-07-05,sku0012,wh003,-7,delivered
ORD-0000020,2026-07-13,sku0029,wh0,58,shipped
ORD-0000685,2026-06-06,sku0028,wh007,91,shipped
ORD-0000036,2026-06-20,sku0000,wh005,5,cancelled
ORD-0000903,2026-06-08,sku0026,wh007,97,cancelled
ORD-0002093,%d/%m/%Y,sku0002,wh004,17,cancelled
ORD-0000828,%Y/%m/%d %H:%M,sku0053,wh001,14,delivered
ORD-0000525,2026-08-18,sku0001,wh005,78,shipped
ORD-0000408,%Y/%m/%d %H:%M,,wh003,42,pending
ORD-0000921,2026-07-21,sku0022,wh002,18,pending
ORD-0000538,2026-06-11,sku0013,wh008,-4,shipped
ORD-0000759,2026-07-31,sku0000,wh002,51,pending
ORD-0001706,2026-06-02,sku0021,wh008,17,cancelled
ORD-0002165,2026-07-07,sku0050,wh003,29,pending
ORD-0001063,2026-06-24,sku0050,wh003,95,in transit
ORD-0001200,2026-08-29,sku0009,wh004,80,shipd
ORD-0000246,2026-08-18,sku0009,,70,delivered
ORD-0001835,2026-07-26,sku0034,wh004,42,cancelled
ORD-0001417,%Y/%m/%d %H:%M,sku0026,wh007,22,pend
ORD-0001128,2026-06-08,sku0010,wh002,74,cancelled
ORD-0000785,2026-08-09,sku0012,wh004,44,shipd
ORD-0001410,2026-08-16,sku0008,wh006,93,canceled
ORD-0000490,2026-07-27,sku0046,wh003,15,pending
ORD-0000155,2026-07-18,sku0023,wh008,11,cancelled
ORD-0001663,%d/%m/%Y,sku0043,wh003,44,deliverd
ORD-0000962,2026-07-25,sku9999,wh003,60,pending
ORD-0001687,2026-07-29,sku0040,wh001,62,cancelled
ORD-0000854,not-a-date,sku0043,wh004,36,pending
ORD-0001312,2026-06-23,sku0044,wh003,-8,shipped
ORD-0000626,2026-06-23,sku0012,wh007,15,cancelled
ORD-0001816,%d/%m/%Y,sku0003,wh007,25,in transit
ORD-0000686,,sku0032,wh007,58,shipped
ORD-0001869,2026-08-21,sku0020,wh006,23,cancelled
ORD-0000570,%m/%d/%Y,sku0032,wh0,63,delivered
ORD-0000566,2026-07-26,,wh002,70,cancelled
ORD-0001759,2026-08-18,sku0027,wh001,86,cancelled
ORD-0001817,2026-07-20,sku0025,wh007,46,pending
ORD-0000018,2026-06-02,sku0043,wh001,24,cancelled
ORD-0000128,2026-06-20,sku0033,wh999,38,shipped
ORD-0001347,2026-08-28,,wh006,87,delivered
ORD-0001280,2026-08-09,,wh008,73,pending
ORD-0002196,2026-06-22,sku0003,wh0,48,cancelled
ORD-0000928,2026-07-04,sku0057,wh007,39,delivered
ORD-0000981,2026-06-18,sku0040,wh003,68,pending
ORD-0000253,2026-07-06,sku0015,wh002,52,shipped
ORD-0000191,2026-07-05,sku0049,wh007,12,cancelled
ORD-0001140,2026-06-17,sku0037,wh003,42,shipped
ORD-0000993,2026-08-25,sku0042,wh006,56,delivered
ORD-0000700,2026-06-19,sku0058,wh001,74,cancelled
ORD-0002096,2026-07-22,,wh006,51,cancelled
ORD-0000607,%d/%m/%Y,sku0004,wh008,2,shipped
ORD-0000181,2026-07-26,sku0042,wh001,-7,cancelled
ORD-0000302,2026-07-30,sku0009,wh008,65,pending
ORD-0000497,2026-07-26,sku0014,wh003,58,cancelled
ORD-0002032,%m/%d/%Y,sku0029,wh001,22,pend
ORD-0002190,2026-07-11,sku0032,wh006,17,cancelled
ORD-0002024,2026-06-28,sku0036,wh007,49,pending
ORD-0002086,2026-08-12,sku0046,wh006,51,cancelled
ORD-0001959,2026-06-22,sku0044,wh004,66,cancelled
ORD-0000518,2026-08-12,sku0058,wh003,11,deliverd
ORD-0001397,2026-06-10,sku0055,wh007,61,delivered
ORD-0001070,2026-08-22,sku0009,wh008,81,shipped
ORD-0000477,2026-07-30,sku0012,wh001,55,delivered
ORD-0000158,2026-08-29,sku0053,wh008,71,shipped
ORD-0001244,2026-08-15,sku0031,wh003,55,pending
ORD-0001196,2026-07-15,sku0001,wh004,30,shipd
ORD-0000017,2026-08-27,sku0054,wh003,98,cancelled
ORD-0001536,%Y-%m-%d,sku1001,wh001,62,delivered
ORD-0001073,2026-06-23,sku0030,wh007,59,cancelled
ORD-0002198,2026-07-10,sku0028,wh008,72,delivered
ORD-0000547,2026-06-14,sku0044,wh001,96,pending
ORD-0001540,2026-06-18,sku0021,wh001,15,delivered
ORD-0000659,2026-07-10,sku0020,wh003,95,delivered
ORD-0001941,2026-08-06,sku0037,wh006,95,cancelled
ORD-0001853,2026-07-14,sku0054,wh008,35,cancelled
ORD-0001020,2026-06-28,sku0013,wh002,95,pending
ORD-0001988,2026-06-27,sku0017,wh002,97,pending
ORD-0001505,2026-06-22,sku0000,wh999,31,cancelled
ORD-0000960,2026-06-25,sku0051,wh006,31,pending
ORD-0002153,2026-07-16,sku0038,wh008,51,delivered
ORD-0000284,2026-06-11,,wh999,77,cancelled
ORD-0001633,2026-06-05,sku0039,wh007,31,cancelled
ORD-0000798,2026-07-04,sku0045,wh004,71,shipped
ORD-0001942,%m/%d/%Y,sku0032,wh004,45,shipped
ORD-0000226,2026-08-10,sku0047,wh004,18,delivered
ORD-0000027,2026-06-05,sku0030,wh001,31,cancelled
ORD-0002088,2026-08-01,sku1001,wh005,73,shipped
ORD-0001800,2026-06-30,sku0054,wh004,61,delivered
ORD-0000438,2026-07-18,sku0043,wh001,81,pending
ORD-0002186,,sku0060,wh003,11,canceled
ORD-0001389,2026-06-21,sku0014,wh001,30,pending
ORD-0000230,%m/%d/%Y,sku0051,wh001,66,shipped
ORD-0000038,2026-08-01,,wc001,23,shipped
ORD-0001694,2026-06-25,sku0050,wh007,21,shipped
ORD-0000750,2026-07-29,sku0038,wh002,91,cancelled
ORD-0001046,2026-06-21,sku0056,wh004,44,pending
ORD-0001399,%Y-%m-%d,sku0001,wh001,-7,pending
ORD-0000470,2026-06-21,sku0002,wh006,86,shipped
ORD-0001907,2026-08-17,sku0034,wh001,61,shipped
ORD-0002142,2026-06-29,sku0026,wc001,4,delivered
ORD-0002195,2026-07-14,sku0005,wh004,77,canceled
ORD-0000688,2026-08-06,sku0010,wh008,11,pending
ORD-0001057,31/31/2026,unknown,wh006,45,shipped
ORD-0000640,2026-06-01,sku0047,wh002,23,delivered
ORD-0002051,2026-06-01,sku0036,wh006,95,cancelled
ORD-0001219,2026-06-23,sku0011,,24,cancelled
ORD-0001159,2026-08-12,sku0001,wh005,66,in transit
ORD-0001416,2026-08-08,sku0015,wh002,5,pending
ORD-0001955,2026-08-27,sku0029,wh002,93,delivered
ORD-0001528,2026-08-04,sku0010,wh007,19,shipped
ORD-0001940,2026-07-23,sku0006,wh008,85,delivered
ORD-0001980,%Y/%m/%d %H:%M,sku0013,wh004,78,delivered
ORD-0001301,2026-08-20,sku0040,wh005,95,cancelled
ORD-0002120,2026-07-03,sku0059,wh008,87,shipped
ORD-0000801,2026-08-10,sku0015,wh004,31,pending
ORD-0001604,2026-06-06,sku0023,wh002,20,pending
ORD-0000161,2026-08-07,sku0034,wh005,89,delivered
ORD-0001705,2026-06-18,sku0053,wh001,90,pending
ORD-0000957,2026-06-27,sku0036,wh005,19,delivered
ORD-0001744,2026-07-02,sku0010,wh005,35,pending
ORD-0001187,2026-07-01,sku0010,wh001,48,cancelled
ORD-0000822,2026-07-06,sku0002,wh002,97,cancelled
ORD-0001730,2026-07-30,sku0009,wh005,80,cancelled
ORD-0002012,2026-07-08,sku0020,wh006,73,delivered
ORD-0001920,2026-07-09,sku0048,wh007,45,cancelled
ORD-0000914,2026-06-15,,wh005,9,delivered
ORD-0001885,2026-06-24,sku0050,wh005,9,pending
ORD-0000153,2026-08-31,sku0010,wh004,56,shipd
ORD-0000099,2026-08-15,sku0012,wh008,47,pending
ORD-0002091,%Y-%m-%d,sku0052,wh006,78,shipped
ORD-0000510,2026-07-12,unknown,wh001,83,canceled
ORD-0001136,2026-08-03,sku0011,wh003,93,cancelled
ORD-0001251,2026-06-17,sku0049,wh003,21,pending
ORD-0001990,2026-07-20,sku0037,wh005,31,shipped
ORD-0001876,%m/%d/%Y,sku0050,wh008,42,pending
ORD-0000104,2026-06-11,sku0028,,54,shipped
ORD-0001446,2026-06-28,sku0016,wh001,2,pending
ORD-0001444,2026-06-19,sku0038,wh002,99,delivered
ORD-0001649,2026-07-02,,wh005,82,pending
ORD-0000587,2026-07-28,,wh005,65,pending
ORD-0000628,%d/%m/%Y,sku0042,wh002,-2,shipped
ORD-0001944,2026-07-22,sku0014,wh001,7,cancelled
ORD-0001697,2026-08-29,sku0033,wh005,31,shipd
ORD-0001144,2026-07-19,sku0017,wh004,66,shipped
ORD-0000054,%Y-%m-%d,sku0046,wh002,88,cancelled
ORD-0000152,2026-07-10,sku0036,wh007,45,cancelled
ORD-0000404,2026-08-31,sku0060,wh002,93,delivered
ORD-0001155,2026-07-29,sku0013,wh003,32,delivered
ORD-0000208,2026-06-13,sku0034,wh004,69,shipped
ORD-0002158,not-a-date,,wh005,21,cancelled
ORD-0001683,%d/%m/%Y,sku0055,wh008,39,shipped
ORD-0001123,2026-06-27,sku0043,wh007,10,delivered
ORD-0001257,2026-08-03,sku0039,wh006,83,delivered
ORD-0000009,2026-08-29,sku0021,wh007,52,delivered
ORD-0001015,2026-06-26,sku0006,wh001,-2,shipped
ORD-0002104,2026-07-08,sku0033,wh001,8,pending
ORD-0001061,2026-06-14,sku0043,wc001,63,shipped
ORD-0000453,2026-07-23,sku0015,wh006,72,pend
ORD-0001676,2026-06-02,sku0039,wh001,52,shipped
ORD-0000254,2026-07-08,,wh004,40,in transit
ORD-0001328,2026-07-17,sku0038,wh001,50,pending
ORD-0000897,2026-07-30,sku0011,wh006,56,cancelled
ORD-0002066,2026-08-20,unknown,wh008,32,shipped
ORD-0000881,2026-07-08,sku1001,wh004,76,shipped
ORD-0001596,2026-06-21,sku9999,wh003,60,pending
ORD-0002155,2026-08-17,sku0037,wh005,1,shipped
ORD-0000624,2026-08-06,sku0024,wh006,63,pending
ORD-0000346,2026-08-31,sku0052,wh002,7,delivered
ORD-0002092,2026-08-29,sku0057,wh003,26,pending
ORD-0001788,2026-07-01,sku0023,wh007,84,shipped
ORD-0000263,2026-08-18,sku0048,wh003,45,pending
ORD-0001635,2026-08-09,sku0049,wh999,76,cancelled
ORD-0001322,2026-08-14,sku9999,wh008,52,shipped
ORD-0001439,2026-08-23,sku0026,wh006,51,pending
ORD-0000151,2026-08-29,sku0060,wh003,-3,delivered
ORD-0001970,2026-07-22,sku0003,wh007,11,cancelled
ORD-0000473,2026-07-05,sku0012,wh003,35,delivered
ORD-0001977,%Y/%m/%d %H:%M,sku0026,wh002,54,delivered
ORD-0001803,2026-08-29,sku0025,wh003,61,pending
ORD-0000641,2026-06-01,sku0058,wh002,59,delivered
ORD-0000872,2026-08-11,sku0049,wh008,34,pending
ORD-0002154,2026-06-15,sku0050,wh001,97,delivered
ORD-0000551,2026-07-28,sku0010,wh008,71,pending
ORD-0002094,2026-06-19,sku0037,wh007,49,pending
ORD-0001960,2026-06-22,,wh005,29,pending
ORD-0000929,2026-06-05,sku0042,wh005,41,pend
ORD-0000489,2026-06-26,sku0031,wh008,71,shipped
ORD-0001844,2026-13-45,sku0029,wh003,55,cancelled
ORD-0001735,2026-06-12,sku0032,wh008,2,pending
ORD-0002113,2026-07-07,sku0048,wh001,91,delivered
ORD-0001172,%Y/%m/%d %H:%M,sku0042,wh001,-4,shipped
ORD-0000147,2026-06-19,sku0003,wh005,12,delivered
ORD-0002041,2026-08-31,sku0034,wh003,40,cancelled
ORD-0001987,,sku0041,wh004,44,shipped
ORD-0001370,2026-07-21,sku1001,wh004,22,shipped
ORD-0002169,2026-13-45,sku0004,wh003,80,shipped
ORD-0000955,2026-08-18,sku0051,wh007,51,pending
ORD-0002150,2026-06-19,,wh008,89,cancelled
ORD-0000660,2026-06-17,,wh007,35,pending
ORD-0001795,2026-07-25,sku0039,wh001,45,pending
ORD-0001373,2026-06-11,sku0023,wh006,53,shipd
ORD-0000464,2026-06-07,sku0040,wh004,92,shipped
ORD-0001350,2026-07-17,sku0012,wh001,69,shipd
ORD-0000187,2026-07-16,sku0027,wh005,5,pending
ORD-0001148,2026-07-07,sku0026,wh002,5,delivered
ORD-0001225,2026-06-01,sku0047,wh008,4,delivered
ORD-0000609,2026-07-27,,wh003,-2,shipd
ORD-0000144,%Y/%m/%d %H:%M,sku0058,wh008,2,cancelled
ORD-0000752,2026-06-08,sku0059,wh007,61,delivered
ORD-0001535,2026-07-12,sku0048,wh003,15,delivered
ORD-0001931,2026-08-11,sku0006,wh003,92,shipped
ORD-0000982,2026-06-26,sku0011,wh003,63,delivered
ORD-0000198,2026-07-02,sku0002,wh002,1,pending
ORD-0001634,2026-08-18,sku0010,,67,shipped
ORD-0000884,%Y/%m/%d %H:%M,sku0011,wh002,5,cancelled
ORD-0001861,2026-06-04,sku0026,wh005,20,cancelled
ORD-0000280,2026-08-20,sku0048,wh002,10,deliverd
ORD-0000294,2026-08-18,sku0060,wh008,76,pending
ORD-0000401,%Y-%m-%d,sku0030,wh007,83,pending
ORD-0000123,2026-06-19,sku9999,wh007,74,shipd
ORD-0000203,2026-07-23,sku0036,wh007,17,shipped
ORD-0000836,2026-06-13,,wh006,91,shipped
ORD-0001440,2026-08-27,sku0022,wh003,77,delivered
ORD-0001734,2026-08-27,,wh003,51,pending
ORD-0001696,%m/%d/%Y,unknown,wh005,-2,canceled
ORD-0001708,2026-08-11,sku0054,wh002,15,pending
ORD-0002152,2026-08-13,sku0011,wh004,23,shipped
ORD-0001154,2026-08-09,,wh001,14,pending
ORD-0001662,2026-07-28,,wh001,58,delivered
ORD-0001760,2026-07-16,,wh007,52,delivered
ORD-0000855,2026-06-01,sku0006,wh004,12,delivered
ORD-0001590,%m/%d/%Y,sku0004,wh006,95,shipped
ORD-0000642,2026-07-31,sku0025,wh001,49,cancelled
ORD-0000002,2026-08-16,sku0032,wh003,-1,cancelled
ORD-0000699,2026-08-12,sku0055,wh002,84,delivered
ORD-0001637,2026-06-20,,wh002,5,pending
ORD-0001292,2026-07-16,sku0040,wh007,86,delivered
ORD-0002112,2026-08-25,sku0017,wh002,93,deliverd
ORD-0001521,2026-07-25,sku0012,wh006,7,shipped
ORD-0001854,%m/%d/%Y,,wh005,62,pending
ORD-0001137,2026-08-22,sku0046,wh004,61,pending
ORD-0002141,2026-08-10,sku0030,wh007,20,pending
ORD-0001632,%m/%d/%Y,sku0034,wh005,50,shipped
ORD-0001999,%m/%d/%Y,sku0059,wh004,91,shipped
ORD-0000664,2026-07-18,sku0025,wh005,-5,delivered
ORD-0000684,2026-06-16,,wh006,6,in transit
ORD-0001258,2026-08-09,sku0022,wh006,83,pending
ORD-0000318,2026-06-21,sku0059,wh003,95,delivered
ORD-0000649,%d/%m/%Y,unknown,wh004,71,pending
ORD-0001435,2026-08-23,sku0027,wh007,86,pending
ORD-0001480,2026-06-13,sku0041,wh003,79,pending
ORD-0000710,2026-08-01,sku0031,wh006,78,pending
ORD-0001283,2026-07-20,sku0050,wh004,7,delivered
ORD-0001769,2026-07-17,sku0005,wh006,66,canceled
ORD-0000973,2026-06-14,sku0014,wh007,32,in transit
ORD-0001307,2026-06-04,sku0019,wh007,20,cancelled
ORD-0001401,2026-06-18,sku0037,wh003,51,pending
ORD-0001409,2026-08-04,sku0018,wh008,87,cancelled
ORD-0001497,2026-07-27,sku0056,wh001,16,shipd
ORD-0002039,2026-08-20,,wh006,81,shipped
ORD-0001530,31/31/2026,sku0014,wh007,11,shipped
ORD-0001664,2026-07-06,,wh002,54,shipped
ORD-0001355,2026-08-22,sku0025,wh003,48,pending
ORD-0002160,2026-07-17,unknown,wh001,80,shipped
ORD-0002175,2026-06-24,sku0036,wh004,28,cancelled
ORD-0001644,2026-06-12,sku0034,wh002,86,pending
ORD-0001052,2026-07-19,sku0029,wh002,-3,pending
ORD-0000796,2026-08-18,sku0038,wh007,71,delivered
ORD-0001598,2026-06-25,sku0059,wh004,90,pending
ORD-0001820,2026-07-28,sku0042,wh005,73,canceled
ORD-0001723,2026-06-27,sku0005,wh0,42,pending
ORD-0001184,%d/%m/%Y,sku0000,wh005,41,cancelled
ORD-0001060,2026-08-28,sku0037,wh005,1,delivered
ORD-0000541,%Y-%m-%d,sku0053,wh008,47,delivered
ORD-0001679,2026-08-07,sku0003,wh004,92,pending
ORD-0001758,2026-08-12,sku0003,wh002,-5,shipped
ORD-0001924,%m/%d/%Y,sku0008,wh005,-4,delivered
ORD-0000096,2026-08-27,sku0020,wh002,91,shipped
ORD-0001021,2026-06-19,sku0002,wh003,1,delivered
ORD-0000564,2026-08-21,sku0016,wh999,57,pend
ORD-0000864,2026-07-09,,wh999,81,shipped
ORD-0001485,2026-08-24,,wh001,56,delivered
ORD-0001882,2026-08-08,sku0022,wh004,7,delivered
ORD-0001039,2026-07-14,sku0046,wh005,2,cancelled
ORD-0000207,2026-08-23,sku0057,wh003,76,delivered
ORD-0000393,2026-06-19,sku0006,wh008,2,cancelled
ORD-0000871,2026-07-21,sku0022,wh004,97,cancelled
ORD-0000398,2026-07-24,sku0017,wh008,9,shipped
ORD-0002129,2026-06-30,sku0038,wh003,9,delivered
ORD-0001029,2026-08-07,unknown,wh007,31,shipped
ORD-0001486,2026-08-10,sku0011,wh008,67,canceled
ORD-0000961,2026-07-10,sku0034,wh008,36,pending
ORD-0001571,2026-07-06,sku0032,wh007,-5,pending
ORD-0001896,2026-08-06,sku0031,wh002,2,deliverd
ORD-0000805,2026-08-11,sku0003,wh007,56,pend
ORD-0001752,2026-07-25,sku0028,wh002,62,shipped
ORD-0000503,2026-06-18,sku0002,wh0,31,cancelled
ORD-0001864,2026-07-14,sku0039,wh002,15,delivered
ORD-0000201,2026-08-24,sku0041,wh003,1,pend
ORD-0002089,2026-08-01,sku0006,wh004,36,cancelled
ORD-0001797,2026-07-17,sku0039,wh006,46,canceled
ORD-0000379,2026-06-18,sku0012,wh003,39,shipped
ORD-0000419,2026-06-22,sku0043,wh006,29,pending
ORD-0001699,2026-06-03,sku0035,wh003,30,pending
ORD-0000392,%Y/%m/%d %H:%M,sku0054,wh008,19,shipped
ORD-0001523,2026-07-08,sku0018,wh006,-4,delivered
ORD-0001163,2026-08-20,sku0000,wh006,81,shipped
ORD-0001496,2026-07-24,sku0051,wh008,38,delivered
ORD-0002028,2026-08-09,sku0047,wh005,92,pending
ORD-0001153,2026-08-31,sku0059,wh001,80,pending
ORD-0001368,2026-08-21,sku0032,wh003,35,delivered
ORD-0000065,2026-07-22,sku0004,wh008,63,cancelled
ORD-0002063,2026-06-23,sku1001,wh007,81,delivered
ORD-0001181,2026-07-02,sku0001,wh008,91,cancelled
ORD-0000493,2026-07-13,sku0056,wh001,44,pending
ORD-0000380,2026-06-06,sku0000,wh008,55,cancelled
ORD-0000764,2026-06-08,sku0021,wh003,96,cancelled
ORD-0000792,2026-08-24,sku0043,wh001,89,delivered
ORD-0001077,2026-07-25,sku0026,wh006,54,canceled
ORD-0000879,2026-08-23,sku0024,wh002,59,cancelled
ORD-0000338,2026-07-30,sku0038,wh0,83,deliverd
ORD-0001017,2026-06-03,sku0022,wh002,60,cancelled
ORD-0001276,2026-08-11,sku0021,wh002,6,shipped
ORD-0000456,2026-06-26,sku0027,wc001,86,cancelled
ORD-0000816,2026-08-04,sku0033,wh005,12,shipped
ORD-0000996,2026-08-01,sku0021,wh004,23,pending
ORD-0001982,2026-06-15,sku0042,wh006,16,delivered
ORD-0000202,2026-07-12,sku0037,wh001,9,shipped
ORD-0000162,2026-06-29,sku0056,wh005,88,delivered
ORD-0001580,2026-08-07,sku0000,wh003,-4,pending
ORD-0000703,2026-06-25,sku0002,wh007,97,shipped
ORD-0001501,2026-08-18,sku0028,wh004,25,pend
ORD-0001130,%m/%d/%Y,sku0024,wh004,88,delivered
ORD-0001022,2026-08-15,sku0059,wh004,5,delivered
ORD-0001586,2026-06-29,sku0034,wh007,90,deliverd
ORD-0001956,2026-06-27,sku0017,wh999,11,cancelled
ORD-0000035,2026-07-10,sku1001,wh001,15,shipped
ORD-0000776,2026-06-11,sku0059,wh008,94,pending
ORD-0001479,2026-06-05,sku0021,wh003,63,delivered
ORD-0001391,2026-08-29,sku0028,wh008,45,shipped
ORD-0002140,2026-06-25,sku0013,wh008,64,delivered
ORD-0001364,2026-07-06,,wh003,64,pending
ORD-0002042,2026-08-07,sku0028,wh005,30,delivered
ORD-0000242,2026-08-16,sku0016,wh008,22,shipped
ORD-0002062,2026-07-11,sku0012,wh005,17,delivered
ORD-0000601,2026-08-11,sku0051,wh004,80,shipped
ORD-0001298,2026-06-28,sku0002,wh999,93,pending
ORD-0002069,2026-07-21,sku0031,wh006,75,shipped
ORD-0000647,2026-06-29,sku0018,wh002,-6,delivered
ORD-0001529,2026-08-14,sku0022,wh002,46,shipped
ORD-0001268,2026-08-25,sku0045,wh008,11,cancelled
ORD-0001900,2026-08-15,sku0049,wh005,6,delivered
ORD-0000563,2026-07-13,sku0051,wh001,64,shipped
ORD-0000190,2026-06-02,sku0037,wh007,18,pending
ORD-0001807,2026-08-20,sku0019,wh003,82,shipped
ORD-0000976,2026-06-21,,wh001,90,in transit
ORD-0002048,2026-06-05,sku0011,wh006,12,cancelled
ORD-0001083,2026-07-31,sku0026,wh005,42,delivered
ORD-0000475,2026-07-15,sku0053,wh001,89,delivered
ORD-0000748,2026-06-02,sku0006,wh007,93,delivered
ORD-0000022,2026-07-13,sku0050,wh008,-6,pending
ORD-0000460,2026-06-03,sku0051,wh003,38,pending
ORD-0001185,2026-06-16,sku0057,wh005,3,pending
ORD-0000956,2026-07-15,sku0044,wh006,32,delivered
ORD-0001216,2026-06-21,sku0010,wh003,11,shipped
ORD-0001516,2026-08-01,,wh003,47,cancelled
ORD-0000770,2026-07-07,sku0007,wh999,54,delivered
ORD-0001686,2026-07-09,sku0015,wh001,30,shipped
ORD-0000131,2026-06-06,sku0051,wh003,93,cancelled
ORD-0002136,%Y/%m/%d %H:%M,sku0049,wh004,20,pending
ORD-0001483,2026-07-17,sku0006,wh005,30,shipped
ORD-0000331,%m/%d/%Y,sku0002,wh007,55,pend
ORD-0001239,%Y-%m-%d,sku0045,wh003,-4,cancelled
ORD-0000467,2026-06-05,sku0040,wh007,88,cancelled
ORD-0002170,2026-08-11,sku0013,wh007,14,pending
ORD-0001639,%Y/%m/%d %H:%M,sku0048,wh007,85,delivered
ORD-0001096,2026-08-20,sku0005,wh005,63,cancelled
ORD-0001131,2026-06-06,sku0021,wh006,55,pending
ORD-0001295,2026-08-18,sku0021,wh999,82,cancelled
ORD-0000861,2026-06-26,sku0025,wh003,60,pending
