snapshot_date,sku,warehouse_id,on_hand_quantity
2009-12-01,16054,WH001,698
2009-12-01,16054,WH002,506
2009-12-01,16054,WH003,718
2009-12-01,16054,WH004,61
2009-12-01,16054,WH005,822
2009-12-01,79144B,WH001,780
2009-12-01,79144B,WH002,750
2009-12-01,79144B,WH003,2
2009-12-01,79144B,WH004,946
2009-12-01,79144B,WH005,644
2009-12-01,22962,WH001,598
2009-12-01,22962,WH002,65
2009-12-01,22962,WH003,771
2009-12-01,22962,WH004,956
2009-12-01,22962,WH005,914
2009-12-01,22303,WH001,585
2009-12-01,22303,WH002,476
2009-12-01,22303,WH003,419
2009-12-01,22303,WH004,118
2009-12-01,22303,WH005,375
2009-12-01,22518,WH001,838
2009-12-01,22518,WH002,936
2009-12-01,22518,WH003,118
2009-12-01,22518,WH004,185
2009-12-01,22518,WH005,333
2009-12-01,23360,WH001,465
2009-12-01,23360,WH002,783
2009-12-01,23360,WH003,576
2009-12-01,23360,WH004,210
2009-12-01,23360,WH005,134
2009-12-01,23456,WH001,213
2009-12-01,23456,WH002,188
2009-12-01,23456,WH003,827
2009-12-01,23456,WH004,109
2009-12-01,23456,WH005,340
2009-12-01,23056,WH001,853
2009-12-01,23056,WH002,509
2009-12-01,23056,WH003,44
2009-12-01,23056,WH004,262
2009-12-01,23056,WH005,192
2009-12-01,85024C,WH001,365
2009-12-01,85024C,WH002,506
2009-12-01,85024C,WH003,782
2009-12-01,85024C,WH004,944
2009-12-01,85024C,WH005,861
2009-12-01,21668,WH001,500
2009-12-01,21668,WH002,469
2009-12-01,21668,WH003,381
2009-12-01,21668,WH004,500
2009-12-01,21668,WH005,135
2009-12-01,22220,WH001,681
2009-12-01,22220,WH002,120
2009-12-01,22220,WH003,283
2009-12-01,22220,WH004,817
2009-12-01,22220,WH005,756
2009-12-01,23020,WH001,365
2009-12-01,23020,WH002,945
2009-12-01,23020,WH003,479
2009-12-01,23020,WH004,171
2009-12-01,23020,WH005,939
2009-12-01,22998,WH001,366
2009-12-01,22998,WH002,395
2009-12-01,22998,WH003,132
2009-12-01,22998,WH004,221
2009-12-01,22998,WH005,109
2009-12-01,79160,WH001,492
2009-12-01,79160,WH002,589
2009-12-01,79160,WH003,531
2009-12-01,79160,WH004,279
2009-12-01,79160,WH005,6
2009-12-01,21773,WH001,261
2009-12-01,21773,WH002,959
2009-12-01,21773,WH003,394
2009-12-01,21773,WH004,234
2009-12-01,21773,WH005,691
2009-12-01,21007,WH001,480
2009-12-01,21007,WH002,294
2009-12-01,21007,WH003,287
2009-12-01,21007,WH004,530
2009-12-01,21007,WH005,994
2009-12-01,21579,WH001,806
2009-12-01,21579,WH002,543
2009-12-01,21579,WH003,71
2009-12-01,21579,WH004,686
2009-12-01,21579,WH005,182
2009-12-01,22589,WH001,867
2009-12-01,22589,WH002,528
2009-12-01,22589,WH003,140
2009-12-01,22589,WH004,274
2009-12-01,22589,WH005,417
2009-12-01,85111,WH001,940
2009-12-01,85111,WH002,634
2009-12-01,85111,WH003,70
2009-12-01,85111,WH004,507
2009-12-01,85111,WH005,328
2009-12-01,21220,WH001,794
2009-12-01,21220,WH002,5
2009-12-01,21220,WH003,896
2009-12-01,21220,WH004,5
2009-12-01,21220,WH005,548
2009-12-01,22954,WH001,67
2009-12-01,22954,WH002,383
2009-12-01,22954,WH003,409
2009-12-01,22954,WH004,604
2009-12-01,22954,WH005,333
2009-12-01,21664,WH001,910
2009-12-01,21664,WH002,423
2009-12-01,21664,WH003,891
2009-12-01,21664,WH004,365
2009-12-01,21664,WH005,673
2009-12-01,72817,WH001,75
2009-12-01,72817,WH002,342
2009-12-01,72817,WH003,605
2009-12-01,72817,WH004,344
2009-12-01,72817,WH005,328
2009-12-01,22300,WH001,466
2009-12-01,22300,WH002,536
2009-12-01,22300,WH003,458
2009-12-01,22300,WH004,801
2009-12-01,22300,WH005,571
2009-12-01,22940,WH001,910
2009-12-01,22940,WH002,204
2009-12-01,22940,WH003,873
2009-12-01,22940,WH004,330
2009-12-01,22940,WH005,366
2009-12-01,23138,WH001,805
2009-12-01,23138,WH002,176
2009-12-01,23138,WH003,899
2009-12-01,23138,WH004,559
2009-12-01,23138,WH005,587
2009-12-01,85026B,WH001,872
2009-12-01,85026B,WH002,559
2009-12-01,85026B,WH003,805
2009-12-01,85026B,WH004,265
2009-12-01,85026B,WH005,456
2009-12-01,85231B,WH001,223
2009-12-01,85231B,WH002,774
2009-12-01,85231B,WH003,903
2009-12-01,85231B,WH004,185
2009-12-01,85231B,WH005,929
2009-12-01,21181,WH001,25
2009-12-01,21181,WH002,792
2009-12-01,21181,WH003,913
2009-12-01,21181,WH004,796
2009-12-01,21181,WH005,949
2009-12-01,22660,WH001,881
2009-12-01,22660,WH002,726
2009-12-01,22660,WH003,184
2009-12-01,22660,WH004,337
2009-12-01,22660,WH005,193
2009-12-01,22627,WH001,83
2009-12-01,22627,WH002,473
2009-12-01,22627,WH003,34
2009-12-01,22627,WH004,176
2009-12-01,22627,WH005,24
2009-12-01,22718,WH001,773
2009-12-01,22718,WH002,293
2009-12-01,22718,WH003,833
2009-12-01,22718,WH004,269
2009-12-01,22718,WH005,590
2009-12-01,22633,WH001,258
2009-12-01,22633,WH002,579
2009-12-01,22633,WH003,885
2009-12-01,22633,WH004,381
2009-12-01,22633,WH005,173
2009-12-01,22653,WH001,261
2009-12-01,22653,WH002,118
2009-12-01,22653,WH003,725
2009-12-01,22653,WH004,404
2009-12-01,22653,WH005,479
2009-12-01,21396,WH001,779
2009-12-01,21396,WH002,564
2009-12-01,21396,WH003,472
2009-12-01,21396,WH004,133
2009-12-01,21396,WH005,665
2009-12-01,22227,WH001,390
2009-12-01,22227,WH002,652
2009-12-01,22227,WH003,34
2009-12-01,22227,WH004,152
2009-12-01,22227,WH005,909
2009-12-01,10120,WH001,741
2009-12-01,10120,WH002,606
2009-12-01,10120,WH003,120
2009-12-01,10120,WH004,571
2009-12-01,10120,WH005,712
2009-12-01,21860,WH001,785
2009-12-01,21860,WH002,923
2009-12-01,21860,WH003,852
2009-12-01,21860,WH004,115
2009-12-01,21860,WH005,343
2009-12-01,85066,WH001,126
2009-12-01,85066,WH002,154
2009-12-01,85066,WH003,988
2009-12-01,85066,WH004,414
2009-12-01,85066,WH005,971
2009-12-01,84937,WH001,976
2009-12-01,84937,WH002,486
2009-12-01,84937,WH003,581
2009-12-01,84937,WH004,150
2009-12-01,84937,WH005,214
2009-12-01,21986,WH001,638
2009-12-01,21986,WH002,867
2009-12-01,21986,WH003,526
2009-12-01,21986,WH004,202
2009-12-01,21986,WH005,388
2009-12-01,72753B,WH001,594
2009-12-01,72753B,WH002,730
2009-12-01,72753B,WH003,98
2009-12-01,72753B,WH004,238
2009-12-01,72753B,WH005,185
2009-12-01,23396,WH001,778
2009-12-01,23396,WH002,277
2009-12-01,23396,WH003,649
2009-12-01,23396,WH004,128
2009-12-01,23396,WH005,116
2009-12-01,84520B,WH001,113
2009-12-01,84520B,WH002,427
2009-12-01,84520B,WH003,20
2009-12-01,84520B,WH004,517
2009-12-01,84520B,WH005,269
2009-12-01,85016,WH001,478
2009-12-01,85016,WH002,615
2009-12-01,85016,WH003,468
2009-12-01,85016,WH004,793
2009-12-01,85016,WH005,790
2009-12-01,15039,WH001,611
2009-12-01,15039,WH002,540
2009-12-01,15039,WH003,571
2009-12-01,15039,WH004,224
2009-12-01,15039,WH005,498
2009-12-01,22447,WH001,586
2009-12-01,22447,WH002,932
2009-12-01,22447,WH003,291
2009-12-01,22447,WH004,701
2009-12-01,22447,WH005,195
2009-12-01,16219,WH001,94
2009-12-01,16219,WH002,994
2009-12-01,16219,WH003,255
2009-12-01,16219,WH004,632
2009-12-01,16219,WH005,259
2009-12-01,22466,WH001,330
2009-12-01,22466,WH002,767
2009-12-01,22466,WH003,271
2009-12-01,22466,WH004,65
2009-12-01,22466,WH005,414
2009-12-01,90162A,WH001,766
2009-12-01,90162A,WH002,773
2009-12-01,90162A,WH003,596
2009-12-01,90162A,WH004,763
2009-12-01,90162A,WH005,803
2009-12-01,22533,WH001,563
2009-12-01,22533,WH002,456
2009-12-01,22533,WH003,820
2009-12-01,22533,WH004,683
2009-12-01,22533,WH005,528
2009-12-01,16201A,WH001,108
2009-12-01,16201A,WH002,796
2009-12-01,16201A,WH003,47
2009-12-01,16201A,WH004,801
2009-12-01,16201A,WH005,560
2009-12-01,22190,WH001,562
2009-12-01,22190,WH002,956
2009-12-01,22190,WH003,183
2009-12-01,22190,WH004,426
2009-12-01,22190,WH005,734
2009-12-01,79403,WH001,904
2009-12-01,79403,WH002,833
2009-12-01,79403,WH003,689
2009-12-01,79403,WH004,531
2009-12-01,79403,WH005,907
2009-12-01,21475,WH001,708
2009-12-01,21475,WH002,555
2009-12-01,21475,WH003,488
2009-12-01,21475,WH004,329
2009-12-01,21475,WH005,6
2009-12-01,22106,WH001,717
2009-12-01,22106,WH002,781
2009-12-01,22106,WH003,52
2009-12-01,22106,WH004,451
2009-12-01,22106,WH005,331
2009-12-01,84795b,WH001,964
2009-12-01,84795b,WH002,821
2009-12-01,84795b,WH003,28
2009-12-01,84795b,WH004,409
2009-12-01,84795b,WH005,868
2009-12-01,84596f,WH001,653
2009-12-01,84596f,WH002,136
2009-12-01,84596f,WH003,427
2009-12-01,84596f,WH004,80
2009-12-01,84596f,WH005,241
2009-12-01,21757,WH001,405
2009-12-01,21757,WH002,873
2009-12-01,21757,WH003,181
2009-12-01,21757,WH004,524
2009-12-01,21757,WH005,655
2009-12-01,84509A,WH001,771
2009-12-01,84509A,WH002,606
2009-12-01,84509A,WH003,130
2009-12-01,84509A,WH004,836
2009-12-01,84509A,WH005,946
2009-12-01,POST,WH001,850
2009-12-01,POST,WH002,186
2009-12-01,POST,WH003,292
2009-12-01,POST,WH004,58
2009-12-01,POST,WH005,772
2009-12-01,21286,WH001,214
2009-12-01,21286,WH002,940
2009-12-01,21286,WH003,624
2009-12-01,21286,WH004,320
2009-12-01,21286,WH005,457
2009-12-01,90012B,WH001,358
2009-12-01,90012B,WH002,92
2009-12-01,90012B,WH003,152
2009-12-01,90012B,WH004,534
2009-12-01,90012B,WH005,995
2009-12-01,90179B,WH001,175
2009-12-01,90179B,WH002,953
2009-12-01,90179B,WH003,163
2009-12-01,90179B,WH004,708
2009-12-01,90179B,WH005,921
2009-12-01,85130D,WH001,23
2009-12-01,85130D,WH002,291
2009-12-01,85130D,WH003,512
2009-12-01,85130D,WH004,540
2009-12-01,85130D,WH005,872
2009-12-01,21311,WH001,321
2009-12-01,21311,WH002,88
2009-12-01,21311,WH003,652
2009-12-01,21311,WH004,420
2009-12-01,21311,WH005,201
2009-12-01,84705D,WH001,92
2009-12-01,84705D,WH002,330
2009-12-01,84705D,WH003,895
2009-12-01,84705D,WH004,43
2009-12-01,84705D,WH005,634
2009-12-01,23075,WH001,256
2009-12-01,23075,WH002,620
2009-12-01,23075,WH003,872
2009-12-01,23075,WH004,316
2009-12-01,23075,WH005,402
2009-12-01,22739,WH001,407
2009-12-01,22739,WH002,709
2009-12-01,22739,WH003,756
2009-12-01,22739,WH004,397
2009-12-01,22739,WH005,88
2009-12-01,22760,WH001,543
2009-12-01,22760,WH002,697
2009-12-01,22760,WH003,461
2009-12-01,22760,WH004,496
2009-12-01,22760,WH005,667
2009-12-01,22780,WH001,417
2009-12-01,22780,WH002,716
2009-12-01,22780,WH003,633
2009-12-01,22780,WH004,100
2009-12-01,22780,WH005,17
2009-12-01,22896,WH001,970
2009-12-01,22896,WH002,531
2009-12-01,22896,WH003,780
2009-12-01,22896,WH004,567
2009-12-01,22896,WH005,260
2009-12-01,23283,WH001,111
2009-12-01,23283,WH002,849
2009-12-01,23283,WH003,117
2009-12-01,23283,WH004,402
2009-12-01,23283,WH005,384
2009-12-01,22691,WH001,173
2009-12-01,22691,WH002,922
2009-12-01,22691,WH003,524
2009-12-01,22691,WH004,609
2009-12-01,22691,WH005,379
2009-12-01,22317,WH001,559
2009-12-01,22317,WH002,883
2009-12-01,22317,WH003,973
2009-12-01,22317,WH004,294
2009-12-01,22317,WH005,538
2009-12-01,84452,WH001,362
2009-12-01,84452,WH002,26
2009-12-01,84452,WH003,668
2009-12-01,84452,WH004,836
2009-12-01,84452,WH005,465
2009-12-01,22480,WH001,956
2009-12-01,22480,WH002,752
2009-12-01,22480,WH003,970
2009-12-01,22480,WH004,30
2009-12-01,22480,WH005,211
2009-12-01,23603,WH001,277
2009-12-01,23603,WH002,543
2009-12-01,23603,WH003,932
2009-12-01,23603,WH004,406
2009-12-01,23603,WH005,228
2009-12-01,21590,WH001,441
2009-12-01,21590,WH002,461
2009-12-01,21590,WH003,321
2009-12-01,21590,WH004,713
2009-12-01,21590,WH005,27
2009-12-01,90043,WH001,307
2009-12-01,90043,WH002,201
2009-12-01,90043,WH003,71
2009-12-01,90043,WH004,88
2009-12-01,90043,WH005,857
2009-12-01,22735,WH001,485
2009-12-01,22735,WH002,975
2009-12-01,22735,WH003,182
2009-12-01,22735,WH004,946
2009-12-01,22735,WH005,501
2009-12-01,22335,WH001,108
2009-12-01,22335,WH002,200
2009-12-01,22335,WH003,486
2009-12-01,22335,WH004,681
2009-12-01,22335,WH005,823
2009-12-01,79323W,WH001,919
2009-12-01,79323W,WH002,890
2009-12-01,79323W,WH003,583
2009-12-01,79323W,WH004,28
2009-12-01,79323W,WH005,103
2009-12-01,22697,WH001,994
2009-12-01,22697,WH002,157
2009-12-01,22697,WH003,93
2009-12-01,22697,WH004,818
2009-12-01,22697,WH005,550
2009-12-01,22400,WH001,416
2009-12-01,22400,WH002,446
2009-12-01,22400,WH003,681
2009-12-01,22400,WH004,995
2009-12-01,22400,WH005,676
2009-12-01,23116,WH001,569
2009-12-01,23116,WH002,213
2009-12-01,23116,WH003,339
2009-12-01,23116,WH004,292
2009-12-01,23116,WH005,732
2009-12-01,84249D,WH001,719
2009-12-01,84249D,WH002,37
2009-12-01,84249D,WH003,11
2009-12-01,84249D,WH004,949
2009-12-01,84249D,WH005,489
2009-12-01,90086,WH001,923
2009-12-01,90086,WH002,134
2009-12-01,90086,WH003,370
2009-12-01,90086,WH004,511
2009-12-01,90086,WH005,195
2009-12-01,22921,WH001,488
2009-12-01,22921,WH002,257
2009-12-01,22921,WH003,553
2009-12-01,22921,WH004,425
2009-12-01,22921,WH005,352
2009-12-01,35833P,WH001,745
2009-12-01,35833P,WH002,229
2009-12-01,35833P,WH003,285
2009-12-01,35833P,WH004,470
2009-12-01,35833P,WH005,281
2009-12-01,22408,WH001,466
2009-12-01,22408,WH002,173
2009-12-01,22408,WH003,466
2009-12-01,22408,WH004,492
2009-12-01,22408,WH005,533
2009-12-01,23220,WH001,526
2009-12-01,23220,WH002,483
2009-12-01,23220,WH003,375
2009-12-01,23220,WH004,341
2009-12-01,23220,WH005,528
2009-12-01,17109D,WH001,286
2009-12-01,17109D,WH002,327
2009-12-01,17109D,WH003,734
2009-12-01,17109D,WH004,773
2009-12-01,17109D,WH005,543
2009-12-01,35649,WH001,765
2009-12-01,35649,WH002,109
2009-12-01,35649,WH003,866
2009-12-01,35649,WH004,206
2009-12-01,35649,WH005,421
2009-12-01,22548,WH001,467
2009-12-01,22548,WH002,390
2009-12-01,22548,WH003,31
2009-12-01,22548,WH004,761
2009-12-01,22548,WH005,125
2009-12-01,72598,WH001,879
2009-12-01,72598,WH002,135
2009-12-01,72598,WH003,632
2009-12-01,72598,WH004,868
2009-12-01,72598,WH005,665
2009-12-01,72132,WH001,381
2009-12-01,72132,WH002,630
2009-12-01,72132,WH003,861
2009-12-01,72132,WH004,620
2009-12-01,72132,WH005,366
2009-12-01,85142,WH001,245
2009-12-01,85142,WH002,707
2009-12-01,85142,WH003,177
2009-12-01,85142,WH004,522
2009-12-01,85142,WH005,149
2009-12-01,20717,WH001,228
2009-12-01,20717,WH002,884
2009-12-01,20717,WH003,902
2009-12-01,20717,WH004,820
2009-12-01,20717,WH005,875
2009-12-01,22948,WH001,765
2009-12-01,22948,WH002,748
2009-12-01,22948,WH003,786
2009-12-01,22948,WH004,663
2009-12-01,22948,WH005,773
2009-12-01,21750,WH001,443
2009-12-01,21750,WH002,718
2009-12-01,21750,WH003,133
2009-12-01,21750,WH004,396
2009-12-01,21750,WH005,420
2009-12-01,22698,WH001,578
2009-12-01,22698,WH002,725
2009-12-01,22698,WH003,988
2009-12-01,22698,WH004,479
2009-12-01,22698,WH005,809
2009-12-01,84582,WH001,982
2009-12-01,84582,WH002,254
2009-12-01,84582,WH003,629
2009-12-01,84582,WH004,124
2009-12-01,84582,WH005,161
2009-12-01,22848,WH001,515
2009-12-01,22848,WH002,78
2009-12-01,22848,WH003,538
2009-12-01,22848,WH004,214
2009-12-01,22848,WH005,686
2009-12-01,DCGS0004,WH001,540
2009-12-01,DCGS0004,WH002,798
2009-12-01,DCGS0004,WH003,966
2009-12-01,DCGS0004,WH004,834
2009-12-01,DCGS0004,WH005,988
2009-12-01,22587,WH001,520
2009-12-01,22587,WH002,763
2009-12-01,22587,WH003,940
2009-12-01,22587,WH004,242
2009-12-01,22587,WH005,841
2009-12-01,22532,WH001,992
2009-12-01,22532,WH002,335
2009-12-01,22532,WH003,938
2009-12-01,22532,WH004,405
2009-12-01,22532,WH005,651
2009-12-01,21401,WH001,59
2009-12-01,21401,WH002,15
2009-12-01,21401,WH003,787
2009-12-01,21401,WH004,250
2009-12-01,21401,WH005,789
2009-12-01,23329,WH001,485
2009-12-01,23329,WH002,98
2009-12-01,23329,WH003,297
2009-12-01,23329,WH004,192
2009-12-01,23329,WH005,612
2009-12-01,22972,WH001,104
2009-12-01,22972,WH002,570
2009-12-01,22972,WH003,818
2009-12-01,22972,WH004,982
2009-12-01,22972,WH005,684
2009-12-01,84414B,WH001,437
2009-12-01,84414B,WH002,515
2009-12-01,84414B,WH003,29
2009-12-01,84414B,WH004,897
2009-12-01,84414B,WH005,50
2009-12-01,16169G,WH001,976
2009-12-01,16169G,WH002,158
2009-12-01,16169G,WH003,919
2009-12-01,16169G,WH004,251
2009-12-01,16169G,WH005,42
2009-12-01,21770,WH001,670
2009-12-01,21770,WH002,957
2009-12-01,21770,WH003,677
2009-12-01,21770,WH004,327
2009-12-01,21770,WH005,843
2009-12-01,23439,WH001,589
2009-12-01,23439,WH002,4
2009-12-01,23439,WH003,190
2009-12-01,23439,WH004,678
2009-12-01,23439,WH005,63
2009-12-01,84657,WH001,561
2009-12-01,84657,WH002,302
2009-12-01,84657,WH003,256
2009-12-01,84657,WH004,520
2009-12-01,84657,WH005,598
2009-12-01,23002,WH001,565
2009-12-01,23002,WH002,146
2009-12-01,23002,WH003,685
2009-12-01,23002,WH004,20
2009-12-01,23002,WH005,423
2009-12-01,22152,WH001,473
2009-12-01,22152,WH002,547
2009-12-01,22152,WH003,637
2009-12-01,22152,WH004,842
2009-12-01,22152,WH005,551
2009-12-01,84247N,WH001,738
2009-12-01,84247N,WH002,789
2009-12-01,84247N,WH003,428
2009-12-01,84247N,WH004,235
2009-12-01,84247N,WH005,683
2009-12-01,85035C,WH001,342
2009-12-01,85035C,WH002,142
2009-12-01,85035C,WH003,588
2009-12-01,85035C,WH004,265
2009-12-01,85035C,WH005,387
2009-12-01,90129C,WH001,475
2009-12-01,90129C,WH002,776
2009-12-01,90129C,WH003,641
2009-12-01,90129C,WH004,12
2009-12-01,90129C,WH005,108
2009-12-01,85114A,WH001,770
2009-12-01,85114A,WH002,922
2009-12-01,85114A,WH003,813
2009-12-01,85114A,WH004,178
2009-12-01,85114A,WH005,700
2009-12-01,22978,WH001,98
2009-12-01,22978,WH002,549
2009-12-01,22978,WH003,301
2009-12-01,22978,WH004,244
2009-12-01,22978,WH005,343
2009-12-01,85081,WH001,146
2009-12-01,85081,WH002,936
2009-12-01,85081,WH003,892
2009-12-01,85081,WH004,900
2009-12-01,85081,WH005,999
2009-12-01,21883,WH001,863
2009-12-01,21883,WH002,164
2009-12-01,21883,WH003,468
2009-12-01,21883,WH004,382
2009-12-01,21883,WH005,9
2009-12-01,84782A,WH001,228
2009-12-01,84782A,WH002,702
2009-12-01,84782A,WH003,205
2009-12-01,84782A,WH004,598
2009-12-01,84782A,WH005,703
2009-12-01,21307,WH001,2
2009-12-01,21307,WH002,935
2009-12-01,21307,WH003,470
2009-12-01,21307,WH004,398
2009-12-01,21307,WH005,13
2009-12-01,21625,WH001,840
2009-12-01,21625,WH002,893
2009-12-01,21625,WH003,874
2009-12-01,21625,WH004,582
2009-12-01,21625,WH005,688
2009-12-01,21621,WH001,830
2009-12-01,21621,WH002,779
2009-12-01,21621,WH003,493
2009-12-01,21621,WH004,89
2009-12-01,21621,WH005,403
2009-12-01,22281,WH001,791
2009-12-01,22281,WH002,968
2009-12-01,22281,WH003,149
2009-12-01,22281,WH004,854
2009-12-01,22281,WH005,724
2009-12-01,22314,WH001,365
2009-12-01,22314,WH002,955
2009-12-01,22314,WH003,48
2009-12-01,22314,WH004,284
2009-12-01,22314,WH005,80
2009-12-01,DCGSSGIRL,WH001,480
2009-12-01,DCGSSGIRL,WH002,757
2009-12-01,DCGSSGIRL,WH003,471
2009-12-01,DCGSSGIRL,WH004,392
2009-12-01,DCGSSGIRL,WH005,189
2009-12-01,22530,WH001,338
2009-12-01,22530,WH002,18
2009-12-01,22530,WH003,592
2009-12-01,22530,WH004,762
2009-12-01,22530,WH005,722
2009-12-01,72801d,WH001,890
2009-12-01,72801d,WH002,461
2009-12-01,72801d,WH003,268
2009-12-01,72801d,WH004,504
2009-12-01,72801d,WH005,672
2009-12-01,22297,WH001,727
2009-12-01,22297,WH002,612
2009-12-01,22297,WH003,167
2009-12-01,22297,WH004,324
2009-12-01,22297,WH005,125
2009-12-01,72739B,WH001,273
2009-12-01,72739B,WH002,393
2009-12-01,72739B,WH003,870
2009-12-01,72739B,WH004,371
2009-12-01,72739B,WH005,397
2009-12-01,35648,WH001,631
2009-12-01,35648,WH002,997
2009-12-01,35648,WH003,279
2009-12-01,35648,WH004,831
2009-12-01,35648,WH005,925
2009-12-01,90029,WH001,834
2009-12-01,90029,WH002,168
2009-12-01,90029,WH003,217
2009-12-01,90029,WH004,781
2009-12-01,90029,WH005,414
2009-12-01,22357,WH001,472
2009-12-01,22357,WH002,121
2009-12-01,22357,WH003,163
2009-12-01,22357,WH004,376
2009-12-01,22357,WH005,706
2009-12-01,21673,WH001,997
2009-12-01,21673,WH002,76
2009-12-01,21673,WH003,632
2009-12-01,21673,WH004,924
2009-12-01,21673,WH005,335
2009-12-01,21172,WH001,887
2009-12-01,21172,WH002,292
2009-12-01,21172,WH003,552
2009-12-01,21172,WH004,213
2009-12-01,21172,WH005,832
2009-12-01,23191,WH001,110
2009-12-01,23191,WH002,574
2009-12-01,23191,WH003,169
2009-12-01,23191,WH004,203
2009-12-01,23191,WH005,366
2009-12-01,21895,WH001,92
2009-12-01,21895,WH002,428
2009-12-01,21895,WH003,316
2009-12-01,21895,WH004,382
2009-12-01,21895,WH005,167
2009-12-01,72715,WH001,152
2009-12-01,72715,WH002,730
2009-12-01,72715,WH003,280
2009-12-01,72715,WH004,570
2009-12-01,72715,WH005,444
2009-12-01,21070,WH001,308
2009-12-01,21070,WH002,84
2009-12-01,21070,WH003,517
2009-12-01,21070,WH004,50
2009-12-01,21070,WH005,267
2009-12-01,22909,WH001,793
2009-12-01,22909,WH002,140
2009-12-01,22909,WH003,199
2009-12-01,22909,WH004,837
2009-12-01,22909,WH005,303
2009-12-01,22272,WH001,486
2009-12-01,22272,WH002,100
2009-12-01,22272,WH003,464
2009-12-01,22272,WH004,184
2009-12-01,22272,WH005,401
2009-12-01,84968F,WH001,836
2009-12-01,84968F,WH002,538
2009-12-01,84968F,WH003,924
2009-12-01,84968F,WH004,964
2009-12-01,84968F,WH005,412
2009-12-01,72803B,WH001,270
2009-12-01,72803B,WH002,212
2009-12-01,72803B,WH003,617
2009-12-01,72803B,WH004,695
2009-12-01,72803B,WH005,776
2009-12-01,21199,WH001,203
2009-12-01,21199,WH002,663
2009-12-01,21199,WH003,681
2009-12-01,21199,WH004,493
2009-12-01,21199,WH005,685
2009-12-01,22854,WH001,490
2009-12-01,22854,WH002,799
2009-12-01,22854,WH003,304
2009-12-01,22854,WH004,254
2009-12-01,22854,WH005,614
2009-12-01,72821,WH001,320
2009-12-01,72821,WH002,505
2009-12-01,72821,WH003,251
2009-12-01,72821,WH004,243
2009-12-01,72821,WH005,639
2009-12-01,21736,WH001,280
2009-12-01,21736,WH002,976
2009-12-01,21736,WH003,815
2009-12-01,21736,WH004,419
2009-12-01,21736,WH005,242
2009-12-01,81952B,WH001,336
2009-12-01,81952B,WH002,446
2009-12-01,81952B,WH003,580
2009-12-01,81952B,WH004,358
2009-12-01,81952B,WH005,353
2009-12-01,35610C,WH001,495
2009-12-01,35610C,WH002,111
2009-12-01,35610C,WH003,37
2009-12-01,35610C,WH004,495
2009-12-01,35610C,WH005,716
2009-12-01,48173C,WH001,586
2009-12-01,48173C,WH002,76
2009-12-01,48173C,WH003,432
2009-12-01,48173C,WH004,544
2009-12-01,48173C,WH005,764
2009-12-01,22299,WH001,673
2009-12-01,22299,WH002,677
2009-12-01,22299,WH003,5
2009-12-01,22299,WH004,459
2009-12-01,22299,WH005,925
2009-12-01,47586A,WH001,949
2009-12-01,47586A,WH002,771
2009-12-01,47586A,WH003,586
2009-12-01,47586A,WH004,821
2009-12-01,47586A,WH005,360
2009-12-01,23529,WH001,450
2009-12-01,23529,WH002,375
2009-12-01,23529,WH003,100
2009-12-01,23529,WH004,21
2009-12-01,23529,WH005,331
2009-12-01,71477,WH001,671
2009-12-01,71477,WH002,716
2009-12-01,71477,WH003,745
2009-12-01,71477,WH004,561
2009-12-01,71477,WH005,223
2009-12-01,22232,WH001,846
2009-12-01,22232,WH002,768
2009-12-01,22232,WH003,200
2009-12-01,22232,WH004,677
2009-12-01,22232,WH005,232
2009-12-01,22510,WH001,54
2009-12-01,22510,WH002,55
2009-12-01,22510,WH003,265
2009-12-01,22510,WH004,221
2009-12-01,22510,WH005,999
2009-12-01,22785,WH001,952
2009-12-01,22785,WH002,7
2009-12-01,22785,WH003,988
2009-12-01,22785,WH004,920
2009-12-01,22785,WH005,954
2009-12-01,90018A,WH001,817
2009-12-01,90018A,WH002,119
2009-12-01,90018A,WH003,727
2009-12-01,90018A,WH004,756
2009-12-01,90018A,WH005,556
2009-12-01,35001G,WH001,101
2009-12-01,35001G,WH002,253
2009-12-01,35001G,WH003,517
2009-12-01,35001G,WH004,163
2009-12-01,35001G,WH005,971
2009-12-01,84873a,WH001,57
2009-12-01,84873a,WH002,535
2009-12-01,84873a,WH003,561
2009-12-01,84873a,WH004,465
2009-12-01,84873a,WH005,880
2009-12-01,21056,WH001,115
2009-12-01,21056,WH002,152
2009-12-01,21056,WH003,65
2009-12-01,21056,WH004,239
2009-12-01,21056,WH005,34
2009-12-01,21691,WH001,148
2009-12-01,21691,WH002,616
2009-12-01,21691,WH003,622
2009-12-01,21691,WH004,741
2009-12-01,21691,WH005,762
2009-12-01,22217,WH001,764
2009-12-01,22217,WH002,840
2009-12-01,22217,WH003,758
2009-12-01,22217,WH004,236
2009-12-01,22217,WH005,991
2009-12-01,23078,WH001,700
2009-12-01,23078,WH002,115
2009-12-01,23078,WH003,450
2009-12-01,23078,WH004,909
2009-12-01,23078,WH005,989
2009-12-01,21109,WH001,967
2009-12-01,21109,WH002,702
2009-12-01,21109,WH003,578
2009-12-01,21109,WH004,102
2009-12-01,21109,WH005,585
2009-12-01,84192,WH001,304
2009-12-01,84192,WH002,271
2009-12-01,84192,WH003,677
2009-12-01,84192,WH004,235
2009-12-01,84192,WH005,698
2009-12-01,84741C,WH001,432
2009-12-01,84741C,WH002,392
2009-12-01,84741C,WH003,285
2009-12-01,84741C,WH004,297
2009-12-01,84741C,WH005,790
2009-12-01,23256,WH001,255
2009-12-01,23256,WH002,642
2009-12-01,23256,WH003,323
2009-12-01,23256,WH004,682
2009-12-01,23256,WH005,87
2009-12-01,22810,WH001,920
2009-12-01,22810,WH002,364
2009-12-01,22810,WH003,173
2009-12-01,22810,WH004,162
2009-12-01,22810,WH005,746
2009-12-01,22210,WH001,220
2009-12-01,22210,WH002,275
2009-12-01,22210,WH003,230
2009-12-01,22210,WH004,303
2009-12-01,22210,WH005,172
2009-12-01,21843,WH001,583
2009-12-01,21843,WH002,502
2009-12-01,21843,WH003,87
2009-12-01,21843,WH004,662
2009-12-01,21843,WH005,920
2009-12-01,21908,WH001,870
2009-12-01,21908,WH002,332
2009-12-01,21908,WH003,523
2009-12-01,21908,WH004,440
2009-12-01,21908,WH005,52
2009-12-01,21263,WH001,553
2009-12-01,21263,WH002,328
2009-12-01,21263,WH003,862
2009-12-01,21263,WH004,530
2009-12-01,21263,WH005,363
2009-12-01,20888,WH001,716
2009-12-01,20888,WH002,179
2009-12-01,20888,WH003,227
2009-12-01,20888,WH004,597
2009-12-01,20888,WH005,755
2009-12-01,22245,WH001,808
2009-12-01,22245,WH002,734
2009-12-01,22245,WH003,688
2009-12-01,22245,WH004,748
2009-12-01,22245,WH005,798
2009-12-01,82605,WH001,665
2009-12-01,82605,WH002,510
2009-12-01,82605,WH003,232
2009-12-01,82605,WH004,752
2009-12-01,82605,WH005,586
2009-12-01,21623,WH001,191
2009-12-01,21623,WH002,276
2009-12-01,21623,WH003,979
2009-12-01,21623,WH004,916
2009-12-01,21623,WH005,73
2009-12-01,16162M,WH001,52
2009-12-01,16162M,WH002,863
2009-12-01,16162M,WH003,676
2009-12-01,16162M,WH004,512
2009-12-01,16162M,WH005,871
2009-12-01,23694,WH001,476
2009-12-01,23694,WH002,334
2009-12-01,23694,WH003,180
2009-12-01,23694,WH004,253
2009-12-01,23694,WH005,285
2009-12-01,22424,WH001,111
2009-12-01,22424,WH002,423
2009-12-01,22424,WH003,518
2009-12-01,22424,WH004,727
2009-12-01,22424,WH005,188
2009-12-01,22733,WH001,990
2009-12-01,22733,WH002,589
2009-12-01,22733,WH003,190
2009-12-01,22733,WH004,572
2009-12-01,22733,WH005,503
2009-12-01,21381,WH001,129
2009-12-01,21381,WH002,509
2009-12-01,21381,WH003,691
2009-12-01,21381,WH004,30
2009-12-01,21381,WH005,917
2009-12-01,20775,WH001,953
2009-12-01,20775,WH002,931
2009-12-01,20775,WH003,969
2009-12-01,20775,WH004,148
2009-12-01,20775,WH005,179
2009-12-01,85123a,WH001,823
2009-12-01,85123a,WH002,116
2009-12-01,85123a,WH003,747
2009-12-01,85123a,WH004,102
2009-12-01,85123a,WH005,961
2009-12-01,21864,WH001,550
2009-12-01,21864,WH002,246
2009-12-01,21864,WH003,207
2009-12-01,21864,WH004,576
2009-12-01,21864,WH005,174
2009-12-01,90206C,WH001,535
2009-12-01,90206C,WH002,757
2009-12-01,90206C,WH003,828
2009-12-01,90206C,WH004,977
2009-12-01,90206C,WH005,75
2009-12-01,84575A,WH001,853
2009-12-01,84575A,WH002,522
2009-12-01,84575A,WH003,821
2009-12-01,84575A,WH004,450
2009-12-01,84575A,WH005,491
2009-12-01,21518,WH001,984
2009-12-01,21518,WH002,460
2009-12-01,21518,WH003,821
2009-12-01,21518,WH004,827
2009-12-01,21518,WH005,955
2009-12-01,21440,WH001,154
2009-12-01,21440,WH002,695
2009-12-01,21440,WH003,691
2009-12-01,21440,WH004,238
2009-12-01,21440,WH005,521
2009-12-01,21211,WH001,663
2009-12-01,21211,WH002,330
2009-12-01,21211,WH003,834
2009-12-01,21211,WH004,624
2009-12-01,21211,WH005,295
2009-12-01,21544,WH001,772
2009-12-01,21544,WH002,583
2009-12-01,21544,WH003,963
2009-12-01,21544,WH004,101
2009-12-01,21544,WH005,604
2009-12-01,23341,WH001,146
2009-12-01,23341,WH002,831
2009-12-01,23341,WH003,398
2009-12-01,23341,WH004,355
2009-12-01,23341,WH005,518
2009-12-01,20785,WH001,183
2009-12-01,20785,WH002,428
2009-12-01,20785,WH003,570
2009-12-01,20785,WH004,37
2009-12-01,20785,WH005,647
2009-12-01,84465,WH001,806
2009-12-01,84465,WH002,770
2009-12-01,84465,WH003,296
2009-12-01,84465,WH004,711
2009-12-01,84465,WH005,913
2009-12-01,20829,WH001,301
2009-12-01,20829,WH002,237
2009-12-01,20829,WH003,971
2009-12-01,20829,WH004,664
2009-12-01,20829,WH005,90
2009-12-01,85184B,WH001,457
2009-12-01,85184B,WH002,914
2009-12-01,85184B,WH003,20
2009-12-01,85184B,WH004,857
2009-12-01,85184B,WH005,609
2009-12-01,22873,WH001,602
2009-12-01,22873,WH002,31
2009-12-01,22873,WH003,743
2009-12-01,22873,WH004,53
2009-12-01,22873,WH005,351
2009-12-01,84770,WH001,661
2009-12-01,84770,WH002,949
2009-12-01,84770,WH003,497
2009-12-01,84770,WH004,677
2009-12-01,84770,WH005,882
2009-12-01,22246,WH001,877
2009-12-01,22246,WH002,453
2009-12-01,22246,WH003,854
2009-12-01,22246,WH004,987
2009-12-01,22246,WH005,404
2009-12-01,23546,WH001,20
2009-12-01,23546,WH002,151
2009-12-01,23546,WH003,921
2009-12-01,23546,WH004,714
2009-12-01,23546,WH005,219
2009-12-01,21662,WH001,700
2009-12-01,21662,WH002,189
2009-12-01,21662,WH003,879
2009-12-01,21662,WH004,485
2009-12-01,21662,WH005,854
2009-12-01,84984D,WH001,652
2009-12-01,84984D,WH002,212
2009-12-01,84984D,WH003,624
2009-12-01,84984D,WH004,668
2009-12-01,84984D,WH005,353
2009-12-01,47518F,WH001,544
2009-12-01,47518F,WH002,614
2009-12-01,47518F,WH003,66
2009-12-01,47518F,WH004,451
2009-12-01,47518F,WH005,734
2009-12-01,22517,WH001,208
2009-12-01,22517,WH002,157
2009-12-01,22517,WH003,36
2009-12-01,22517,WH004,695
2009-12-01,22517,WH005,653
2009-12-01,21595,WH001,26
2009-12-01,21595,WH002,599
2009-12-01,21595,WH003,387
2009-12-01,21595,WH004,503
2009-12-01,21595,WH005,642
2009-12-01,21507,WH001,451
2009-12-01,21507,WH002,390
2009-12-01,21507,WH003,504
2009-12-01,21507,WH004,939
2009-12-01,21507,WH005,112
2009-12-01,21366,WH001,353
2009-12-01,21366,WH002,681
2009-12-01,21366,WH003,476
2009-12-01,21366,WH004,860
2009-12-01,21366,WH005,279
2009-12-01,21167,WH001,114
2009-12-01,21167,WH002,208
2009-12-01,21167,WH003,770
2009-12-01,21167,WH004,615
2009-12-01,21167,WH005,418
2009-12-01,84598,WH001,220
2009-12-01,84598,WH002,788
2009-12-01,84598,WH003,332
2009-12-01,84598,WH004,504
2009-12-01,84598,WH005,808
2009-12-01,21196,WH001,221
2009-12-01,21196,WH002,389
2009-12-01,21196,WH003,410
2009-12-01,21196,WH004,89
2009-12-01,21196,WH005,122
2009-12-01,21596,WH001,239
2009-12-01,21596,WH002,17
2009-12-01,21596,WH003,426
2009-12-01,21596,WH004,30
2009-12-01,21596,WH005,617
2009-12-01,85015,WH001,960
2009-12-01,85015,WH002,528
2009-12-01,85015,WH003,989
2009-12-01,85015,WH004,526
2009-12-01,85015,WH005,39
2009-12-01,21894,WH001,408
2009-12-01,21894,WH002,189
2009-12-01,21894,WH003,485
2009-12-01,21894,WH004,487
2009-12-01,21894,WH005,729
2009-12-01,22207,WH001,644
2009-12-01,22207,WH002,170
2009-12-01,22207,WH003,172
2009-12-01,22207,WH004,158
2009-12-01,22207,WH005,212
2009-12-01,90028,WH001,976
2009-12-01,90028,WH002,514
2009-12-01,90028,WH003,230
2009-12-01,90028,WH004,49
2009-12-01,90028,WH005,504
2009-12-01,37444C,WH001,533
2009-12-01,37444C,WH002,623
2009-12-01,37444C,WH003,883
2009-12-01,37444C,WH004,393
2009-12-01,37444C,WH005,986
2009-12-01,22852,WH001,486
2009-12-01,22852,WH002,540
2009-12-01,22852,WH003,951
2009-12-01,22852,WH004,370
2009-12-01,22852,WH005,42
2009-12-01,35991,WH001,768
2009-12-01,35991,WH002,616
2009-12-01,35991,WH003,901
2009-12-01,35991,WH004,908
2009-12-01,35991,WH005,483
2009-12-01,20781,WH001,704
2009-12-01,20781,WH002,845
2009-12-01,20781,WH003,764
2009-12-01,20781,WH004,426
2009-12-01,20781,WH005,421
2009-12-01,84898F,WH001,450
2009-12-01,84898F,WH002,720
2009-12-01,84898F,WH003,577
2009-12-01,84898F,WH004,131
2009-12-01,84898F,WH005,432
2009-12-01,22621,WH001,334
2009-12-01,22621,WH002,251
2009-12-01,22621,WH003,904
2009-12-01,22621,WH004,874
2009-12-01,22621,WH005,619
2009-12-01,21670,WH001,954
2009-12-01,21670,WH002,198
2009-12-01,21670,WH003,544
2009-12-01,21670,WH004,690
2009-12-01,21670,WH005,788
2009-12-01,21593,WH001,390
2009-12-01,21593,WH002,227
2009-12-01,21593,WH003,410
2009-12-01,21593,WH004,693
2009-12-01,21593,WH005,949
2009-12-01,21294,WH001,308
2009-12-01,21294,WH002,347
2009-12-01,21294,WH003,172
2009-12-01,21294,WH004,365
2009-12-01,21294,WH005,487
2009-12-01,23285,WH001,560
2009-12-01,23285,WH002,30
2009-12-01,23285,WH003,162
2009-12-01,23285,WH004,291
2009-12-01,23285,WH005,491
2009-12-01,22247,WH001,224
2009-12-01,22247,WH002,111
2009-12-01,22247,WH003,496
2009-12-01,22247,WH004,972
2009-12-01,22247,WH005,496
2009-12-01,22784,WH001,907
2009-12-01,22784,WH002,681
2009-12-01,22784,WH003,790
2009-12-01,22784,WH004,121
2009-12-01,22784,WH005,782
2009-12-01,47310M,WH001,441
2009-12-01,47310M,WH002,810
2009-12-01,47310M,WH003,44
2009-12-01,47310M,WH004,280
2009-12-01,47310M,WH005,800
2009-12-01,22851,WH001,65
2009-12-01,22851,WH002,892
2009-12-01,22851,WH003,173
2009-12-01,22851,WH004,990
2009-12-01,22851,WH005,839
2009-12-01,84967A,WH001,519
2009-12-01,84967A,WH002,39
2009-12-01,84967A,WH003,848
2009-12-01,84967A,WH004,34
2009-12-01,84967A,WH005,459
2009-12-01,79161A,WH001,745
2009-12-01,79161A,WH002,203
2009-12-01,79161A,WH003,49
2009-12-01,79161A,WH004,838
2009-12-01,79161A,WH005,839
2009-12-01,20856,WH001,46
2009-12-01,20856,WH002,128
2009-12-01,20856,WH003,594
2009-12-01,20856,WH004,3
2009-12-01,20856,WH005,936
2009-12-01,23391,WH001,417
2009-12-01,23391,WH002,271
2009-12-01,23391,WH003,231
2009-12-01,23391,WH004,252
2009-12-01,23391,WH005,755
2009-12-01,21540,WH001,104
2009-12-01,21540,WH002,572
2009-12-01,21540,WH003,503
2009-12-01,21540,WH004,214
2009-12-01,21540,WH005,637
2009-12-01,90180A,WH001,354
2009-12-01,90180A,WH002,510
2009-12-01,90180A,WH003,214
2009-12-01,90180A,WH004,338
2009-12-01,90180A,WH005,739
2009-12-01,16051,WH001,429
2009-12-01,16051,WH002,608
2009-12-01,16051,WH003,833
2009-12-01,16051,WH004,662
2009-12-01,16051,WH005,943
2009-12-01,23206,WH001,299
2009-12-01,23206,WH002,325
2009-12-01,23206,WH003,244
2009-12-01,23206,WH004,637
2009-12-01,23206,WH005,766
2009-12-01,35915A,WH001,824
2009-12-01,35915A,WH002,327
2009-12-01,35915A,WH003,634
2009-12-01,35915A,WH004,247
2009-12-01,35915A,WH005,888
2009-12-01,23340,WH001,79
2009-12-01,23340,WH002,663
2009-12-01,23340,WH003,294
2009-12-01,23340,WH004,246
2009-12-01,23340,WH005,25
2009-12-01,23317,WH001,603
2009-12-01,23317,WH002,234
2009-12-01,23317,WH003,558
2009-12-01,23317,WH004,301
2009-12-01,23317,WH005,338
2009-12-01,40018E,WH001,177
2009-12-01,40018E,WH002,81
2009-12-01,40018E,WH003,872
2009-12-01,40018E,WH004,832
2009-12-01,40018E,WH005,674
2009-12-01,90177C,WH001,792
2009-12-01,90177C,WH002,879
2009-12-01,90177C,WH003,28
2009-12-01,90177C,WH004,371
2009-12-01,90177C,WH005,725
2009-12-01,21880,WH001,48
2009-12-01,21880,WH002,655
2009-12-01,21880,WH003,632
2009-12-01,21880,WH004,363
2009-12-01,21880,WH005,868
2009-12-01,84347,WH001,789
2009-12-01,84347,WH002,689
2009-12-01,84347,WH003,828
2009-12-01,84347,WH004,125
2009-12-01,84347,WH005,861
2009-12-01,20889,WH001,599
2009-12-01,20889,WH002,77
2009-12-01,20889,WH003,558
2009-12-01,20889,WH004,377
2009-12-01,20889,WH005,592
2009-12-01,22498,WH001,30
2009-12-01,22498,WH002,4
2009-12-01,22498,WH003,730
2009-12-01,22498,WH004,814
2009-12-01,22498,WH005,421
2009-12-01,84824,WH001,355
2009-12-01,84824,WH002,749
2009-12-01,84824,WH003,304
2009-12-01,84824,WH004,794
2009-12-01,84824,WH005,571
2009-12-01,22531,WH001,66
2009-12-01,22531,WH002,690
2009-12-01,22531,WH003,943
2009-12-01,22531,WH004,762
2009-12-01,22531,WH005,497
2009-12-01,22074,WH001,621
2009-12-01,22074,WH002,967
2009-12-01,22074,WH003,541
2009-12-01,22074,WH004,136
2009-12-01,22074,WH005,166
2009-12-01,21126,WH001,350
2009-12-01,21126,WH002,854
2009-12-01,21126,WH003,458
2009-12-01,21126,WH004,704
2009-12-01,21126,WH005,940
2009-12-01,22522,WH001,667
2009-12-01,22522,WH002,105
2009-12-01,22522,WH003,935
2009-12-01,22522,WH004,548
2009-12-01,22522,WH005,448
2009-12-01,21127,WH001,132
2009-12-01,21127,WH002,461
2009-12-01,21127,WH003,223
2009-12-01,21127,WH004,390
2009-12-01,21127,WH005,607
2009-12-01,22640,WH001,139
2009-12-01,22640,WH002,280
2009-12-01,22640,WH003,542
2009-12-01,22640,WH004,286
2009-12-01,22640,WH005,503
2009-12-01,85162A,WH001,669
2009-12-01,85162A,WH002,274
2009-12-01,85162A,WH003,808
2009-12-01,85162A,WH004,289
2009-12-01,85162A,WH005,34
2009-12-01,90162C,WH001,870
2009-12-01,90162C,WH002,224
2009-12-01,90162C,WH003,407
2009-12-01,90162C,WH004,526
2009-12-01,90162C,WH005,751
2009-12-01,23542,WH001,909
2009-12-01,23542,WH002,410
2009-12-01,23542,WH003,370
2009-12-01,23542,WH004,203
2009-12-01,23542,WH005,288
2009-12-01,23371,WH001,558
2009-12-01,23371,WH002,94
2009-12-01,23371,WH003,864
2009-12-01,23371,WH004,209
2009-12-01,23371,WH005,591
2009-12-01,84801A,WH001,497
2009-12-01,84801A,WH002,177
2009-12-01,84801A,WH003,293
2009-12-01,84801A,WH004,519
2009-12-01,84801A,WH005,593
2009-12-01,72799C,WH001,174
2009-12-01,72799C,WH002,301
2009-12-01,72799C,WH003,482
2009-12-01,72799C,WH004,238
2009-12-01,72799C,WH005,142
2009-12-01,85086A,WH001,644
2009-12-01,85086A,WH002,193
2009-12-01,85086A,WH003,726
2009-12-01,85086A,WH004,142
2009-12-01,85086A,WH005,919
2009-12-01,85107,WH001,533
2009-12-01,85107,WH002,565
2009-12-01,85107,WH003,400
2009-12-01,85107,WH004,947
2009-12-01,85107,WH005,73
2009-12-01,21361,WH001,216
2009-12-01,21361,WH002,732
2009-12-01,21361,WH003,528
2009-12-01,21361,WH004,540
2009-12-01,21361,WH005,461
2009-12-01,85186A,WH001,503
2009-12-01,85186A,WH002,692
2009-12-01,85186A,WH003,515
2009-12-01,85186A,WH004,231
2009-12-01,85186A,WH005,830
2009-12-01,21581,WH001,130
2009-12-01,21581,WH002,923
2009-12-01,21581,WH003,438
2009-12-01,21581,WH004,475
2009-12-01,21581,WH005,680
2009-12-01,22767,WH001,834
2009-12-01,22767,WH002,717
2009-12-01,22767,WH003,158
2009-12-01,22767,WH004,674
2009-12-01,22767,WH005,760
2009-12-01,90081C,WH001,647
2009-12-01,90081C,WH002,389
2009-12-01,90081C,WH003,159
2009-12-01,90081C,WH004,96
2009-12-01,90081C,WH005,791
2009-12-01,21332,WH001,870
2009-12-01,21332,WH002,560
2009-12-01,21332,WH003,890
2009-12-01,21332,WH004,68
2009-12-01,21332,WH005,920
2009-12-01,84997b,WH001,255
2009-12-01,84997b,WH002,375
2009-12-01,84997b,WH003,265
2009-12-01,84997b,WH004,369
2009-12-01,84997b,WH005,132
2009-12-01,23343,WH001,495
2009-12-01,23343,WH002,141
2009-12-01,23343,WH003,167
2009-12-01,23343,WH004,891
2009-12-01,23343,WH005,108
2009-12-01,21285,WH001,449
2009-12-01,21285,WH002,511
2009-12-01,21285,WH003,414
2009-12-01,21285,WH004,492
2009-12-01,21285,WH005,810
2009-12-01,23313,WH001,354
2009-12-01,23313,WH002,364
2009-12-01,23313,WH003,196
2009-12-01,23313,WH004,318
2009-12-01,23313,WH005,869
2009-12-01,90040C,WH001,205
2009-12-01,90040C,WH002,188
2009-12-01,90040C,WH003,87
2009-12-01,90040C,WH004,980
2009-12-01,90040C,WH005,198
2009-12-01,21983,WH001,206
2009-12-01,21983,WH002,818
2009-12-01,21983,WH003,889
2009-12-01,21983,WH004,563
2009-12-01,21983,WH005,295
2009-12-01,90210A,WH001,588
2009-12-01,90210A,WH002,811
2009-12-01,90210A,WH003,367
2009-12-01,90210A,WH004,794
2009-12-01,90210A,WH005,491
2009-12-01,20664,WH001,688
2009-12-01,20664,WH002,658
2009-12-01,20664,WH003,438
2009-12-01,20664,WH004,416
2009-12-01,20664,WH005,810
2009-12-01,23390,WH001,331
2009-12-01,23390,WH002,656
2009-12-01,23390,WH003,251
2009-12-01,23390,WH004,659
2009-12-01,23390,WH005,211
2009-12-01,20846,WH001,508
2009-12-01,20846,WH002,570
2009-12-01,20846,WH003,146
2009-12-01,20846,WH004,72
2009-12-01,20846,WH005,248
2009-12-01,17012C,WH001,159
2009-12-01,17012C,WH002,306
2009-12-01,17012C,WH003,591
2009-12-01,17012C,WH004,336
2009-12-01,17012C,WH005,806
2009-12-01,23307,WH001,471
2009-12-01,23307,WH002,264
2009-12-01,23307,WH003,13
2009-12-01,23307,WH004,9
2009-12-01,23307,WH005,934
2009-12-01,37501,WH001,668
2009-12-01,37501,WH002,851
2009-12-01,37501,WH003,40
2009-12-01,37501,WH004,221
2009-12-01,37501,WH005,331
2009-12-01,81985A,WH001,102
2009-12-01,81985A,WH002,449
2009-12-01,81985A,WH003,924
2009-12-01,81985A,WH004,755
2009-12-01,81985A,WH005,273
2009-12-01,85047,WH001,772
2009-12-01,85047,WH002,225
2009-12-01,85047,WH003,417
2009-12-01,85047,WH004,760
2009-12-01,85047,WH005,873
2009-12-01,71143,WH001,719
2009-12-01,71143,WH002,382
2009-12-01,71143,WH003,272
2009-12-01,71143,WH004,474
2009-12-01,71143,WH005,814
2009-12-01,23543,WH001,396
2009-12-01,23543,WH002,462
2009-12-01,23543,WH003,619
2009-12-01,23543,WH004,598
2009-12-01,23543,WH005,403
2009-12-01,16256B,WH001,248
2009-12-01,16256B,WH002,931
2009-12-01,16256B,WH003,982
2009-12-01,16256B,WH004,840
2009-12-01,16256B,WH005,184
2009-12-01,22872,WH001,389
2009-12-01,22872,WH002,389
2009-12-01,22872,WH003,24
2009-12-01,22872,WH004,515
2009-12-01,22872,WH005,545
2009-12-01,21351,WH001,721
2009-12-01,21351,WH002,242
2009-12-01,21351,WH003,460
2009-12-01,21351,WH004,320
2009-12-01,21351,WH005,145
2009-12-01,20935,WH001,458
2009-12-01,20935,WH002,202
2009-12-01,20935,WH003,804
2009-12-01,20935,WH004,471
2009-12-01,20935,WH005,747
2009-12-01,20975,WH001,213
2009-12-01,20975,WH002,557
2009-12-01,20975,WH003,313
2009-12-01,20975,WH004,728
2009-12-01,20975,WH005,894
2009-12-01,21761,WH001,307
2009-12-01,21761,WH002,466
2009-12-01,21761,WH003,492
2009-12-01,21761,WH004,217
2009-12-01,21761,WH005,71
2009-12-01,23175,WH001,755
2009-12-01,23175,WH002,52
2009-12-01,23175,WH003,17
2009-12-01,23175,WH004,160
2009-12-01,23175,WH005,462
2009-12-01,16169P,WH001,751
2009-12-01,16169P,WH002,914
2009-12-01,16169P,WH003,922
2009-12-01,16169P,WH004,934
2009-12-01,16169P,WH005,617
2009-12-01,23127,WH001,493
2009-12-01,23127,WH002,40
2009-12-01,23127,WH003,461
2009-12-01,23127,WH004,623
2009-12-01,23127,WH005,705
2009-12-01,22693,WH001,275
2009-12-01,22693,WH002,314
2009-12-01,22693,WH003,878
2009-12-01,22693,WH004,841
2009-12-01,22693,WH005,730
2009-12-01,85180A,WH001,378
2009-12-01,85180A,WH002,361
2009-12-01,85180A,WH003,519
2009-12-01,85180A,WH004,440
2009-12-01,85180A,WH005,795
2009-12-01,90040B,WH001,718
2009-12-01,90040B,WH002,170
2009-12-01,90040B,WH003,928
2009-12-01,90040B,WH004,461
2009-12-01,90040B,WH005,298
2009-12-01,22573,WH001,422
2009-12-01,22573,WH002,770
2009-12-01,22573,WH003,355
2009-12-01,22573,WH004,688
2009-12-01,22573,WH005,611
2009-12-01,23381,WH001,239
2009-12-01,23381,WH002,567
2009-12-01,23381,WH003,249
2009-12-01,23381,WH004,799
2009-12-01,23381,WH005,213
2009-12-01,72789,WH001,328
2009-12-01,72789,WH002,173
2009-12-01,72789,WH003,312
2009-12-01,72789,WH004,310
2009-12-01,72789,WH005,387
2009-12-01,21185,WH001,129
2009-12-01,21185,WH002,698
2009-12-01,21185,WH003,251
2009-12-01,21185,WH004,371
2009-12-01,21185,WH005,360
2009-12-01,22595,WH001,988
2009-12-01,22595,WH002,556
2009-12-01,22595,WH003,855
2009-12-01,22595,WH004,436
2009-12-01,22595,WH005,793
2009-12-01,21539,WH001,317
2009-12-01,21539,WH002,535
2009-12-01,21539,WH003,116
2009-12-01,21539,WH004,271
2009-12-01,21539,WH005,560
2009-12-01,22681,WH001,382
2009-12-01,22681,WH002,840
2009-12-01,22681,WH003,508
2009-12-01,22681,WH004,614
2009-12-01,22681,WH005,155
2009-12-01,35240,WH001,566
2009-12-01,35240,WH002,83
2009-12-01,35240,WH003,383
2009-12-01,35240,WH004,99
2009-12-01,35240,WH005,531
2009-12-01,16254,WH001,645
2009-12-01,16254,WH002,670
2009-12-01,16254,WH003,902
2009-12-01,16254,WH004,290
2009-12-01,16254,WH005,748
2009-12-01,84527,WH001,953
2009-12-01,84527,WH002,545
2009-12-01,84527,WH003,21
2009-12-01,84527,WH004,784
2009-12-01,84527,WH005,335
2009-12-01,23100,WH001,84
2009-12-01,23100,WH002,982
2009-12-01,23100,WH003,411
2009-12-01,23100,WH004,810
2009-12-01,23100,WH005,309
2009-12-01,21524,WH001,55
2009-12-01,21524,WH002,531
2009-12-01,21524,WH003,360
2009-12-01,21524,WH004,669
2009-12-01,21524,WH005,687
2009-12-01,23229,WH001,871
2009-12-01,23229,WH002,550
2009-12-01,23229,WH003,705
2009-12-01,23229,WH004,934
2009-12-01,23229,WH005,964
2009-12-01,20837,WH001,788
2009-12-01,20837,WH002,625
2009-12-01,20837,WH003,659
2009-12-01,20837,WH004,860
2009-12-01,20837,WH005,605
2009-12-01,22895,WH001,613
2009-12-01,22895,WH002,998
2009-12-01,22895,WH003,778
2009-12-01,22895,WH004,502
2009-12-01,22895,WH005,564
2009-12-01,85168B,WH001,4
2009-12-01,85168B,WH002,495
2009-12-01,85168B,WH003,742
2009-12-01,85168B,WH004,315
2009-12-01,85168B,WH005,524
2009-12-01,21675,WH001,481
2009-12-01,21675,WH002,842
2009-12-01,21675,WH003,314
2009-12-01,21675,WH004,450
2009-12-01,21675,WH005,221
2009-12-01,21343,WH001,162
2009-12-01,21343,WH002,579
2009-12-01,21343,WH003,655
2009-12-01,21343,WH004,573
2009-12-01,21343,WH005,914
2009-12-01,46776D,WH001,706
2009-12-01,46776D,WH002,90
2009-12-01,46776D,WH003,581
2009-12-01,46776D,WH004,181
2009-12-01,46776D,WH005,79
2009-12-01,22448,WH001,228
2009-12-01,22448,WH002,781
2009-12-01,22448,WH003,140
2009-12-01,22448,WH004,990
2009-12-01,22448,WH005,562
2009-12-01,22359,WH001,359
2009-12-01,22359,WH002,76
2009-12-01,22359,WH003,316
2009-12-01,22359,WH004,984
2009-12-01,22359,WH005,430
2009-12-01,79030A,WH001,168
2009-12-01,79030A,WH002,936
2009-12-01,79030A,WH003,49
2009-12-01,79030A,WH004,477
2009-12-01,79030A,WH005,334
2009-12-01,90058A,WH001,405
2009-12-01,90058A,WH002,476
2009-12-01,90058A,WH003,442
2009-12-01,90058A,WH004,825
2009-12-01,90058A,WH005,83
2009-12-01,21556,WH001,616
2009-12-01,21556,WH002,609
2009-12-01,21556,WH003,983
2009-12-01,21556,WH004,916
2009-12-01,21556,WH005,399
2009-12-01,85203,WH001,551
2009-12-01,85203,WH002,93
2009-12-01,85203,WH003,816
2009-12-01,85203,WH004,910
2009-12-01,85203,WH005,868
2009-12-01,21811,WH001,574
2009-12-01,21811,WH002,866
2009-12-01,21811,WH003,510
2009-12-01,21811,WH004,146
2009-12-01,21811,WH005,450
2009-12-01,21318,WH001,42
2009-12-01,21318,WH002,187
2009-12-01,21318,WH003,485
2009-12-01,21318,WH004,367
2009-12-01,21318,WH005,23
2009-12-01,20682,WH001,325
2009-12-01,20682,WH002,443
2009-12-01,20682,WH003,357
2009-12-01,20682,WH004,459
2009-12-01,20682,WH005,275
2009-12-01,20848,WH001,390
2009-12-01,20848,WH002,500
2009-12-01,20848,WH003,185
2009-12-01,20848,WH004,750
2009-12-01,20848,WH005,258
2009-12-01,47580,WH001,960
2009-12-01,47580,WH002,343
2009-12-01,47580,WH003,117
2009-12-01,47580,WH004,538
2009-12-01,47580,WH005,877
2009-12-01,21385,WH001,543
2009-12-01,21385,WH002,344
2009-12-01,21385,WH003,864
2009-12-01,21385,WH004,518
2009-12-01,21385,WH005,460
2009-12-01,85032A,WH001,115
2009-12-01,85032A,WH002,666
2009-12-01,85032A,WH003,137
2009-12-01,85032A,WH004,740
2009-12-01,85032A,WH005,815
2009-12-01,85179a,WH001,582
2009-12-01,85179a,WH002,513
2009-12-01,85179a,WH003,906
2009-12-01,85179a,WH004,241
2009-12-01,85179a,WH005,93
2009-12-01,23119,WH001,923
2009-12-01,23119,WH002,261
2009-12-01,23119,WH003,862
2009-12-01,23119,WH004,152
2009-12-01,23119,WH005,378
2009-12-01,20773,WH001,804
2009-12-01,20773,WH002,202
2009-12-01,20773,WH003,200
2009-12-01,20773,WH004,354
2009-12-01,20773,WH005,694
2009-12-01,21877,WH001,692
2009-12-01,21877,WH002,707
2009-12-01,21877,WH003,326
2009-12-01,21877,WH004,754
2009-12-01,21877,WH005,475
2009-12-01,22241,WH001,375
2009-12-01,22241,WH002,949
2009-12-01,22241,WH003,995
2009-12-01,22241,WH004,942
2009-12-01,22241,WH005,534
2009-12-01,22312,WH001,453
2009-12-01,22312,WH002,100
2009-12-01,22312,WH003,899
2009-12-01,22312,WH004,276
2009-12-01,22312,WH005,385
2009-12-01,85167A,WH001,345
2009-12-01,85167A,WH002,481
2009-12-01,85167A,WH003,372
2009-12-01,85167A,WH004,212
2009-12-01,85167A,WH005,342
2009-12-01,23306,WH001,246
2009-12-01,23306,WH002,758
2009-12-01,23306,WH003,695
2009-12-01,23306,WH004,1
2009-12-01,23306,WH005,779
2009-12-01,23519,WH001,625
2009-12-01,23519,WH002,570
2009-12-01,23519,WH003,488
2009-12-01,23519,WH004,640
2009-12-01,23519,WH005,58
2009-12-01,62043B,WH001,311
2009-12-01,62043B,WH002,586
2009-12-01,62043B,WH003,901
2009-12-01,62043B,WH004,229
2009-12-01,62043B,WH005,692
2009-12-01,22541,WH001,928
2009-12-01,22541,WH002,869
2009-12-01,22541,WH003,745
2009-12-01,22541,WH004,772
2009-12-01,22541,WH005,636
2009-12-01,22488,WH001,468
2009-12-01,22488,WH002,886
2009-12-01,22488,WH003,673
2009-12-01,22488,WH004,914
2009-12-01,22488,WH005,139
2009-12-01,84977,WH001,90
2009-12-01,84977,WH002,365
2009-12-01,84977,WH003,138
2009-12-01,84977,WH004,599
2009-12-01,84977,WH005,874
2009-12-01,22832,WH001,173
2009-12-01,22832,WH002,862
2009-12-01,22832,WH003,821
2009-12-01,22832,WH004,60
2009-12-01,22832,WH005,378
2009-12-01,21356,WH001,496
2009-12-01,21356,WH002,917
2009-12-01,21356,WH003,510
2009-12-01,21356,WH004,826
2009-12-01,21356,WH005,428
2009-12-01,23082,WH001,270
2009-12-01,23082,WH002,768
2009-12-01,23082,WH003,9
2009-12-01,23082,WH004,494
2009-12-01,23082,WH005,66
2009-12-01,85206A,WH001,39
2009-12-01,85206A,WH002,79
2009-12-01,85206A,WH003,136
2009-12-01,85206A,WH004,291
2009-12-01,85206A,WH005,954
2009-12-01,85039a,WH001,20
2009-12-01,85039a,WH002,915
2009-12-01,85039a,WH003,466
2009-12-01,85039a,WH004,831
2009-12-01,85039a,WH005,583
2009-12-01,21421,WH001,726
2009-12-01,21421,WH002,783
2009-12-01,21421,WH003,677
2009-12-01,21421,WH004,890
2009-12-01,21421,WH005,965
2009-12-01,35271S,WH001,26
2009-12-01,35271S,WH002,221
2009-12-01,35271S,WH003,984
2009-12-01,35271S,WH004,775
2009-12-01,35271S,WH005,572
2009-12-01,84578,WH001,491
2009-12-01,84578,WH002,651
2009-12-01,84578,WH003,732
2009-12-01,84578,WH004,224
2009-12-01,84578,WH005,853
2009-12-01,84559a,WH001,475
2009-12-01,84559a,WH002,760
2009-12-01,84559a,WH003,344
2009-12-01,84559a,WH004,838
2009-12-01,84559a,WH005,403
2009-12-01,84288B,WH001,465
2009-12-01,84288B,WH002,366
2009-12-01,84288B,WH003,525
2009-12-01,84288B,WH004,164
2009-12-01,84288B,WH005,191
2009-12-01,21530,WH001,329
2009-12-01,21530,WH002,690
2009-12-01,21530,WH003,739
2009-12-01,21530,WH004,642
2009-12-01,21530,WH005,271
2009-12-01,21809,WH001,135
2009-12-01,21809,WH002,742
2009-12-01,21809,WH003,662
2009-12-01,21809,WH004,465
2009-12-01,21809,WH005,463
2009-12-01,90054,WH001,972
2009-12-01,90054,WH002,626
2009-12-01,90054,WH003,360
2009-12-01,90054,WH004,328
2009-12-01,90054,WH005,963
2009-12-01,21577,WH001,488
2009-12-01,21577,WH002,50
2009-12-01,21577,WH003,178
2009-12-01,21577,WH004,98
2009-12-01,21577,WH005,120
2009-12-01,21557,WH001,259
2009-12-01,21557,WH002,385
2009-12-01,21557,WH003,881
2009-12-01,21557,WH004,781
2009-12-01,21557,WH005,733
2009-12-01,23580,WH001,960
2009-12-01,23580,WH002,273
2009-12-01,23580,WH003,972
2009-12-01,23580,WH004,7
2009-12-01,23580,WH005,2
2009-12-01,21549,WH001,820
2009-12-01,21549,WH002,433
2009-12-01,21549,WH003,853
2009-12-01,21549,WH004,129
2009-12-01,21549,WH005,260
2009-12-01,90013B,WH001,853
2009-12-01,90013B,WH002,23
2009-12-01,90013B,WH003,920
2009-12-01,90013B,WH004,970
2009-12-01,90013B,WH005,291
2009-12-01,21439,WH001,372
2009-12-01,21439,WH002,215
2009-12-01,21439,WH003,227
2009-12-01,21439,WH004,828
2009-12-01,21439,WH005,967
2009-12-01,35916B,WH001,674
2009-12-01,35916B,WH002,742
2009-12-01,35916B,WH003,1
2009-12-01,35916B,WH004,167
2009-12-01,35916B,WH005,257
2009-12-01,23483,WH001,457
2009-12-01,23483,WH002,236
2009-12-01,23483,WH003,421
2009-12-01,23483,WH004,532
2009-12-01,23483,WH005,391
2009-12-01,22293,WH001,710
2009-12-01,22293,WH002,674
2009-12-01,22293,WH003,399
2009-12-01,22293,WH004,129
2009-12-01,22293,WH005,986
2009-12-01,22930,WH001,440
2009-12-01,22930,WH002,397
2009-12-01,22930,WH003,539
2009-12-01,22930,WH004,711
2009-12-01,22930,WH005,622
2009-12-01,22560,WH001,865
2009-12-01,22560,WH002,150
2009-12-01,22560,WH003,678
2009-12-01,22560,WH004,831
2009-12-01,22560,WH005,707
2009-12-01,20951,WH001,556
2009-12-01,20951,WH002,328
2009-12-01,20951,WH003,958
2009-12-01,20951,WH004,744
2009-12-01,20951,WH005,367
2009-12-01,84510a,WH001,980
2009-12-01,84510a,WH002,914
2009-12-01,84510a,WH003,409
2009-12-01,84510a,WH004,96
2009-12-01,84510a,WH005,213
2009-12-01,21643,WH001,971
2009-12-01,21643,WH002,958
2009-12-01,21643,WH003,777
2009-12-01,21643,WH004,133
2009-12-01,21643,WH005,434
2009-12-01,22942,WH001,602
2009-12-01,22942,WH002,75
2009-12-01,22942,WH003,590
2009-12-01,22942,WH004,805
2009-12-01,22942,WH005,809
2009-12-01,90002C,WH001,421
2009-12-01,90002C,WH002,727
2009-12-01,90002C,WH003,633
2009-12-01,90002C,WH004,419
2009-12-01,90002C,WH005,438
2009-12-01,22197,WH001,778
2009-12-01,22197,WH002,226
2009-12-01,22197,WH003,851
2009-12-01,22197,WH004,78
2009-12-01,22197,WH005,224
2009-12-01,22228,WH001,987
2009-12-01,22228,WH002,637
2009-12-01,22228,WH003,254
2009-12-01,22228,WH004,77
2009-12-01,22228,WH005,451
2009-12-01,23308,WH001,893
2009-12-01,23308,WH002,571
2009-12-01,23308,WH003,65
2009-12-01,23308,WH004,780
2009-12-01,23308,WH005,498
2009-12-01,20763,WH001,273
2009-12-01,20763,WH002,513
2009-12-01,20763,WH003,767
2009-12-01,20763,WH004,752
2009-12-01,20763,WH005,125
2009-12-01,22306,WH001,206
2009-12-01,22306,WH002,817
2009-12-01,22306,WH003,300
2009-12-01,22306,WH004,903
2009-12-01,22306,WH005,133
2009-12-01,35965,WH001,903
2009-12-01,35965,WH002,496
2009-12-01,35965,WH003,42
2009-12-01,35965,WH004,121
2009-12-01,35965,WH005,498
2009-12-01,23131,WH001,89
2009-12-01,23131,WH002,890
2009-12-01,23131,WH003,16
2009-12-01,23131,WH004,792
2009-12-01,23131,WH005,872
2009-12-01,22229,WH001,880
2009-12-01,22229,WH002,196
2009-12-01,22229,WH003,715
2009-12-01,22229,WH004,715
2009-12-01,22229,WH005,851
2009-12-01,22308,WH001,764
2009-12-01,22308,WH002,60
2009-12-01,22308,WH003,658
2009-12-01,22308,WH004,197
2009-12-01,22308,WH005,70
2009-12-01,21112,WH001,723
2009-12-01,21112,WH002,417
2009-12-01,21112,WH003,813
2009-12-01,21112,WH004,729
2009-12-01,21112,WH005,182
2009-12-01,82001s,WH001,346
2009-12-01,82001s,WH002,804
2009-12-01,82001s,WH003,542
2009-12-01,82001s,WH004,228
2009-12-01,82001s,WH005,726
2009-12-01,16245A,WH001,664
2009-12-01,16245A,WH002,895
2009-12-01,16245A,WH003,517
2009-12-01,16245A,WH004,810
2009-12-01,16245A,WH005,769
2009-12-01,85129D,WH001,227
2009-12-01,85129D,WH002,432
2009-12-01,85129D,WH003,469
2009-12-01,85129D,WH004,203
2009-12-01,85129D,WH005,584
2009-12-01,47591D,WH001,822
2009-12-01,47591D,WH002,69
2009-12-01,47591D,WH003,926
2009-12-01,47591D,WH004,828
2009-12-01,47591D,WH005,624
2009-12-01,37506,WH001,874
2009-12-01,37506,WH002,864
2009-12-01,37506,WH003,956
2009-12-01,37506,WH004,22
2009-12-01,37506,WH005,904
2009-12-01,22619,WH001,545
2009-12-01,22619,WH002,804
2009-12-01,22619,WH003,385
2009-12-01,22619,WH004,452
2009-12-01,22619,WH005,711
2009-12-01,23461,WH001,416
2009-12-01,23461,WH002,328
2009-12-01,23461,WH003,130
2009-12-01,23461,WH004,13
2009-12-01,23461,WH005,881
2009-12-01,21352,WH001,472
2009-12-01,21352,WH002,285
2009-12-01,21352,WH003,594
2009-12-01,21352,WH004,978
2009-12-01,21352,WH005,677
2009-12-01,84206A,WH001,522
2009-12-01,84206A,WH002,832
2009-12-01,84206A,WH003,25
2009-12-01,84206A,WH004,999
2009-12-01,84206A,WH005,712
2009-12-01,62074B,WH001,762
2009-12-01,62074B,WH002,235
2009-12-01,62074B,WH003,305
2009-12-01,62074B,WH004,625
2009-12-01,62074B,WH005,940
2009-12-01,84199,WH001,249
2009-12-01,84199,WH002,678
2009-12-01,84199,WH003,306
2009-12-01,84199,WH004,894
2009-12-01,84199,WH005,581
2009-12-01,85131A,WH001,415
2009-12-01,85131A,WH002,994
2009-12-01,85131A,WH003,141
2009-12-01,85131A,WH004,404
2009-12-01,85131A,WH005,681
2009-12-01,84970l,WH001,403
2009-12-01,84970l,WH002,135
2009-12-01,84970l,WH003,294
2009-12-01,84970l,WH004,870
2009-12-01,84970l,WH005,178
2009-12-01,22702,WH001,641
2009-12-01,22702,WH002,136
2009-12-01,22702,WH003,442
2009-12-01,22702,WH004,403
2009-12-01,22702,WH005,128
2009-12-01,22349,WH001,783
2009-12-01,22349,WH002,281
2009-12-01,22349,WH003,577
2009-12-01,22349,WH004,282
2009-12-01,22349,WH005,414
2009-12-01,23087,WH001,46
2009-12-01,23087,WH002,245
2009-12-01,23087,WH003,146
2009-12-01,23087,WH004,654
2009-12-01,23087,WH005,608
2009-12-01,21154,WH001,231
2009-12-01,21154,WH002,38
2009-12-01,21154,WH003,339
2009-12-01,21154,WH004,473
2009-12-01,21154,WH005,63
2009-12-01,90137,WH001,595
2009-12-01,90137,WH002,454
2009-12-01,90137,WH003,246
2009-12-01,90137,WH004,406
2009-12-01,90137,WH005,995
2009-12-01,22591,WH001,962
2009-12-01,22591,WH002,457
2009-12-01,22591,WH003,897
2009-12-01,22591,WH004,753
2009-12-01,22591,WH005,283
2009-12-01,20864,WH001,222
2009-12-01,20864,WH002,82
2009-12-01,20864,WH003,34
2009-12-01,20864,WH004,433
2009-12-01,20864,WH005,73
2009-12-01,21194,WH001,702
2009-12-01,21194,WH002,292
2009-12-01,21194,WH003,229
2009-12-01,21194,WH004,304
2009-12-01,21194,WH005,507
2009-12-01,21175,WH001,191
2009-12-01,21175,WH002,312
2009-12-01,21175,WH003,334
2009-12-01,21175,WH004,962
2009-12-01,21175,WH005,121
2009-12-01,23013,WH001,148
2009-12-01,23013,WH002,886
2009-12-01,23013,WH003,724
2009-12-01,23013,WH004,304
2009-12-01,23013,WH005,82
2009-12-01,21853,WH001,731
2009-12-01,21853,WH002,626
2009-12-01,21853,WH003,914
2009-12-01,21853,WH004,53
2009-12-01,21853,WH005,935
2009-12-01,90171,WH001,548
2009-12-01,90171,WH002,566
2009-12-01,90171,WH003,777
2009-12-01,90171,WH004,326
2009-12-01,90171,WH005,549
2009-12-01,22109,WH001,906
2009-12-01,22109,WH002,553
2009-12-01,22109,WH003,972
2009-12-01,22109,WH004,68
2009-12-01,22109,WH005,752
2009-12-01,22242,WH001,965
2009-12-01,22242,WH002,578
2009-12-01,22242,WH003,6
2009-12-01,22242,WH004,166
2009-12-01,22242,WH005,279
2009-12-01,90190A,WH001,626
2009-12-01,90190A,WH002,814
2009-12-01,90190A,WH003,235
2009-12-01,90190A,WH004,141
2009-12-01,90190A,WH005,178
2009-12-01,84279P,WH001,244
2009-12-01,84279P,WH002,400
2009-12-01,84279P,WH003,767
2009-12-01,84279P,WH004,399
2009-12-01,84279P,WH005,795
2009-12-01,85189,WH001,507
2009-12-01,85189,WH002,693
2009-12-01,85189,WH003,384
2009-12-01,85189,WH004,828
2009-12-01,85189,WH005,38
2009-12-01,22192,WH001,379
2009-12-01,22192,WH002,481
2009-12-01,22192,WH003,807
2009-12-01,22192,WH004,300
2009-12-01,22192,WH005,207
2009-12-01,22588,WH001,590
2009-12-01,22588,WH002,528
2009-12-01,22588,WH003,419
2009-12-01,22588,WH004,561
2009-12-01,22588,WH005,404
2009-12-01,85131D,WH001,133
2009-12-01,85131D,WH002,855
2009-12-01,85131D,WH003,165
2009-12-01,85131D,WH004,741
2009-12-01,85131D,WH005,197
2009-12-01,85160B,WH001,791
2009-12-01,85160B,WH002,213
2009-12-01,85160B,WH003,634
2009-12-01,85160B,WH004,968
2009-12-01,85160B,WH005,880
2009-12-01,21506,WH001,217
2009-12-01,21506,WH002,631
2009-12-01,21506,WH003,319
2009-12-01,21506,WH004,28
2009-12-01,21506,WH005,965
2009-12-01,35015,WH001,502
2009-12-01,35015,WH002,437
2009-12-01,35015,WH003,574
2009-12-01,35015,WH004,169
2009-12-01,35015,WH005,891
2009-12-01,84616,WH001,426
2009-12-01,84616,WH002,515
2009-12-01,84616,WH003,941
2009-12-01,84616,WH004,236
2009-12-01,84616,WH005,881
2009-12-01,47480,WH001,450
2009-12-01,47480,WH002,105
2009-12-01,47480,WH003,422
2009-12-01,47480,WH004,465
2009-12-01,47480,WH005,556
2009-12-01,23073,WH001,562
2009-12-01,23073,WH002,264
2009-12-01,23073,WH003,897
2009-12-01,23073,WH004,329
2009-12-01,23073,WH005,670
2009-12-01,72351a,WH001,960
2009-12-01,72351a,WH002,137
2009-12-01,72351a,WH003,488
2009-12-01,72351a,WH004,104
2009-12-01,72351a,WH005,848
2009-12-01,90176A,WH001,823
2009-12-01,90176A,WH002,961
2009-12-01,90176A,WH003,908
2009-12-01,90176A,WH004,809
2009-12-01,90176A,WH005,347
2009-12-01,85019C,WH001,395
2009-12-01,85019C,WH002,49
2009-12-01,85019C,WH003,198
2009-12-01,85019C,WH004,449
2009-12-01,85019C,WH005,804
2009-12-01,23010,WH001,871
2009-12-01,23010,WH002,615
2009-12-01,23010,WH003,185
2009-12-01,23010,WH004,318
2009-12-01,23010,WH005,200
2009-12-01,18098C,WH001,808
2009-12-01,18098C,WH002,851
2009-12-01,18098C,WH003,575
2009-12-01,18098C,WH004,369
2009-12-01,18098C,WH005,780
2009-12-01,21402,WH001,818
2009-12-01,21402,WH002,507
2009-12-01,21402,WH003,773
2009-12-01,21402,WH004,612
2009-12-01,21402,WH005,917
2009-12-01,21647,WH001,365
2009-12-01,21647,WH002,179
2009-12-01,21647,WH003,345
2009-12-01,21647,WH004,209
2009-12-01,21647,WH005,720
2009-12-01,22086,WH001,161
2009-12-01,22086,WH002,382
2009-12-01,22086,WH003,0
2009-12-01,22086,WH004,405
2009-12-01,22086,WH005,701
2009-12-01,21613,WH001,298
2009-12-01,21613,WH002,848
2009-12-01,21613,WH003,796
2009-12-01,21613,WH004,91
2009-12-01,21613,WH005,827
2009-12-01,84676,WH001,439
2009-12-01,84676,WH002,157
2009-12-01,84676,WH003,726
2009-12-01,84676,WH004,686
2009-12-01,84676,WH005,163
2009-12-01,22736,WH001,245
2009-12-01,22736,WH002,464
2009-12-01,22736,WH003,243
2009-12-01,22736,WH004,554
2009-12-01,22736,WH005,190
2009-12-01,35644,WH001,752
2009-12-01,35644,WH002,222
2009-12-01,35644,WH003,72
2009-12-01,35644,WH004,395
2009-12-01,35644,WH005,228
2009-12-01,21415,WH001,292
2009-12-01,21415,WH002,411
2009-12-01,21415,WH003,206
2009-12-01,21415,WH004,96
2009-12-01,21415,WH005,627
2009-12-01,21376,WH001,648
2009-12-01,21376,WH002,794
2009-12-01,21376,WH003,527
2009-12-01,21376,WH004,432
2009-12-01,21376,WH005,127
2009-12-01,85033S,WH001,7
2009-12-01,85033S,WH002,71
2009-12-01,85033S,WH003,598
2009-12-01,85033S,WH004,471
2009-12-01,85033S,WH005,829
2009-12-01,21617,WH001,912
2009-12-01,21617,WH002,613
2009-12-01,21617,WH003,208
2009-12-01,21617,WH004,845
2009-12-01,21617,WH005,845
2009-12-01,46776E,WH001,11
2009-12-01,46776E,WH002,772
2009-12-01,46776E,WH003,223
2009-12-01,46776E,WH004,256
2009-12-01,46776E,WH005,651
2009-12-01,90010A,WH001,437
2009-12-01,90010A,WH002,376
2009-12-01,90010A,WH003,424
2009-12-01,90010A,WH004,197
2009-12-01,90010A,WH005,226
2009-12-01,85078,WH001,915
2009-12-01,85078,WH002,881
2009-12-01,85078,WH003,403
2009-12-01,85078,WH004,929
2009-12-01,85078,WH005,844
2009-12-01,79051A,WH001,960
2009-12-01,79051A,WH002,965
2009-12-01,79051A,WH003,691
2009-12-01,79051A,WH004,27
2009-12-01,79051A,WH005,830
2009-12-01,21933,WH001,947
2009-12-01,21933,WH002,998
2009-12-01,21933,WH003,720
2009-12-01,21933,WH004,994
2009-12-01,21933,WH005,776
2009-12-01,21192,WH001,284
2009-12-01,21192,WH002,185
2009-12-01,21192,WH003,581
2009-12-01,21192,WH004,176
2009-12-01,21192,WH005,671
2009-12-01,21076,WH001,473
2009-12-01,21076,WH002,542
2009-12-01,21076,WH003,152
2009-12-01,21076,WH004,325
2009-12-01,21076,WH005,717
2009-12-01,21216,WH001,679
2009-12-01,21216,WH002,902
2009-12-01,21216,WH003,810
2009-12-01,21216,WH004,951
2009-12-01,21216,WH005,222
2009-12-01,21065,WH001,303
2009-12-01,21065,WH002,513
2009-12-01,21065,WH003,517
2009-12-01,21065,WH004,489
2009-12-01,21065,WH005,189
2009-12-01,22571,WH001,236
2009-12-01,22571,WH002,336
2009-12-01,22571,WH003,939
2009-12-01,22571,WH004,276
2009-12-01,22571,WH005,569
2009-12-01,21584,WH001,516
2009-12-01,21584,WH002,400
2009-12-01,21584,WH003,264
2009-12-01,21584,WH004,516
2009-12-01,21584,WH005,18
2009-12-01,22172,WH001,932
2009-12-01,22172,WH002,265
2009-12-01,22172,WH003,785
2009-12-01,22172,WH004,135
2009-12-01,22172,WH005,794
2009-12-01,90208,WH001,39
2009-12-01,90208,WH002,410
2009-12-01,90208,WH003,472
2009-12-01,90208,WH004,955
2009-12-01,90208,WH005,641
2009-12-01,46776A,WH001,642
2009-12-01,46776A,WH002,905
2009-12-01,46776A,WH003,876
2009-12-01,46776A,WH004,206
2009-12-01,46776A,WH005,396
2009-12-01,21897,WH001,75
2009-12-01,21897,WH002,750
2009-12-01,21897,WH003,728
2009-12-01,21897,WH004,44
2009-12-01,21897,WH005,517
2009-12-01,20991,WH001,858
2009-12-01,20991,WH002,914
2009-12-01,20991,WH003,336
2009-12-01,20991,WH004,466
2009-12-01,20991,WH005,315
2009-12-01,21676,WH001,867
2009-12-01,21676,WH002,293
2009-12-01,21676,WH003,65
2009-12-01,21676,WH004,807
2009-12-01,21676,WH005,994
2009-12-01,22286,WH001,159
2009-12-01,22286,WH002,412
2009-12-01,22286,WH003,764
2009-12-01,22286,WH004,867
2009-12-01,22286,WH005,37
2009-12-01,84455,WH001,36
2009-12-01,84455,WH002,926
2009-12-01,84455,WH003,187
2009-12-01,84455,WH004,47
2009-12-01,84455,WH005,588
2009-12-01,21460,WH001,302
2009-12-01,21460,WH002,15
2009-12-01,21460,WH003,459
2009-12-01,21460,WH004,559
2009-12-01,21460,WH005,640
2009-12-01,23310,WH001,270
2009-12-01,23310,WH002,986
2009-12-01,23310,WH003,530
2009-12-01,23310,WH004,75
2009-12-01,23310,WH005,748
2009-12-01,79164,WH001,392
2009-12-01,79164,WH002,626
2009-12-01,79164,WH003,676
2009-12-01,79164,WH004,745
2009-12-01,79164,WH005,172
2009-12-01,23513,WH001,347
2009-12-01,23513,WH002,971
2009-12-01,23513,WH003,716
2009-12-01,23513,WH004,36
2009-12-01,23513,WH005,537
2009-12-01,22384,WH001,773
2009-12-01,22384,WH002,508
2009-12-01,22384,WH003,747
2009-12-01,22384,WH004,626
2009-12-01,22384,WH005,817
2009-12-01,21913,WH001,503
2009-12-01,21913,WH002,962
2009-12-01,21913,WH003,446
2009-12-01,21913,WH004,666
2009-12-01,21913,WH005,316
2009-12-01,22422,WH001,792
2009-12-01,22422,WH002,601
2009-12-01,22422,WH003,119
2009-12-01,22422,WH004,296
2009-12-01,22422,WH005,594
2009-12-01,23064,WH001,0
2009-12-01,23064,WH002,929
2009-12-01,23064,WH003,62
2009-12-01,23064,WH004,105
2009-12-01,23064,WH005,879
2009-12-01,23569,WH001,195
2009-12-01,23569,WH002,846
2009-12-01,23569,WH003,341
2009-12-01,23569,WH004,957
2009-12-01,23569,WH005,299
2009-12-01,22035,WH001,446
2009-12-01,22035,WH002,887
2009-12-01,22035,WH003,271
2009-12-01,22035,WH004,275
2009-12-01,22035,WH005,998
2009-12-01,84709A,WH001,150
2009-12-01,84709A,WH002,608
2009-12-01,84709A,WH003,378
2009-12-01,84709A,WH004,908
2009-12-01,84709A,WH005,533
2009-12-01,22113,WH001,357
2009-12-01,22113,WH002,341
2009-12-01,22113,WH003,772
2009-12-01,22113,WH004,103
2009-12-01,22113,WH005,779
2009-12-01,20879,WH001,94
2009-12-01,20879,WH002,658
2009-12-01,20879,WH003,369
2009-12-01,20879,WH004,242
2009-12-01,20879,WH005,260
2009-12-01,22224,WH001,831
2009-12-01,22224,WH002,875
2009-12-01,22224,WH003,469
2009-12-01,22224,WH004,7
2009-12-01,22224,WH005,754
2009-12-01,22258,WH001,117
2009-12-01,22258,WH002,542
2009-12-01,22258,WH003,879
2009-12-01,22258,WH004,106
2009-12-01,22258,WH005,338
2009-12-01,84711A,WH001,437
2009-12-01,84711A,WH002,169
2009-12-01,84711A,WH003,378
2009-12-01,84711A,WH004,365
2009-12-01,84711A,WH005,926
2009-12-01,23336,WH001,63
2009-12-01,23336,WH002,836
2009-12-01,23336,WH003,839
2009-12-01,23336,WH004,317
2009-12-01,23336,WH005,824
2009-12-01,21173,WH001,610
2009-12-01,21173,WH002,947
2009-12-01,21173,WH003,441
2009-12-01,21173,WH004,268
2009-12-01,21173,WH005,656
2009-12-01,23107,WH001,435
2009-12-01,23107,WH002,433
2009-12-01,23107,WH003,195
2009-12-01,23107,WH004,407
2009-12-01,23107,WH005,483
2009-12-01,79342B,WH001,777
2009-12-01,79342B,WH002,869
2009-12-01,79342B,WH003,949
2009-12-01,79342B,WH004,234
2009-12-01,79342B,WH005,45
2009-12-01,84880,WH001,321
2009-12-01,84880,WH002,21
2009-12-01,84880,WH003,939
2009-12-01,84880,WH004,522
2009-12-01,84880,WH005,680
2009-12-01,90079,WH001,722
2009-12-01,90079,WH002,145
2009-12-01,90079,WH003,916
2009-12-01,90079,WH004,924
2009-12-01,90079,WH005,291
2009-12-01,22870,WH001,583
2009-12-01,22870,WH002,476
2009-12-01,22870,WH003,252
2009-12-01,22870,WH004,826
2009-12-01,22870,WH005,778
2009-12-01,84762A,WH001,341
2009-12-01,84762A,WH002,871
2009-12-01,84762A,WH003,65
2009-12-01,84762A,WH004,278
2009-12-01,84762A,WH005,847
2009-12-01,23353,WH001,531
2009-12-01,23353,WH002,266
2009-12-01,23353,WH003,661
2009-12-01,23353,WH004,988
2009-12-01,23353,WH005,327
2009-12-01,21092,WH001,253
2009-12-01,21092,WH002,135
2009-12-01,21092,WH003,627
2009-12-01,21092,WH004,456
2009-12-01,21092,WH005,929
2009-12-01,20940,WH001,148
2009-12-01,20940,WH002,261
2009-12-01,20940,WH003,826
2009-12-01,20940,WH004,426
2009-12-01,20940,WH005,462
2009-12-01,23066,WH001,429
2009-12-01,23066,WH002,705
2009-12-01,23066,WH003,531
2009-12-01,23066,WH004,101
2009-12-01,23066,WH005,369
2009-12-01,16162L,WH001,652
2009-12-01,16162L,WH002,533
2009-12-01,16162L,WH003,613
2009-12-01,16162L,WH004,628
2009-12-01,16162L,WH005,131
2009-12-01,85041,WH001,303
2009-12-01,85041,WH002,78
2009-12-01,85041,WH003,622
2009-12-01,85041,WH004,325
2009-12-01,85041,WH005,207
2009-12-01,gift_0001_10,WH001,704
2009-12-01,gift_0001_10,WH002,260
2009-12-01,gift_0001_10,WH003,167
2009-12-01,gift_0001_10,WH004,78
2009-12-01,gift_0001_10,WH005,312
2009-12-01,22458,WH001,860
2009-12-01,22458,WH002,263
2009-12-01,22458,WH003,428
2009-12-01,22458,WH004,498
2009-12-01,22458,WH005,291
2009-12-01,21034,WH001,739
2009-12-01,21034,WH002,670
2009-12-01,21034,WH003,22
2009-12-01,21034,WH004,362
2009-12-01,21034,WH005,802
2009-12-01,22301,WH001,495
2009-12-01,22301,WH002,109
2009-12-01,22301,WH003,367
2009-12-01,22301,WH004,377
2009-12-01,22301,WH005,271
2009-12-01,21741,WH001,241
2009-12-01,21741,WH002,969
2009-12-01,21741,WH003,749
2009-12-01,21741,WH004,9
2009-12-01,21741,WH005,882
2009-12-01,85032D,WH001,323
2009-12-01,85032D,WH002,251
2009-12-01,85032D,WH003,665
2009-12-01,85032D,WH004,940
2009-12-01,85032D,WH005,461
2009-12-01,85124C,WH001,926
2009-12-01,85124C,WH002,496
2009-12-01,85124C,WH003,500
2009-12-01,85124C,WH004,582
2009-12-01,85124C,WH005,946
2009-12-01,21632,WH001,762
2009-12-01,21632,WH002,654
2009-12-01,21632,WH003,102
2009-12-01,21632,WH004,206
2009-12-01,21632,WH005,60
2009-12-01,23070,WH001,403
2009-12-01,23070,WH002,333
2009-12-01,23070,WH003,27
2009-12-01,23070,WH004,457
2009-12-01,23070,WH005,220
2009-12-01,23470,WH001,817
2009-12-01,23470,WH002,432
2009-12-01,23470,WH003,11
2009-12-01,23470,WH004,721
2009-12-01,23470,WH005,631
2009-12-01,20719,WH001,738
2009-12-01,20719,WH002,336
2009-12-01,20719,WH003,943
2009-12-01,20719,WH004,449
2009-12-01,20719,WH005,613
2010-08-04,21922,WH001,752
2010-08-04,21922,WH002,77
2010-08-04,21922,WH003,561
2010-08-04,21922,WH004,958
2010-08-04,21922,WH005,222
2010-08-04,21439,WH001,77
2010-08-04,21439,WH002,602
2010-08-04,21439,WH003,737
2010-08-04,21439,WH004,270
2010-08-04,21439,WH005,265
2010-08-04,21112,WH001,589
2010-08-04,21112,WH002,552
2010-08-04,21112,WH003,266
2010-08-04,21112,WH004,1
2010-08-04,21112,WH005,389
2010-08-04,37410,WH001,7
2010-08-04,37410,WH002,808
2010-08-04,37410,WH003,336
2010-08-04,37410,WH004,76
2010-08-04,37410,WH005,703
2010-08-04,85203,WH001,731
2010-08-04,85203,WH002,972
2010-08-04,85203,WH003,761
2010-08-04,85203,WH004,452
2010-08-04,85203,WH005,364
2010-08-04,84952B,WH001,680
2010-08-04,84952B,WH002,183
2010-08-04,84952B,WH003,566
2010-08-04,84952B,WH004,326
2010-08-04,84952B,WH005,939
2010-08-04,84596b,WH001,178
2010-08-04,84596b,WH002,561
2010-08-04,84596b,WH003,283
2010-08-04,84596b,WH004,274
2010-08-04,84596b,WH005,697
2010-08-04,84951b,WH001,705
2010-08-04,84951b,WH002,837
2010-08-04,84951b,WH003,859
2010-08-04,84951b,WH004,885
2010-08-04,84951b,WH005,848
2010-08-04,21689,WH001,123
2010-08-04,21689,WH002,801
2010-08-04,21689,WH003,892
2010-08-04,21689,WH004,92
2010-08-04,21689,WH005,813
2010-08-04,90055,WH001,465
2010-08-04,90055,WH002,363
2010-08-04,90055,WH003,428
2010-08-04,90055,WH004,454
2010-08-04,90055,WH005,984
2010-08-04,21690,WH001,875
2010-08-04,21690,WH002,147
2010-08-04,21690,WH003,912
2010-08-04,21690,WH004,459
2010-08-04,21690,WH005,864
2010-08-04,22250,WH001,730
2010-08-04,22250,WH002,707
2010-08-04,22250,WH003,64
2010-08-04,22250,WH004,396
2010-08-04,22250,WH005,893
2010-08-04,22916,WH001,335
2010-08-04,22916,WH002,706
2010-08-04,22916,WH003,358
2010-08-04,22916,WH004,136
2010-08-04,22916,WH005,427
2010-08-04,84965A,WH001,685
2010-08-04,84965A,WH002,925
2010-08-04,84965A,WH003,636
2010-08-04,84965A,WH004,464
2010-08-04,84965A,WH005,121
2010-08-04,85188A,WH001,867
2010-08-04,85188A,WH002,964
2010-08-04,85188A,WH003,518
2010-08-04,85188A,WH004,507
2010-08-04,85188A,WH005,817
2010-08-04,21399,WH001,535
2010-08-04,21399,WH002,134
2010-08-04,21399,WH003,683
2010-08-04,21399,WH004,191
2010-08-04,21399,WH005,201
2010-08-04,84674,WH001,245
2010-08-04,84674,WH002,593
2010-08-04,84674,WH003,175
2010-08-04,84674,WH004,325
2010-08-04,84674,WH005,828
2010-08-04,22650,WH001,879
2010-08-04,22650,WH002,314
2010-08-04,22650,WH003,895
2010-08-04,22650,WH004,331
2010-08-04,22650,WH005,756
2010-08-04,22104,WH001,28
2010-08-04,22104,WH002,169
2010-08-04,22104,WH003,317
2010-08-04,22104,WH004,471
2010-08-04,22104,WH005,549
2010-08-04,22580,WH001,962
2010-08-04,22580,WH002,55
2010-08-04,22580,WH003,361
2010-08-04,22580,WH004,408
2010-08-04,22580,WH005,324
2010-08-04,17108D,WH001,492
2010-08-04,17108D,WH002,218
2010-08-04,17108D,WH003,434
2010-08-04,17108D,WH004,72
2010-08-04,17108D,WH005,155
2010-08-04,16052,WH001,75
2010-08-04,16052,WH002,607
2010-08-04,16052,WH003,174
2010-08-04,16052,WH004,864
2010-08-04,16052,WH005,411
2010-08-04,23614,WH001,255
2010-08-04,23614,WH002,561
2010-08-04,23614,WH003,54
2010-08-04,23614,WH004,529
2010-08-04,23614,WH005,548
2010-08-04,82494L,WH001,426
2010-08-04,82494L,WH002,748
2010-08-04,82494L,WH003,869
2010-08-04,82494L,WH004,723
2010-08-04,82494L,WH005,827
2010-08-04,62018,WH001,419
2010-08-04,62018,WH002,392
2010-08-04,62018,WH003,50
2010-08-04,62018,WH004,509
2010-08-04,62018,WH005,947
2010-08-04,85014A,WH001,885
2010-08-04,85014A,WH002,115
2010-08-04,85014A,WH003,187
2010-08-04,85014A,WH004,895
2010-08-04,85014A,WH005,352
2010-08-04,23148,WH001,572
2010-08-04,23148,WH002,599
2010-08-04,23148,WH003,414
2010-08-04,23148,WH004,446
2010-08-04,23148,WH005,842
2010-08-04,23206,WH001,557
2010-08-04,23206,WH002,981
2010-08-04,23206,WH003,40
2010-08-04,23206,WH004,123
2010-08-04,23206,WH005,489
2010-08-04,21222,WH001,673
2010-08-04,21222,WH002,957
2010-08-04,21222,WH003,938
2010-08-04,21222,WH004,940
2010-08-04,21222,WH005,450
2010-08-04,22773,WH001,695
2010-08-04,22773,WH002,275
2010-08-04,22773,WH003,934
2010-08-04,22773,WH004,854
2010-08-04,22773,WH005,757
2010-08-04,21426,WH001,672
2010-08-04,21426,WH002,188
2010-08-04,21426,WH003,701
2010-08-04,21426,WH004,686
2010-08-04,21426,WH005,306
2010-08-04,84918,WH001,990
2010-08-04,84918,WH002,347
2010-08-04,84918,WH003,654
2010-08-04,84918,WH004,975
2010-08-04,84918,WH005,805
2010-08-04,62094B,WH001,775
2010-08-04,62094B,WH002,694
2010-08-04,62094B,WH003,66
2010-08-04,62094B,WH004,37
2010-08-04,62094B,WH005,726
2010-08-04,21676,WH001,18
2010-08-04,21676,WH002,673
2010-08-04,21676,WH003,745
2010-08-04,21676,WH004,226
2010-08-04,21676,WH005,306
2010-08-04,16014,WH001,847
2010-08-04,16014,WH002,480
2010-08-04,16014,WH003,684
2010-08-04,16014,WH004,329
2010-08-04,16014,WH005,153
2010-08-04,21845,WH001,198
2010-08-04,21845,WH002,230
2010-08-04,21845,WH003,305
2010-08-04,21845,WH004,706
2010-08-04,21845,WH005,437
2010-08-04,21454,WH001,491
2010-08-04,21454,WH002,292
2010-08-04,21454,WH003,599
2010-08-04,21454,WH004,965
2010-08-04,21454,WH005,819
2010-08-04,84753A,WH001,944
2010-08-04,84753A,WH002,435
2010-08-04,84753A,WH003,109
2010-08-04,84753A,WH004,258
2010-08-04,84753A,WH005,236
2010-08-04,22881,WH001,524
2010-08-04,22881,WH002,121
2010-08-04,22881,WH003,426
2010-08-04,22881,WH004,593
2010-08-04,22881,WH005,414
2010-08-04,84051,WH001,545
2010-08-04,84051,WH002,508
2010-08-04,84051,WH003,128
2010-08-04,84051,WH004,187
2010-08-04,84051,WH005,649
2010-08-04,17084R,WH001,452
2010-08-04,17084R,WH002,352
2010-08-04,17084R,WH003,547
2010-08-04,17084R,WH004,469
2010-08-04,17084R,WH005,626
2010-08-04,20846,WH001,725
2010-08-04,20846,WH002,103
2010-08-04,20846,WH003,27
2010-08-04,20846,WH004,670
2010-08-04,20846,WH005,886
2010-08-04,20683,WH001,705
2010-08-04,20683,WH002,113
2010-08-04,20683,WH003,870
2010-08-04,20683,WH004,541
2010-08-04,20683,WH005,1
2010-08-04,51020A,WH001,942
2010-08-04,51020A,WH002,33
2010-08-04,51020A,WH003,953
2010-08-04,51020A,WH004,754
2010-08-04,51020A,WH005,749
2010-08-04,23568,WH001,899
2010-08-04,23568,WH002,637
2010-08-04,23568,WH003,111
2010-08-04,23568,WH004,506
2010-08-04,23568,WH005,158
2010-08-04,21545,WH001,159
2010-08-04,21545,WH002,86
2010-08-04,21545,WH003,489
2010-08-04,21545,WH004,663
2010-08-04,21545,WH005,333
2010-08-04,21457,WH001,709
2010-08-04,21457,WH002,908
2010-08-04,21457,WH003,315
2010-08-04,21457,WH004,13
2010-08-04,21457,WH005,712
2010-08-04,22223,WH001,603
2010-08-04,22223,WH002,65
2010-08-04,22223,WH003,838
2010-08-04,22223,WH004,613
2010-08-04,22223,WH005,45
2010-08-04,21402,WH001,664
2010-08-04,21402,WH002,576
2010-08-04,21402,WH003,17
2010-08-04,21402,WH004,542
2010-08-04,21402,WH005,500
2010-08-04,21216,WH001,55
2010-08-04,21216,WH002,367
2010-08-04,21216,WH003,704
2010-08-04,21216,WH004,580
2010-08-04,21216,WH005,415
2010-08-04,82581,WH001,595
2010-08-04,82581,WH002,443
2010-08-04,82581,WH003,84
2010-08-04,82581,WH004,53
2010-08-04,82581,WH005,630
2010-08-04,84596G,WH001,392
2010-08-04,84596G,WH002,759
2010-08-04,84596G,WH003,101
2010-08-04,84596G,WH004,815
2010-08-04,84596G,WH005,717
2010-08-04,23358,WH001,828
2010-08-04,23358,WH002,781
2010-08-04,23358,WH003,52
2010-08-04,23358,WH004,163
2010-08-04,23358,WH005,177
2010-08-04,22985,WH001,113
2010-08-04,22985,WH002,728
2010-08-04,22985,WH003,969
2010-08-04,22985,WH004,823
2010-08-04,22985,WH005,449
2010-08-04,22257,WH001,907
2010-08-04,22257,WH002,737
2010-08-04,22257,WH003,702
2010-08-04,22257,WH004,228
2010-08-04,22257,WH005,801
2010-08-04,22994,WH001,161
2010-08-04,22994,WH002,572
2010-08-04,22994,WH003,308
2010-08-04,22994,WH004,706
2010-08-04,22994,WH005,746
2010-08-04,84884A,WH001,580
2010-08-04,84884A,WH002,528
2010-08-04,84884A,WH003,0
2010-08-04,84884A,WH004,835
2010-08-04,84884A,WH005,681
2010-08-04,84875D,WH001,10
2010-08-04,84875D,WH002,529
2010-08-04,84875D,WH003,549
2010-08-04,84875D,WH004,23
2010-08-04,84875D,WH005,427
2010-08-04,85124B,WH001,69
2010-08-04,85124B,WH002,162
2010-08-04,85124B,WH003,842
2010-08-04,85124B,WH004,357
2010-08-04,85124B,WH005,125
2010-08-04,21312,WH001,490
2010-08-04,21312,WH002,531
2010-08-04,21312,WH003,385
2010-08-04,21312,WH004,111
2010-08-04,21312,WH005,908
2010-08-04,75178,WH001,67
2010-08-04,75178,WH002,370
2010-08-04,75178,WH003,665
2010-08-04,75178,WH004,874
2010-08-04,75178,WH005,698
2010-08-04,90119,WH001,584
2010-08-04,90119,WH002,441
2010-08-04,90119,WH003,817
2010-08-04,90119,WH004,462
2010-08-04,90119,WH005,591
2010-08-04,90037B,WH001,428
2010-08-04,90037B,WH002,779
2010-08-04,90037B,WH003,48
2010-08-04,90037B,WH004,216
2010-08-04,90037B,WH005,843
2010-08-04,84520D,WH001,94
2010-08-04,84520D,WH002,606
2010-08-04,84520D,WH003,614
2010-08-04,84520D,WH004,136
2010-08-04,84520D,WH005,258
2010-08-04,22451,WH001,303
2010-08-04,22451,WH002,466
2010-08-04,22451,WH003,536
2010-08-04,22451,WH004,241
2010-08-04,22451,WH005,319
2010-08-04,84816,WH001,640
2010-08-04,84816,WH002,888
2010-08-04,84816,WH003,725
2010-08-04,84816,WH004,908
2010-08-04,84816,WH005,503
2010-08-04,85206B,WH001,32
2010-08-04,85206B,WH002,365
2010-08-04,85206B,WH003,998
2010-08-04,85206B,WH004,610
2010-08-04,85206B,WH005,275
2010-08-04,90202D,WH001,844
2010-08-04,90202D,WH002,380
2010-08-04,90202D,WH003,300
2010-08-04,90202D,WH004,3
2010-08-04,90202D,WH005,133
2010-08-04,23566,WH001,434
2010-08-04,23566,WH002,573
2010-08-04,23566,WH003,175
2010-08-04,23566,WH004,437
2010-08-04,23566,WH005,404
2010-08-04,21307,WH001,542
2010-08-04,21307,WH002,900
2010-08-04,21307,WH003,456
2010-08-04,21307,WH004,711
2010-08-04,21307,WH005,607
2010-08-04,47340A,WH001,835
2010-08-04,47340A,WH002,952
2010-08-04,47340A,WH003,794
2010-08-04,47340A,WH004,216
2010-08-04,47340A,WH005,257
2010-08-04,21488,WH001,242
2010-08-04,21488,WH002,755
2010-08-04,21488,WH003,998
2010-08-04,21488,WH004,56
2010-08-04,21488,WH005,979
2010-08-04,84743C,WH001,638
2010-08-04,84743C,WH002,461
2010-08-04,84743C,WH003,755
2010-08-04,84743C,WH004,482
2010-08-04,84743C,WH005,355
2010-08-04,21179,WH001,565
2010-08-04,21179,WH002,467
2010-08-04,21179,WH003,556
2010-08-04,21179,WH004,822
2010-08-04,21179,WH005,725
2010-08-04,71477,WH001,774
2010-08-04,71477,WH002,525
2010-08-04,71477,WH003,989
2010-08-04,71477,WH004,735
2010-08-04,71477,WH005,314
2010-08-04,21336,WH001,768
2010-08-04,21336,WH002,363
2010-08-04,21336,WH003,344
2010-08-04,21336,WH004,451
2010-08-04,21336,WH005,692
2010-08-04,84586L,WH001,279
2010-08-04,84586L,WH002,542
2010-08-04,84586L,WH003,832
2010-08-04,84586L,WH004,956
2010-08-04,84586L,WH005,319
2010-08-04,22548,WH001,541
2010-08-04,22548,WH002,897
2010-08-04,22548,WH003,780
2010-08-04,22548,WH004,660
2010-08-04,22548,WH005,113
2010-08-04,84782C,WH001,812
2010-08-04,84782C,WH002,644
2010-08-04,84782C,WH003,493
2010-08-04,84782C,WH004,112
2010-08-04,84782C,WH005,701
2010-08-04,23370,WH001,670
2010-08-04,23370,WH002,258
2010-08-04,23370,WH003,326
2010-08-04,23370,WH004,961
2010-08-04,23370,WH005,634
2010-08-04,35968,WH001,526
2010-08-04,35968,WH002,434
2010-08-04,35968,WH003,535
2010-08-04,35968,WH004,819
2010-08-04,35968,WH005,56
2010-08-04,22641,WH001,122
2010-08-04,22641,WH002,208
2010-08-04,22641,WH003,243
2010-08-04,22641,WH004,131
2010-08-04,22641,WH005,424
2010-08-04,82578,WH001,8
2010-08-04,82578,WH002,350
2010-08-04,82578,WH003,27
2010-08-04,82578,WH004,91
2010-08-04,82578,WH005,657
2010-08-04,21976,WH001,431
2010-08-04,21976,WH002,972
2010-08-04,21976,WH003,574
2010-08-04,21976,WH004,387
2010-08-04,21976,WH005,733
2010-08-04,23398,WH001,834
2010-08-04,23398,WH002,198
2010-08-04,23398,WH003,544
2010-08-04,23398,WH004,283
2010-08-04,23398,WH005,992
2010-08-04,22224,WH001,448
2010-08-04,22224,WH002,80
2010-08-04,22224,WH003,839
2010-08-04,22224,WH004,892
2010-08-04,22224,WH005,375
2010-08-04,79029,WH001,457
2010-08-04,79029,WH002,725
2010-08-04,79029,WH003,32
2010-08-04,79029,WH004,883
2010-08-04,79029,WH005,0
2010-08-04,47559b,WH001,184
2010-08-04,47559b,WH002,315
2010-08-04,47559b,WH003,642
2010-08-04,47559b,WH004,782
2010-08-04,47559b,WH005,176
2010-08-04,84770,WH001,332
2010-08-04,84770,WH002,799
2010-08-04,84770,WH003,332
2010-08-04,84770,WH004,361
2010-08-04,84770,WH005,421
2010-08-04,84661B,WH001,620
2010-08-04,84661B,WH002,804
2010-08-04,84661B,WH003,926
2010-08-04,84661B,WH004,838
2010-08-04,84661B,WH005,249
2010-08-04,21731,WH001,376
2010-08-04,21731,WH002,635
2010-08-04,21731,WH003,389
2010-08-04,21731,WH004,543
2010-08-04,21731,WH005,342
2010-08-04,17091F,WH001,661
2010-08-04,17091F,WH002,613
2010-08-04,17091F,WH003,101
2010-08-04,17091F,WH004,989
2010-08-04,17091F,WH005,102
2010-08-04,16236,WH001,401
2010-08-04,16236,WH002,845
2010-08-04,16236,WH003,28
2010-08-04,16236,WH004,286
2010-08-04,16236,WH005,701
2010-08-04,10002,WH001,680
2010-08-04,10002,WH002,889
2010-08-04,10002,WH003,693
2010-08-04,10002,WH004,588
2010-08-04,10002,WH005,186
2010-08-04,85053,WH001,882
2010-08-04,85053,WH002,402
2010-08-04,85053,WH003,176
2010-08-04,85053,WH004,116
2010-08-04,85053,WH005,971
2010-08-04,22869,WH001,108
2010-08-04,22869,WH002,189
2010-08-04,22869,WH003,885
2010-08-04,22869,WH004,679
2010-08-04,22869,WH005,649
2010-08-04,21329,WH001,100
2010-08-04,21329,WH002,326
2010-08-04,21329,WH003,774
2010-08-04,21329,WH004,558
2010-08-04,21329,WH005,55
2010-08-04,90192,WH001,619
2010-08-04,90192,WH002,49
2010-08-04,90192,WH003,19
2010-08-04,90192,WH004,232
2010-08-04,90192,WH005,344
2010-08-04,85185C,WH001,552
2010-08-04,85185C,WH002,572
2010-08-04,85185C,WH003,883
2010-08-04,85185C,WH004,352
2010-08-04,85185C,WH005,306
2010-08-04,22414,WH001,292
2010-08-04,22414,WH002,450
2010-08-04,22414,WH003,467
2010-08-04,22414,WH004,222
2010-08-04,22414,WH005,732
2010-08-04,90180A,WH001,530
2010-08-04,90180A,WH002,738
2010-08-04,90180A,WH003,25
2010-08-04,90180A,WH004,592
2010-08-04,90180A,WH005,875
2010-08-04,48194,WH001,768
2010-08-04,48194,WH002,300
2010-08-04,48194,WH003,142
2010-08-04,48194,WH004,923
2010-08-04,48194,WH005,158
2010-08-04,84569B,WH001,441
2010-08-04,84569B,WH002,760
2010-08-04,84569B,WH003,560
2010-08-04,84569B,WH004,273
2010-08-04,84569B,WH005,840
2010-08-04,22586,WH001,199
2010-08-04,22586,WH002,938
2010-08-04,22586,WH003,115
2010-08-04,22586,WH004,20
2010-08-04,22586,WH005,438
2010-08-04,21335,WH001,416
2010-08-04,21335,WH002,543
2010-08-04,21335,WH003,508
2010-08-04,21335,WH004,283
2010-08-04,21335,WH005,335
2010-08-04,22305,WH001,357
2010-08-04,22305,WH002,987
2010-08-04,22305,WH003,966
2010-08-04,22305,WH004,549
2010-08-04,22305,WH005,257
2010-08-04,20893,WH001,517
2010-08-04,20893,WH002,411
2010-08-04,20893,WH003,15
2010-08-04,20893,WH004,365
2010-08-04,20893,WH005,351
2010-08-04,72800D,WH001,569
2010-08-04,72800D,WH002,796
2010-08-04,72800D,WH003,825
2010-08-04,72800D,WH004,996
2010-08-04,72800D,WH005,911
2010-08-04,22386,WH001,154
2010-08-04,22386,WH002,405
2010-08-04,22386,WH003,148
2010-08-04,22386,WH004,417
2010-08-04,22386,WH005,788
2010-08-04,22210,WH001,574
2010-08-04,22210,WH002,724
2010-08-04,22210,WH003,885
2010-08-04,22210,WH004,940
2010-08-04,22210,WH005,80
2010-08-04,21651,WH001,304
2010-08-04,21651,WH002,972
2010-08-04,21651,WH003,404
2010-08-04,21651,WH004,768
2010-08-04,21651,WH005,497
2010-08-04,23505,WH001,457
2010-08-04,23505,WH002,295
2010-08-04,23505,WH003,612
2010-08-04,23505,WH004,54
2010-08-04,23505,WH005,962
2010-08-04,85169D,WH001,779
2010-08-04,85169D,WH002,200
2010-08-04,85169D,WH003,607
2010-08-04,85169D,WH004,941
2010-08-04,85169D,WH005,75
2010-08-04,20849,WH001,186
2010-08-04,20849,WH002,515
2010-08-04,20849,WH003,962
2010-08-04,20849,WH004,73
2010-08-04,20849,WH005,14
2010-08-04,77101A,WH001,417
2010-08-04,77101A,WH002,708
2010-08-04,77101A,WH003,660
2010-08-04,77101A,WH004,30
2010-08-04,77101A,WH005,439
2010-08-04,21311,WH001,461
2010-08-04,21311,WH002,493
2010-08-04,21311,WH003,6
2010-08-04,21311,WH004,447
2010-08-04,21311,WH005,42
2010-08-04,21316,WH001,461
2010-08-04,21316,WH002,791
2010-08-04,21316,WH003,34
2010-08-04,21316,WH004,920
2010-08-04,21316,WH005,576
2010-08-04,75149N,WH001,712
2010-08-04,75149N,WH002,480
2010-08-04,75149N,WH003,840
2010-08-04,75149N,WH004,284
2010-08-04,75149N,WH005,155
2010-08-04,85177,WH001,472
2010-08-04,85177,WH002,598
2010-08-04,85177,WH003,843
2010-08-04,85177,WH004,497
2010-08-04,85177,WH005,91
2010-08-04,23539,WH001,856
2010-08-04,23539,WH002,824
2010-08-04,23539,WH003,555
2010-08-04,23539,WH004,55
2010-08-04,23539,WH005,915
2010-08-04,20782,WH001,663
2010-08-04,20782,WH002,909
2010-08-04,20782,WH003,126
2010-08-04,20782,WH004,343
2010-08-04,20782,WH005,230
2010-08-04,22800,WH001,745
2010-08-04,22800,WH002,314
2010-08-04,22800,WH003,884
2010-08-04,22800,WH004,419
2010-08-04,22800,WH005,365
2010-08-04,22605,WH001,614
2010-08-04,22605,WH002,774
2010-08-04,22605,WH003,390
2010-08-04,22605,WH004,0
2010-08-04,22605,WH005,912
2010-08-04,90126B,WH001,426
2010-08-04,90126B,WH002,111
2010-08-04,90126B,WH003,637
2010-08-04,90126B,WH004,719
2010-08-04,90126B,WH005,364
2010-08-04,20828,WH001,158
2010-08-04,20828,WH002,883
2010-08-04,20828,WH003,863
2010-08-04,20828,WH004,652
2010-08-04,20828,WH005,265
2010-08-04,35004B,WH001,536
2010-08-04,35004B,WH002,607
2010-08-04,35004B,WH003,865
2010-08-04,35004B,WH004,897
2010-08-04,35004B,WH005,749
2010-08-04,16046,WH001,661
2010-08-04,16046,WH002,243
2010-08-04,16046,WH003,121
2010-08-04,16046,WH004,801
2010-08-04,16046,WH005,103
2010-08-04,84510c,WH001,513
2010-08-04,84510c,WH002,527
2010-08-04,84510c,WH003,205
2010-08-04,84510c,WH004,268
2010-08-04,84510c,WH005,976
2010-08-04,23207,WH001,742
2010-08-04,23207,WH002,400
2010-08-04,23207,WH003,741
2010-08-04,23207,WH004,35
2010-08-04,23207,WH005,180
2010-08-04,15056N,WH001,921
2010-08-04,15056N,WH002,797
2010-08-04,15056N,WH003,126
2010-08-04,15056N,WH004,206
2010-08-04,15056N,WH005,455
2010-08-04,21397,WH001,392
2010-08-04,21397,WH002,517
2010-08-04,21397,WH003,835
2010-08-04,21397,WH004,760
2010-08-04,21397,WH005,745
2010-08-04,90184C,WH001,78
2010-08-04,90184C,WH002,449
2010-08-04,90184C,WH003,748
2010-08-04,90184C,WH004,700
2010-08-04,90184C,WH005,701
2010-08-04,84755,WH001,797
2010-08-04,84755,WH002,305
2010-08-04,84755,WH003,820
2010-08-04,84755,WH004,793
2010-08-04,84755,WH005,214
2010-08-04,22674,WH001,181
2010-08-04,22674,WH002,326
2010-08-04,22674,WH003,966
2010-08-04,22674,WH004,565
2010-08-04,22674,WH005,933
2010-08-04,22519,WH001,380
2010-08-04,22519,WH002,660
2010-08-04,22519,WH003,989
2010-08-04,22519,WH004,342
2010-08-04,22519,WH005,732
2010-08-04,22411,WH001,422
2010-08-04,22411,WH002,903
2010-08-04,22411,WH003,762
2010-08-04,22411,WH004,733
2010-08-04,22411,WH005,207
2010-08-04,23438,WH001,956
2010-08-04,23438,WH002,311
2010-08-04,23438,WH003,402
2010-08-04,23438,WH004,441
2010-08-04,23438,WH005,704
2010-08-04,90042A,WH001,782
2010-08-04,90042A,WH002,928
2010-08-04,90042A,WH003,144
2010-08-04,90042A,WH004,841
2010-08-04,90042A,WH005,115
2010-08-04,21683,WH001,536
2010-08-04,21683,WH002,903
2010-08-04,21683,WH003,763
2010-08-04,21683,WH004,966
2010-08-04,21683,WH005,38
2010-08-04,22477,WH001,535
2010-08-04,22477,WH002,73
2010-08-04,22477,WH003,711
2010-08-04,22477,WH004,183
2010-08-04,22477,WH005,193
2010-08-04,84509E,WH001,288
2010-08-04,84509E,WH002,866
2010-08-04,84509E,WH003,333
2010-08-04,84509E,WH004,867
2010-08-04,84509E,WH005,598
2010-08-04,84948,WH001,153
2010-08-04,84948,WH002,234
2010-08-04,84948,WH003,740
2010-08-04,84948,WH004,844
2010-08-04,84948,WH005,208
2010-08-04,22398,WH001,486
2010-08-04,22398,WH002,450
2010-08-04,22398,WH003,464
2010-08-04,22398,WH004,330
2010-08-04,22398,WH005,875
2010-08-04,15058C,WH001,870
2010-08-04,15058C,WH002,371
2010-08-04,15058C,WH003,464
2010-08-04,15058C,WH004,898
2010-08-04,15058C,WH005,821
2010-08-04,22338,WH001,510
2010-08-04,22338,WH002,607
2010-08-04,22338,WH003,832
2010-08-04,22338,WH004,486
2010-08-04,22338,WH005,863
2010-08-04,21686,WH001,671
2010-08-04,21686,WH002,387
2010-08-04,21686,WH003,3
2010-08-04,21686,WH004,802
2010-08-04,21686,WH005,541
2010-08-04,M,WH001,584
2010-08-04,M,WH002,190
2010-08-04,M,WH003,862
2010-08-04,M,WH004,783
2010-08-04,M,WH005,74
2010-08-04,21160,WH001,866
2010-08-04,21160,WH002,421
2010-08-04,21160,WH003,747
2010-08-04,21160,WH004,966
2010-08-04,21160,WH005,938
2010-08-04,84592,WH001,866
2010-08-04,84592,WH002,143
2010-08-04,84592,WH003,560
2010-08-04,84592,WH004,217
2010-08-04,84592,WH005,810
2010-08-04,22789,WH001,712
2010-08-04,22789,WH002,359
2010-08-04,22789,WH003,137
2010-08-04,22789,WH004,890
2010-08-04,22789,WH005,510
2010-08-04,78033,WH001,707
2010-08-04,78033,WH002,683
2010-08-04,78033,WH003,645
2010-08-04,78033,WH004,209
2010-08-04,78033,WH005,160
2010-08-04,21133,WH001,401
2010-08-04,21133,WH002,941
2010-08-04,21133,WH003,810
2010-08-04,21133,WH004,911
2010-08-04,21133,WH005,362
2010-08-04,85172,WH001,361
2010-08-04,85172,WH002,690
2010-08-04,85172,WH003,45
2010-08-04,85172,WH004,952
2010-08-04,85172,WH005,812
2010-08-04,84279B,WH001,763
2010-08-04,84279B,WH002,771
2010-08-04,84279B,WH003,794
2010-08-04,84279B,WH004,531
2010-08-04,84279B,WH005,314
2010-08-04,90184B,WH001,983
2010-08-04,90184B,WH002,168
2010-08-04,90184B,WH003,922
2010-08-04,90184B,WH004,741
2010-08-04,90184B,WH005,823
2010-08-04,90211A,WH001,445
2010-08-04,90211A,WH002,736
2010-08-04,90211A,WH003,693
2010-08-04,90211A,WH004,845
2010-08-04,90211A,WH005,305
2010-08-04,23217,WH001,740
2010-08-04,23217,WH002,208
2010-08-04,23217,WH003,976
2010-08-04,23217,WH004,501
2010-08-04,23217,WH005,905
2010-08-04,22197,WH001,115
2010-08-04,22197,WH002,352
2010-08-04,22197,WH003,564
2010-08-04,22197,WH004,974
2010-08-04,22197,WH005,244
2010-08-04,23636,WH001,459
2010-08-04,23636,WH002,149
2010-08-04,23636,WH003,783
2010-08-04,23636,WH004,480
2010-08-04,23636,WH005,230
2010-08-04,84985B,WH001,589
2010-08-04,84985B,WH002,699
2010-08-04,84985B,WH003,794
2010-08-04,84985B,WH004,334
2010-08-04,84985B,WH005,284
2010-08-04,21533,WH001,686
2010-08-04,21533,WH002,574
2010-08-04,21533,WH003,212
2010-08-04,21533,WH004,581
2010-08-04,21533,WH005,598
2010-08-04,20934,WH001,166
2010-08-04,20934,WH002,990
2010-08-04,20934,WH003,19
2010-08-04,20934,WH004,655
2010-08-04,20934,WH005,606
2010-08-04,21463,WH001,317
2010-08-04,21463,WH002,538
2010-08-04,21463,WH003,288
2010-08-04,21463,WH004,946
2010-08-04,21463,WH005,443
2010-08-04,23576,WH001,598
2010-08-04,23576,WH002,345
2010-08-04,23576,WH003,200
2010-08-04,23576,WH004,158
2010-08-04,23576,WH005,743
2010-08-04,23430,WH001,958
2010-08-04,23430,WH002,21
2010-08-04,23430,WH003,138
2010-08-04,23430,WH004,704
2010-08-04,23430,WH005,218
2010-08-04,79191D,WH001,812
2010-08-04,79191D,WH002,770
2010-08-04,79191D,WH003,170
2010-08-04,79191D,WH004,88
2010-08-04,79191D,WH005,274
2010-08-04,85130C,WH001,139
2010-08-04,85130C,WH002,96
2010-08-04,85130C,WH003,932
2010-08-04,85130C,WH004,197
2010-08-04,85130C,WH005,551
2010-08-04,23567,WH001,252
2010-08-04,23567,WH002,191
2010-08-04,23567,WH003,279
2010-08-04,23567,WH004,245
2010-08-04,23567,WH005,457
2010-08-04,21076,WH001,610
2010-08-04,21076,WH002,944
2010-08-04,21076,WH003,702
2010-08-04,21076,WH004,73
2010-08-04,21076,WH005,172
2010-08-04,82597,WH001,340
2010-08-04,82597,WH002,599
2010-08-04,82597,WH003,218
2010-08-04,82597,WH004,556
2010-08-04,82597,WH005,753
2010-08-04,21386,WH001,28
2010-08-04,21386,WH002,934
2010-08-04,21386,WH003,700
2010-08-04,21386,WH004,433
2010-08-04,21386,WH005,222
2010-08-04,90123A,WH001,900
2010-08-04,90123A,WH002,318
2010-08-04,90123A,WH003,857
2010-08-04,90123A,WH004,888
2010-08-04,90123A,WH005,357
2010-08-04,22255,WH001,35
2010-08-04,22255,WH002,102
2010-08-04,22255,WH003,623
2010-08-04,22255,WH004,969
2010-08-04,22255,WH005,800
2010-08-04,90016B,WH001,809
2010-08-04,90016B,WH002,894
2010-08-04,90016B,WH003,718
2010-08-04,90016B,WH004,209
2010-08-04,90016B,WH005,442
2010-08-04,23467,WH001,349
2010-08-04,23467,WH002,210
2010-08-04,23467,WH003,506
2010-08-04,23467,WH004,336
2010-08-04,23467,WH005,828
2010-08-04,84609,WH001,459
2010-08-04,84609,WH002,620
2010-08-04,84609,WH003,628
2010-08-04,84609,WH004,152
2010-08-04,84609,WH005,113
2010-08-04,35979,WH001,481
2010-08-04,35979,WH002,715
2010-08-04,35979,WH003,640
2010-08-04,35979,WH004,727
2010-08-04,35979,WH005,848
2010-08-04,47590A,WH001,989
2010-08-04,47590A,WH002,787
2010-08-04,47590A,WH003,778
2010-08-04,47590A,WH004,623
2010-08-04,47590A,WH005,989
2010-08-04,22496,WH001,813
2010-08-04,22496,WH002,63
2010-08-04,22496,WH003,69
2010-08-04,22496,WH004,928
2010-08-04,22496,WH005,942
2010-08-04,21022,WH001,797
2010-08-04,21022,WH002,773
2010-08-04,21022,WH003,566
2010-08-04,21022,WH004,661
2010-08-04,21022,WH005,353
2010-08-04,85224,WH001,616
2010-08-04,85224,WH002,144
2010-08-04,85224,WH003,543
2010-08-04,85224,WH004,68
2010-08-04,85224,WH005,214
2010-08-04,23526,WH001,359
2010-08-04,23526,WH002,628
2010-08-04,23526,WH003,410
2010-08-04,23526,WH004,416
2010-08-04,23526,WH005,757
2010-08-04,20762,WH001,739
2010-08-04,20762,WH002,255
2010-08-04,20762,WH003,210
2010-08-04,20762,WH004,279
2010-08-04,20762,WH005,148
2010-08-04,85017C,WH001,184
2010-08-04,85017C,WH002,930
2010-08-04,85017C,WH003,951
2010-08-04,85017C,WH004,527
2010-08-04,85017C,WH005,149
2010-08-04,21882,WH001,982
2010-08-04,21882,WH002,525
2010-08-04,21882,WH003,241
2010-08-04,21882,WH004,358
2010-08-04,21882,WH005,379
2010-08-04,22482,WH001,567
2010-08-04,22482,WH002,354
2010-08-04,22482,WH003,9
2010-08-04,22482,WH004,277
2010-08-04,22482,WH005,860
2010-08-04,22937,WH001,877
2010-08-04,22937,WH002,403
2010-08-04,22937,WH003,791
2010-08-04,22937,WH004,260
2010-08-04,22937,WH005,290
2010-08-04,22626,WH001,312
2010-08-04,22626,WH002,836
2010-08-04,22626,WH003,967
2010-08-04,22626,WH004,949
2010-08-04,22626,WH005,368
2010-08-04,23660,WH001,712
2010-08-04,23660,WH002,470
2010-08-04,23660,WH003,845
2010-08-04,23660,WH004,863
2010-08-04,23660,WH005,858
2010-08-04,84997a,WH001,995
2010-08-04,84997a,WH002,241
2010-08-04,84997a,WH003,973
2010-08-04,84997a,WH004,216
2010-08-04,84997a,WH005,134
2010-08-04,22149,WH001,766
2010-08-04,22149,WH002,557
2010-08-04,22149,WH003,766
2010-08-04,22149,WH004,598
2010-08-04,22149,WH005,418
2010-08-04,81950B,WH001,782
2010-08-04,81950B,WH002,630
2010-08-04,81950B,WH003,484
2010-08-04,81950B,WH004,520
2010-08-04,81950B,WH005,471
2010-08-04,47504H,WH001,183
2010-08-04,47504H,WH002,359
2010-08-04,47504H,WH003,118
2010-08-04,47504H,WH004,730
2010-08-04,47504H,WH005,697
2010-08-04,90032,WH001,654
2010-08-04,90032,WH002,295
2010-08-04,90032,WH003,984
2010-08-04,90032,WH004,746
2010-08-04,90032,WH005,586
2010-08-04,21536,WH001,623
2010-08-04,21536,WH002,918
2010-08-04,21536,WH003,8
2010-08-04,21536,WH004,967
2010-08-04,21536,WH005,471
2010-08-04,82011A,WH001,37
2010-08-04,82011A,WH002,348
2010-08-04,82011A,WH003,37
2010-08-04,82011A,WH004,605
2010-08-04,82011A,WH005,981
2010-08-04,22852,WH001,633
2010-08-04,22852,WH002,599
2010-08-04,22852,WH003,61
2010-08-04,22852,WH004,283
2010-08-04,22852,WH005,270
2010-08-04,84905,WH001,441
2010-08-04,84905,WH002,815
2010-08-04,84905,WH003,443
2010-08-04,84905,WH004,159
2010-08-04,84905,WH005,104
2010-08-04,22669,WH001,110
2010-08-04,22669,WH002,910
2010-08-04,22669,WH003,224
2010-08-04,22669,WH004,321
2010-08-04,22669,WH005,508
2010-08-04,20724,WH001,548
2010-08-04,20724,WH002,819
2010-08-04,20724,WH003,869
2010-08-04,20724,WH004,215
2010-08-04,20724,WH005,889
2010-08-04,21637,WH001,408
2010-08-04,21637,WH002,186
2010-08-04,21637,WH003,524
2010-08-04,21637,WH004,169
2010-08-04,21637,WH005,356
2010-08-04,22922,WH001,138
2010-08-04,22922,WH002,751
2010-08-04,22922,WH003,233
2010-08-04,22922,WH004,938
2010-08-04,22922,WH005,319
2010-08-04,46775D,WH001,156
2010-08-04,46775D,WH002,727
2010-08-04,46775D,WH003,493
2010-08-04,46775D,WH004,151
2010-08-04,46775D,WH005,385
2010-08-04,21750,WH001,217
2010-08-04,21750,WH002,682
2010-08-04,21750,WH003,377
2010-08-04,21750,WH004,98
2010-08-04,21750,WH005,23
2010-08-04,22191,WH001,961
2010-08-04,22191,WH002,251
2010-08-04,22191,WH003,818
2010-08-04,22191,WH004,464
2010-08-04,22191,WH005,681
2010-08-04,90027D,WH001,556
2010-08-04,90027D,WH002,417
2010-08-04,90027D,WH003,634
2010-08-04,90027D,WH004,105
2010-08-04,90027D,WH005,392
2010-08-04,22769,WH001,121
2010-08-04,22769,WH002,562
2010-08-04,22769,WH003,543
2010-08-04,22769,WH004,859
2010-08-04,22769,WH005,14
2010-08-04,84847,WH001,725
2010-08-04,84847,WH002,665
2010-08-04,84847,WH003,574
2010-08-04,84847,WH004,893
2010-08-04,84847,WH005,776
2010-08-04,72529W,WH001,334
2010-08-04,72529W,WH002,293
2010-08-04,72529W,WH003,731
2010-08-04,72529W,WH004,956
2010-08-04,72529W,WH005,326
2010-08-04,23094,WH001,689
2010-08-04,23094,WH002,198
2010-08-04,23094,WH003,671
2010-08-04,23094,WH004,284
2010-08-04,23094,WH005,785
2010-08-04,46000P,WH001,710
2010-08-04,46000P,WH002,3
2010-08-04,46000P,WH003,743
2010-08-04,46000P,WH004,141
2010-08-04,46000P,WH005,236
2010-08-04,85187,WH001,573
2010-08-04,85187,WH002,587
2010-08-04,85187,WH003,607
2010-08-04,85187,WH004,332
2010-08-04,85187,WH005,897
2010-08-04,85065,WH001,630
2010-08-04,85065,WH002,532
2010-08-04,85065,WH003,737
2010-08-04,85065,WH004,268
2010-08-04,85065,WH005,427
2010-08-04,23101,WH001,489
2010-08-04,23101,WH002,118
2010-08-04,23101,WH003,315
2010-08-04,23101,WH004,809
2010-08-04,23101,WH005,680
2010-08-04,47594B,WH001,916
2010-08-04,47594B,WH002,612
2010-08-04,47594B,WH003,55
2010-08-04,47594B,WH004,189
2010-08-04,47594B,WH005,327
2010-08-04,21157,WH001,371
2010-08-04,21157,WH002,981
2010-08-04,21157,WH003,676
2010-08-04,21157,WH004,869
2010-08-04,21157,WH005,944
2010-08-04,84313C,WH001,589
2010-08-04,84313C,WH002,395
2010-08-04,84313C,WH003,516
2010-08-04,84313C,WH004,722
2010-08-04,84313C,WH005,738
2010-08-04,16258B,WH001,421
2010-08-04,16258B,WH002,100
2010-08-04,16258B,WH003,380
2010-08-04,16258B,WH004,444
2010-08-04,16258B,WH005,633
2010-08-04,84849D,WH001,587
2010-08-04,84849D,WH002,960
2010-08-04,84849D,WH003,682
2010-08-04,84849D,WH004,321
2010-08-04,84849D,WH005,793
2010-08-04,20953,WH001,443
2010-08-04,20953,WH002,339
2010-08-04,20953,WH003,53
2010-08-04,20953,WH004,771
2010-08-04,20953,WH005,629
2010-08-04,84529A,WH001,70
2010-08-04,84529A,WH002,375
2010-08-04,84529A,WH003,418
2010-08-04,84529A,WH004,119
2010-08-04,84529A,WH005,768
2010-08-04,84836,WH001,619
2010-08-04,84836,WH002,220
2010-08-04,84836,WH003,680
2010-08-04,84836,WH004,565
2010-08-04,84836,WH005,123
2010-08-04,84032B,WH001,581
2010-08-04,84032B,WH002,599
2010-08-04,84032B,WH003,186
2010-08-04,84032B,WH004,844
2010-08-04,84032B,WH005,747
2010-08-04,84621,WH001,541
2010-08-04,84621,WH002,716
2010-08-04,84621,WH003,796
2010-08-04,84621,WH004,506
2010-08-04,84621,WH005,492
2010-08-04,37493B,WH001,414
2010-08-04,37493B,WH002,232
2010-08-04,37493B,WH003,552
2010-08-04,37493B,WH004,154
2010-08-04,37493B,WH005,32
2010-08-04,47480,WH001,230
2010-08-04,47480,WH002,102
2010-08-04,47480,WH003,641
2010-08-04,47480,WH004,165
2010-08-04,47480,WH005,291
2010-08-04,21313,WH001,427
2010-08-04,21313,WH002,546
2010-08-04,21313,WH003,160
2010-08-04,21313,WH004,803
2010-08-04,21313,WH005,121
2010-08-04,85121C,WH001,98
2010-08-04,85121C,WH002,155
2010-08-04,85121C,WH003,117
2010-08-04,85121C,WH004,142
2010-08-04,85121C,WH005,736
2010-08-04,18098c,WH001,610
2010-08-04,18098c,WH002,30
2010-08-04,18098c,WH003,588
2010-08-04,18098c,WH004,206
2010-08-04,18098c,WH005,79
2010-08-04,22276,WH001,432
2010-08-04,22276,WH002,817
2010-08-04,22276,WH003,967
2010-08-04,22276,WH004,77
2010-08-04,22276,WH005,523
2010-08-04,82095,WH001,495
2010-08-04,82095,WH002,142
2010-08-04,82095,WH003,596
2010-08-04,82095,WH004,583
2010-08-04,82095,WH005,31
2010-08-04,21883,WH001,376
2010-08-04,21883,WH002,919
2010-08-04,21883,WH003,58
2010-08-04,21883,WH004,90
2010-08-04,21883,WH005,503
2010-08-04,85008,WH001,976
2010-08-04,85008,WH002,635
2010-08-04,85008,WH003,667
2010-08-04,85008,WH004,960
2010-08-04,85008,WH005,58
2010-08-04,23332,WH001,725
2010-08-04,23332,WH002,914
2010-08-04,23332,WH003,780
2010-08-04,23332,WH004,214
2010-08-04,23332,WH005,911
2010-08-04,20694,WH001,458
2010-08-04,20694,WH002,323
2010-08-04,20694,WH003,207
2010-08-04,20694,WH004,565
2010-08-04,20694,WH005,158
2010-08-04,85230B,WH001,971
2010-08-04,85230B,WH002,245
2010-08-04,85230B,WH003,552
2010-08-04,85230B,WH004,41
2010-08-04,85230B,WH005,130
2010-08-04,72807c,WH001,855
2010-08-04,72807c,WH002,958
2010-08-04,72807c,WH003,412
2010-08-04,72807c,WH004,352
2010-08-04,72807c,WH005,650
2010-08-04,23455,WH001,252
2010-08-04,23455,WH002,285
2010-08-04,23455,WH003,630
2010-08-04,23455,WH004,486
2010-08-04,23455,WH005,352
2010-08-04,22308,WH001,277
2010-08-04,22308,WH002,411
2010-08-04,22308,WH003,848
2010-08-04,22308,WH004,215
2010-08-04,22308,WH005,238
2010-08-04,23521,WH001,37
2010-08-04,23521,WH002,189
2010-08-04,23521,WH003,72
2010-08-04,23521,WH004,624
2010-08-04,23521,WH005,276
2010-08-04,85194S,WH001,678
2010-08-04,85194S,WH002,422
2010-08-04,85194S,WH003,740
2010-08-04,85194S,WH004,826
2010-08-04,85194S,WH005,24
2010-08-04,85032C,WH001,214
2010-08-04,85032C,WH002,840
2010-08-04,85032C,WH003,654
2010-08-04,85032C,WH004,29
2010-08-04,85032C,WH005,926
2010-08-04,23041,WH001,843
2010-08-04,23041,WH002,406
2010-08-04,23041,WH003,500
2010-08-04,23041,WH004,978
2010-08-04,23041,WH005,990
2010-08-04,90156,WH001,637
2010-08-04,90156,WH002,576
2010-08-04,90156,WH003,957
2010-08-04,90156,WH004,229
2010-08-04,90156,WH005,294
2010-08-04,22228,WH001,603
2010-08-04,22228,WH002,655
2010-08-04,22228,WH003,320
2010-08-04,22228,WH004,158
2010-08-04,22228,WH005,580
2010-08-04,85033S,WH001,913
2010-08-04,85033S,WH002,34
2010-08-04,85033S,WH003,337
2010-08-04,85033S,WH004,814
2010-08-04,85033S,WH005,158
2010-08-04,23411,WH001,836
2010-08-04,23411,WH002,529
2010-08-04,23411,WH003,57
2010-08-04,23411,WH004,167
2010-08-04,23411,WH005,75
2010-08-04,22991,WH001,280
2010-08-04,22991,WH002,245
2010-08-04,22991,WH003,381
2010-08-04,22991,WH004,555
2010-08-04,22991,WH005,146
2010-08-04,85136A,WH001,990
2010-08-04,85136A,WH002,40
2010-08-04,85136A,WH003,714
2010-08-04,85136A,WH004,374
2010-08-04,85136A,WH005,211
2010-08-04,22383,WH001,207
2010-08-04,22383,WH002,778
2010-08-04,22383,WH003,671
2010-08-04,22383,WH004,719
2010-08-04,22383,WH005,0
2010-08-04,84970s,WH001,874
2010-08-04,84970s,WH002,647
2010-08-04,84970s,WH003,102
2010-08-04,84970s,WH004,543
2010-08-04,84970s,WH005,774
2010-08-04,23240,WH001,523
2010-08-04,23240,WH002,673
2010-08-04,23240,WH003,507
2010-08-04,23240,WH004,58
2010-08-04,23240,WH005,542
2010-08-04,71495A,WH001,744
2010-08-04,71495A,WH002,506
2010-08-04,71495A,WH003,985
2010-08-04,71495A,WH004,446
2010-08-04,71495A,WH005,678
2010-08-04,84923,WH001,339
2010-08-04,84923,WH002,2
2010-08-04,84923,WH003,363
2010-08-04,84923,WH004,721
2010-08-04,84923,WH005,97
2010-08-04,22113,WH001,181
2010-08-04,22113,WH002,394
2010-08-04,22113,WH003,863
2010-08-04,22113,WH004,490
2010-08-04,22113,WH005,61
2010-08-04,15060B,WH001,763
2010-08-04,15060B,WH002,557
2010-08-04,15060B,WH003,438
2010-08-04,15060B,WH004,263
2010-08-04,15060B,WH005,769
2010-08-04,22324,WH001,913
2010-08-04,22324,WH002,779
2010-08-04,22324,WH003,75
2010-08-04,22324,WH004,326
2010-08-04,22324,WH005,843
2010-08-04,90081C,WH001,496
2010-08-04,90081C,WH002,614
2010-08-04,90081C,WH003,325
2010-08-04,90081C,WH004,462
2010-08-04,90081C,WH005,72
2010-08-04,84327A,WH001,353
2010-08-04,84327A,WH002,854
2010-08-04,84327A,WH003,859
2010-08-04,84327A,WH004,820
2010-08-04,84327A,WH005,718
2010-08-04,85162C,WH001,84
2010-08-04,85162C,WH002,219
2010-08-04,85162C,WH003,654
2010-08-04,85162C,WH004,180
2010-08-04,85162C,WH005,845
2010-08-04,22181,WH001,603
2010-08-04,22181,WH002,39
2010-08-04,22181,WH003,542
2010-08-04,22181,WH004,390
2010-08-04,22181,WH005,893
2010-08-04,90203,WH001,244
2010-08-04,90203,WH002,992
2010-08-04,90203,WH003,475
2010-08-04,90203,WH004,187
2010-08-04,90203,WH005,153
2010-08-04,22473,WH001,220
2010-08-04,22473,WH002,33
2010-08-04,22473,WH003,50
2010-08-04,22473,WH004,20
2010-08-04,22473,WH005,940
2010-08-04,84795A,WH001,948
2010-08-04,84795A,WH002,822
2010-08-04,84795A,WH003,67
2010-08-04,84795A,WH004,103
2010-08-04,84795A,WH005,218
2010-08-04,84388,WH001,713
2010-08-04,84388,WH002,626
2010-08-04,84388,WH003,435
2010-08-04,84388,WH004,638
2010-08-04,84388,WH005,934
2010-08-04,20664,WH001,95
2010-08-04,20664,WH002,264
2010-08-04,20664,WH003,545
2010-08-04,20664,WH004,373
2010-08-04,20664,WH005,458
2010-08-04,72752A,WH001,32
2010-08-04,72752A,WH002,223
2010-08-04,72752A,WH003,196
2010-08-04,72752A,WH004,805
2010-08-04,72752A,WH005,744
2010-08-04,85186C,WH001,965
2010-08-04,85186C,WH002,918
2010-08-04,85186C,WH003,294
2010-08-04,85186C,WH004,625
2010-08-04,85186C,WH005,205
2010-08-04,22604,WH001,753
2010-08-04,22604,WH002,364
2010-08-04,22604,WH003,519
2010-08-04,22604,WH004,882
2010-08-04,22604,WH005,581
2010-08-04,23376,WH001,765
2010-08-04,23376,WH002,142
2010-08-04,23376,WH003,751
2010-08-04,23376,WH004,450
2010-08-04,23376,WH005,902
2010-08-04,20957,WH001,294
2010-08-04,20957,WH002,232
2010-08-04,20957,WH003,629
2010-08-04,20957,WH004,863
2010-08-04,20957,WH005,113
2010-08-04,85160A,WH001,917
2010-08-04,85160A,WH002,573
2010-08-04,85160A,WH003,696
2010-08-04,85160A,WH004,852
2010-08-04,85160A,WH005,406
2010-08-04,23151,WH001,883
2010-08-04,23151,WH002,907
2010-08-04,23151,WH003,734
2010-08-04,23151,WH004,35
2010-08-04,23151,WH005,579
2010-08-04,21371,WH001,283
2010-08-04,21371,WH002,91
2010-08-04,21371,WH003,95
2010-08-04,21371,WH004,898
2010-08-04,21371,WH005,383
2010-08-04,21442,WH001,100
2010-08-04,21442,WH002,741
2010-08-04,21442,WH003,633
2010-08-04,21442,WH004,401
2010-08-04,21442,WH005,527
2010-08-04,23049,WH001,558
2010-08-04,23049,WH002,929
2010-08-04,23049,WH003,413
2010-08-04,23049,WH004,32
2010-08-04,23049,WH005,33
2010-08-04,17107D,WH001,698
2010-08-04,17107D,WH002,63
2010-08-04,17107D,WH003,944
2010-08-04,17107D,WH004,44
2010-08-04,17107D,WH005,650
2010-08-04,90036E,WH001,809
2010-08-04,90036E,WH002,141
2010-08-04,90036E,WH003,83
2010-08-04,90036E,WH004,993
2010-08-04,90036E,WH005,332
2010-08-04,90126C,WH001,254
2010-08-04,90126C,WH002,556
2010-08-04,90126C,WH003,253
2010-08-04,90126C,WH004,535
2010-08-04,90126C,WH005,311
2010-08-04,21353,WH001,615
2010-08-04,21353,WH002,89
2010-08-04,21353,WH003,525
2010-08-04,21353,WH004,562
2010-08-04,21353,WH005,493
2010-08-04,84563B,WH001,274
2010-08-04,84563B,WH002,670
2010-08-04,84563B,WH003,338
2010-08-04,84563B,WH004,291
2010-08-04,84563B,WH005,186
2010-08-04,37448,WH001,456
2010-08-04,37448,WH002,467
2010-08-04,37448,WH003,431
2010-08-04,37448,WH004,325
2010-08-04,37448,WH005,354
2010-08-04,84849A,WH001,665
2010-08-04,84849A,WH002,996
2010-08-04,84849A,WH003,678
2010-08-04,84849A,WH004,902
2010-08-04,84849A,WH005,526
2010-08-04,84569C,WH001,675
2010-08-04,84569C,WH002,362
2010-08-04,84569C,WH003,739
2010-08-04,84569C,WH004,541
2010-08-04,84569C,WH005,872
2010-08-04,90159,WH001,419
2010-08-04,90159,WH002,358
2010-08-04,90159,WH003,428
2010-08-04,90159,WH004,529
2010-08-04,90159,WH005,93
2010-08-04,21247,WH001,353
2010-08-04,21247,WH002,499
2010-08-04,21247,WH003,891
2010-08-04,21247,WH004,591
2010-08-04,21247,WH005,607
2010-08-04,23372,WH001,326
2010-08-04,23372,WH002,561
2010-08-04,23372,WH003,895
2010-08-04,23372,WH004,451
2010-08-04,23372,WH005,758
2010-08-04,22656,WH001,572
2010-08-04,22656,WH002,809
2010-08-04,22656,WH003,290
2010-08-04,22656,WH004,430
2010-08-04,22656,WH005,514
2010-08-04,84255B,WH001,215
2010-08-04,84255B,WH002,206
2010-08-04,84255B,WH003,593
2010-08-04,84255B,WH004,241
2010-08-04,84255B,WH005,240
2010-08-04,72134,WH001,180
2010-08-04,72134,WH002,745
2010-08-04,72134,WH003,195
2010-08-04,72134,WH004,516
2010-08-04,72134,WH005,477
2010-08-04,84925D,WH001,128
2010-08-04,84925D,WH002,58
2010-08-04,84925D,WH003,738
2010-08-04,84925D,WH004,331
2010-08-04,84925D,WH005,901
2010-08-04,85059,WH001,479
2010-08-04,85059,WH002,345
2010-08-04,85059,WH003,149
2010-08-04,85059,WH004,123
2010-08-04,85059,WH005,355
2010-08-04,22206,WH001,230
2010-08-04,22206,WH002,545
2010-08-04,22206,WH003,11
2010-08-04,22206,WH004,905
2010-08-04,22206,WH005,453
2010-08-04,22518,WH001,322
2010-08-04,22518,WH002,40
2010-08-04,22518,WH003,5
2010-08-04,22518,WH004,190
2010-08-04,22518,WH005,674
2010-08-04,17096,WH001,39
2010-08-04,17096,WH002,958
2010-08-04,17096,WH003,101
2010-08-04,17096,WH004,988
2010-08-04,17096,WH005,339
2010-08-04,21705,WH001,462
2010-08-04,21705,WH002,733
2010-08-04,21705,WH003,175
2010-08-04,21705,WH004,152
2010-08-04,21705,WH005,673
2010-08-04,21609,WH001,507
2010-08-04,21609,WH002,807
2010-08-04,21609,WH003,467
2010-08-04,21609,WH004,556
2010-08-04,21609,WH005,324
2010-08-04,22853,WH001,351
2010-08-04,22853,WH002,981
2010-08-04,22853,WH003,333
2010-08-04,22853,WH004,888
2010-08-04,22853,WH005,441
2010-08-04,22334,WH001,620
2010-08-04,22334,WH002,204
2010-08-04,22334,WH003,328
2010-08-04,22334,WH004,424
2010-08-04,22334,WH005,758
2010-08-04,35936,WH001,823
2010-08-04,35936,WH002,548
2010-08-04,35936,WH003,555
2010-08-04,35936,WH004,41
2010-08-04,35936,WH005,255
2010-08-04,20980,WH001,889
2010-08-04,20980,WH002,699
2010-08-04,20980,WH003,852
2010-08-04,20980,WH004,349
2010-08-04,20980,WH005,671
2010-08-04,84762A,WH001,187
2010-08-04,84762A,WH002,717
2010-08-04,84762A,WH003,50
2010-08-04,84762A,WH004,992
2010-08-04,84762A,WH005,866
2010-08-04,21550,WH001,653
2010-08-04,21550,WH002,562
2010-08-04,21550,WH003,788
2010-08-04,21550,WH004,29
2010-08-04,21550,WH005,193
2010-08-04,21004,WH001,494
2010-08-04,21004,WH002,110
2010-08-04,21004,WH003,285
2010-08-04,21004,WH004,555
2010-08-04,21004,WH005,261
2010-08-04,20836,WH001,393
2010-08-04,20836,WH002,923
2010-08-04,20836,WH003,702
2010-08-04,20836,WH004,956
2010-08-04,20836,WH005,234
2010-08-04,37444B,WH001,738
2010-08-04,37444B,WH002,916
2010-08-04,37444B,WH003,248
2010-08-04,37444B,WH004,108
2010-08-04,37444B,WH005,99
2010-08-04,35809B,WH001,970
2010-08-04,35809B,WH002,54
2010-08-04,35809B,WH003,436
2010-08-04,35809B,WH004,48
2010-08-04,35809B,WH005,287
2010-08-04,21034,WH001,972
2010-08-04,21034,WH002,162
2010-08-04,21034,WH003,174
2010-08-04,21034,WH004,28
2010-08-04,21034,WH005,731
2010-08-04,16207B,WH001,208
2010-08-04,16207B,WH002,313
2010-08-04,16207B,WH003,751
2010-08-04,16207B,WH004,764
2010-08-04,16207B,WH005,487
2010-08-04,21002,WH001,816
2010-08-04,21002,WH002,582
2010-08-04,21002,WH003,263
2010-08-04,21002,WH004,222
2010-08-04,21002,WH005,338
2010-08-04,22172,WH001,16
2010-08-04,22172,WH002,495
2010-08-04,22172,WH003,115
2010-08-04,22172,WH004,51
2010-08-04,22172,WH005,190
2010-08-04,16202C,WH001,24
2010-08-04,16202C,WH002,147
2010-08-04,16202C,WH003,815
2010-08-04,16202C,WH004,913
2010-08-04,16202C,WH005,455
2010-08-04,23074,WH001,522
2010-08-04,23074,WH002,498
2010-08-04,23074,WH003,609
2010-08-04,23074,WH004,607
2010-08-04,23074,WH005,305
2010-08-04,21710,WH001,328
2010-08-04,21710,WH002,697
2010-08-04,21710,WH003,762
2010-08-04,21710,WH004,218
2010-08-04,21710,WH005,22
2010-08-04,21918,WH001,8
2010-08-04,21918,WH002,127
2010-08-04,21918,WH003,380
2010-08-04,21918,WH004,927
2010-08-04,21918,WH005,591
2010-08-04,84670,WH001,876
2010-08-04,84670,WH002,897
2010-08-04,84670,WH003,76
2010-08-04,84670,WH004,148
2010-08-04,84670,WH005,554
2010-08-04,84876D,WH001,912
2010-08-04,84876D,WH002,733
2010-08-04,84876D,WH003,436
2010-08-04,84876D,WH004,257
2010-08-04,84876D,WH005,274
2010-08-04,20983,WH001,15
2010-08-04,20983,WH002,620
2010-08-04,20983,WH003,659
2010-08-04,20983,WH004,514
2010-08-04,20983,WH005,774
2010-08-04,21476,WH001,727
2010-08-04,21476,WH002,732
2010-08-04,21476,WH003,57
2010-08-04,21476,WH004,169
2010-08-04,21476,WH005,873
2010-08-04,22877,WH001,566
2010-08-04,22877,WH002,132
2010-08-04,22877,WH003,227
2010-08-04,22877,WH004,941
2010-08-04,22877,WH005,614
2010-08-04,20654,WH001,453
2010-08-04,20654,WH002,482
2010-08-04,20654,WH003,588
2010-08-04,20654,WH004,570
2010-08-04,20654,WH005,583
2010-08-04,21042,WH001,314
2010-08-04,21042,WH002,64
2010-08-04,21042,WH003,526
2010-08-04,21042,WH004,575
2010-08-04,21042,WH005,515
2010-08-04,22186,WH001,975
2010-08-04,22186,WH002,171
2010-08-04,22186,WH003,745
2010-08-04,22186,WH004,19
2010-08-04,22186,WH005,324
2010-08-04,22403,WH001,659
2010-08-04,22403,WH002,493
2010-08-04,22403,WH003,243
2010-08-04,22403,WH004,479
2010-08-04,22403,WH005,530
2010-08-04,23006,WH001,108
2010-08-04,23006,WH002,17
2010-08-04,23006,WH003,229
2010-08-04,23006,WH004,267
2010-08-04,23006,WH005,529
2010-08-04,84030B,WH001,40
2010-08-04,84030B,WH002,384
2010-08-04,84030B,WH003,294
2010-08-04,84030B,WH004,612
2010-08-04,84030B,WH005,729
2010-08-04,21534,WH001,735
2010-08-04,21534,WH002,627
2010-08-04,21534,WH003,502
2010-08-04,21534,WH004,164
2010-08-04,21534,WH005,613
2010-08-04,44234,WH001,121
2010-08-04,44234,WH002,423
2010-08-04,44234,WH003,118
2010-08-04,44234,WH004,271
2010-08-04,44234,WH005,849
2010-08-04,90185A,WH001,9
2010-08-04,90185A,WH002,284
2010-08-04,90185A,WH003,87
2010-08-04,90185A,WH004,995
2010-08-04,90185A,WH005,872
2010-08-04,22244,WH001,554
2010-08-04,22244,WH002,171
2010-08-04,22244,WH003,998
2010-08-04,22244,WH004,81
2010-08-04,22244,WH005,240
2010-08-04,47369B,WH001,557
2010-08-04,47369B,WH002,948
2010-08-04,47369B,WH003,149
2010-08-04,47369B,WH004,922
2010-08-04,47369B,WH005,217
2010-08-04,90023,WH001,170
2010-08-04,90023,WH002,969
2010-08-04,90023,WH003,986
2010-08-04,90023,WH004,130
2010-08-04,90023,WH005,350
2010-08-04,23029,WH001,394
2010-08-04,23029,WH002,147
2010-08-04,23029,WH003,925
2010-08-04,23029,WH004,364
2010-08-04,23029,WH005,805
2010-08-04,21498,WH001,81
2010-08-04,21498,WH002,388
2010-08-04,21498,WH003,597
2010-08-04,21498,WH004,190
2010-08-04,21498,WH005,599
2010-08-04,84800L,WH001,429
2010-08-04,84800L,WH002,332
2010-08-04,84800L,WH003,396
2010-08-04,84800L,WH004,314
2010-08-04,84800L,WH005,279
2010-08-04,21678,WH001,35
2010-08-04,21678,WH002,546
2010-08-04,21678,WH003,665
2010-08-04,21678,WH004,934
2010-08-04,21678,WH005,250
2010-08-04,72783,WH001,436
2010-08-04,72783,WH002,473
2010-08-04,72783,WH003,646
2010-08-04,72783,WH004,506
2010-08-04,72783,WH005,456
2010-08-04,79030A,WH001,787
2010-08-04,79030A,WH002,139
2010-08-04,79030A,WH003,633
2010-08-04,79030A,WH004,191
2010-08-04,79030A,WH005,970
2010-08-04,22566,WH001,682
2010-08-04,22566,WH002,632
2010-08-04,22566,WH003,871
2010-08-04,22566,WH004,357
2010-08-04,22566,WH005,98
2010-08-04,35647,WH001,869
2010-08-04,35647,WH002,926
2010-08-04,35647,WH003,515
2010-08-04,35647,WH004,446
2010-08-04,35647,WH005,187
2010-08-04,21367,WH001,237
2010-08-04,21367,WH002,565
2010-08-04,21367,WH003,167
2010-08-04,21367,WH004,122
2010-08-04,21367,WH005,275
2010-08-04,47481,WH001,345
2010-08-04,47481,WH002,242
2010-08-04,47481,WH003,30
2010-08-04,47481,WH004,325
2010-08-04,47481,WH005,78
2010-08-04,22818,WH001,750
2010-08-04,22818,WH002,218
2010-08-04,22818,WH003,26
2010-08-04,22818,WH004,621
2010-08-04,22818,WH005,384
2010-08-04,75013B,WH001,493
2010-08-04,75013B,WH002,620
2010-08-04,75013B,WH003,432
2010-08-04,75013B,WH004,101
2010-08-04,75013B,WH005,571
2010-08-04,22783,WH001,560
2010-08-04,22783,WH002,195
2010-08-04,22783,WH003,747
2010-08-04,22783,WH004,682
2010-08-04,22783,WH005,675
2010-08-04,22970,WH001,544
2010-08-04,22970,WH002,635
2010-08-04,22970,WH003,139
2010-08-04,22970,WH004,118
2010-08-04,22970,WH005,554
2010-08-04,84031b,WH001,756
2010-08-04,84031b,WH002,112
2010-08-04,84031b,WH003,619
2010-08-04,84031b,WH004,674
2010-08-04,84031b,WH005,999
2010-08-04,35832,WH001,225
2010-08-04,35832,WH002,785
2010-08-04,35832,WH003,48
2010-08-04,35832,WH004,775
2010-08-04,35832,WH005,187
2010-08-04,84509F,WH001,459
2010-08-04,84509F,WH002,482
2010-08-04,84509F,WH003,944
2010-08-04,84509F,WH004,711
2010-08-04,84509F,WH005,491
2010-08-04,22151,WH001,370
2010-08-04,22151,WH002,979
2010-08-04,22151,WH003,365
2010-08-04,22151,WH004,842
2010-08-04,22151,WH005,439
2010-08-04,85135B,WH001,197
2010-08-04,85135B,WH002,866
2010-08-04,85135B,WH003,94
2010-08-04,85135B,WH004,800
2010-08-04,85135B,WH005,796
2010-08-04,22350,WH001,926
2010-08-04,22350,WH002,995
2010-08-04,22350,WH003,785
2010-08-04,22350,WH004,34
2010-08-04,22350,WH005,445
2010-08-04,90019A,WH001,824
2010-08-04,90019A,WH002,571
2010-08-04,90019A,WH003,504
2010-08-04,90019A,WH004,551
2010-08-04,90019A,WH005,227
2010-08-04,47563A,WH001,988
2010-08-04,47563A,WH002,172
2010-08-04,47563A,WH003,737
2010-08-04,47563A,WH004,69
2010-08-04,47563A,WH005,533
2010-08-04,35809A,WH001,985
2010-08-04,35809A,WH002,645
2010-08-04,35809A,WH003,813
2010-08-04,35809A,WH004,958
2010-08-04,35809A,WH005,585
2010-08-04,90214N,WH001,190
2010-08-04,90214N,WH002,687
2010-08-04,90214N,WH003,942
2010-08-04,90214N,WH004,706
2010-08-04,90214N,WH005,352
2010-08-04,21122,WH001,198
2010-08-04,21122,WH002,348
2010-08-04,21122,WH003,749
2010-08-04,21122,WH004,224
2010-08-04,21122,WH005,253
2010-08-04,23293,WH001,354
2010-08-04,23293,WH002,271
2010-08-04,23293,WH003,506
2010-08-04,23293,WH004,669
2010-08-04,23293,WH005,170
2010-08-04,20803,WH001,817
2010-08-04,20803,WH002,168
2010-08-04,20803,WH003,717
2010-08-04,20803,WH004,287
2010-08-04,20803,WH005,594
2010-08-04,84977,WH001,7
2010-08-04,84977,WH002,174
2010-08-04,84977,WH003,646
2010-08-04,84977,WH004,133
2010-08-04,84977,WH005,201
2010-08-04,20851,WH001,755
2010-08-04,20851,WH002,873
2010-08-04,20851,WH003,808
2010-08-04,20851,WH004,378
2010-08-04,20851,WH005,574
2010-08-04,72753B,WH001,454
2010-08-04,72753B,WH002,125
2010-08-04,72753B,WH003,928
2010-08-04,72753B,WH004,776
2010-08-04,72753B,WH005,25
2010-08-04,21740,WH001,10
2010-08-04,21740,WH002,707
2010-08-04,21740,WH003,331
2010-08-04,21740,WH004,505
2010-08-04,21740,WH005,457
2010-08-04,21893,WH001,636
2010-08-04,21893,WH002,828
2010-08-04,21893,WH003,970
2010-08-04,21893,WH004,233
2010-08-04,21893,WH005,129
2010-08-04,84358,WH001,286
2010-08-04,84358,WH002,675
2010-08-04,84358,WH003,292
2010-08-04,84358,WH004,704
2010-08-04,84358,WH005,209
2010-08-04,22214,WH001,453
2010-08-04,22214,WH002,100
2010-08-04,22214,WH003,179
2010-08-04,22214,WH004,967
2010-08-04,22214,WH005,172
2010-08-04,47563B,WH001,424
2010-08-04,47563B,WH002,420
2010-08-04,47563B,WH003,690
2010-08-04,47563B,WH004,675
2010-08-04,47563B,WH005,503
2010-08-04,72008,WH001,549
2010-08-04,72008,WH002,783
2010-08-04,72008,WH003,102
2010-08-04,72008,WH004,207
2010-08-04,72008,WH005,53
2010-08-04,84632,WH001,303
2010-08-04,84632,WH002,370
2010-08-04,84632,WH003,120
2010-08-04,84632,WH004,112
2010-08-04,84632,WH005,468
2010-08-04,37370,WH001,140
2010-08-04,37370,WH002,729
2010-08-04,37370,WH003,679
2010-08-04,37370,WH004,577
2010-08-04,37370,WH005,475
2010-08-04,72793,WH001,878
2010-08-04,72793,WH002,648
2010-08-04,72793,WH003,894
2010-08-04,72793,WH004,347
2010-08-04,72793,WH005,530
2010-08-04,78124,WH001,94
2010-08-04,78124,WH002,487
2010-08-04,78124,WH003,64
2010-08-04,78124,WH004,370
2010-08-04,78124,WH005,16
2010-08-04,22896,WH001,243
2010-08-04,22896,WH002,863
2010-08-04,22896,WH003,718
2010-08-04,22896,WH004,964
2010-08-04,22896,WH005,956
2010-08-04,90177B,WH001,149
2010-08-04,90177B,WH002,180
2010-08-04,90177B,WH003,946
2010-08-04,90177B,WH004,806
2010-08-04,90177B,WH005,263
2010-08-04,84666,WH001,311
2010-08-04,84666,WH002,644
2010-08-04,84666,WH003,547
2010-08-04,84666,WH004,379
2010-08-04,84666,WH005,337
2010-08-04,23534,WH001,618
2010-08-04,23534,WH002,919
2010-08-04,23534,WH003,842
2010-08-04,23534,WH004,747
2010-08-04,23534,WH005,860
2010-08-04,22921,WH001,58
2010-08-04,22921,WH002,868
2010-08-04,22921,WH003,394
2010-08-04,22921,WH004,264
2010-08-04,22921,WH005,865
2010-08-04,22536,WH001,776
2010-08-04,22536,WH002,81
2010-08-04,22536,WH003,349
2010-08-04,22536,WH004,669
2010-08-04,22536,WH005,180
2010-08-04,21239,WH001,169
2010-08-04,21239,WH002,308
2010-08-04,21239,WH003,314
2010-08-04,21239,WH004,348
2010-08-04,21239,WH005,793
2010-08-04,72803B,WH001,563
2010-08-04,72803B,WH002,445
2010-08-04,72803B,WH003,617
2010-08-04,72803B,WH004,975
2010-08-04,72803B,WH005,398
2010-08-04,90082A,WH001,467
2010-08-04,90082A,WH002,827
2010-08-04,90082A,WH003,202
2010-08-04,90082A,WH004,53
2010-08-04,90082A,WH005,607
2010-08-04,21726,WH001,867
2010-08-04,21726,WH002,619
2010-08-04,21726,WH003,730
2010-08-04,21726,WH004,168
2010-08-04,21726,WH005,364
2010-08-04,23211,WH001,315
2010-08-04,23211,WH002,615
2010-08-04,23211,WH003,256
2010-08-04,23211,WH004,430
2010-08-04,23211,WH005,135
2010-08-04,90114,WH001,108
2010-08-04,90114,WH002,303
2010-08-04,90114,WH003,963
2010-08-04,90114,WH004,92
2010-08-04,90114,WH005,353
2010-08-04,21255,WH001,536
2010-08-04,21255,WH002,842
2010-08-04,21255,WH003,41
2010-08-04,21255,WH004,778
2010-08-04,21255,WH005,729
2010-08-04,21257,WH001,759
2010-08-04,21257,WH002,604
2010-08-04,21257,WH003,35
2010-08-04,21257,WH004,21
2010-08-04,21257,WH005,833
2010-08-04,71053,WH001,849
2010-08-04,71053,WH002,477
2010-08-04,71053,WH003,374
2010-08-04,71053,WH004,874
2010-08-04,71053,WH005,832
2010-08-04,23537,WH001,391
2010-08-04,23537,WH002,166
2010-08-04,23537,WH003,648
2010-08-04,23537,WH004,874
2010-08-04,23537,WH005,300
2010-08-04,20680,WH001,152
2010-08-04,20680,WH002,722
2010-08-04,20680,WH003,59
2010-08-04,20680,WH004,991
2010-08-04,20680,WH005,386
2010-08-04,90142C,WH001,320
2010-08-04,90142C,WH002,983
2010-08-04,90142C,WH003,332
2010-08-04,90142C,WH004,199
2010-08-04,90142C,WH005,745
2010-08-04,47013C,WH001,581
2010-08-04,47013C,WH002,482
2010-08-04,47013C,WH003,19
2010-08-04,47013C,WH004,279
2010-08-04,47013C,WH005,697
2010-08-04,21495,WH001,970
2010-08-04,21495,WH002,35
2010-08-04,21495,WH003,66
2010-08-04,21495,WH004,47
2010-08-04,21495,WH005,874
2010-08-04,22868,WH001,555
2010-08-04,22868,WH002,51
2010-08-04,22868,WH003,653
2010-08-04,22868,WH004,644
2010-08-04,22868,WH005,144
2010-08-04,79190B,WH001,354
2010-08-04,79190B,WH002,318
2010-08-04,79190B,WH003,679
2010-08-04,79190B,WH004,498
2010-08-04,79190B,WH005,662
2010-08-04,85176,WH001,594
2010-08-04,85176,WH002,288
2010-08-04,85176,WH003,28
2010-08-04,85176,WH004,351
2010-08-04,85176,WH005,476
2010-08-04,90062,WH001,745
2010-08-04,90062,WH002,800
2010-08-04,90062,WH003,11
2010-08-04,90062,WH004,922
2010-08-04,90062,WH005,372
2010-08-04,22890,WH001,817
2010-08-04,22890,WH002,194
2010-08-04,22890,WH003,867
2010-08-04,22890,WH004,496
2010-08-04,22890,WH005,656
2010-08-04,DCGSSGIRL,WH001,211
2010-08-04,DCGSSGIRL,WH002,911
2010-08-04,DCGSSGIRL,WH003,695
2010-08-04,DCGSSGIRL,WH004,277
2010-08-04,DCGSSGIRL,WH005,790
2010-08-04,84614A,WH001,193
2010-08-04,84614A,WH002,298
2010-08-04,84614A,WH003,188
2010-08-04,84614A,WH004,560
2010-08-04,84614A,WH005,764
2010-08-04,23099,WH001,482
2010-08-04,23099,WH002,656
2010-08-04,23099,WH003,236
2010-08-04,23099,WH004,781
2010-08-04,23099,WH005,747
2010-08-04,22393,WH001,909
2010-08-04,22393,WH002,289
2010-08-04,22393,WH003,254
2010-08-04,22393,WH004,594
2010-08-04,22393,WH005,71
2010-08-04,22166,WH001,861
2010-08-04,22166,WH002,402
2010-08-04,22166,WH003,656
2010-08-04,22166,WH004,248
2010-08-04,22166,WH005,387
2010-08-04,22905,WH001,503
2010-08-04,22905,WH002,532
2010-08-04,22905,WH003,693
2010-08-04,22905,WH004,886
2010-08-04,22905,WH005,790
2010-08-04,22534,WH001,634
2010-08-04,22534,WH002,43
2010-08-04,22534,WH003,549
2010-08-04,22534,WH004,106
2010-08-04,22534,WH005,409
2010-08-04,35915B,WH001,961
2010-08-04,35915B,WH002,755
2010-08-04,35915B,WH003,201
2010-08-04,35915B,WH004,172
2010-08-04,35915B,WH005,277
2010-08-04,23541,WH001,715
2010-08-04,23541,WH002,311
2010-08-04,23541,WH003,559
2010-08-04,23541,WH004,510
2010-08-04,23541,WH005,90
2010-08-04,22681,WH001,650
2010-08-04,22681,WH002,836
2010-08-04,22681,WH003,465
2010-08-04,22681,WH004,576
2010-08-04,22681,WH005,716
2010-08-04,21361,WH001,612
2010-08-04,21361,WH002,318
2010-08-04,21361,WH003,578
2010-08-04,21361,WH004,547
2010-08-04,21361,WH005,914
2010-08-04,48111,WH001,929
2010-08-04,48111,WH002,546
2010-08-04,48111,WH003,902
2010-08-04,48111,WH004,765
2010-08-04,48111,WH005,417
2010-08-04,72799B,WH001,537
2010-08-04,72799B,WH002,600
2010-08-04,72799B,WH003,800
2010-08-04,72799B,WH004,166
2010-08-04,72799B,WH005,785
2010-08-04,20766,WH001,939
2010-08-04,20766,WH002,991
2010-08-04,20766,WH003,31
2010-08-04,20766,WH004,595
2010-08-04,20766,WH005,490
2010-08-04,85018D,WH001,360
2010-08-04,85018D,WH002,578
2010-08-04,85018D,WH003,905
2010-08-04,85018D,WH004,8
2010-08-04,85018D,WH005,652
2010-08-04,22135,WH001,240
2010-08-04,22135,WH002,613
2010-08-04,22135,WH003,758
2010-08-04,22135,WH004,743
2010-08-04,22135,WH005,119
2010-08-04,35607B,WH001,504
2010-08-04,35607B,WH002,709
2010-08-04,35607B,WH003,712
2010-08-04,35607B,WH004,391
2010-08-04,35607B,WH005,983
2010-08-04,22456,WH001,224
2010-08-04,22456,WH002,716
2010-08-04,22456,WH003,226
2010-08-04,22456,WH004,761
2010-08-04,22456,WH005,363
2010-08-04,84578,WH001,700
2010-08-04,84578,WH002,98
2010-08-04,84578,WH003,638
2010-08-04,84578,WH004,579
2010-08-04,84578,WH005,638
2010-08-04,22495,WH001,962
2010-08-04,22495,WH002,986
2010-08-04,22495,WH003,517
2010-08-04,22495,WH004,658
2010-08-04,22495,WH005,110
2010-08-04,90026B,WH001,46
2010-08-04,90026B,WH002,376
2010-08-04,90026B,WH003,212
2010-08-04,90026B,WH004,524
2010-08-04,90026B,WH005,275
2010-08-04,21878,WH001,401
2010-08-04,21878,WH002,679
2010-08-04,21878,WH003,416
2010-08-04,21878,WH004,162
2010-08-04,21878,WH005,488
2010-08-04,21659,WH001,893
2010-08-04,21659,WH002,788
2010-08-04,21659,WH003,168
2010-08-04,21659,WH004,821
2010-08-04,21659,WH005,837
2010-08-04,90162D,WH001,661
2010-08-04,90162D,WH002,916
2010-08-04,90162D,WH003,574
2010-08-04,90162D,WH004,992
2010-08-04,90162D,WH005,117
2010-08-04,70007,WH001,16
2010-08-04,70007,WH002,417
2010-08-04,70007,WH003,481
2010-08-04,70007,WH004,571
2010-08-04,70007,WH005,790
2010-08-04,47504G,WH001,767
2010-08-04,47504G,WH002,921
2010-08-04,47504G,WH003,297
2010-08-04,47504G,WH004,515
2010-08-04,47504G,WH005,625
2010-08-04,23289,WH001,241
2010-08-04,23289,WH002,549
2010-08-04,23289,WH003,348
2010-08-04,23289,WH004,370
2010-08-04,23289,WH005,404
2010-08-04,85023B,WH001,497
2010-08-04,85023B,WH002,792
2010-08-04,85023B,WH003,71
2010-08-04,85023B,WH004,934
2010-08-04,85023B,WH005,210
2010-08-04,22761,WH001,459
2010-08-04,22761,WH002,740
2010-08-04,22761,WH003,958
2010-08-04,22761,WH004,34
2010-08-04,22761,WH005,692
2010-08-04,22540,WH001,551
2010-08-04,22540,WH002,462
2010-08-04,22540,WH003,430
2010-08-04,22540,WH004,107
2010-08-04,22540,WH005,111
2010-08-04,22585,WH001,505
2010-08-04,22585,WH002,766
2010-08-04,22585,WH003,391
2010-08-04,22585,WH004,716
2010-08-04,22585,WH005,128
2010-08-04,23284,WH001,607
2010-08-04,23284,WH002,883
2010-08-04,23284,WH003,8
2010-08-04,23284,WH004,119
2010-08-04,23284,WH005,698
2010-08-04,85136B,WH001,936
2010-08-04,85136B,WH002,644
2010-08-04,85136B,WH003,24
2010-08-04,85136B,WH004,148
2010-08-04,85136B,WH005,189
2010-08-04,22889,WH001,100
2010-08-04,22889,WH002,713
2010-08-04,22889,WH003,268
2010-08-04,22889,WH004,954
2010-08-04,22889,WH005,169
2010-08-04,35916C,WH001,60
2010-08-04,35916C,WH002,821
2010-08-04,35916C,WH003,251
2010-08-04,35916C,WH004,761
2010-08-04,35916C,WH005,597
2010-08-04,21471,WH001,748
2010-08-04,21471,WH002,942
2010-08-04,21471,WH003,121
2010-08-04,21471,WH004,426
2010-08-04,21471,WH005,113
2010-08-04,23325,WH001,580
2010-08-04,23325,WH002,913
2010-08-04,23325,WH003,355
2010-08-04,23325,WH004,507
2010-08-04,23325,WH005,125
2010-08-04,79161A,WH001,120
2010-08-04,79161A,WH002,22
2010-08-04,79161A,WH003,371
2010-08-04,79161A,WH004,672
2010-08-04,79161A,WH005,1
2010-08-04,22578,WH001,877
2010-08-04,22578,WH002,619
2010-08-04,22578,WH003,164
2010-08-04,22578,WH004,486
2010-08-04,22578,WH005,581
2010-08-04,85180A,WH001,895
2010-08-04,85180A,WH002,741
2010-08-04,85180A,WH003,843
2010-08-04,85180A,WH004,298
2010-08-04,85180A,WH005,49
2010-08-04,20795,WH001,383
2010-08-04,20795,WH002,884
2010-08-04,20795,WH003,924
2010-08-04,20795,WH004,466
2010-08-04,20795,WH005,335
2010-08-04,22068,WH001,599
2010-08-04,22068,WH002,268
2010-08-04,22068,WH003,132
2010-08-04,22068,WH004,88
2010-08-04,22068,WH005,972
2010-08-04,22654,WH001,605
2010-08-04,22654,WH002,767
2010-08-04,22654,WH003,468
2010-08-04,22654,WH004,306
2010-08-04,22654,WH005,959
2010-08-04,85166B,WH001,972
2010-08-04,85166B,WH002,592
2010-08-04,85166B,WH003,920
2010-08-04,85166B,WH004,236
2010-08-04,85166B,WH005,115
2010-08-04,23242,WH001,58
2010-08-04,23242,WH002,351
2010-08-04,23242,WH003,899
2010-08-04,23242,WH004,87
2010-08-04,23242,WH005,746
2010-08-04,90035C,WH001,195
2010-08-04,90035C,WH002,597
2010-08-04,90035C,WH003,842
2010-08-04,90035C,WH004,451
2010-08-04,90035C,WH005,568
2010-08-04,20776,WH001,41
2010-08-04,20776,WH002,941
2010-08-04,20776,WH003,577
2010-08-04,20776,WH004,541
2010-08-04,20776,WH005,125
2010-08-04,21581,WH001,118
2010-08-04,21581,WH002,757
2010-08-04,21581,WH003,972
2010-08-04,21581,WH004,892
2010-08-04,21581,WH005,429
2010-08-04,85232D,WH001,924
2010-08-04,85232D,WH002,697
2010-08-04,85232D,WH003,57
2010-08-04,85232D,WH004,552
2010-08-04,85232D,WH005,431
2010-08-04,22143,WH001,698
2010-08-04,22143,WH002,603
2010-08-04,22143,WH003,387
2010-08-04,22143,WH004,451
2010-08-04,22143,WH005,112
2010-08-04,22963,WH001,660
2010-08-04,22963,WH002,523
2010-08-04,22963,WH003,508
2010-08-04,22963,WH004,907
2010-08-04,22963,WH005,108
2010-08-04,37471,WH001,298
2010-08-04,37471,WH002,153
2010-08-04,37471,WH003,456
2010-08-04,37471,WH004,641
2010-08-04,37471,WH005,407
2010-08-04,71270,WH001,800
2010-08-04,71270,WH002,58
2010-08-04,71270,WH003,16
2010-08-04,71270,WH004,997
2010-08-04,71270,WH005,341
2010-08-04,21872,WH001,967
2010-08-04,21872,WH002,222
2010-08-04,21872,WH003,509
2010-08-04,21872,WH004,945
2010-08-04,21872,WH005,79
2010-08-04,85121B,WH001,330
2010-08-04,85121B,WH002,612
2010-08-04,85121B,WH003,449
2010-08-04,85121B,WH004,382
2010-08-04,85121B,WH005,731
2010-08-04,21870,WH001,304
2010-08-04,21870,WH002,117
2010-08-04,21870,WH003,510
2010-08-04,21870,WH004,285
2010-08-04,21870,WH005,77
2010-08-04,22502,WH001,899
2010-08-04,22502,WH002,92
2010-08-04,22502,WH003,645
2010-08-04,22502,WH004,464
2010-08-04,22502,WH005,492
2010-08-04,21070,WH001,687
2010-08-04,21070,WH002,642
2010-08-04,21070,WH003,240
2010-08-04,21070,WH004,636
2010-08-04,21070,WH005,224
2010-08-04,44236,WH001,245
2010-08-04,44236,WH002,925
2010-08-04,44236,WH003,949
2010-08-04,44236,WH004,251
2010-08-04,44236,WH005,339
2010-08-04,84231,WH001,486
2010-08-04,84231,WH002,414
2010-08-04,84231,WH003,299
2010-08-04,84231,WH004,111
2010-08-04,84231,WH005,843
2010-08-04,21215,WH001,524
2010-08-04,21215,WH002,250
2010-08-04,21215,WH003,604
2010-08-04,21215,WH004,93
2010-08-04,21215,WH005,503
2010-08-04,21146,WH001,735
2010-08-04,21146,WH002,758
2010-08-04,21146,WH003,653
2010-08-04,21146,WH004,336
2010-08-04,21146,WH005,976
2010-08-04,23134,WH001,596
2010-08-04,23134,WH002,709
2010-08-04,23134,WH003,216
2010-08-04,23134,WH004,144
2010-08-04,23134,WH005,941
2010-08-04,21348,WH001,845
2010-08-04,21348,WH002,744
2010-08-04,21348,WH003,211
2010-08-04,21348,WH004,247
2010-08-04,21348,WH005,486
2010-08-04,22567,WH001,91
2010-08-04,22567,WH002,469
2010-08-04,22567,WH003,167
2010-08-04,22567,WH004,718
2010-08-04,22567,WH005,149
2010-08-04,23080,WH001,37
2010-08-04,23080,WH002,707
2010-08-04,23080,WH003,608
2010-08-04,23080,WH004,9
2010-08-04,23080,WH005,660
2010-08-04,22381,WH001,262
2010-08-04,22381,WH002,995
2010-08-04,22381,WH003,401
2010-08-04,22381,WH004,176
2010-08-04,22381,WH005,28
2010-08-04,79000,WH001,114
2010-08-04,79000,WH002,251
2010-08-04,79000,WH003,378
2010-08-04,79000,WH004,781
2010-08-04,79000,WH005,439
2010-08-04,85194L,WH001,852
2010-08-04,85194L,WH002,354
2010-08-04,85194L,WH003,465
2010-08-04,85194L,WH004,910
2010-08-04,85194L,WH005,713
2010-08-04,82616A,WH001,975
2010-08-04,82616A,WH002,844
2010-08-04,82616A,WH003,67
2010-08-04,82616A,WH004,81
2010-08-04,82616A,WH005,37
2010-08-04,84012,WH001,809
2010-08-04,84012,WH002,730
2010-08-04,84012,WH003,838
2010-08-04,84012,WH004,787
2010-08-04,84012,WH005,715
2010-08-04,22217,WH001,84
2010-08-04,22217,WH002,408
2010-08-04,22217,WH003,967
2010-08-04,22217,WH004,515
2010-08-04,22217,WH005,43
2010-08-04,21128,WH001,154
2010-08-04,21128,WH002,393
2010-08-04,21128,WH003,750
2010-08-04,21128,WH004,801
2010-08-04,21128,WH005,718
2010-08-04,84402B,WH001,645
2010-08-04,84402B,WH002,622
2010-08-04,84402B,WH003,564
2010-08-04,84402B,WH004,832
2010-08-04,84402B,WH005,710
2010-08-04,21131,WH001,82
2010-08-04,21131,WH002,943
2010-08-04,21131,WH003,526
2010-08-04,21131,WH004,170
2010-08-04,21131,WH005,317
2010-08-04,21352,WH001,815
2010-08-04,21352,WH002,595
2010-08-04,21352,WH003,874
2010-08-04,21352,WH004,10
2010-08-04,21352,WH005,529
2010-08-04,22768,WH001,285
2010-08-04,22768,WH002,743
2010-08-04,22768,WH003,86
2010-08-04,22768,WH004,84
2010-08-04,22768,WH005,437
2010-08-04,84510F,WH001,897
2010-08-04,84510F,WH002,923
2010-08-04,84510F,WH003,364
2010-08-04,84510F,WH004,45
2010-08-04,84510F,WH005,206
2010-08-04,23494,WH001,920
2010-08-04,23494,WH002,605
2010-08-04,23494,WH003,698
2010-08-04,23494,WH004,178
2010-08-04,23494,WH005,882
2010-08-04,21261,WH001,658
2010-08-04,21261,WH002,792
2010-08-04,21261,WH003,366
2010-08-04,21261,WH004,426
2010-08-04,21261,WH005,15
2010-08-04,84971L,WH001,446
2010-08-04,84971L,WH002,756
2010-08-04,84971L,WH003,16
2010-08-04,84971L,WH004,882
2010-08-04,84971L,WH005,502
2010-08-04,48173c,WH001,762
2010-08-04,48173c,WH002,503
2010-08-04,48173c,WH003,693
2010-08-04,48173c,WH004,758
2010-08-04,48173c,WH005,596
2010-08-04,22975,WH001,569
2010-08-04,22975,WH002,261
2010-08-04,22975,WH003,284
2010-08-04,22975,WH004,773
2010-08-04,22975,WH005,226
2010-08-04,22582,WH001,606
2010-08-04,22582,WH002,773
2010-08-04,22582,WH003,586
2010-08-04,22582,WH004,506
2010-08-04,22582,WH005,313
2010-08-04,72771B,WH001,100
2010-08-04,72771B,WH002,152
2010-08-04,72771B,WH003,798
2010-08-04,72771B,WH004,134
2010-08-04,72771B,WH005,395
2010-08-04,23219,WH001,909
2010-08-04,23219,WH002,278
2010-08-04,23219,WH003,351
2010-08-04,23219,WH004,113
2010-08-04,23219,WH005,480
2010-08-04,90177D,WH001,193
2010-08-04,90177D,WH002,628
2010-08-04,90177D,WH003,52
2010-08-04,90177D,WH004,396
2010-08-04,90177D,WH005,721
2010-08-04,23424,WH001,469
2010-08-04,23424,WH002,616
2010-08-04,23424,WH003,320
2010-08-04,23424,WH004,963
2010-08-04,23424,WH005,767
2010-08-04,16248B,WH001,166
2010-08-04,16248B,WH002,868
2010-08-04,16248B,WH003,306
2010-08-04,16248B,WH004,336
2010-08-04,16248B,WH005,639
2010-08-04,22848,WH001,471
2010-08-04,22848,WH002,555
2010-08-04,22848,WH003,666
2010-08-04,22848,WH004,544
2010-08-04,22848,WH005,152
2010-08-04,90130C,WH001,92
2010-08-04,90130C,WH002,577
2010-08-04,90130C,WH003,20
2010-08-04,90130C,WH004,821
2010-08-04,90130C,WH005,721
2010-08-04,51020B,WH001,618
2010-08-04,51020B,WH002,707
2010-08-04,51020B,WH003,397
2010-08-04,51020B,WH004,28
2010-08-04,51020B,WH005,832
2010-08-04,21671,WH001,831
2010-08-04,21671,WH002,624
2010-08-04,21671,WH003,766
2010-08-04,21671,WH004,76
2010-08-04,21671,WH005,217
2010-08-04,20733,WH001,212
2010-08-04,20733,WH002,566
2010-08-04,20733,WH003,688
2010-08-04,20733,WH004,262
2010-08-04,20733,WH005,440
2010-08-04,84568,WH001,834
2010-08-04,84568,WH002,370
2010-08-04,84568,WH003,174
2010-08-04,84568,WH004,967
2010-08-04,84568,WH005,830
2010-08-04,85049F,WH001,957
2010-08-04,85049F,WH002,658
2010-08-04,85049F,WH003,685
2010-08-04,85049F,WH004,185
2010-08-04,85049F,WH005,680
2010-08-04,20711,WH001,865
2010-08-04,20711,WH002,692
2010-08-04,20711,WH003,829
2010-08-04,20711,WH004,36
2010-08-04,20711,WH005,635
2010-08-04,21466,WH001,109
2010-08-04,21466,WH002,499
2010-08-04,21466,WH003,95
2010-08-04,21466,WH004,629
2010-08-04,21466,WH005,505
2010-08-04,22902,WH001,669
2010-08-04,22902,WH002,642
2010-08-04,22902,WH003,102
2010-08-04,22902,WH004,927
2010-08-04,22902,WH005,400
2010-08-04,37479P,WH001,20
2010-08-04,37479P,WH002,935
2010-08-04,37479P,WH003,855
2010-08-04,37479P,WH004,773
2010-08-04,37479P,WH005,737
2010-08-04,22283,WH001,76
2010-08-04,22283,WH002,328
2010-08-04,22283,WH003,857
2010-08-04,22283,WH004,93
2010-08-04,22283,WH005,62
2010-08-04,23000,WH001,99
2010-08-04,23000,WH002,684
2010-08-04,23000,WH003,798
2010-08-04,23000,WH004,336
2010-08-04,23000,WH005,906
2010-08-04,22450,WH001,271
2010-08-04,22450,WH002,332
2010-08-04,22450,WH003,480
2010-08-04,22450,WH004,397
2010-08-04,22450,WH005,79
2011-04-07,48188,WH001,694
2011-04-07,48188,WH002,214
2011-04-07,48188,WH003,185
2011-04-07,48188,WH004,946
2011-04-07,48188,WH005,212
2011-04-07,84912A,WH001,606
2011-04-07,84912A,WH002,199
2011-04-07,84912A,WH003,897
2011-04-07,84912A,WH004,747
2011-04-07,84912A,WH005,718
2011-04-07,21190,WH001,314
2011-04-07,21190,WH002,636
2011-04-07,21190,WH003,740
2011-04-07,21190,WH004,636
2011-04-07,21190,WH005,567
2011-04-07,15060B,WH001,534
2011-04-07,15060B,WH002,507
2011-04-07,15060B,WH003,579
2011-04-07,15060B,WH004,904
2011-04-07,15060B,WH005,238
2011-04-07,22512,WH001,577
2011-04-07,22512,WH002,818
2011-04-07,22512,WH003,236
2011-04-07,22512,WH004,106
2011-04-07,22512,WH005,983
2011-04-07,85018A,WH001,781
2011-04-07,85018A,WH002,310
2011-04-07,85018A,WH003,63
2011-04-07,85018A,WH004,473
2011-04-07,85018A,WH005,706
2011-04-07,22035,WH001,376
2011-04-07,22035,WH002,724
2011-04-07,22035,WH003,739
2011-04-07,22035,WH004,284
2011-04-07,22035,WH005,464
2011-04-07,90000A,WH001,784
2011-04-07,90000A,WH002,350
2011-04-07,90000A,WH003,360
2011-04-07,90000A,WH004,647
2011-04-07,90000A,WH005,396
2011-04-07,84219,WH001,492
2011-04-07,84219,WH002,590
2011-04-07,84219,WH003,17
2011-04-07,84219,WH004,690
2011-04-07,84219,WH005,644
2011-04-07,84884a,WH001,797
2011-04-07,84884a,WH002,159
2011-04-07,84884a,WH003,24
2011-04-07,84884a,WH004,960
2011-04-07,84884a,WH005,47
2011-04-07,84809B,WH001,744
2011-04-07,84809B,WH002,731
2011-04-07,84809B,WH003,373
2011-04-07,84809B,WH004,359
2011-04-07,84809B,WH005,60
2011-04-07,21278,WH001,819
2011-04-07,21278,WH002,327
2011-04-07,21278,WH003,949
2011-04-07,21278,WH004,651
2011-04-07,21278,WH005,22
2011-04-07,21454,WH001,898
2011-04-07,21454,WH002,903
2011-04-07,21454,WH003,747
2011-04-07,21454,WH004,919
2011-04-07,21454,WH005,770
2011-04-07,21693,WH001,601
2011-04-07,21693,WH002,130
2011-04-07,21693,WH003,455
2011-04-07,21693,WH004,229
2011-04-07,21693,WH005,373
2011-04-07,23415,WH001,790
2011-04-07,23415,WH002,849
2011-04-07,23415,WH003,376
2011-04-07,23415,WH004,193
2011-04-07,23415,WH005,858
2011-04-07,21263,WH001,658
2011-04-07,21263,WH002,40
2011-04-07,21263,WH003,430
2011-04-07,21263,WH004,617
2011-04-07,21263,WH005,122
2011-04-07,20957,WH001,508
2011-04-07,20957,WH002,509
2011-04-07,20957,WH003,804
2011-04-07,20957,WH004,397
2011-04-07,20957,WH005,169
2011-04-07,10138,WH001,408
2011-04-07,10138,WH002,198
2011-04-07,10138,WH003,783
2011-04-07,10138,WH004,492
2011-04-07,10138,WH005,508
2011-04-07,23237,WH001,604
2011-04-07,23237,WH002,865
2011-04-07,23237,WH003,162
2011-04-07,23237,WH004,39
2011-04-07,23237,WH005,906
2011-04-07,84206A,WH001,960
2011-04-07,84206A,WH002,843
2011-04-07,84206A,WH003,186
2011-04-07,84206A,WH004,125
2011-04-07,84206A,WH005,358
2011-04-07,20761,WH001,849
2011-04-07,20761,WH002,880
2011-04-07,20761,WH003,914
2011-04-07,20761,WH004,279
2011-04-07,20761,WH005,244
2011-04-07,22105,WH001,297
2011-04-07,22105,WH002,864
2011-04-07,22105,WH003,74
2011-04-07,22105,WH004,563
2011-04-07,22105,WH005,100
2011-04-07,20896,WH001,802
2011-04-07,20896,WH002,290
2011-04-07,20896,WH003,602
2011-04-07,20896,WH004,426
2011-04-07,20896,WH005,298
2011-04-07,16169N,WH001,775
2011-04-07,16169N,WH002,692
2011-04-07,16169N,WH003,810
2011-04-07,16169N,WH004,699
2011-04-07,16169N,WH005,764
2011-04-07,85232b,WH001,721
2011-04-07,85232b,WH002,114
2011-04-07,85232b,WH003,760
2011-04-07,85232b,WH004,399
2011-04-07,85232b,WH005,646
2011-04-07,84748,WH001,67
2011-04-07,84748,WH002,434
2011-04-07,84748,WH003,338
2011-04-07,84748,WH004,332
2011-04-07,84748,WH005,426
2011-04-07,23409,WH001,909
2011-04-07,23409,WH002,699
2011-04-07,23409,WH003,814
2011-04-07,23409,WH004,580
2011-04-07,23409,WH005,835
2011-04-07,22250,WH001,737
2011-04-07,22250,WH002,91
2011-04-07,22250,WH003,654
2011-04-07,22250,WH004,406
2011-04-07,22250,WH005,492
2011-04-07,82581,WH001,354
2011-04-07,82581,WH002,75
2011-04-07,82581,WH003,875
2011-04-07,82581,WH004,228
2011-04-07,82581,WH005,331
2011-04-07,37352,WH001,630
2011-04-07,37352,WH002,940
2011-04-07,37352,WH003,267
2011-04-07,37352,WH004,809
2011-04-07,37352,WH005,125
2011-04-07,85091,WH001,868
2011-04-07,85091,WH002,227
2011-04-07,85091,WH003,106
2011-04-07,85091,WH004,598
2011-04-07,85091,WH005,975
2011-04-07,21097,WH001,940
2011-04-07,21097,WH002,369
2011-04-07,21097,WH003,84
2011-04-07,21097,WH004,80
2011-04-07,21097,WH005,197
2011-04-07,85111,WH001,623
2011-04-07,85111,WH002,451
2011-04-07,85111,WH003,864
2011-04-07,85111,WH004,91
2011-04-07,85111,WH005,728
2011-04-07,22974,WH001,947
2011-04-07,22974,WH002,705
2011-04-07,22974,WH003,947
2011-04-07,22974,WH004,941
2011-04-07,22974,WH005,341
2011-04-07,21724,WH001,967
2011-04-07,21724,WH002,166
2011-04-07,21724,WH003,823
2011-04-07,21724,WH004,940
2011-04-07,21724,WH005,784
2011-04-07,23316,WH001,797
2011-04-07,23316,WH002,350
2011-04-07,23316,WH003,714
2011-04-07,23316,WH004,462
2011-04-07,23316,WH005,168
2011-04-07,90065A,WH001,529
2011-04-07,90065A,WH002,882
2011-04-07,90065A,WH003,479
2011-04-07,90065A,WH004,471
2011-04-07,90065A,WH005,807
2011-04-07,85231L,WH001,968
2011-04-07,85231L,WH002,993
2011-04-07,85231L,WH003,889
2011-04-07,85231L,WH004,205
2011-04-07,85231L,WH005,239
2011-04-07,84849A,WH001,788
2011-04-07,84849A,WH002,791
2011-04-07,84849A,WH003,611
2011-04-07,84849A,WH004,676
2011-04-07,84849A,WH005,726
2011-04-07,22870,WH001,169
2011-04-07,22870,WH002,500
2011-04-07,22870,WH003,600
2011-04-07,22870,WH004,696
2011-04-07,22870,WH005,213
2011-04-07,22955,WH001,625
2011-04-07,22955,WH002,419
2011-04-07,22955,WH003,655
2011-04-07,22955,WH004,248
2011-04-07,22955,WH005,950
2011-04-07,23068,WH001,381
2011-04-07,23068,WH002,45
2011-04-07,23068,WH003,291
2011-04-07,23068,WH004,296
2011-04-07,23068,WH005,348
2011-04-07,84915,WH001,644
2011-04-07,84915,WH002,45
2011-04-07,84915,WH003,382
2011-04-07,84915,WH004,161
2011-04-07,84915,WH005,449
2011-04-07,20781,WH001,335
2011-04-07,20781,WH002,426
2011-04-07,20781,WH003,389
2011-04-07,20781,WH004,778
2011-04-07,20781,WH005,893
2011-04-07,84010,WH001,56
2011-04-07,84010,WH002,375
2011-04-07,84010,WH003,449
2011-04-07,84010,WH004,398
2011-04-07,84010,WH005,666
2011-04-07,22440,WH001,704
2011-04-07,22440,WH002,409
2011-04-07,22440,WH003,587
2011-04-07,22440,WH004,64
2011-04-07,22440,WH005,171
2011-04-07,82597,WH001,949
2011-04-07,82597,WH002,568
2011-04-07,82597,WH003,379
2011-04-07,82597,WH004,976
2011-04-07,82597,WH005,940
2011-04-07,15044D,WH001,57
2011-04-07,15044D,WH002,921
2011-04-07,15044D,WH003,165
2011-04-07,15044D,WH004,136
2011-04-07,15044D,WH005,102
2011-04-07,22848,WH001,638
2011-04-07,22848,WH002,562
2011-04-07,22848,WH003,286
2011-04-07,22848,WH004,860
2011-04-07,22848,WH005,205
2011-04-07,48173C,WH001,374
2011-04-07,48173C,WH002,561
2011-04-07,48173C,WH003,903
2011-04-07,48173C,WH004,536
2011-04-07,48173C,WH005,843
2011-04-07,75049L,WH001,884
2011-04-07,75049L,WH002,557
2011-04-07,75049L,WH003,677
2011-04-07,75049L,WH004,422
2011-04-07,75049L,WH005,733
2011-04-07,22800,WH001,332
2011-04-07,22800,WH002,790
2011-04-07,22800,WH003,148
2011-04-07,22800,WH004,67
2011-04-07,22800,WH005,50
2011-04-07,84676,WH001,362
2011-04-07,84676,WH002,155
2011-04-07,84676,WH003,611
2011-04-07,84676,WH004,569
2011-04-07,84676,WH005,775
2011-04-07,90188,WH001,291
2011-04-07,90188,WH002,805
2011-04-07,90188,WH003,830
2011-04-07,90188,WH004,871
2011-04-07,90188,WH005,815
2011-04-07,23185,WH001,674
2011-04-07,23185,WH002,83
2011-04-07,23185,WH003,141
2011-04-07,23185,WH004,930
2011-04-07,23185,WH005,277
2011-04-07,84932C,WH001,956
2011-04-07,84932C,WH002,606
2011-04-07,84932C,WH003,575
2011-04-07,84932C,WH004,631
2011-04-07,84932C,WH005,357
2011-04-07,16046,WH001,5
2011-04-07,16046,WH002,240
2011-04-07,16046,WH003,495
2011-04-07,16046,WH004,233
2011-04-07,16046,WH005,978
2011-04-07,84614A,WH001,470
2011-04-07,84614A,WH002,59
2011-04-07,84614A,WH003,399
2011-04-07,84614A,WH004,368
2011-04-07,84614A,WH005,671
2011-04-07,51012L,WH001,587
2011-04-07,51012L,WH002,427
2011-04-07,51012L,WH003,937
2011-04-07,51012L,WH004,632
2011-04-07,51012L,WH005,74
2011-04-07,44234,WH001,332
2011-04-07,44234,WH002,836
2011-04-07,44234,WH003,698
2011-04-07,44234,WH004,308
2011-04-07,44234,WH005,281
2011-04-07,21349,WH001,298
2011-04-07,21349,WH002,574
2011-04-07,21349,WH003,272
2011-04-07,21349,WH004,434
2011-04-07,21349,WH005,886
2011-04-07,79532,WH001,600
2011-04-07,79532,WH002,165
2011-04-07,79532,WH003,578
2011-04-07,79532,WH004,72
2011-04-07,79532,WH005,533
2011-04-07,22669,WH001,796
2011-04-07,22669,WH002,371
2011-04-07,22669,WH003,872
2011-04-07,22669,WH004,900
2011-04-07,22669,WH005,257
2011-04-07,23180,WH001,312
2011-04-07,23180,WH002,973
2011-04-07,23180,WH003,215
2011-04-07,23180,WH004,932
2011-04-07,23180,WH005,441
2011-04-07,21984,WH001,121
2011-04-07,21984,WH002,938
2011-04-07,21984,WH003,155
2011-04-07,21984,WH004,614
2011-04-07,21984,WH005,379
2011-04-07,84933D,WH001,978
2011-04-07,84933D,WH002,672
2011-04-07,84933D,WH003,802
2011-04-07,84933D,WH004,7
2011-04-07,84933D,WH005,360
2011-04-07,16049,WH001,612
2011-04-07,16049,WH002,364
2011-04-07,16049,WH003,855
2011-04-07,16049,WH004,813
2011-04-07,16049,WH005,478
2011-04-07,62018,WH001,368
2011-04-07,62018,WH002,80
2011-04-07,62018,WH003,857
2011-04-07,62018,WH004,189
2011-04-07,62018,WH005,780
2011-04-07,20697,WH001,615
2011-04-07,20697,WH002,629
2011-04-07,20697,WH003,616
2011-04-07,20697,WH004,498
2011-04-07,20697,WH005,145
2011-04-07,23078,WH001,924
2011-04-07,23078,WH002,624
2011-04-07,23078,WH003,938
2011-04-07,23078,WH004,307
2011-04-07,23078,WH005,253
2011-04-07,21888,WH001,102
2011-04-07,21888,WH002,499
2011-04-07,21888,WH003,555
2011-04-07,21888,WH004,600
2011-04-07,21888,WH005,684
2011-04-07,84247L,WH001,809
2011-04-07,84247L,WH002,262
2011-04-07,84247L,WH003,62
2011-04-07,84247L,WH004,776
2011-04-07,84247L,WH005,696
2011-04-07,22654,WH001,64
2011-04-07,22654,WH002,631
2011-04-07,22654,WH003,269
2011-04-07,22654,WH004,790
2011-04-07,22654,WH005,444
2011-04-07,22304,WH001,299
2011-04-07,22304,WH002,482
2011-04-07,22304,WH003,445
2011-04-07,22304,WH004,618
2011-04-07,22304,WH005,726
2011-04-07,21710,WH001,313
2011-04-07,21710,WH002,428
2011-04-07,21710,WH003,162
2011-04-07,21710,WH004,965
2011-04-07,21710,WH005,967
2011-04-07,84029E,WH001,199
2011-04-07,84029E,WH002,115
2011-04-07,84029E,WH003,309
2011-04-07,84029E,WH004,5
2011-04-07,84029E,WH005,481
2011-04-07,21561,WH001,543
2011-04-07,21561,WH002,514
2011-04-07,21561,WH003,152
2011-04-07,21561,WH004,930
2011-04-07,21561,WH005,661
2011-04-07,21927,WH001,896
2011-04-07,21927,WH002,657
2011-04-07,21927,WH003,316
2011-04-07,21927,WH004,503
2011-04-07,21927,WH005,35
2011-04-07,22663,WH001,336
2011-04-07,22663,WH002,872
2011-04-07,22663,WH003,689
2011-04-07,22663,WH004,303
2011-04-07,22663,WH005,592
2011-04-07,21881,WH001,149
2011-04-07,21881,WH002,278
2011-04-07,21881,WH003,349
2011-04-07,21881,WH004,114
2011-04-07,21881,WH005,520
2011-04-07,84782A,WH001,132
2011-04-07,84782A,WH002,555
2011-04-07,84782A,WH003,571
2011-04-07,84782A,WH004,361
2011-04-07,84782A,WH005,453
2011-04-07,21679,WH001,366
2011-04-07,21679,WH002,676
2011-04-07,21679,WH003,535
2011-04-07,21679,WH004,45
2011-04-07,21679,WH005,793
2011-04-07,85123A,WH001,971
2011-04-07,85123A,WH002,387
2011-04-07,85123A,WH003,557
2011-04-07,85123A,WH004,660
2011-04-07,85123A,WH005,212
2011-04-07,18098B,WH001,680
2011-04-07,18098B,WH002,203
2011-04-07,18098B,WH003,98
2011-04-07,18098B,WH004,875
2011-04-07,18098B,WH005,760
2011-04-07,20780,WH001,83
2011-04-07,20780,WH002,74
2011-04-07,20780,WH003,107
2011-04-07,20780,WH004,893
2011-04-07,20780,WH005,781
2011-04-07,22194,WH001,982
2011-04-07,22194,WH002,947
2011-04-07,22194,WH003,809
2011-04-07,22194,WH004,440
2011-04-07,22194,WH005,827
2011-04-07,21801,WH001,96
2011-04-07,21801,WH002,153
2011-04-07,21801,WH003,689
2011-04-07,21801,WH004,2
2011-04-07,21801,WH005,272
2011-04-07,72008,WH001,307
2011-04-07,72008,WH002,949
2011-04-07,72008,WH003,130
2011-04-07,72008,WH004,901
2011-04-07,72008,WH005,763
2011-04-07,22246,WH001,879
2011-04-07,22246,WH002,781
2011-04-07,22246,WH003,2
2011-04-07,22246,WH004,71
2011-04-07,22246,WH005,939
2011-04-07,84678,WH001,399
2011-04-07,84678,WH002,684
2011-04-07,84678,WH003,925
2011-04-07,84678,WH004,48
2011-04-07,84678,WH005,315
2011-04-07,21171,WH001,718
2011-04-07,21171,WH002,555
2011-04-07,21171,WH003,919
2011-04-07,21171,WH004,488
2011-04-07,21171,WH005,344
2011-04-07,35915A,WH001,313
2011-04-07,35915A,WH002,679
2011-04-07,35915A,WH003,241
2011-04-07,35915A,WH004,332
2011-04-07,35915A,WH005,415
2011-04-07,22067,WH001,655
2011-04-07,22067,WH002,18
2011-04-07,22067,WH003,526
2011-04-07,22067,WH004,473
2011-04-07,22067,WH005,129
2011-04-07,21459,WH001,339
2011-04-07,21459,WH002,7
2011-04-07,21459,WH003,998
2011-04-07,21459,WH004,764
2011-04-07,21459,WH005,806
2011-04-07,23377,WH001,221
2011-04-07,23377,WH002,435
2011-04-07,23377,WH003,409
2011-04-07,23377,WH004,94
2011-04-07,23377,WH005,893
2011-04-07,46776F,WH001,60
2011-04-07,46776F,WH002,846
2011-04-07,46776F,WH003,162
2011-04-07,46776F,WH004,637
2011-04-07,46776F,WH005,999
2011-04-07,21247,WH001,276
2011-04-07,21247,WH002,263
2011-04-07,21247,WH003,124
2011-04-07,21247,WH004,989
2011-04-07,21247,WH005,178
2011-04-07,35960,WH001,776
2011-04-07,35960,WH002,948
2011-04-07,35960,WH003,723
2011-04-07,35960,WH004,630
2011-04-07,35960,WH005,99
2011-04-07,23501,WH001,413
2011-04-07,23501,WH002,646
2011-04-07,23501,WH003,944
2011-04-07,23501,WH004,309
2011-04-07,23501,WH005,532
2011-04-07,85041,WH001,5
2011-04-07,85041,WH002,402
2011-04-07,85041,WH003,595
2011-04-07,85041,WH004,125
2011-04-07,85041,WH005,881
2011-04-07,90211A,WH001,84
2011-04-07,90211A,WH002,761
2011-04-07,90211A,WH003,669
2011-04-07,90211A,WH004,858
2011-04-07,90211A,WH005,55
2011-04-07,22167,WH001,948
2011-04-07,22167,WH002,82
2011-04-07,22167,WH003,968
2011-04-07,22167,WH004,961
2011-04-07,22167,WH005,178
2011-04-07,22344,WH001,593
2011-04-07,22344,WH002,712
2011-04-07,22344,WH003,894
2011-04-07,22344,WH004,199
2011-04-07,22344,WH005,169
2011-04-07,85064,WH001,602
2011-04-07,85064,WH002,950
2011-04-07,85064,WH003,574
2011-04-07,85064,WH004,706
2011-04-07,85064,WH005,860
2011-04-07,85170A,WH001,315
2011-04-07,85170A,WH002,399
2011-04-07,85170A,WH003,905
2011-04-07,85170A,WH004,220
2011-04-07,85170A,WH005,104
2011-04-07,90026C,WH001,55
2011-04-07,90026C,WH002,894
2011-04-07,90026C,WH003,733
2011-04-07,90026C,WH004,661
2011-04-07,90026C,WH005,328
2011-04-07,22748,WH001,508
2011-04-07,22748,WH002,496
2011-04-07,22748,WH003,880
2011-04-07,22748,WH004,973
2011-04-07,22748,WH005,13
2011-04-07,21269,WH001,609
2011-04-07,21269,WH002,556
2011-04-07,21269,WH003,631
2011-04-07,21269,WH004,507
2011-04-07,21269,WH005,965
2011-04-07,90197D,WH001,155
2011-04-07,90197D,WH002,215
2011-04-07,90197D,WH003,259
2011-04-07,90197D,WH004,695
2011-04-07,90197D,WH005,184
2011-04-07,84679,WH001,282
2011-04-07,84679,WH002,246
2011-04-07,84679,WH003,257
2011-04-07,84679,WH004,703
2011-04-07,84679,WH005,177
2011-04-07,21303,WH001,965
2011-04-07,21303,WH002,102
2011-04-07,21303,WH003,649
2011-04-07,21303,WH004,22
2011-04-07,21303,WH005,552
2011-04-07,23088,WH001,26
2011-04-07,23088,WH002,492
2011-04-07,23088,WH003,217
2011-04-07,23088,WH004,139
2011-04-07,23088,WH005,285
2011-04-07,21733,WH001,750
2011-04-07,21733,WH002,292
2011-04-07,21733,WH003,911
2011-04-07,21733,WH004,865
2011-04-07,21733,WH005,373
2011-04-07,37475,WH001,450
2011-04-07,37475,WH002,116
2011-04-07,37475,WH003,3
2011-04-07,37475,WH004,698
2011-04-07,37475,WH005,822
2011-04-07,21132,WH001,745
2011-04-07,21132,WH002,637
2011-04-07,21132,WH003,141
2011-04-07,21132,WH004,655
2011-04-07,21132,WH005,241
2011-04-07,85118,WH001,892
2011-04-07,85118,WH002,340
2011-04-07,85118,WH003,46
2011-04-07,85118,WH004,323
2011-04-07,85118,WH005,417
2011-04-07,84916,WH001,275
2011-04-07,84916,WH002,120
2011-04-07,84916,WH003,586
2011-04-07,84916,WH004,288
2011-04-07,84916,WH005,851
2011-04-07,20676,WH001,463
2011-04-07,20676,WH002,586
2011-04-07,20676,WH003,137
2011-04-07,20676,WH004,160
2011-04-07,20676,WH005,757
2011-04-07,23110,WH001,141
2011-04-07,23110,WH002,797
2011-04-07,23110,WH003,966
2011-04-07,23110,WH004,369
2011-04-07,23110,WH005,8
2011-04-07,21509,WH001,657
2011-04-07,21509,WH002,934
2011-04-07,21509,WH003,505
2011-04-07,21509,WH004,465
2011-04-07,21509,WH005,764
2011-04-07,21496,WH001,5
2011-04-07,21496,WH002,336
2011-04-07,21496,WH003,244
2011-04-07,21496,WH004,3
2011-04-07,21496,WH005,616
2011-04-07,20711,WH001,496
2011-04-07,20711,WH002,207
2011-04-07,20711,WH003,265
2011-04-07,20711,WH004,923
2011-04-07,20711,WH005,538
2011-04-07,21485,WH001,30
2011-04-07,21485,WH002,260
2011-04-07,21485,WH003,338
2011-04-07,21485,WH004,832
2011-04-07,21485,WH005,345
2011-04-07,22382,WH001,488
2011-04-07,22382,WH002,701
2011-04-07,22382,WH003,64
2011-04-07,22382,WH004,986
2011-04-07,22382,WH005,144
2011-04-07,72133,WH001,949
2011-04-07,72133,WH002,619
2011-04-07,72133,WH003,418
2011-04-07,72133,WH004,945
2011-04-07,72133,WH005,637
2011-04-07,20754,WH001,685
2011-04-07,20754,WH002,918
2011-04-07,20754,WH003,257
2011-04-07,20754,WH004,750
2011-04-07,20754,WH005,217
2011-04-07,84546,WH001,151
2011-04-07,84546,WH002,433
2011-04-07,84546,WH003,919
2011-04-07,84546,WH004,653
2011-04-07,84546,WH005,449
2011-04-07,23238,WH001,180
2011-04-07,23238,WH002,423
2011-04-07,23238,WH003,651
2011-04-07,23238,WH004,67
2011-04-07,23238,WH005,433
2011-04-07,22444,WH001,859
2011-04-07,22444,WH002,33
2011-04-07,22444,WH003,914
2011-04-07,22444,WH004,654
2011-04-07,22444,WH005,895
2011-04-07,35597B,WH001,630
2011-04-07,35597B,WH002,193
2011-04-07,35597B,WH003,784
2011-04-07,35597B,WH004,109
2011-04-07,35597B,WH005,61
2011-04-07,23028,WH001,222
2011-04-07,23028,WH002,101
2011-04-07,23028,WH003,251
2011-04-07,23028,WH004,15
2011-04-07,23028,WH005,335
2011-04-07,47563B,WH001,901
2011-04-07,47563B,WH002,510
2011-04-07,47563B,WH003,741
2011-04-07,47563B,WH004,986
2011-04-07,47563B,WH005,493
2011-04-07,21763,WH001,368
2011-04-07,21763,WH002,630
2011-04-07,21763,WH003,223
2011-04-07,21763,WH004,963
2011-04-07,21763,WH005,206
2011-04-07,22095,WH001,921
2011-04-07,22095,WH002,592
2011-04-07,22095,WH003,316
2011-04-07,22095,WH004,688
2011-04-07,22095,WH005,705
2011-04-07,85198,WH001,460
2011-04-07,85198,WH002,500
2011-04-07,85198,WH003,814
2011-04-07,85198,WH004,744
2011-04-07,85198,WH005,15
2011-04-07,72709,WH001,732
2011-04-07,72709,WH002,609
2011-04-07,72709,WH003,432
2011-04-07,72709,WH004,605
2011-04-07,72709,WH005,298
2011-04-07,22224,WH001,898
2011-04-07,22224,WH002,519
2011-04-07,22224,WH003,204
2011-04-07,22224,WH004,488
2011-04-07,22224,WH005,372
2011-04-07,20672,WH001,178
2011-04-07,20672,WH002,493
2011-04-07,20672,WH003,268
2011-04-07,20672,WH004,523
2011-04-07,20672,WH005,110
2011-04-07,84664,WH001,282
2011-04-07,84664,WH002,292
2011-04-07,84664,WH003,509
2011-04-07,84664,WH004,23
2011-04-07,84664,WH005,162
2011-04-07,22911,WH001,562
2011-04-07,22911,WH002,371
2011-04-07,22911,WH003,46
2011-04-07,22911,WH004,944
2011-04-07,22911,WH005,837
2011-04-07,22801,WH001,185
2011-04-07,22801,WH002,213
2011-04-07,22801,WH003,137
2011-04-07,22801,WH004,829
2011-04-07,22801,WH005,30
2011-04-07,35597A,WH001,984
2011-04-07,35597A,WH002,732
2011-04-07,35597A,WH003,5
2011-04-07,35597A,WH004,619
2011-04-07,35597A,WH005,748
2011-04-07,84966B,WH001,201
2011-04-07,84966B,WH002,99
2011-04-07,84966B,WH003,403
2011-04-07,84966B,WH004,198
2011-04-07,84966B,WH005,191
2011-04-07,90177C,WH001,683
2011-04-07,90177C,WH002,698
2011-04-07,90177C,WH003,887
2011-04-07,90177C,WH004,137
2011-04-07,90177C,WH005,57
2011-04-07,22474,WH001,755
2011-04-07,22474,WH002,667
2011-04-07,22474,WH003,339
2011-04-07,22474,WH004,453
2011-04-07,22474,WH005,475
2011-04-07,23171,WH001,724
2011-04-07,23171,WH002,807
2011-04-07,23171,WH003,776
2011-04-07,23171,WH004,531
2011-04-07,23171,WH005,413
2011-04-07,35653,WH001,386
2011-04-07,35653,WH002,902
2011-04-07,35653,WH003,383
2011-04-07,35653,WH004,518
2011-04-07,35653,WH005,522
2011-04-07,21636,WH001,811
2011-04-07,21636,WH002,164
2011-04-07,21636,WH003,39
2011-04-07,21636,WH004,277
2011-04-07,21636,WH005,11
2011-04-07,90124C,WH001,556
2011-04-07,90124C,WH002,972
2011-04-07,90124C,WH003,203
2011-04-07,90124C,WH004,112
2011-04-07,90124C,WH005,613
2011-04-07,21589,WH001,963
2011-04-07,21589,WH002,257
2011-04-07,21589,WH003,82
2011-04-07,21589,WH004,636
2011-04-07,21589,WH005,972
2011-04-07,16240,WH001,123
2011-04-07,16240,WH002,562
2011-04-07,16240,WH003,502
2011-04-07,16240,WH004,259
2011-04-07,16240,WH005,750
2011-04-07,15058C,WH001,302
2011-04-07,15058C,WH002,315
2011-04-07,15058C,WH003,385
2011-04-07,15058C,WH004,763
2011-04-07,15058C,WH005,49
2011-04-07,23157,WH001,330
2011-04-07,23157,WH002,754
2011-04-07,23157,WH003,772
2011-04-07,23157,WH004,758
2011-04-07,23157,WH005,867
2011-04-07,21060,WH001,186
2011-04-07,21060,WH002,47
2011-04-07,21060,WH003,140
2011-04-07,21060,WH004,264
2011-04-07,21060,WH005,378
2011-04-07,21366,WH001,967
2011-04-07,21366,WH002,925
2011-04-07,21366,WH003,93
2011-04-07,21366,WH004,151
2011-04-07,21366,WH005,129
2011-04-07,23074,WH001,866
2011-04-07,23074,WH002,15
2011-04-07,23074,WH003,418
2011-04-07,23074,WH004,266
2011-04-07,23074,WH005,865
2011-04-07,22228,WH001,589
2011-04-07,22228,WH002,643
2011-04-07,22228,WH003,255
2011-04-07,22228,WH004,765
2011-04-07,22228,WH005,968
2011-04-07,23167,WH001,816
2011-04-07,23167,WH002,460
2011-04-07,23167,WH003,15
2011-04-07,23167,WH004,612
2011-04-07,23167,WH005,589
2011-04-07,21004,WH001,229
2011-04-07,21004,WH002,38
2011-04-07,21004,WH003,630
2011-04-07,21004,WH004,795
2011-04-07,21004,WH005,272
2011-04-07,84849B,WH001,587
2011-04-07,84849B,WH002,939
2011-04-07,84849B,WH003,608
2011-04-07,84849B,WH004,820
2011-04-07,84849B,WH005,755
2011-04-07,21948,WH001,11
2011-04-07,21948,WH002,666
2011-04-07,21948,WH003,411
2011-04-07,21948,WH004,144
2011-04-07,21948,WH005,414
2011-04-07,20653,WH001,189
2011-04-07,20653,WH002,544
2011-04-07,20653,WH003,367
2011-04-07,20653,WH004,803
2011-04-07,20653,WH005,817
2011-04-07,84450B,WH001,870
2011-04-07,84450B,WH002,679
2011-04-07,84450B,WH003,578
2011-04-07,84450B,WH004,648
2011-04-07,84450B,WH005,697
2011-04-07,20849,WH001,507
2011-04-07,20849,WH002,285
2011-04-07,20849,WH003,828
2011-04-07,20849,WH004,86
2011-04-07,20849,WH005,218
2011-04-07,22396,WH001,6
2011-04-07,22396,WH002,317
2011-04-07,22396,WH003,22
2011-04-07,22396,WH004,256
2011-04-07,22396,WH005,728
2011-04-07,90183A,WH001,327
2011-04-07,90183A,WH002,207
2011-04-07,90183A,WH003,322
2011-04-07,90183A,WH004,708
2011-04-07,90183A,WH005,44
2011-04-07,90064A,WH001,92
2011-04-07,90064A,WH002,880
2011-04-07,90064A,WH003,811
2011-04-07,90064A,WH004,929
2011-04-07,90064A,WH005,625
2011-04-07,20985,WH001,964
2011-04-07,20985,WH002,379
2011-04-07,20985,WH003,277
2011-04-07,20985,WH004,822
2011-04-07,20985,WH005,980
2011-04-07,22177,WH001,694
2011-04-07,22177,WH002,989
2011-04-07,22177,WH003,834
2011-04-07,22177,WH004,230
2011-04-07,22177,WH005,709
2011-04-07,90202B,WH001,309
2011-04-07,90202B,WH002,49
2011-04-07,90202B,WH003,357
2011-04-07,90202B,WH004,568
2011-04-07,90202B,WH005,108
2011-04-07,23492,WH001,543
2011-04-07,23492,WH002,394
2011-04-07,23492,WH003,821
2011-04-07,23492,WH004,973
2011-04-07,23492,WH005,178
2011-04-07,84925F,WH001,816
2011-04-07,84925F,WH002,225
2011-04-07,84925F,WH003,435
2011-04-07,84925F,WH004,95
2011-04-07,84925F,WH005,511
2011-04-07,21038,WH001,451
2011-04-07,21038,WH002,440
2011-04-07,21038,WH003,5
2011-04-07,21038,WH004,454
2011-04-07,21038,WH005,619
2011-04-07,72789,WH001,53
2011-04-07,72789,WH002,151
2011-04-07,72789,WH003,306
2011-04-07,72789,WH004,151
2011-04-07,72789,WH005,799
2011-04-07,23438,WH001,98
2011-04-07,23438,WH002,310
2011-04-07,23438,WH003,457
2011-04-07,23438,WH004,0
2011-04-07,23438,WH005,215
2011-04-07,84741C,WH001,39
2011-04-07,84741C,WH002,35
2011-04-07,84741C,WH003,534
2011-04-07,84741C,WH004,221
2011-04-07,84741C,WH005,394
2011-04-07,84908A,WH001,725
2011-04-07,84908A,WH002,960
2011-04-07,84908A,WH003,5
2011-04-07,84908A,WH004,700
2011-04-07,84908A,WH005,252
2011-04-07,20833,WH001,176
2011-04-07,20833,WH002,227
2011-04-07,20833,WH003,79
2011-04-07,20833,WH004,258
2011-04-07,20833,WH005,978
2011-04-07,47594B,WH001,220
2011-04-07,47594B,WH002,294
2011-04-07,47594B,WH003,353
2011-04-07,47594B,WH004,634
2011-04-07,47594B,WH005,767
2011-04-07,PADS,WH001,507
2011-04-07,PADS,WH002,637
2011-04-07,PADS,WH003,373
2011-04-07,PADS,WH004,328
2011-04-07,PADS,WH005,308
2011-04-07,22301,WH001,716
2011-04-07,22301,WH002,88
2011-04-07,22301,WH003,333
2011-04-07,22301,WH004,476
2011-04-07,22301,WH005,473
2011-04-07,84858C,WH001,701
2011-04-07,84858C,WH002,600
2011-04-07,84858C,WH003,54
2011-04-07,84858C,WH004,557
2011-04-07,84858C,WH005,620
2011-04-07,85132A,WH001,377
2011-04-07,85132A,WH002,1
2011-04-07,85132A,WH003,263
2011-04-07,85132A,WH004,3
2011-04-07,85132A,WH005,655
2011-04-07,22866,WH001,400
2011-04-07,22866,WH002,396
2011-04-07,22866,WH003,655
2011-04-07,22866,WH004,580
2011-04-07,22866,WH005,785
2011-04-07,72349B,WH001,412
2011-04-07,72349B,WH002,693
2011-04-07,72349B,WH003,791
2011-04-07,72349B,WH004,268
2011-04-07,72349B,WH005,939
2011-04-07,90189B,WH001,693
2011-04-07,90189B,WH002,943
2011-04-07,90189B,WH003,107
2011-04-07,90189B,WH004,36
2011-04-07,90189B,WH005,422
2011-04-07,21133,WH001,473
2011-04-07,21133,WH002,996
2011-04-07,21133,WH003,364
2011-04-07,21133,WH004,687
2011-04-07,21133,WH005,90
2011-04-07,23481,WH001,836
2011-04-07,23481,WH002,838
2011-04-07,23481,WH003,462
2011-04-07,23481,WH004,667
2011-04-07,23481,WH005,601
2011-04-07,22247,WH001,569
2011-04-07,22247,WH002,955
2011-04-07,22247,WH003,920
2011-04-07,22247,WH004,212
2011-04-07,22247,WH005,643
2011-04-07,21988,WH001,629
2011-04-07,21988,WH002,920
2011-04-07,21988,WH003,193
2011-04-07,21988,WH004,670
2011-04-07,21988,WH005,561
2011-04-07,22941,WH001,78
2011-04-07,22941,WH002,171
2011-04-07,22941,WH003,17
2011-04-07,22941,WH004,284
2011-04-07,22941,WH005,875
2011-04-07,TEST001,WH001,246
2011-04-07,TEST001,WH002,535
2011-04-07,TEST001,WH003,452
2011-04-07,TEST001,WH004,331
2011-04-07,TEST001,WH005,333
2011-04-07,47481,WH001,600
2011-04-07,47481,WH002,761
2011-04-07,47481,WH003,436
2011-04-07,47481,WH004,14
2011-04-07,47481,WH005,295
2011-04-07,20992,WH001,236
2011-04-07,20992,WH002,350
2011-04-07,20992,WH003,704
2011-04-07,20992,WH004,623
2011-04-07,20992,WH005,948
2011-04-07,90082B,WH001,638
2011-04-07,90082B,WH002,296
2011-04-07,90082B,WH003,932
2011-04-07,90082B,WH004,992
2011-04-07,90082B,WH005,796
2011-04-07,72807A,WH001,100
2011-04-07,72807A,WH002,747
2011-04-07,72807A,WH003,565
2011-04-07,72807A,WH004,792
2011-04-07,72807A,WH005,488
2011-04-07,23131,WH001,17
2011-04-07,23131,WH002,978
2011-04-07,23131,WH003,980
2011-04-07,23131,WH004,683
2011-04-07,23131,WH005,957
2011-04-07,18098C,WH001,230
2011-04-07,18098C,WH002,231
2011-04-07,18098C,WH003,674
2011-04-07,18098C,WH004,841
2011-04-07,18098C,WH005,31
2011-04-07,21896,WH001,379
2011-04-07,21896,WH002,632
2011-04-07,21896,WH003,716
2011-04-07,21896,WH004,369
2011-04-07,21896,WH005,264
2011-04-07,84987,WH001,430
2011-04-07,84987,WH002,941
2011-04-07,84987,WH003,624
2011-04-07,84987,WH004,896
2011-04-07,84987,WH005,327
2011-04-07,22310,WH001,816
2011-04-07,22310,WH002,413
2011-04-07,22310,WH003,58
2011-04-07,22310,WH004,941
2011-04-07,22310,WH005,68
2011-04-07,23047,WH001,369
2011-04-07,23047,WH002,528
2011-04-07,23047,WH003,869
2011-04-07,23047,WH004,879
2011-04-07,23047,WH005,325
2011-04-07,72750A,WH001,219
2011-04-07,72750A,WH002,501
2011-04-07,72750A,WH003,130
2011-04-07,72750A,WH004,151
2011-04-07,72750A,WH005,458
2011-04-07,84592,WH001,407
2011-04-07,84592,WH002,933
2011-04-07,84592,WH003,320
2011-04-07,84592,WH004,944
2011-04-07,84592,WH005,770
2011-04-07,20934,WH001,931
2011-04-07,20934,WH002,65
2011-04-07,20934,WH003,509
2011-04-07,20934,WH004,426
2011-04-07,20934,WH005,937
2011-04-07,21340,WH001,987
2011-04-07,21340,WH002,981
2011-04-07,21340,WH003,710
2011-04-07,21340,WH004,909
2011-04-07,21340,WH005,598
2011-04-07,84622,WH001,437
2011-04-07,84622,WH002,871
2011-04-07,84622,WH003,250
2011-04-07,84622,WH004,110
2011-04-07,84622,WH005,751
2011-04-07,21741,WH001,706
2011-04-07,21741,WH002,262
2011-04-07,21741,WH003,210
2011-04-07,21741,WH004,353
2011-04-07,21741,WH005,802
2011-04-07,21441,WH001,537
2011-04-07,21441,WH002,681
2011-04-07,21441,WH003,861
2011-04-07,21441,WH004,45
2011-04-07,21441,WH005,480
2011-04-07,71406C,WH001,788
2011-04-07,71406C,WH002,78
2011-04-07,71406C,WH003,508
2011-04-07,71406C,WH004,579
2011-04-07,71406C,WH005,593
2011-04-07,46000U,WH001,77
2011-04-07,46000U,WH002,164
2011-04-07,46000U,WH003,237
2011-04-07,46000U,WH004,458
2011-04-07,46000U,WH005,110
2011-04-07,84671B,WH001,795
2011-04-07,84671B,WH002,579
2011-04-07,84671B,WH003,857
2011-04-07,84671B,WH004,246
2011-04-07,84671B,WH005,776
2011-04-07,23564,WH001,615
2011-04-07,23564,WH002,760
2011-04-07,23564,WH003,661
2011-04-07,23564,WH004,126
2011-04-07,23564,WH005,475
2011-04-07,21431,WH001,249
2011-04-07,21431,WH002,1
2011-04-07,21431,WH003,35
2011-04-07,21431,WH004,30
2011-04-07,21431,WH005,222
2011-04-07,47369A,WH001,481
2011-04-07,47369A,WH002,708
2011-04-07,47369A,WH003,210
2011-04-07,47369A,WH004,568
2011-04-07,47369A,WH005,482
2011-04-07,22496,WH001,656
2011-04-07,22496,WH002,576
2011-04-07,22496,WH003,147
2011-04-07,22496,WH004,466
2011-04-07,22496,WH005,502
2011-04-07,23351,WH001,537
2011-04-07,23351,WH002,407
2011-04-07,23351,WH003,966
2011-04-07,23351,WH004,880
2011-04-07,23351,WH005,632
2011-04-07,21015,WH001,19
2011-04-07,21015,WH002,196
2011-04-07,21015,WH003,238
2011-04-07,21015,WH004,162
2011-04-07,21015,WH005,262
2011-04-07,22097,WH001,951
2011-04-07,22097,WH002,584
2011-04-07,22097,WH003,980
2011-04-07,22097,WH004,456
2011-04-07,22097,WH005,458
2011-04-07,21256,WH001,620
2011-04-07,21256,WH002,861
2011-04-07,21256,WH003,4
2011-04-07,21256,WH004,637
2011-04-07,21256,WH005,796
2011-04-07,15056n,WH001,44
2011-04-07,15056n,WH002,326
2011-04-07,15056n,WH003,773
2011-04-07,15056n,WH004,389
2011-04-07,15056n,WH005,369
2011-04-07,22945,WH001,101
2011-04-07,22945,WH002,577
2011-04-07,22945,WH003,660
2011-04-07,22945,WH004,890
2011-04-07,22945,WH005,442
2011-04-07,23150,WH001,526
2011-04-07,23150,WH002,517
2011-04-07,23150,WH003,585
2011-04-07,23150,WH004,105
2011-04-07,23150,WH005,807
2011-04-07,90027C,WH001,69
2011-04-07,90027C,WH002,806
2011-04-07,90027C,WH003,598
2011-04-07,90027C,WH004,628
2011-04-07,90027C,WH005,433
2011-04-07,72232,WH001,37
2011-04-07,72232,WH002,115
2011-04-07,72232,WH003,874
2011-04-07,72232,WH004,381
2011-04-07,72232,WH005,624
2011-04-07,16256B,WH001,400
2011-04-07,16256B,WH002,544
2011-04-07,16256B,WH003,449
2011-04-07,16256B,WH004,848
2011-04-07,16256B,WH005,953
2011-04-07,72752A,WH001,376
2011-04-07,72752A,WH002,646
2011-04-07,72752A,WH003,98
2011-04-07,72752A,WH004,991
2011-04-07,72752A,WH005,256
2011-04-07,84820,WH001,45
2011-04-07,84820,WH002,912
2011-04-07,84820,WH003,99
2011-04-07,84820,WH004,790
2011-04-07,84820,WH005,226
2011-04-07,85222,WH001,490
2011-04-07,85222,WH002,999
2011-04-07,85222,WH003,821
2011-04-07,85222,WH004,66
2011-04-07,85222,WH005,871
2011-04-07,22948,WH001,670
2011-04-07,22948,WH002,800
2011-04-07,22948,WH003,361
2011-04-07,22948,WH004,996
2011-04-07,22948,WH005,403
2011-04-07,22284,WH001,959
2011-04-07,22284,WH002,844
2011-04-07,22284,WH003,561
2011-04-07,22284,WH004,221
2011-04-07,22284,WH005,668
2011-04-07,21882,WH001,162
2011-04-07,21882,WH002,990
2011-04-07,21882,WH003,453
2011-04-07,21882,WH004,907
2011-04-07,21882,WH005,368
2011-04-07,72802C,WH001,481
2011-04-07,72802C,WH002,424
2011-04-07,72802C,WH003,223
2011-04-07,72802C,WH004,994
2011-04-07,72802C,WH005,166
2011-04-07,82484,WH001,850
2011-04-07,82484,WH002,139
2011-04-07,82484,WH003,131
2011-04-07,82484,WH004,19
2011-04-07,82484,WH005,851
2011-04-07,84926A,WH001,751
2011-04-07,84926A,WH002,770
2011-04-07,84926A,WH003,532
2011-04-07,84926A,WH004,203
2011-04-07,84926A,WH005,454
2011-04-07,DCGS0004,WH001,808
2011-04-07,DCGS0004,WH002,1
2011-04-07,DCGS0004,WH003,597
2011-04-07,DCGS0004,WH004,474
2011-04-07,DCGS0004,WH005,158
2011-04-07,DCGS0058,WH001,14
2011-04-07,DCGS0058,WH002,318
2011-04-07,DCGS0058,WH003,690
2011-04-07,DCGS0058,WH004,348
2011-04-07,DCGS0058,WH005,986
2011-04-07,21742,WH001,311
2011-04-07,21742,WH002,890
2011-04-07,21742,WH003,757
2011-04-07,21742,WH004,193
2011-04-07,21742,WH005,253
2011-04-07,85230F,WH001,639
2011-04-07,85230F,WH002,111
2011-04-07,85230F,WH003,266
2011-04-07,85230F,WH004,605
2011-04-07,85230F,WH005,541
2011-04-07,22390,WH001,511
2011-04-07,22390,WH002,459
2011-04-07,22390,WH003,74
2011-04-07,22390,WH004,257
2011-04-07,22390,WH005,995
2011-04-07,37492D,WH001,539
2011-04-07,37492D,WH002,332
2011-04-07,37492D,WH003,677
2011-04-07,37492D,WH004,499
2011-04-07,37492D,WH005,686
2011-04-07,72801D,WH001,710
2011-04-07,72801D,WH002,182
2011-04-07,72801D,WH003,206
2011-04-07,72801D,WH004,20
2011-04-07,72801D,WH005,571
2011-04-07,23483,WH001,796
2011-04-07,23483,WH002,581
2011-04-07,23483,WH003,660
2011-04-07,23483,WH004,692
2011-04-07,23483,WH005,454
2011-04-07,90161C,WH001,766
2011-04-07,90161C,WH002,633
2011-04-07,90161C,WH003,361
2011-04-07,90161C,WH004,885
2011-04-07,90161C,WH005,558
2011-04-07,23576,WH001,365
2011-04-07,23576,WH002,291
2011-04-07,23576,WH003,446
2011-04-07,23576,WH004,575
2011-04-07,23576,WH005,522
2011-04-07,23067,WH001,597
2011-04-07,23067,WH002,686
2011-04-07,23067,WH003,751
2011-04-07,23067,WH004,492
2011-04-07,23067,WH005,911
2011-04-07,15056BL,WH001,713
2011-04-07,15056BL,WH002,493
2011-04-07,15056BL,WH003,274
2011-04-07,15056BL,WH004,45
2011-04-07,15056BL,WH005,121
2011-04-07,17191A,WH001,641
2011-04-07,17191A,WH002,62
2011-04-07,17191A,WH003,0
2011-04-07,17191A,WH004,82
2011-04-07,17191A,WH005,672
2011-04-07,37502,WH001,21
2011-04-07,37502,WH002,841
2011-04-07,37502,WH003,981
2011-04-07,37502,WH004,771
2011-04-07,37502,WH005,758
2011-04-07,21552,WH001,551
2011-04-07,21552,WH002,537
2011-04-07,21552,WH003,203
2011-04-07,21552,WH004,262
2011-04-07,21552,WH005,228
2011-04-07,90082A,WH001,730
2011-04-07,90082A,WH002,812
2011-04-07,90082A,WH003,996
2011-04-07,90082A,WH004,418
2011-04-07,90082A,WH005,361
2011-04-07,35965,WH001,89
2011-04-07,35965,WH002,381
2011-04-07,35965,WH003,525
2011-04-07,35965,WH004,850
2011-04-07,35965,WH005,75
2011-04-07,21925,WH001,385
2011-04-07,21925,WH002,770
2011-04-07,21925,WH003,879
2011-04-07,21925,WH004,665
2011-04-07,21925,WH005,170
2011-04-07,22051,WH001,562
2011-04-07,22051,WH002,913
2011-04-07,22051,WH003,745
2011-04-07,22051,WH004,136
2011-04-07,22051,WH005,325
2011-04-07,22363,WH001,735
2011-04-07,22363,WH002,720
2011-04-07,22363,WH003,317
2011-04-07,22363,WH004,921
2011-04-07,22363,WH005,809
2011-04-07,71510,WH001,381
2011-04-07,71510,WH002,168
2011-04-07,71510,WH003,579
2011-04-07,71510,WH004,634
2011-04-07,71510,WH005,21
2011-04-07,84782C,WH001,506
2011-04-07,84782C,WH002,963
2011-04-07,84782C,WH003,287
2011-04-07,84782C,WH004,946
2011-04-07,84782C,WH005,486
2011-04-07,84509E,WH001,821
2011-04-07,84509E,WH002,959
2011-04-07,84509E,WH003,842
2011-04-07,84509E,WH004,758
2011-04-07,84509E,WH005,916
2011-04-07,21803,WH001,58
2011-04-07,21803,WH002,287
2011-04-07,21803,WH003,977
2011-04-07,21803,WH004,375
2011-04-07,21803,WH005,720
2011-04-07,22337,WH001,324
2011-04-07,22337,WH002,252
2011-04-07,22337,WH003,80
2011-04-07,22337,WH004,960
2011-04-07,22337,WH005,68
2011-04-07,22655,WH001,495
2011-04-07,22655,WH002,222
2011-04-07,22655,WH003,543
2011-04-07,22655,WH004,613
2011-04-07,22655,WH005,247
2011-04-07,22058,WH001,259
2011-04-07,22058,WH002,996
2011-04-07,22058,WH003,490
2011-04-07,22058,WH004,304
2011-04-07,22058,WH005,506
2011-04-07,46000R,WH001,642
2011-04-07,46000R,WH002,79
2011-04-07,46000R,WH003,583
2011-04-07,46000R,WH004,506
2011-04-07,46000R,WH005,714
2011-04-07,35596,WH001,832
2011-04-07,35596,WH002,73
2011-04-07,35596,WH003,34
2011-04-07,35596,WH004,496
2011-04-07,35596,WH005,565
2011-04-07,23080,WH001,230
2011-04-07,23080,WH002,263
2011-04-07,23080,WH003,122
2011-04-07,23080,WH004,810
2011-04-07,23080,WH005,525
2011-04-07,23283,WH001,766
2011-04-07,23283,WH002,453
2011-04-07,23283,WH003,211
2011-04-07,23283,WH004,454
2011-04-07,23283,WH005,28
2011-04-07,22624,WH001,380
2011-04-07,22624,WH002,767
2011-04-07,22624,WH003,312
2011-04-07,22624,WH004,969
2011-04-07,22624,WH005,28
2011-04-07,20762,WH001,265
2011-04-07,20762,WH002,593
2011-04-07,20762,WH003,293
2011-04-07,20762,WH004,910
2011-04-07,20762,WH005,77
2011-04-07,90174,WH001,490
2011-04-07,90174,WH002,324
2011-04-07,90174,WH003,293
2011-04-07,90174,WH004,57
2011-04-07,90174,WH005,308
2011-04-07,84970l,WH001,43
2011-04-07,84970l,WH002,260
2011-04-07,84970l,WH003,835
2011-04-07,84970l,WH004,438
2011-04-07,84970l,WH005,264
2011-04-07,21944,WH001,53
2011-04-07,21944,WH002,298
2011-04-07,21944,WH003,236
2011-04-07,21944,WH004,457
2011-04-07,21944,WH005,942
2011-04-07,85160B,WH001,45
2011-04-07,85160B,WH002,455
2011-04-07,85160B,WH003,465
2011-04-07,85160B,WH004,46
2011-04-07,85160B,WH005,259
2011-04-07,35833G,WH001,11
2011-04-07,35833G,WH002,710
2011-04-07,35833G,WH003,979
2011-04-07,35833G,WH004,52
2011-04-07,35833G,WH005,780
2011-04-07,23507,WH001,532
2011-04-07,23507,WH002,264
2011-04-07,23507,WH003,634
2011-04-07,23507,WH004,330
2011-04-07,23507,WH005,995
2011-04-07,22855,WH001,755
2011-04-07,22855,WH002,258
2011-04-07,22855,WH003,641
2011-04-07,22855,WH004,920
2011-04-07,22855,WH005,659
2011-04-07,85088,WH001,661
2011-04-07,85088,WH002,373
2011-04-07,85088,WH003,626
2011-04-07,85088,WH004,837
2011-04-07,85088,WH005,74
2011-04-07,85092,WH001,708
2011-04-07,85092,WH002,216
2011-04-07,85092,WH003,726
2011-04-07,85092,WH004,512
2011-04-07,85092,WH005,196
2011-04-07,22689,WH001,998
2011-04-07,22689,WH002,303
2011-04-07,22689,WH003,823
2011-04-07,22689,WH004,362
2011-04-07,22689,WH005,139
2011-04-07,22241,WH001,304
2011-04-07,22241,WH002,967
2011-04-07,22241,WH003,201
2011-04-07,22241,WH004,828
2011-04-07,22241,WH005,673
2011-04-07,84313A,WH001,432
2011-04-07,84313A,WH002,649
2011-04-07,84313A,WH003,581
2011-04-07,84313A,WH004,549
2011-04-07,84313A,WH005,709
2011-04-07,22279,WH001,613
2011-04-07,22279,WH002,54
2011-04-07,22279,WH003,972
2011-04-07,22279,WH004,995
2011-04-07,22279,WH005,68
2011-04-07,22113,WH001,6
2011-04-07,22113,WH002,673
2011-04-07,22113,WH003,858
2011-04-07,22113,WH004,809
2011-04-07,22113,WH005,596
2011-04-07,23636,WH001,436
2011-04-07,23636,WH002,913
2011-04-07,23636,WH003,309
2011-04-07,23636,WH004,886
2011-04-07,23636,WH005,548
2011-04-07,72803B,WH001,542
2011-04-07,72803B,WH002,762
2011-04-07,72803B,WH003,577
2011-04-07,72803B,WH004,865
2011-04-07,72803B,WH005,873
2011-04-07,22034,WH001,662
2011-04-07,22034,WH002,357
2011-04-07,22034,WH003,643
2011-04-07,22034,WH004,981
2011-04-07,22034,WH005,895
2011-04-07,22703,WH001,872
2011-04-07,22703,WH002,532
2011-04-07,22703,WH003,961
2011-04-07,22703,WH004,360
2011-04-07,22703,WH005,738
2011-04-07,22242,WH001,188
2011-04-07,22242,WH002,294
2011-04-07,22242,WH003,133
2011-04-07,22242,WH004,371
2011-04-07,22242,WH005,371
2011-04-07,23421,WH001,249
2011-04-07,23421,WH002,28
2011-04-07,23421,WH003,358
2011-04-07,23421,WH004,638
2011-04-07,23421,WH005,854
2011-04-07,23340,WH001,875
2011-04-07,23340,WH002,374
2011-04-07,23340,WH003,641
2011-04-07,23340,WH004,81
2011-04-07,23340,WH005,980
2011-04-07,22278,WH001,300
2011-04-07,22278,WH002,924
2011-04-07,22278,WH003,449
2011-04-07,22278,WH004,593
2011-04-07,22278,WH005,517
2011-04-07,35976B,WH001,130
2011-04-07,35976B,WH002,301
2011-04-07,35976B,WH003,196
2011-04-07,35976B,WH004,697
2011-04-07,35976B,WH005,355
2011-04-07,22348,WH001,847
2011-04-07,22348,WH002,170
2011-04-07,22348,WH003,519
2011-04-07,22348,WH004,414
2011-04-07,22348,WH005,53
2011-04-07,72800F,WH001,994
2011-04-07,72800F,WH002,623
2011-04-07,72800F,WH003,996
2011-04-07,72800F,WH004,72
2011-04-07,72800F,WH005,752
2011-04-07,21775,WH001,775
2011-04-07,21775,WH002,613
2011-04-07,21775,WH003,132
2011-04-07,21775,WH004,852
2011-04-07,21775,WH005,517
2011-04-07,35598B,WH001,962
2011-04-07,35598B,WH002,50
2011-04-07,35598B,WH003,849
2011-04-07,35598B,WH004,323
2011-04-07,35598B,WH005,651
2011-04-07,23026,WH001,464
2011-04-07,23026,WH002,486
2011-04-07,23026,WH003,64
2011-04-07,23026,WH004,374
2011-04-07,23026,WH005,40
2011-04-07,23436,WH001,438
2011-04-07,23436,WH002,894
2011-04-07,23436,WH003,160
2011-04-07,23436,WH004,56
2011-04-07,23436,WH005,262
2011-04-07,22038,WH001,348
2011-04-07,22038,WH002,765
2011-04-07,22038,WH003,130
2011-04-07,22038,WH004,639
2011-04-07,22038,WH005,148
2011-04-07,22255,WH001,315
2011-04-07,22255,WH002,374
2011-04-07,22255,WH003,513
2011-04-07,22255,WH004,166
2011-04-07,22255,WH005,372
2011-04-07,17011F,WH001,313
2011-04-07,17011F,WH002,239
2011-04-07,17011F,WH003,565
2011-04-07,17011F,WH004,106
2011-04-07,17011F,WH005,986
2011-04-07,20820,WH001,531
2011-04-07,20820,WH002,884
2011-04-07,20820,WH003,629
2011-04-07,20820,WH004,704
2011-04-07,20820,WH005,1
2011-04-07,23211,WH001,873
2011-04-07,23211,WH002,38
2011-04-07,23211,WH003,219
2011-04-07,23211,WH004,186
2011-04-07,23211,WH005,869
2011-04-07,20975,WH001,750
2011-04-07,20975,WH002,309
2011-04-07,20975,WH003,733
2011-04-07,20975,WH004,245
2011-04-07,20975,WH005,417
2011-04-07,84952B,WH001,493
2011-04-07,84952B,WH002,998
2011-04-07,84952B,WH003,54
2011-04-07,84952B,WH004,505
2011-04-07,84952B,WH005,504
2011-04-07,17096,WH001,657
2011-04-07,17096,WH002,385
2011-04-07,17096,WH003,535
2011-04-07,17096,WH004,60
2011-04-07,17096,WH005,931
2011-04-07,21464,WH001,898
2011-04-07,21464,WH002,128
2011-04-07,21464,WH003,184
2011-04-07,21464,WH004,55
2011-04-07,21464,WH005,640
2011-04-07,23527,WH001,550
2011-04-07,23527,WH002,607
2011-04-07,23527,WH003,654
2011-04-07,23527,WH004,461
2011-04-07,23527,WH005,838
2011-04-07,20664,WH001,217
2011-04-07,20664,WH002,489
2011-04-07,20664,WH003,252
2011-04-07,20664,WH004,168
2011-04-07,20664,WH005,306
2011-04-07,16244A,WH001,361
2011-04-07,16244A,WH002,35
2011-04-07,16244A,WH003,781
2011-04-07,16244A,WH004,67
2011-04-07,16244A,WH005,287
2011-04-07,48138,WH001,364
2011-04-07,48138,WH002,858
2011-04-07,48138,WH003,612
2011-04-07,48138,WH004,119
2011-04-07,48138,WH005,543
2011-04-07,16254,WH001,424
2011-04-07,16254,WH002,261
2011-04-07,16254,WH003,711
2011-04-07,16254,WH004,60
2011-04-07,16254,WH005,356
2011-04-07,47518f,WH001,828
2011-04-07,47518f,WH002,663
2011-04-07,47518f,WH003,153
2011-04-07,47518f,WH004,983
2011-04-07,47518f,WH005,764
2011-04-07,21839,WH001,42
2011-04-07,21839,WH002,876
2011-04-07,21839,WH003,32
2011-04-07,21839,WH004,497
2011-04-07,21839,WH005,602
2011-04-07,20830,WH001,276
2011-04-07,20830,WH002,952
2011-04-07,20830,WH003,787
2011-04-07,20830,WH004,490
2011-04-07,20830,WH005,461
2011-04-07,22756,WH001,465
2011-04-07,22756,WH002,447
2011-04-07,22756,WH003,226
2011-04-07,22756,WH004,651
2011-04-07,22756,WH005,365
2011-04-07,84575A,WH001,762
2011-04-07,84575A,WH002,4
2011-04-07,84575A,WH003,175
2011-04-07,84575A,WH004,524
2011-04-07,84575A,WH005,291
2011-04-07,84989a,WH001,815
2011-04-07,84989a,WH002,645
2011-04-07,84989a,WH003,780
2011-04-07,84989a,WH004,751
2011-04-07,84989a,WH005,440
2011-04-07,21508,WH001,89
2011-04-07,21508,WH002,437
2011-04-07,21508,WH003,242
2011-04-07,21508,WH004,677
2011-04-07,21508,WH005,956
2011-04-07,72802B,WH001,935
2011-04-07,72802B,WH002,747
2011-04-07,72802B,WH003,742
2011-04-07,72802B,WH004,965
2011-04-07,72802B,WH005,498
2011-04-07,21923,WH001,12
2011-04-07,21923,WH002,910
2011-04-07,21923,WH003,561
2011-04-07,21923,WH004,987
2011-04-07,21923,WH005,814
2011-04-07,21041,WH001,716
2011-04-07,21041,WH002,401
2011-04-07,21041,WH003,903
2011-04-07,21041,WH004,915
2011-04-07,21041,WH005,940
2011-04-07,20956,WH001,539
2011-04-07,20956,WH002,570
2011-04-07,20956,WH003,690
2011-04-07,20956,WH004,294
2011-04-07,20956,WH005,142
2011-04-07,23145,WH001,732
2011-04-07,23145,WH002,429
2011-04-07,23145,WH003,165
2011-04-07,23145,WH004,942
2011-04-07,23145,WH005,334
2011-04-07,22039,WH001,616
2011-04-07,22039,WH002,398
2011-04-07,22039,WH003,390
2011-04-07,22039,WH004,847
2011-04-07,22039,WH005,827
2011-04-07,21323,WH001,433
2011-04-07,21323,WH002,503
2011-04-07,21323,WH003,622
2011-04-07,21323,WH004,111
2011-04-07,21323,WH005,864
2011-04-07,10133,WH001,555
2011-04-07,10133,WH002,136
2011-04-07,10133,WH003,676
2011-04-07,10133,WH004,676
2011-04-07,10133,WH005,615
2011-04-07,22989,WH001,675
2011-04-07,22989,WH002,843
2011-04-07,22989,WH003,550
2011-04-07,22989,WH004,107
2011-04-07,22989,WH005,906
2011-04-07,22579,WH001,443
2011-04-07,22579,WH002,529
2011-04-07,22579,WH003,288
2011-04-07,22579,WH004,157
2011-04-07,22579,WH005,922
2011-04-07,21481,WH001,671
2011-04-07,21481,WH002,431
2011-04-07,21481,WH003,417
2011-04-07,21481,WH004,348
2011-04-07,21481,WH005,991
2011-04-07,90104,WH001,282
2011-04-07,90104,WH002,813
2011-04-07,90104,WH003,6
2011-04-07,90104,WH004,136
2011-04-07,90104,WH005,231
2011-04-07,22260,WH001,373
2011-04-07,22260,WH002,478
2011-04-07,22260,WH003,157
2011-04-07,22260,WH004,340
2011-04-07,22260,WH005,904
2011-04-07,22154,WH001,249
2011-04-07,22154,WH002,30
2011-04-07,22154,WH003,135
2011-04-07,22154,WH004,403
2011-04-07,22154,WH005,914
2011-04-07,90118,WH001,206
2011-04-07,90118,WH002,585
2011-04-07,90118,WH003,453
2011-04-07,90118,WH004,650
2011-04-07,90118,WH005,792
2011-04-07,21026,WH001,60
2011-04-07,21026,WH002,23
2011-04-07,21026,WH003,871
2011-04-07,21026,WH004,263
2011-04-07,21026,WH005,453
2011-04-07,23537,WH001,836
2011-04-07,23537,WH002,902
2011-04-07,23537,WH003,292
2011-04-07,23537,WH004,949
2011-04-07,23537,WH005,309
2011-04-07,21758,WH001,606
2011-04-07,21758,WH002,283
2011-04-07,21758,WH003,325
2011-04-07,21758,WH004,682
2011-04-07,21758,WH005,860
2011-04-07,22171,WH001,885
2011-04-07,22171,WH002,592
2011-04-07,22171,WH003,375
2011-04-07,22171,WH004,470
2011-04-07,22171,WH005,972
2011-04-07,23198,WH001,96
2011-04-07,23198,WH002,153
2011-04-07,23198,WH003,731
2011-04-07,23198,WH004,871
2011-04-07,23198,WH005,295
2011-04-07,84931A,WH001,354
2011-04-07,84931A,WH002,289
2011-04-07,84931A,WH003,169
2011-04-07,84931A,WH004,495
2011-04-07,84931A,WH005,678
2011-04-07,22591,WH001,472
2011-04-07,22591,WH002,251
2011-04-07,22591,WH003,485
2011-04-07,22591,WH004,139
2011-04-07,22591,WH005,437
2011-04-07,84482,WH001,490
2011-04-07,84482,WH002,467
2011-04-07,84482,WH003,176
2011-04-07,84482,WH004,256
2011-04-07,84482,WH005,521
2011-04-07,21696,WH001,845
2011-04-07,21696,WH002,934
2011-04-07,21696,WH003,226
2011-04-07,21696,WH004,3
2011-04-07,21696,WH005,337
2011-04-07,21648,WH001,367
2011-04-07,21648,WH002,435
2011-04-07,21648,WH003,616
2011-04-07,21648,WH004,251
2011-04-07,21648,WH005,488
2011-04-07,90214S,WH001,45
2011-04-07,90214S,WH002,589
2011-04-07,90214S,WH003,418
2011-04-07,90214S,WH004,23
2011-04-07,90214S,WH005,904
2011-04-07,DOT,WH001,533
2011-04-07,DOT,WH002,181
2011-04-07,DOT,WH003,660
2011-04-07,DOT,WH004,826
2011-04-07,DOT,WH005,598
2011-04-07,84396,WH001,398
2011-04-07,84396,WH002,42
2011-04-07,84396,WH003,765
2011-04-07,84396,WH004,105
2011-04-07,84396,WH005,486
2011-04-07,21095,WH001,688
2011-04-07,21095,WH002,176
2011-04-07,21095,WH003,145
2011-04-07,21095,WH004,673
2011-04-07,21095,WH005,309
2011-04-07,21531,WH001,216
2011-04-07,21531,WH002,445
2011-04-07,21531,WH003,891
2011-04-07,21531,WH004,440
2011-04-07,21531,WH005,147
2011-04-07,21723,WH001,55
2011-04-07,21723,WH002,545
2011-04-07,21723,WH003,451
2011-04-07,21723,WH004,220
2011-04-07,21723,WH005,421
2011-04-07,22398,WH001,653
2011-04-07,22398,WH002,281
2011-04-07,22398,WH003,71
2011-04-07,22398,WH004,517
2011-04-07,22398,WH005,337
2011-04-07,84874A,WH001,730
2011-04-07,84874A,WH002,948
2011-04-07,84874A,WH003,992
2011-04-07,84874A,WH004,983
2011-04-07,84874A,WH005,969
2011-04-07,22908,WH001,34
2011-04-07,22908,WH002,687
2011-04-07,22908,WH003,377
2011-04-07,22908,WH004,235
2011-04-07,22908,WH005,975
2011-04-07,85204,WH001,829
2011-04-07,85204,WH002,980
2011-04-07,85204,WH003,333
2011-04-07,85204,WH004,6
2011-04-07,85204,WH005,192
2011-04-07,23165,WH001,247
2011-04-07,23165,WH002,325
2011-04-07,23165,WH003,836
2011-04-07,23165,WH004,56
2011-04-07,23165,WH005,289
2011-04-07,22858,WH001,395
2011-04-07,22858,WH002,106
2011-04-07,22858,WH003,801
2011-04-07,22858,WH004,284
2011-04-07,22858,WH005,7
2011-04-07,22729,WH001,240
2011-04-07,22729,WH002,0
2011-04-07,22729,WH003,71
2011-04-07,22729,WH004,176
2011-04-07,22729,WH005,555
2011-04-07,20803,WH001,196
2011-04-07,20803,WH002,215
2011-04-07,20803,WH003,643
2011-04-07,20803,WH004,365
2011-04-07,20803,WH005,160
2011-04-07,22165,WH001,966
2011-04-07,22165,WH002,398
2011-04-07,22165,WH003,529
2011-04-07,22165,WH004,638
2011-04-07,22165,WH005,59
2011-04-07,72132,WH001,242
2011-04-07,72132,WH002,811
2011-04-07,72132,WH003,169
2011-04-07,72132,WH004,220
2011-04-07,72132,WH005,887
2011-04-07,20913,WH001,205
2011-04-07,20913,WH002,219
2011-04-07,20913,WH003,987
2011-04-07,20913,WH004,893
2011-04-07,20913,WH005,343
2011-04-07,21777,WH001,947
2011-04-07,21777,WH002,662
2011-04-07,21777,WH003,927
2011-04-07,21777,WH004,242
2011-04-07,21777,WH005,482
2011-04-07,22611,WH001,269
2011-04-07,22611,WH002,721
2011-04-07,22611,WH003,732
2011-04-07,22611,WH004,246
2011-04-07,22611,WH005,809
2011-04-07,23126,WH001,64
2011-04-07,23126,WH002,218
2011-04-07,23126,WH003,519
2011-04-07,23126,WH004,298
2011-04-07,23126,WH005,101
2011-04-07,40005B,WH001,605
2011-04-07,40005B,WH002,778
2011-04-07,40005B,WH003,768
2011-04-07,40005B,WH004,506
2011-04-07,40005B,WH005,480
2011-04-07,35924,WH001,63
2011-04-07,35924,WH002,878
2011-04-07,35924,WH003,719
2011-04-07,35924,WH004,350
2011-04-07,35924,WH005,485
2011-04-07,22816,WH001,536
2011-04-07,22816,WH002,462
2011-04-07,22816,WH003,271
2011-04-07,22816,WH004,562
2011-04-07,22816,WH005,226
2011-04-07,85170B,WH001,788
2011-04-07,85170B,WH002,931
2011-04-07,85170B,WH003,140
2011-04-07,85170B,WH004,34
2011-04-07,85170B,WH005,113
2011-04-07,84926E,WH001,401
2011-04-07,84926E,WH002,171
2011-04-07,84926E,WH003,621
2011-04-07,84926E,WH004,305
2011-04-07,84926E,WH005,984
2011-04-07,90166,WH001,750
2011-04-07,90166,WH002,402
2011-04-07,90166,WH003,593
2011-04-07,90166,WH004,589
2011-04-07,90166,WH005,62
2011-04-07,22576,WH001,501
2011-04-07,22576,WH002,820
2011-04-07,22576,WH003,116
2011-04-07,22576,WH004,45
2011-04-07,22576,WH005,246
2011-04-07,15060b,WH001,206
2011-04-07,15060b,WH002,408
2011-04-07,15060b,WH003,887
2011-04-07,15060b,WH004,558
2011-04-07,15060b,WH005,349
2011-04-07,22726,WH001,626
2011-04-07,22726,WH002,340
2011-04-07,22726,WH003,770
2011-04-07,22726,WH004,189
2011-04-07,22726,WH005,457
2011-04-07,22233,WH001,178
2011-04-07,22233,WH002,967
2011-04-07,22233,WH003,30
2011-04-07,22233,WH004,228
2011-04-07,22233,WH005,848
2011-04-07,82587,WH001,201
2011-04-07,82587,WH002,730
2011-04-07,82587,WH003,421
2011-04-07,82587,WH004,376
2011-04-07,82587,WH005,75
2011-04-07,21352,WH001,755
2011-04-07,21352,WH002,625
2011-04-07,21352,WH003,282
2011-04-07,21352,WH004,440
2011-04-07,21352,WH005,341
2011-04-07,23521,WH001,343
2011-04-07,23521,WH002,884
2011-04-07,23521,WH003,729
2011-04-07,23521,WH004,224
2011-04-07,23521,WH005,823
2011-04-07,21257,WH001,854
2011-04-07,21257,WH002,128
2011-04-07,21257,WH003,246
2011-04-07,21257,WH004,917
2011-04-07,21257,WH005,911
2011-04-07,23489,WH001,100
2011-04-07,23489,WH002,228
2011-04-07,23489,WH003,565
2011-04-07,23489,WH004,292
2011-04-07,23489,WH005,125
2011-04-07,23299,WH001,552
2011-04-07,23299,WH002,405
2011-04-07,23299,WH003,200
2011-04-07,23299,WH004,275
2011-04-07,23299,WH005,25
2011-04-07,20622,WH001,921
2011-04-07,20622,WH002,301
2011-04-07,20622,WH003,743
2011-04-07,20622,WH004,431
2011-04-07,20622,WH005,933
2011-04-07,22931,WH001,12
2011-04-07,22931,WH002,106
2011-04-07,22931,WH003,785
2011-04-07,22931,WH004,496
2011-04-07,22931,WH005,278
2011-04-07,84707A,WH001,287
2011-04-07,84707A,WH002,175
2011-04-07,84707A,WH003,856
2011-04-07,84707A,WH004,626
2011-04-07,84707A,WH005,682
2011-04-07,84913B,WH001,877
2011-04-07,84913B,WH002,177
2011-04-07,84913B,WH003,451
2011-04-07,84913B,WH004,521
2011-04-07,84913B,WH005,425
2011-04-07,22562,WH001,323
2011-04-07,22562,WH002,497
2011-04-07,22562,WH003,815
2011-04-07,22562,WH004,158
2011-04-07,22562,WH005,873
2011-04-07,23432,WH001,310
2011-04-07,23432,WH002,84
2011-04-07,23432,WH003,455
2011-04-07,23432,WH004,605
2011-04-07,23432,WH005,994
2011-04-07,84356,WH001,772
2011-04-07,84356,WH002,389
2011-04-07,84356,WH003,35
2011-04-07,84356,WH004,50
2011-04-07,84356,WH005,763
2011-04-07,90063A,WH001,256
2011-04-07,90063A,WH002,564
2011-04-07,90063A,WH003,929
2011-04-07,90063A,WH004,298
2011-04-07,90063A,WH005,840
2011-04-07,21179,WH001,321
2011-04-07,21179,WH002,621
2011-04-07,21179,WH003,56
2011-04-07,21179,WH004,534
2011-04-07,21179,WH005,710
2011-04-07,23051,WH001,640
2011-04-07,23051,WH002,915
2011-04-07,23051,WH003,962
2011-04-07,23051,WH004,560
2011-04-07,23051,WH005,439
2011-04-07,90157,WH001,37
2011-04-07,90157,WH002,799
2011-04-07,90157,WH003,185
2011-04-07,90157,WH004,877
2011-04-07,90157,WH005,703
2011-04-07,20699,WH001,209
2011-04-07,20699,WH002,298
2011-04-07,20699,WH003,386
2011-04-07,20699,WH004,465
2011-04-07,20699,WH005,720
2011-04-07,21656,WH001,270
2011-04-07,21656,WH002,234
2011-04-07,21656,WH003,407
2011-04-07,21656,WH004,318
2011-04-07,21656,WH005,304
2011-04-07,22811,WH001,352
2011-04-07,22811,WH002,801
2011-04-07,22811,WH003,973
2011-04-07,22811,WH004,97
2011-04-07,22811,WH005,695
2011-04-07,35651,WH001,374
2011-04-07,35651,WH002,521
2011-04-07,35651,WH003,408
2011-04-07,35651,WH004,446
2011-04-07,35651,WH005,452
2011-04-07,82613D,WH001,684
2011-04-07,82613D,WH002,778
2011-04-07,82613D,WH003,893
2011-04-07,82613D,WH004,851
2011-04-07,82613D,WH005,230
2011-04-07,21096,WH001,900
2011-04-07,21096,WH002,741
2011-04-07,21096,WH003,379
2011-04-07,21096,WH004,245
2011-04-07,21096,WH005,650
2011-04-07,22743,WH001,776
2011-04-07,22743,WH002,491
2011-04-07,22743,WH003,738
2011-04-07,22743,WH004,731
2011-04-07,22743,WH005,691
2011-04-07,20675,WH001,323
2011-04-07,20675,WH002,267
2011-04-07,20675,WH003,413
2011-04-07,20675,WH004,991
2011-04-07,20675,WH005,52
2011-04-07,84913A,WH001,333
2011-04-07,84913A,WH002,895
2011-04-07,84913A,WH003,880
2011-04-07,84913A,WH004,194
2011-04-07,84913A,WH005,179
2011-04-07,22995,WH001,138
2011-04-07,22995,WH002,376
2011-04-07,22995,WH003,85
2011-04-07,22995,WH004,23
2011-04-07,22995,WH005,618
2011-04-07,23166,WH001,100
2011-04-07,23166,WH002,492
2011-04-07,23166,WH003,446
2011-04-07,23166,WH004,579
2011-04-07,23166,WH005,823
2011-04-07,84686,WH001,328
2011-04-07,84686,WH002,668
2011-04-07,84686,WH003,746
2011-04-07,84686,WH004,574
2011-04-07,84686,WH005,409
2011-04-07,20997,WH001,12
2011-04-07,20997,WH002,243
2011-04-07,20997,WH003,832
2011-04-07,20997,WH004,432
2011-04-07,20997,WH005,326
2011-04-07,22046,WH001,915
2011-04-07,22046,WH002,551
2011-04-07,22046,WH003,965
2011-04-07,22046,WH004,821
2011-04-07,22046,WH005,198
2011-04-07,21167,WH001,52
2011-04-07,21167,WH002,18
2011-04-07,21167,WH003,316
2011-04-07,21167,WH004,855
2011-04-07,21167,WH005,954
2011-04-07,23064,WH001,953
2011-04-07,23064,WH002,96
2011-04-07,23064,WH003,678
2011-04-07,23064,WH004,364
2011-04-07,23064,WH005,82
2011-04-07,84944,WH001,898
2011-04-07,84944,WH002,449
2011-04-07,84944,WH003,120
2011-04-07,84944,WH004,444
2011-04-07,84944,WH005,683
2011-04-07,72023F,WH001,511
2011-04-07,72023F,WH002,688
2011-04-07,72023F,WH003,407
2011-04-07,72023F,WH004,243
2011-04-07,72023F,WH005,623
2011-04-07,35001B,WH001,145
2011-04-07,35001B,WH002,432
2011-04-07,35001B,WH003,760
2011-04-07,35001B,WH004,133
2011-04-07,35001B,WH005,228
2011-04-07,21384,WH001,277
2011-04-07,21384,WH002,777
2011-04-07,21384,WH003,37
2011-04-07,21384,WH004,907
2011-04-07,21384,WH005,528
2011-04-07,85040B,WH001,47
2011-04-07,85040B,WH002,940
2011-04-07,85040B,WH003,279
2011-04-07,85040B,WH004,1
2011-04-07,85040B,WH005,728
2011-04-07,84797b,WH001,580
2011-04-07,84797b,WH002,565
2011-04-07,84797b,WH003,299
2011-04-07,84797b,WH004,516
2011-04-07,84797b,WH005,602
2011-04-07,23084,WH001,468
2011-04-07,23084,WH002,322
2011-04-07,23084,WH003,957
2011-04-07,23084,WH004,473
2011-04-07,23084,WH005,777
2011-04-07,21147,WH001,346
2011-04-07,21147,WH002,553
2011-04-07,21147,WH003,487
2011-04-07,21147,WH004,327
2011-04-07,21147,WH005,957
2011-04-07,21393,WH001,23
2011-04-07,21393,WH002,444
2011-04-07,21393,WH003,677
2011-04-07,21393,WH004,198
2011-04-07,21393,WH005,155
2011-04-07,16051,WH001,397
2011-04-07,16051,WH002,157
2011-04-07,16051,WH003,178
2011-04-07,16051,WH004,104
2011-04-07,16051,WH005,977
2011-04-07,47503G,WH001,881
2011-04-07,47503G,WH002,621
2011-04-07,47503G,WH003,577
2011-04-07,47503G,WH004,361
2011-04-07,47503G,WH005,802
2011-04-07,84750A,WH001,319
2011-04-07,84750A,WH002,15
2011-04-07,84750A,WH003,199
2011-04-07,84750A,WH004,475
2011-04-07,84750A,WH005,645
2011-04-07,85096,WH001,624
2011-04-07,85096,WH002,393
2011-04-07,85096,WH003,916
2011-04-07,85096,WH004,301
2011-04-07,85096,WH005,599
2011-04-07,22148,WH001,121
2011-04-07,22148,WH002,131
2011-04-07,22148,WH003,909
2011-04-07,22148,WH004,710
2011-04-07,22148,WH005,668
2011-04-07,22569,WH001,356
2011-04-07,22569,WH002,746
2011-04-07,22569,WH003,242
2011-04-07,22569,WH004,628
2011-04-07,22569,WH005,848
2011-04-07,72083A,WH001,804
2011-04-07,72083A,WH002,559
2011-04-07,72083A,WH003,331
2011-04-07,72083A,WH004,492
2011-04-07,72083A,WH005,992
2011-04-07,84510F,WH001,841
2011-04-07,84510F,WH002,55
2011-04-07,84510F,WH003,940
2011-04-07,84510F,WH004,943
2011-04-07,84510F,WH005,638
2011-04-07,20763,WH001,545
2011-04-07,20763,WH002,845
2011-04-07,20763,WH003,328
2011-04-07,20763,WH004,422
2011-04-07,20763,WH005,302
2011-04-07,23512,WH001,903
2011-04-07,23512,WH002,589
2011-04-07,23512,WH003,719
2011-04-07,23512,WH004,52
2011-04-07,23512,WH005,910
2011-04-07,23452,WH001,613
2011-04-07,23452,WH002,863
2011-04-07,23452,WH003,77
2011-04-07,23452,WH004,355
2011-04-07,23452,WH005,594
2011-04-07,84596e,WH001,884
2011-04-07,84596e,WH002,915
2011-04-07,84596e,WH003,545
2011-04-07,84596e,WH004,473
2011-04-07,84596e,WH005,795
2011-04-07,20655,WH001,727
2011-04-07,20655,WH002,709
2011-04-07,20655,WH003,13
2011-04-07,20655,WH004,924
2011-04-07,20655,WH005,33
2011-04-07,22585,WH001,704
2011-04-07,22585,WH002,661
2011-04-07,22585,WH003,720
2011-04-07,22585,WH004,929
2011-04-07,22585,WH005,996
2011-04-07,82011C,WH001,128
2011-04-07,82011C,WH002,868
2011-04-07,82011C,WH003,569
2011-04-07,82011C,WH004,612
2011-04-07,82011C,WH005,987
2011-04-07,23117,WH001,750
2011-04-07,23117,WH002,928
2011-04-07,23117,WH003,255
2011-04-07,23117,WH004,839
2011-04-07,23117,WH005,548
2011-04-07,21807,WH001,205
2011-04-07,21807,WH002,981
2011-04-07,21807,WH003,319
2011-04-07,21807,WH004,171
2011-04-07,21807,WH005,591
2011-04-07,85049E,WH001,896
2011-04-07,85049E,WH002,483
2011-04-07,85049E,WH003,743
2011-04-07,85049E,WH004,954
2011-04-07,85049E,WH005,289
2011-04-07,51014A,WH001,33
2011-04-07,51014A,WH002,946
2011-04-07,51014A,WH003,682
2011-04-07,51014A,WH004,425
2011-04-07,51014A,WH005,833
2011-04-07,84247G,WH001,471
2011-04-07,84247G,WH002,911
2011-04-07,84247G,WH003,482
2011-04-07,84247G,WH004,277
2011-04-07,84247G,WH005,195
2011-04-07,21728,WH001,248
2011-04-07,21728,WH002,638
2011-04-07,21728,WH003,150
2011-04-07,21728,WH004,521
2011-04-07,21728,WH005,104
2011-04-07,45016,WH001,982
2011-04-07,45016,WH002,119
2011-04-07,45016,WH003,775
2011-04-07,45016,WH004,391
2011-04-07,45016,WH005,438
2011-04-07,90098,WH001,91
2011-04-07,90098,WH002,889
2011-04-07,90098,WH003,965
2011-04-07,90098,WH004,924
2011-04-07,90098,WH005,934
2011-04-07,20936,WH001,572
2011-04-07,20936,WH002,984
2011-04-07,20936,WH003,959
2011-04-07,20936,WH004,747
2011-04-07,20936,WH005,520
2011-04-07,21622,WH001,203
2011-04-07,21622,WH002,219
2011-04-07,21622,WH003,468
2011-04-07,21622,WH004,525
2011-04-07,21622,WH005,622
2011-04-07,21865,WH001,487
2011-04-07,21865,WH002,770
2011-04-07,21865,WH003,512
2011-04-07,21865,WH004,726
2011-04-07,21865,WH005,175
2011-04-07,84706A,WH001,693
2011-04-07,84706A,WH002,204
2011-04-07,84706A,WH003,518
2011-04-07,84706A,WH004,394
2011-04-07,84706A,WH005,210
2011-04-07,20987,WH001,755
2011-04-07,20987,WH002,846
2011-04-07,20987,WH003,231
2011-04-07,20987,WH004,696
2011-04-07,20987,WH005,81
2011-04-07,72819,WH001,450
2011-04-07,72819,WH002,267
2011-04-07,72819,WH003,83
2011-04-07,72819,WH004,396
2011-04-07,72819,WH005,755
2011-04-07,21916,WH001,55
2011-04-07,21916,WH002,564
2011-04-07,21916,WH003,410
2011-04-07,21916,WH004,232
2011-04-07,21916,WH005,587
2011-04-07,22053,WH001,647
2011-04-07,22053,WH002,824
2011-04-07,22053,WH003,419
2011-04-07,22053,WH004,484
2011-04-07,22053,WH005,395
2011-04-07,47591D,WH001,731
2011-04-07,47591D,WH002,252
2011-04-07,47591D,WH003,677
2011-04-07,47591D,WH004,856
2011-04-07,47591D,WH005,540
2011-04-07,90200D,WH001,273
2011-04-07,90200D,WH002,559
2011-04-07,90200D,WH003,429
2011-04-07,90200D,WH004,290
2011-04-07,90200D,WH005,905
2011-04-07,21714,WH001,146
2011-04-07,21714,WH002,376
2011-04-07,21714,WH003,529
2011-04-07,21714,WH004,697
2011-04-07,21714,WH005,270
2011-04-07,23317,WH001,820
2011-04-07,23317,WH002,370
2011-04-07,23317,WH003,986
2011-04-07,23317,WH004,749
2011-04-07,23317,WH005,251
2011-04-07,21084,WH001,670
2011-04-07,21084,WH002,42
2011-04-07,21084,WH003,147
2011-04-07,21084,WH004,13
2011-04-07,21084,WH005,129
2011-04-07,20898,WH001,786
2011-04-07,20898,WH002,856
2011-04-07,20898,WH003,670
2011-04-07,20898,WH004,388
2011-04-07,20898,WH005,484
2011-04-07,23284,WH001,182
2011-04-07,23284,WH002,432
2011-04-07,23284,WH003,613
2011-04-07,23284,WH004,785
2011-04-07,23284,WH005,967
2011-04-07,21530,WH001,416
2011-04-07,21530,WH002,604
2011-04-07,21530,WH003,102
2011-04-07,21530,WH004,601
2011-04-07,21530,WH005,117
2011-04-07,21718,WH001,888
2011-04-07,21718,WH002,136
2011-04-07,21718,WH003,199
2011-04-07,21718,WH004,244
2011-04-07,21718,WH005,561
2011-04-07,37494A,WH001,702
2011-04-07,37494A,WH002,240
2011-04-07,37494A,WH003,782
2011-04-07,37494A,WH004,683
2011-04-07,37494A,WH005,647
2011-04-07,21169,WH001,567
2011-04-07,21169,WH002,931
2011-04-07,21169,WH003,855
2011-04-07,21169,WH004,787
2011-04-07,21169,WH005,581
2011-04-07,84249A,WH001,559
2011-04-07,84249A,WH002,599
2011-04-07,84249A,WH003,996
2011-04-07,84249A,WH004,486
2011-04-07,84249A,WH005,675
2011-04-07,22969,WH001,55
2011-04-07,22969,WH002,764
2011-04-07,22969,WH003,470
2011-04-07,22969,WH004,991
2011-04-07,22969,WH005,43
2011-04-07,90141C,WH001,986
2011-04-07,90141C,WH002,613
2011-04-07,90141C,WH003,205
2011-04-07,90141C,WH004,235
2011-04-07,90141C,WH005,183
2011-04-07,22117,WH001,13
2011-04-07,22117,WH002,50
2011-04-07,22117,WH003,761
2011-04-07,22117,WH004,204
2011-04-07,22117,WH005,328
2011-04-07,22156,WH001,424
2011-04-07,22156,WH002,651
2011-04-07,22156,WH003,797
2011-04-07,22156,WH004,686
2011-04-07,22156,WH005,847
2011-04-07,22186,WH001,499
2011-04-07,22186,WH002,481
2011-04-07,22186,WH003,0
2011-04-07,22186,WH004,616
2011-04-07,22186,WH005,799
2011-04-07,22717,WH001,643
2011-04-07,22717,WH002,373
2011-04-07,22717,WH003,657
2011-04-07,22717,WH004,254
2011-04-07,22717,WH005,52
2011-04-07,16244B,WH001,742
2011-04-07,16244B,WH002,511
2011-04-07,16244B,WH003,789
2011-04-07,16244B,WH004,635
2011-04-07,16244B,WH005,812
2011-04-07,21904,WH001,753
2011-04-07,21904,WH002,769
2011-04-07,21904,WH003,875
2011-04-07,21904,WH004,185
2011-04-07,21904,WH005,508
2011-04-07,84425A,WH001,777
2011-04-07,84425A,WH002,462
2011-04-07,84425A,WH003,244
2011-04-07,84425A,WH004,983
2011-04-07,84425A,WH005,306
2011-04-07,23660,WH001,491
2011-04-07,23660,WH002,259
2011-04-07,23660,WH003,93
2011-04-07,23660,WH004,218
2011-04-07,23660,WH005,406
2011-04-07,90214Z,WH001,578
2011-04-07,90214Z,WH002,937
2011-04-07,90214Z,WH003,617
2011-04-07,90214Z,WH004,370
2011-04-07,90214Z,WH005,747
2011-04-07,23569,WH001,755
2011-04-07,23569,WH002,198
2011-04-07,23569,WH003,802
2011-04-07,23569,WH004,472
2011-04-07,23569,WH005,816
2011-04-07,23168,WH001,595
2011-04-07,23168,WH002,54
2011-04-07,23168,WH003,366
2011-04-07,23168,WH004,67
2011-04-07,23168,WH005,221
2011-04-07,82580,WH001,80
2011-04-07,82580,WH002,78
2011-04-07,82580,WH003,392
2011-04-07,82580,WH004,278
2011-04-07,82580,WH005,636
2011-04-07,23549,WH001,521
2011-04-07,23549,WH002,898
2011-04-07,23549,WH003,168
2011-04-07,23549,WH004,266
2011-04-07,23549,WH005,875
2011-04-07,23400,WH001,928
2011-04-07,23400,WH002,706
2011-04-07,23400,WH003,981
2011-04-07,23400,WH004,101
2011-04-07,23400,WH005,965
2011-04-07,84218,WH001,202
2011-04-07,84218,WH002,921
2011-04-07,84218,WH003,51
2011-04-07,84218,WH004,912
2011-04-07,84218,WH005,855
2011-04-07,22084,WH001,413
2011-04-07,22084,WH002,231
2011-04-07,22084,WH003,93
2011-04-07,22084,WH004,967
2011-04-07,22084,WH005,929
2011-04-07,84228,WH001,976
2011-04-07,84228,WH002,822
2011-04-07,84228,WH003,244
2011-04-07,84228,WH004,774
2011-04-07,84228,WH005,925
2011-04-07,22502,WH001,776
2011-04-07,22502,WH002,352
2011-04-07,22502,WH003,560
2011-04-07,22502,WH004,332
2011-04-07,22502,WH005,669
2011-04-07,22812,WH001,909
2011-04-07,22812,WH002,49
2011-04-07,22812,WH003,593
2011-04-07,22812,WH004,319
2011-04-07,22812,WH005,684
2011-04-07,90100,WH001,447
2011-04-07,90100,WH002,415
2011-04-07,90100,WH003,246
2011-04-07,90100,WH004,522
2011-04-07,90100,WH005,505
2011-04-07,21612,WH001,774
2011-04-07,21612,WH002,286
2011-04-07,21612,WH003,170
2011-04-07,21612,WH004,197
2011-04-07,21612,WH005,987
2011-04-07,84926D,WH001,568
2011-04-07,84926D,WH002,800
2011-04-07,84926D,WH003,546
2011-04-07,84926D,WH004,267
2011-04-07,84926D,WH005,463
2011-04-07,20679,WH001,700
2011-04-07,20679,WH002,803
2011-04-07,20679,WH003,13
2011-04-07,20679,WH004,724
2011-04-07,20679,WH005,751
2011-04-07,23306,WH001,778
2011-04-07,23306,WH002,797
2011-04-07,23306,WH003,475
2011-04-07,23306,WH004,140
2011-04-07,23306,WH005,740
2011-04-07,84819,WH001,305
2011-04-07,84819,WH002,90
2011-04-07,84819,WH003,648
2011-04-07,84819,WH004,47
2011-04-07,84819,WH005,706
2011-04-07,84873a,WH001,348
2011-04-07,84873a,WH002,68
2011-04-07,84873a,WH003,894
2011-04-07,84873a,WH004,426
2011-04-07,84873a,WH005,77
2011-04-07,22895,WH001,480
2011-04-07,22895,WH002,294
2011-04-07,22895,WH003,682
2011-04-07,22895,WH004,781
2011-04-07,22895,WH005,349
2011-04-07,22613,WH001,428
2011-04-07,22613,WH002,359
2011-04-07,22613,WH003,153
2011-04-07,22613,WH004,217
2011-04-07,22613,WH005,573
2011-04-07,22730,WH001,909
2011-04-07,22730,WH002,796
2011-04-07,22730,WH003,94
2011-04-07,22730,WH004,732
2011-04-07,22730,WH005,489
2011-04-07,22759,WH001,289
2011-04-07,22759,WH002,142
2011-04-07,22759,WH003,290
2011-04-07,22759,WH004,30
2011-04-07,22759,WH005,454
2011-04-07,20846,WH001,694
2011-04-07,20846,WH002,392
2011-04-07,20846,WH003,165
2011-04-07,20846,WH004,382
2011-04-07,20846,WH005,582
2011-04-07,72739C,WH001,617
2011-04-07,72739C,WH002,624
2011-04-07,72739C,WH003,183
2011-04-07,72739C,WH004,976
2011-04-07,72739C,WH005,648
2011-04-07,22355,WH001,430
2011-04-07,22355,WH002,825
2011-04-07,22355,WH003,75
2011-04-07,22355,WH004,317
2011-04-07,22355,WH005,460
2011-04-07,71143,WH001,977
2011-04-07,71143,WH002,133
2011-04-07,71143,WH003,734
2011-04-07,71143,WH004,518
2011-04-07,71143,WH005,424
2011-04-07,16202B,WH001,479
2011-04-07,16202B,WH002,500
2011-04-07,16202B,WH003,454
2011-04-07,16202B,WH004,594
2011-04-07,16202B,WH005,792
2011-04-07,21669,WH001,539
2011-04-07,21669,WH002,372
2011-04-07,21669,WH003,306
2011-04-07,21669,WH004,760
2011-04-07,21669,WH005,76
2011-04-07,85232A,WH001,781
2011-04-07,85232A,WH002,178
2011-04-07,85232A,WH003,364
2011-04-07,85232A,WH004,904
2011-04-07,85232A,WH005,315
2011-04-07,22180,WH001,296
2011-04-07,22180,WH002,19
2011-04-07,22180,WH003,997
2011-04-07,22180,WH004,778
2011-04-07,22180,WH005,304
2011-04-07,90180A,WH001,735
2011-04-07,90180A,WH002,856
2011-04-07,90180A,WH003,150
2011-04-07,90180A,WH004,40
2011-04-07,90180A,WH005,156
2011-04-07,21495,WH001,460
2011-04-07,21495,WH002,767
2011-04-07,21495,WH003,471
2011-04-07,21495,WH004,128
2011-04-07,21495,WH005,216
2011-12-09,84906,WH001,536
2011-12-09,84906,WH002,601
2011-12-09,84906,WH003,22
2011-12-09,84906,WH004,229
2011-12-09,84906,WH005,667
2011-12-09,23192,WH001,962
2011-12-09,23192,WH002,593
2011-12-09,23192,WH003,787
2011-12-09,23192,WH004,923
2011-12-09,23192,WH005,223
2011-12-09,90042B,WH001,401
2011-12-09,90042B,WH002,980
2011-12-09,90042B,WH003,719
2011-12-09,90042B,WH004,225
2011-12-09,90042B,WH005,201
2011-12-09,23562,WH001,252
2011-12-09,23562,WH002,380
2011-12-09,23562,WH003,13
2011-12-09,23562,WH004,87
2011-12-09,23562,WH005,112
2011-12-09,72225C,WH001,964
2011-12-09,72225C,WH002,79
2011-12-09,72225C,WH003,838
2011-12-09,72225C,WH004,933
2011-12-09,72225C,WH005,322
2011-12-09,22735,WH001,856
2011-12-09,22735,WH002,669
2011-12-09,22735,WH003,680
2011-12-09,22735,WH004,928
2011-12-09,22735,WH005,387
2011-12-09,22603,WH001,318
2011-12-09,22603,WH002,751
2011-12-09,22603,WH003,546
2011-12-09,22603,WH004,483
2011-12-09,22603,WH005,836
2011-12-09,84989B,WH001,961
2011-12-09,84989B,WH002,187
2011-12-09,84989B,WH003,32
2011-12-09,84989B,WH004,749
2011-12-09,84989B,WH005,7
2011-12-09,23485,WH001,726
2011-12-09,23485,WH002,380
2011-12-09,23485,WH003,61
2011-12-09,23485,WH004,841
2011-12-09,23485,WH005,906
2011-12-09,90014C,WH001,681
2011-12-09,90014C,WH002,700
2011-12-09,90014C,WH003,324
2011-12-09,90014C,WH004,477
2011-12-09,90014C,WH005,99
2011-12-09,21491,WH001,8
2011-12-09,21491,WH002,563
2011-12-09,21491,WH003,319
2011-12-09,21491,WH004,561
2011-12-09,21491,WH005,566
2011-12-09,84925A,WH001,31
2011-12-09,84925A,WH002,973
2011-12-09,84925A,WH003,829
2011-12-09,84925A,WH004,57
2011-12-09,84925A,WH005,756
2011-12-09,51012L,WH001,163
2011-12-09,51012L,WH002,496
2011-12-09,51012L,WH003,469
2011-12-09,51012L,WH004,172
2011-12-09,51012L,WH005,494
2011-12-09,84614A,WH001,531
2011-12-09,84614A,WH002,333
2011-12-09,84614A,WH003,630
2011-12-09,84614A,WH004,202
2011-12-09,84614A,WH005,911
2011-12-09,85111,WH001,859
2011-12-09,85111,WH002,235
2011-12-09,85111,WH003,438
2011-12-09,85111,WH004,782
2011-12-09,85111,WH005,457
2011-12-09,21719,WH001,503
2011-12-09,21719,WH002,775
2011-12-09,21719,WH003,53
2011-12-09,21719,WH004,519
2011-12-09,21719,WH005,800
2011-12-09,21219,WH001,545
2011-12-09,21219,WH002,578
2011-12-09,21219,WH003,709
2011-12-09,21219,WH004,48
2011-12-09,21219,WH005,818
2011-12-09,21714,WH001,682
2011-12-09,21714,WH002,531
2011-12-09,21714,WH003,557
2011-12-09,21714,WH004,849
2011-12-09,21714,WH005,401
2011-12-09,90142D,WH001,887
2011-12-09,90142D,WH002,90
2011-12-09,90142D,WH003,253
2011-12-09,90142D,WH004,890
2011-12-09,90142D,WH005,734
2011-12-09,22095,WH001,929
2011-12-09,22095,WH002,186
2011-12-09,22095,WH003,936
2011-12-09,22095,WH004,292
2011-12-09,22095,WH005,632
2011-12-09,22251,WH001,94
2011-12-09,22251,WH002,63
2011-12-09,22251,WH003,369
2011-12-09,22251,WH004,637
2011-12-09,22251,WH005,275
2011-12-09,22618,WH001,834
2011-12-09,22618,WH002,205
2011-12-09,22618,WH003,993
2011-12-09,22618,WH004,757
2011-12-09,22618,WH005,561
2011-12-09,22335,WH001,354
2011-12-09,22335,WH002,356
2011-12-09,22335,WH003,90
2011-12-09,22335,WH004,450
2011-12-09,22335,WH005,178
2011-12-09,21659,WH001,574
2011-12-09,21659,WH002,115
2011-12-09,21659,WH003,825
2011-12-09,21659,WH004,36
2011-12-09,21659,WH005,944
2011-12-09,84711B,WH001,989
2011-12-09,84711B,WH002,224
2011-12-09,84711B,WH003,818
2011-12-09,84711B,WH004,249
2011-12-09,84711B,WH005,492
2011-12-09,22073,WH001,836
2011-12-09,22073,WH002,212
2011-12-09,22073,WH003,460
2011-12-09,22073,WH004,371
2011-12-09,22073,WH005,275
2011-12-09,21785,WH001,427
2011-12-09,21785,WH002,120
2011-12-09,21785,WH003,521
2011-12-09,21785,WH004,183
2011-12-09,21785,WH005,274
2011-12-09,46776D,WH001,332
2011-12-09,46776D,WH002,480
2011-12-09,46776D,WH003,29
2011-12-09,46776D,WH004,34
2011-12-09,46776D,WH005,971
2011-12-09,22854,WH001,975
2011-12-09,22854,WH002,546
2011-12-09,22854,WH003,89
2011-12-09,22854,WH004,823
2011-12-09,22854,WH005,836
2011-12-09,22574,WH001,440
2011-12-09,22574,WH002,107
2011-12-09,22574,WH003,957
2011-12-09,22574,WH004,920
2011-12-09,22574,WH005,423
2011-12-09,22502,WH001,401
2011-12-09,22502,WH002,398
2011-12-09,22502,WH003,553
2011-12-09,22502,WH004,727
2011-12-09,22502,WH005,507
2011-12-09,gift_0001_70,WH001,562
2011-12-09,gift_0001_70,WH002,573
2011-12-09,gift_0001_70,WH003,306
2011-12-09,gift_0001_70,WH004,617
2011-12-09,gift_0001_70,WH005,1
2011-12-09,21668,WH001,389
2011-12-09,21668,WH002,123
2011-12-09,21668,WH003,318
2011-12-09,21668,WH004,260
2011-12-09,21668,WH005,4
2011-12-09,22633,WH001,107
2011-12-09,22633,WH002,859
2011-12-09,22633,WH003,517
2011-12-09,22633,WH004,711
2011-12-09,22633,WH005,338
2011-12-09,22052,WH001,66
2011-12-09,22052,WH002,699
2011-12-09,22052,WH003,429
2011-12-09,22052,WH004,474
2011-12-09,22052,WH005,106
2011-12-09,85080,WH001,210
2011-12-09,85080,WH002,582
2011-12-09,85080,WH003,439
2011-12-09,85080,WH004,607
2011-12-09,85080,WH005,728
2011-12-09,84839,WH001,501
2011-12-09,84839,WH002,520
2011-12-09,84839,WH003,478
2011-12-09,84839,WH004,425
2011-12-09,84839,WH005,653
2011-12-09,23454,WH001,359
2011-12-09,23454,WH002,417
2011-12-09,23454,WH003,692
2011-12-09,23454,WH004,899
2011-12-09,23454,WH005,714
2011-12-09,21403,WH001,591
2011-12-09,21403,WH002,629
2011-12-09,21403,WH003,118
2011-12-09,21403,WH004,569
2011-12-09,21403,WH005,607
2011-12-09,85216,WH001,358
2011-12-09,85216,WH002,717
2011-12-09,85216,WH003,746
2011-12-09,85216,WH004,939
2011-12-09,85216,WH005,877
2011-12-09,84964A,WH001,458
2011-12-09,84964A,WH002,126
2011-12-09,84964A,WH003,170
2011-12-09,84964A,WH004,920
2011-12-09,84964A,WH005,285
2011-12-09,21596,WH001,232
2011-12-09,21596,WH002,589
2011-12-09,21596,WH003,134
2011-12-09,21596,WH004,80
2011-12-09,21596,WH005,666
2011-12-09,90176E,WH001,110
2011-12-09,90176E,WH002,438
2011-12-09,90176E,WH003,623
2011-12-09,90176E,WH004,979
2011-12-09,90176E,WH005,325
2011-12-09,84789,WH001,414
2011-12-09,84789,WH002,501
2011-12-09,84789,WH003,654
2011-12-09,84789,WH004,205
2011-12-09,84789,WH005,148
2011-12-09,90019C,WH001,713
2011-12-09,90019C,WH002,419
2011-12-09,90019C,WH003,499
2011-12-09,90019C,WH004,681
2011-12-09,90019C,WH005,457
2011-12-09,23403,WH001,120
2011-12-09,23403,WH002,383
2011-12-09,23403,WH003,574
2011-12-09,23403,WH004,600
2011-12-09,23403,WH005,954
2011-12-09,18098A,WH001,278
2011-12-09,18098A,WH002,297
2011-12-09,18098A,WH003,794
2011-12-09,18098A,WH004,602
2011-12-09,18098A,WH005,190
2011-12-09,37340,WH001,628
2011-12-09,37340,WH002,856
2011-12-09,37340,WH003,835
2011-12-09,37340,WH004,548
2011-12-09,37340,WH005,152
2011-12-09,90014A,WH001,486
2011-12-09,90014A,WH002,714
2011-12-09,90014A,WH003,799
2011-12-09,90014A,WH004,553
2011-12-09,90014A,WH005,187
2011-12-09,90177C,WH001,544
2011-12-09,90177C,WH002,131
2011-12-09,90177C,WH003,636
2011-12-09,90177C,WH004,780
2011-12-09,90177C,WH005,792
2011-12-09,90185C,WH001,507
2011-12-09,90185C,WH002,718
2011-12-09,90185C,WH003,100
2011-12-09,90185C,WH004,54
2011-12-09,90185C,WH005,136
2011-12-09,35597A,WH001,479
2011-12-09,35597A,WH002,917
2011-12-09,35597A,WH003,671
2011-12-09,35597A,WH004,510
2011-12-09,35597A,WH005,8
2011-12-09,85130C,WH001,228
2011-12-09,85130C,WH002,300
2011-12-09,85130C,WH003,79
2011-12-09,85130C,WH004,113
2011-12-09,85130C,WH005,485
2011-12-09,23018,WH001,316
2011-12-09,23018,WH002,387
2011-12-09,23018,WH003,759
2011-12-09,23018,WH004,317
2011-12-09,23018,WH005,785
2011-12-09,84926E,WH001,886
2011-12-09,84926E,WH002,669
2011-12-09,84926E,WH003,671
2011-12-09,84926E,WH004,135
2011-12-09,84926E,WH005,50
2011-12-09,71101E,WH001,724
2011-12-09,71101E,WH002,582
2011-12-09,71101E,WH003,726
2011-12-09,71101E,WH004,635
2011-12-09,71101E,WH005,43
2011-12-09,20973,WH001,549
2011-12-09,20973,WH002,552
2011-12-09,20973,WH003,662
2011-12-09,20973,WH004,502
2011-12-09,20973,WH005,472
2011-12-09,21029,WH001,647
2011-12-09,21029,WH002,613
2011-12-09,21029,WH003,689
2011-12-09,21029,WH004,288
2011-12-09,21029,WH005,66
2011-12-09,15056BL,WH001,474
2011-12-09,15056BL,WH002,248
2011-12-09,15056BL,WH003,191
2011-12-09,15056BL,WH004,825
2011-12-09,15056BL,WH005,561
2011-12-09,47591d,WH001,519
2011-12-09,47591d,WH002,306
2011-12-09,47591d,WH003,814
2011-12-09,47591d,WH004,856
2011-12-09,47591d,WH005,255
2011-12-09,21454,WH001,483
2011-12-09,21454,WH002,938
2011-12-09,21454,WH003,586
2011-12-09,21454,WH004,462
2011-12-09,21454,WH005,745
2011-12-09,22950,WH001,486
2011-12-09,22950,WH002,61
2011-12-09,22950,WH003,293
2011-12-09,22950,WH004,850
2011-12-09,22950,WH005,793
2011-12-09,21080,WH001,855
2011-12-09,21080,WH002,696
2011-12-09,21080,WH003,346
2011-12-09,21080,WH004,864
2011-12-09,21080,WH005,447
2011-12-09,21756,WH001,423
2011-12-09,21756,WH002,792
2011-12-09,21756,WH003,816
2011-12-09,21756,WH004,775
2011-12-09,21756,WH005,440
2011-12-09,22321,WH001,728
2011-12-09,22321,WH002,303
2011-12-09,22321,WH003,377
2011-12-09,22321,WH004,986
2011-12-09,22321,WH005,968
2011-12-09,22469,WH001,272
2011-12-09,22469,WH002,290
2011-12-09,22469,WH003,198
2011-12-09,22469,WH004,385
2011-12-09,22469,WH005,585
2011-12-09,84559D,WH001,858
2011-12-09,84559D,WH002,766
2011-12-09,84559D,WH003,640
2011-12-09,84559D,WH004,138
2011-12-09,84559D,WH005,165
2011-12-09,79030D,WH001,801
2011-12-09,79030D,WH002,773
2011-12-09,79030D,WH003,970
2011-12-09,79030D,WH004,275
2011-12-09,79030D,WH005,512
2011-12-09,85039C,WH001,698
2011-12-09,85039C,WH002,965
2011-12-09,85039C,WH003,30
2011-12-09,85039C,WH004,137
2011-12-09,85039C,WH005,927
2011-12-09,84581,WH001,571
2011-12-09,84581,WH002,308
2011-12-09,84581,WH003,884
2011-12-09,84581,WH004,288
2011-12-09,84581,WH005,456
2011-12-09,22821,WH001,893
2011-12-09,22821,WH002,826
2011-12-09,22821,WH003,819
2011-12-09,22821,WH004,654
2011-12-09,22821,WH005,785
2011-12-09,90027D,WH001,260
2011-12-09,90027D,WH002,216
2011-12-09,90027D,WH003,900
2011-12-09,90027D,WH004,773
2011-12-09,90027D,WH005,371
2011-12-09,21157,WH001,165
2011-12-09,21157,WH002,45
2011-12-09,21157,WH003,534
2011-12-09,21157,WH004,231
2011-12-09,21157,WH005,534
2011-12-09,21553,WH001,799
2011-12-09,21553,WH002,403
2011-12-09,21553,WH003,718
2011-12-09,21553,WH004,877
2011-12-09,21553,WH005,668
2011-12-09,85231B,WH001,870
2011-12-09,85231B,WH002,88
2011-12-09,85231B,WH003,695
2011-12-09,85231B,WH004,768
2011-12-09,85231B,WH005,696
2011-12-09,23509,WH001,610
2011-12-09,23509,WH002,618
2011-12-09,23509,WH003,130
2011-12-09,23509,WH004,516
2011-12-09,23509,WH005,442
2011-12-09,72801E,WH001,858
2011-12-09,72801E,WH002,317
2011-12-09,72801E,WH003,409
2011-12-09,72801E,WH004,713
2011-12-09,72801E,WH005,149
2011-12-09,35096B,WH001,417
2011-12-09,35096B,WH002,577
2011-12-09,35096B,WH003,681
2011-12-09,35096B,WH004,892
2011-12-09,35096B,WH005,917
2011-12-09,72807a,WH001,37
2011-12-09,72807a,WH002,427
2011-12-09,72807a,WH003,936
2011-12-09,72807a,WH004,876
2011-12-09,72807a,WH005,632
2011-12-09,21865,WH001,351
2011-12-09,21865,WH002,689
2011-12-09,21865,WH003,315
2011-12-09,21865,WH004,646
2011-12-09,21865,WH005,155
2011-12-09,84549,WH001,191
2011-12-09,84549,WH002,728
2011-12-09,84549,WH003,593
2011-12-09,84549,WH004,744
2011-12-09,84549,WH005,126
2011-12-09,22081,WH001,131
2011-12-09,22081,WH002,380
2011-12-09,22081,WH003,928
2011-12-09,22081,WH004,134
2011-12-09,22081,WH005,377
2011-12-09,21860,WH001,703
2011-12-09,21860,WH002,650
2011-12-09,21860,WH003,505
2011-12-09,21860,WH004,861
2011-12-09,21860,WH005,838
2011-12-09,20887,WH001,504
2011-12-09,20887,WH002,460
2011-12-09,20887,WH003,880
2011-12-09,20887,WH004,617
2011-12-09,20887,WH005,759
2011-12-09,22754,WH001,799
2011-12-09,22754,WH002,374
2011-12-09,22754,WH003,546
2011-12-09,22754,WH004,447
2011-12-09,22754,WH005,628
2011-12-09,84192,WH001,641
2011-12-09,84192,WH002,567
2011-12-09,84192,WH003,878
2011-12-09,84192,WH004,763
2011-12-09,84192,WH005,987
2011-12-09,20868,WH001,312
2011-12-09,20868,WH002,159
2011-12-09,20868,WH003,767
2011-12-09,20868,WH004,621
2011-12-09,20868,WH005,397
2011-12-09,22600,WH001,906
2011-12-09,22600,WH002,884
2011-12-09,22600,WH003,274
2011-12-09,22600,WH004,889
2011-12-09,22600,WH005,501
2011-12-09,21293,WH001,86
2011-12-09,21293,WH002,701
2011-12-09,21293,WH003,709
2011-12-09,21293,WH004,470
2011-12-09,21293,WH005,501
2011-12-09,20889,WH001,171
2011-12-09,20889,WH002,384
2011-12-09,20889,WH003,190
2011-12-09,20889,WH004,90
2011-12-09,20889,WH005,593
2011-12-09,90214E,WH001,67
2011-12-09,90214E,WH002,988
2011-12-09,90214E,WH003,165
2011-12-09,90214E,WH004,111
2011-12-09,90214E,WH005,740
2011-12-09,90058A,WH001,490
2011-12-09,90058A,WH002,924
2011-12-09,90058A,WH003,87
2011-12-09,90058A,WH004,15
2011-12-09,90058A,WH005,758
2011-12-09,22635,WH001,465
2011-12-09,22635,WH002,809
2011-12-09,22635,WH003,540
2011-12-09,22635,WH004,701
2011-12-09,22635,WH005,494
2011-12-09,84347,WH001,662
2011-12-09,84347,WH002,778
2011-12-09,84347,WH003,822
2011-12-09,84347,WH004,24
2011-12-09,84347,WH005,718
2011-12-09,84429A,WH001,655
2011-12-09,84429A,WH002,610
2011-12-09,84429A,WH003,625
2011-12-09,84429A,WH004,716
2011-12-09,84429A,WH005,987
2011-12-09,21768,WH001,108
2011-12-09,21768,WH002,571
2011-12-09,21768,WH003,346
2011-12-09,21768,WH004,791
2011-12-09,21768,WH005,660
2011-12-09,90028,WH001,548
2011-12-09,90028,WH002,797
2011-12-09,90028,WH003,377
2011-12-09,90028,WH004,209
2011-12-09,90028,WH005,436
2011-12-09,20748,WH001,330
2011-12-09,20748,WH002,758
2011-12-09,20748,WH003,445
2011-12-09,20748,WH004,719
2011-12-09,20748,WH005,912
2011-12-09,22605,WH001,44
2011-12-09,22605,WH002,368
2011-12-09,22605,WH003,133
2011-12-09,22605,WH004,139
2011-12-09,22605,WH005,744
2011-12-09,22362,WH001,871
2011-12-09,22362,WH002,800
2011-12-09,22362,WH003,397
2011-12-09,22362,WH004,352
2011-12-09,22362,WH005,862
2011-12-09,21925,WH001,772
2011-12-09,21925,WH002,83
2011-12-09,21925,WH003,129
2011-12-09,21925,WH004,945
2011-12-09,21925,WH005,717
2011-12-09,16245A,WH001,954
2011-12-09,16245A,WH002,843
2011-12-09,16245A,WH003,286
2011-12-09,16245A,WH004,680
2011-12-09,16245A,WH005,36
2011-12-09,81985A,WH001,448
2011-12-09,81985A,WH002,401
2011-12-09,81985A,WH003,44
2011-12-09,81985A,WH004,230
2011-12-09,81985A,WH005,426
2011-12-09,84031B,WH001,773
2011-12-09,84031B,WH002,708
2011-12-09,84031B,WH003,43
2011-12-09,84031B,WH004,11
2011-12-09,84031B,WH005,115
2011-12-09,23513,WH001,385
2011-12-09,23513,WH002,659
2011-12-09,23513,WH003,361
2011-12-09,23513,WH004,815
2011-12-09,23513,WH005,722
2011-12-09,23068,WH001,33
2011-12-09,23068,WH002,192
2011-12-09,23068,WH003,254
2011-12-09,23068,WH004,836
2011-12-09,23068,WH005,609
2011-12-09,20956,WH001,693
2011-12-09,20956,WH002,280
2011-12-09,20956,WH003,224
2011-12-09,20956,WH004,650
2011-12-09,20956,WH005,48
2011-12-09,85123A,WH001,619
2011-12-09,85123A,WH002,811
2011-12-09,85123A,WH003,505
2011-12-09,85123A,WH004,490
2011-12-09,85123A,WH005,783
2011-12-09,37379B,WH001,559
2011-12-09,37379B,WH002,70
2011-12-09,37379B,WH003,736
2011-12-09,37379B,WH004,107
2011-12-09,37379B,WH005,917
2011-12-09,23162,WH001,129
2011-12-09,23162,WH002,692
2011-12-09,23162,WH003,977
2011-12-09,23162,WH004,873
2011-12-09,23162,WH005,275
2011-12-09,M,WH001,134
2011-12-09,M,WH002,393
2011-12-09,M,WH003,592
2011-12-09,M,WH004,269
2011-12-09,M,WH005,775
2011-12-09,72799B,WH001,737
2011-12-09,72799B,WH002,55
2011-12-09,72799B,WH003,265
2011-12-09,72799B,WH004,313
2011-12-09,72799B,WH005,567
2011-12-09,84226,WH001,971
2011-12-09,84226,WH002,110
2011-12-09,84226,WH003,96
2011-12-09,84226,WH004,813
2011-12-09,84226,WH005,580
2011-12-09,35638B,WH001,954
2011-12-09,35638B,WH002,753
2011-12-09,35638B,WH003,355
2011-12-09,35638B,WH004,251
2011-12-09,35638B,WH005,98
2011-12-09,23396,WH001,745
2011-12-09,23396,WH002,349
2011-12-09,23396,WH003,8
2011-12-09,23396,WH004,163
2011-12-09,23396,WH005,963
2011-12-09,90068,WH001,890
2011-12-09,90068,WH002,791
2011-12-09,90068,WH003,964
2011-12-09,90068,WH004,555
2011-12-09,90068,WH005,295
2011-12-09,37506,WH001,669
2011-12-09,37506,WH002,759
2011-12-09,37506,WH003,194
2011-12-09,37506,WH004,763
2011-12-09,37506,WH005,638
2011-12-09,23007,WH001,777
2011-12-09,23007,WH002,737
2011-12-09,23007,WH003,91
2011-12-09,23007,WH004,884
2011-12-09,23007,WH005,848
2011-12-09,22569,WH001,103
2011-12-09,22569,WH002,440
2011-12-09,22569,WH003,607
2011-12-09,22569,WH004,821
2011-12-09,22569,WH005,687
2011-12-09,84569C,WH001,334
2011-12-09,84569C,WH002,731
2011-12-09,84569C,WH003,917
2011-12-09,84569C,WH004,432
2011-12-09,84569C,WH005,222
2011-12-09,21691,WH001,457
2011-12-09,21691,WH002,181
2011-12-09,21691,WH003,513
2011-12-09,21691,WH004,12
2011-12-09,21691,WH005,59
2011-12-09,84709A,WH001,287
2011-12-09,84709A,WH002,230
2011-12-09,84709A,WH003,424
2011-12-09,84709A,WH004,782
2011-12-09,84709A,WH005,767
2011-12-09,21934,WH001,258
2011-12-09,21934,WH002,64
2011-12-09,21934,WH003,30
2011-12-09,21934,WH004,225
2011-12-09,21934,WH005,818
2011-12-09,21060,WH001,599
2011-12-09,21060,WH002,52
2011-12-09,21060,WH003,767
2011-12-09,21060,WH004,381
2011-12-09,21060,WH005,690
2011-12-09,22893,WH001,681
2011-12-09,22893,WH002,767
2011-12-09,22893,WH003,973
2011-12-09,22893,WH004,776
2011-12-09,22893,WH005,390
2011-12-09,37444B,WH001,166
2011-12-09,37444B,WH002,652
2011-12-09,37444B,WH003,284
2011-12-09,37444B,WH004,51
2011-12-09,37444B,WH005,898
2011-12-09,84849D,WH001,485
2011-12-09,84849D,WH002,728
2011-12-09,84849D,WH003,44
2011-12-09,84849D,WH004,961
2011-12-09,84849D,WH005,706
2011-12-09,21984,WH001,968
2011-12-09,21984,WH002,583
2011-12-09,21984,WH003,3
2011-12-09,21984,WH004,377
2011-12-09,21984,WH005,593
2011-12-09,22197,WH001,759
2011-12-09,22197,WH002,798
2011-12-09,22197,WH003,199
2011-12-09,22197,WH004,649
2011-12-09,22197,WH005,904
2011-12-09,22066,WH001,68
2011-12-09,22066,WH002,248
2011-12-09,22066,WH003,681
2011-12-09,22066,WH004,598
2011-12-09,22066,WH005,471
2011-12-09,22764,WH001,751
2011-12-09,22764,WH002,573
2011-12-09,22764,WH003,37
2011-12-09,22764,WH004,794
2011-12-09,22764,WH005,426
2011-12-09,23233,WH001,168
2011-12-09,23233,WH002,423
2011-12-09,23233,WH003,357
2011-12-09,23233,WH004,488
2011-12-09,23233,WH005,50
2011-12-09,84843,WH001,199
2011-12-09,84843,WH002,571
2011-12-09,84843,WH003,338
2011-12-09,84843,WH004,88
2011-12-09,84843,WH005,264
2011-12-09,90126B,WH001,252
2011-12-09,90126B,WH002,860
2011-12-09,90126B,WH003,751
2011-12-09,90126B,WH004,702
2011-12-09,90126B,WH005,113
2011-12-09,21277,WH001,257
2011-12-09,21277,WH002,346
2011-12-09,21277,WH003,508
2011-12-09,21277,WH004,751
2011-12-09,21277,WH005,626
2011-12-09,90183A,WH001,770
2011-12-09,90183A,WH002,896
2011-12-09,90183A,WH003,748
2011-12-09,90183A,WH004,284
2011-12-09,90183A,WH005,598
2011-12-09,22346,WH001,444
2011-12-09,22346,WH002,696
2011-12-09,22346,WH003,637
2011-12-09,22346,WH004,665
2011-12-09,22346,WH005,325
2011-12-09,47559b,WH001,546
2011-12-09,47559b,WH002,204
2011-12-09,47559b,WH003,387
2011-12-09,47559b,WH004,970
2011-12-09,47559b,WH005,110
2011-12-09,22131,WH001,756
2011-12-09,22131,WH002,831
2011-12-09,22131,WH003,573
2011-12-09,22131,WH004,498
2011-12-09,22131,WH005,902
2011-12-09,20824,WH001,783
2011-12-09,20824,WH002,927
2011-12-09,20824,WH003,469
2011-12-09,20824,WH004,710
2011-12-09,20824,WH005,639
2011-12-09,22782,WH001,758
2011-12-09,22782,WH002,981
2011-12-09,22782,WH003,527
2011-12-09,22782,WH004,95
2011-12-09,22782,WH005,527
2011-12-09,gift_0001_30,WH001,289
2011-12-09,gift_0001_30,WH002,205
2011-12-09,gift_0001_30,WH003,257
2011-12-09,gift_0001_30,WH004,808
2011-12-09,gift_0001_30,WH005,894
2011-12-09,16235,WH001,308
2011-12-09,16235,WH002,123
2011-12-09,16235,WH003,686
2011-12-09,16235,WH004,839
2011-12-09,16235,WH005,977
2011-12-09,79338,WH001,104
2011-12-09,79338,WH002,680
2011-12-09,79338,WH003,982
2011-12-09,79338,WH004,804
2011-12-09,79338,WH005,144
2011-12-09,22751,WH001,69
2011-12-09,22751,WH002,37
2011-12-09,22751,WH003,662
2011-12-09,22751,WH004,915
2011-12-09,22751,WH005,663
2011-12-09,22703,WH001,928
2011-12-09,22703,WH002,199
2011-12-09,22703,WH003,457
2011-12-09,22703,WH004,42
2011-12-09,22703,WH005,618
2011-12-09,22492,WH001,928
2011-12-09,22492,WH002,194
2011-12-09,22492,WH003,973
2011-12-09,22492,WH004,955
2011-12-09,22492,WH005,761
2011-12-09,84519A,WH001,839
2011-12-09,84519A,WH002,88
2011-12-09,84519A,WH003,887
2011-12-09,84519A,WH004,322
2011-12-09,84519A,WH005,845
2011-12-09,21031,WH001,713
2011-12-09,21031,WH002,554
2011-12-09,21031,WH003,895
2011-12-09,21031,WH004,332
2011-12-09,21031,WH005,139
2011-12-09,85136B,WH001,993
2011-12-09,85136B,WH002,929
2011-12-09,85136B,WH003,398
2011-12-09,85136B,WH004,784
2011-12-09,85136B,WH005,971
2011-12-09,85123a,WH001,234
2011-12-09,85123a,WH002,233
2011-12-09,85123a,WH003,851
2011-12-09,85123a,WH004,599
2011-12-09,85123a,WH005,17
2011-12-09,84826,WH001,550
2011-12-09,84826,WH002,119
2011-12-09,84826,WH003,265
2011-12-09,84826,WH004,988
2011-12-09,84826,WH005,259
2011-12-09,22425,WH001,319
2011-12-09,22425,WH002,781
2011-12-09,22425,WH003,484
2011-12-09,22425,WH004,331
2011-12-09,22425,WH005,911
2011-12-09,84030c,WH001,668
2011-12-09,84030c,WH002,442
2011-12-09,84030c,WH003,526
2011-12-09,84030c,WH004,64
2011-12-09,84030c,WH005,187
2011-12-09,84033,WH001,945
2011-12-09,84033,WH002,281
2011-12-09,84033,WH003,797
2011-12-09,84033,WH004,322
2011-12-09,84033,WH005,342
2011-12-09,90214V,WH001,270
2011-12-09,90214V,WH002,90
2011-12-09,90214V,WH003,101
2011-12-09,90214V,WH004,34
2011-12-09,90214V,WH005,8
2011-12-09,17164D,WH001,771
2011-12-09,17164D,WH002,799
2011-12-09,17164D,WH003,325
2011-12-09,17164D,WH004,264
2011-12-09,17164D,WH005,352
2011-12-09,17084N,WH001,898
2011-12-09,17084N,WH002,760
2011-12-09,17084N,WH003,26
2011-12-09,17084N,WH004,790
2011-12-09,17084N,WH005,784
2011-12-09,47593B,WH001,419
2011-12-09,47593B,WH002,298
2011-12-09,47593B,WH003,731
2011-12-09,47593B,WH004,671
2011-12-09,47593B,WH005,602
2011-12-09,20724,WH001,694
2011-12-09,20724,WH002,95
2011-12-09,20724,WH003,217
2011-12-09,20724,WH004,725
2011-12-09,20724,WH005,201
2011-12-09,85130B,WH001,57
2011-12-09,85130B,WH002,850
2011-12-09,85130B,WH003,722
2011-12-09,85130B,WH004,226
2011-12-09,85130B,WH005,934
2011-12-09,23167,WH001,120
2011-12-09,23167,WH002,615
2011-12-09,23167,WH003,689
2011-12-09,23167,WH004,419
2011-12-09,23167,WH005,217
2011-12-09,21903,WH001,2
2011-12-09,21903,WH002,723
2011-12-09,21903,WH003,857
2011-12-09,21903,WH004,458
2011-12-09,21903,WH005,324
2011-12-09,22521,WH001,361
2011-12-09,22521,WH002,772
2011-12-09,22521,WH003,61
2011-12-09,22521,WH004,980
2011-12-09,22521,WH005,294
2011-12-09,82483,WH001,985
2011-12-09,82483,WH002,261
2011-12-09,82483,WH003,407
2011-12-09,82483,WH004,746
2011-12-09,82483,WH005,232
2011-12-09,17012E,WH001,500
2011-12-09,17012E,WH002,359
2011-12-09,17012E,WH003,912
2011-12-09,17012E,WH004,296
2011-12-09,17012E,WH005,82
2011-12-09,48179,WH001,802
2011-12-09,48179,WH002,510
2011-12-09,48179,WH003,185
2011-12-09,48179,WH004,240
2011-12-09,48179,WH005,135
2011-12-09,21662,WH001,462
2011-12-09,21662,WH002,169
2011-12-09,21662,WH003,198
2011-12-09,21662,WH004,181
2011-12-09,21662,WH005,307
2011-12-09,17033,WH001,481
2011-12-09,17033,WH002,682
2011-12-09,17033,WH003,797
2011-12-09,17033,WH004,820
2011-12-09,17033,WH005,790
2011-12-09,21248,WH001,555
2011-12-09,21248,WH002,781
2011-12-09,21248,WH003,318
2011-12-09,21248,WH004,215
2011-12-09,21248,WH005,364
2011-12-09,90035A,WH001,398
2011-12-09,90035A,WH002,515
2011-12-09,90035A,WH003,910
2011-12-09,90035A,WH004,551
2011-12-09,90035A,WH005,880
2011-12-09,90168,WH001,818
2011-12-09,90168,WH002,144
2011-12-09,90168,WH003,956
2011-12-09,90168,WH004,285
2011-12-09,90168,WH005,200
2011-12-09,21308,WH001,66
2011-12-09,21308,WH002,924
2011-12-09,21308,WH003,189
2011-12-09,21308,WH004,578
2011-12-09,21308,WH005,303
2011-12-09,85055,WH001,356
2011-12-09,85055,WH002,566
2011-12-09,85055,WH003,188
2011-12-09,85055,WH004,422
2011-12-09,85055,WH005,655
2011-12-09,21895,WH001,514
2011-12-09,21895,WH002,678
2011-12-09,21895,WH003,955
2011-12-09,21895,WH004,899
2011-12-09,21895,WH005,217
2011-12-09,21128,WH001,326
2011-12-09,21128,WH002,68
2011-12-09,21128,WH003,537
2011-12-09,21128,WH004,620
2011-12-09,21128,WH005,639
2011-12-09,20652,WH001,70
2011-12-09,20652,WH002,778
2011-12-09,20652,WH003,237
2011-12-09,20652,WH004,853
2011-12-09,20652,WH005,291
2011-12-09,21165,WH001,736
2011-12-09,21165,WH002,149
2011-12-09,21165,WH003,299
2011-12-09,21165,WH004,335
2011-12-09,21165,WH005,503
2011-12-09,21043,WH001,522
2011-12-09,21043,WH002,531
2011-12-09,21043,WH003,713
2011-12-09,21043,WH004,979
2011-12-09,21043,WH005,19
2011-12-09,23168,WH001,536
2011-12-09,23168,WH002,976
2011-12-09,23168,WH003,40
2011-12-09,23168,WH004,831
2011-12-09,23168,WH005,749
2011-12-09,22117,WH001,837
2011-12-09,22117,WH002,394
2011-12-09,22117,WH003,606
2011-12-09,22117,WH004,517
2011-12-09,22117,WH005,407
2011-12-09,22434,WH001,740
2011-12-09,22434,WH002,570
2011-12-09,22434,WH003,963
2011-12-09,22434,WH004,804
2011-12-09,22434,WH005,804
2011-12-09,72130,WH001,597
2011-12-09,72130,WH002,255
2011-12-09,72130,WH003,642
2011-12-09,72130,WH004,216
2011-12-09,72130,WH005,187
2011-12-09,85175,WH001,977
2011-12-09,85175,WH002,282
2011-12-09,85175,WH003,213
2011-12-09,85175,WH004,532
2011-12-09,85175,WH005,137
2011-12-09,51012C,WH001,875
2011-12-09,51012C,WH002,894
2011-12-09,51012C,WH003,590
2011-12-09,51012C,WH004,445
2011-12-09,51012C,WH005,457
2011-12-09,21627,WH001,48
2011-12-09,21627,WH002,392
2011-12-09,21627,WH003,593
2011-12-09,21627,WH004,624
2011-12-09,21627,WH005,368
2011-12-09,84449,WH001,709
2011-12-09,84449,WH002,437
2011-12-09,84449,WH003,497
2011-12-09,84449,WH004,599
2011-12-09,84449,WH005,951
2011-12-09,21066,WH001,991
2011-12-09,21066,WH002,592
2011-12-09,21066,WH003,110
2011-12-09,21066,WH004,282
2011-12-09,21066,WH005,236
2011-12-09,85231G,WH001,891
2011-12-09,85231G,WH002,836
2011-12-09,85231G,WH003,289
2011-12-09,85231G,WH004,136
2011-12-09,85231G,WH005,405
2011-12-09,16161G,WH001,973
2011-12-09,16161G,WH002,18
2011-12-09,16161G,WH003,328
2011-12-09,16161G,WH004,137
2011-12-09,16161G,WH005,630
2011-12-09,20860,WH001,864
2011-12-09,20860,WH002,196
2011-12-09,20860,WH003,385
2011-12-09,20860,WH004,316
2011-12-09,20860,WH005,132
2011-12-09,20769,WH001,554
2011-12-09,20769,WH002,165
2011-12-09,20769,WH003,964
2011-12-09,20769,WH004,312
2011-12-09,20769,WH005,378
2011-12-09,23554,WH001,658
2011-12-09,23554,WH002,902
2011-12-09,23554,WH003,105
2011-12-09,23554,WH004,208
2011-12-09,23554,WH005,979
2011-12-09,85114A,WH001,35
2011-12-09,85114A,WH002,218
2011-12-09,85114A,WH003,840
2011-12-09,85114A,WH004,913
2011-12-09,85114A,WH005,703
2011-12-09,22807,WH001,588
2011-12-09,22807,WH002,115
2011-12-09,22807,WH003,122
2011-12-09,22807,WH004,20
2011-12-09,22807,WH005,243
2011-12-09,84753A,WH001,820
2011-12-09,84753A,WH002,340
2011-12-09,84753A,WH003,171
2011-12-09,84753A,WH004,210
2011-12-09,84753A,WH005,478
2011-12-09,21755,WH001,418
2011-12-09,21755,WH002,852
2011-12-09,21755,WH003,835
2011-12-09,21755,WH004,569
2011-12-09,21755,WH005,969
2011-12-09,90123A,WH001,900
2011-12-09,90123A,WH002,91
2011-12-09,90123A,WH003,37
2011-12-09,90123A,WH004,143
2011-12-09,90123A,WH005,423
2011-12-09,20727,WH001,459
2011-12-09,20727,WH002,196
2011-12-09,20727,WH003,695
2011-12-09,20727,WH004,401
2011-12-09,20727,WH005,135
2011-12-09,23505,WH001,761
2011-12-09,23505,WH002,739
2011-12-09,23505,WH003,892
2011-12-09,23505,WH004,998
2011-12-09,23505,WH005,148
2011-12-09,21867,WH001,247
2011-12-09,21867,WH002,346
2011-12-09,21867,WH003,909
2011-12-09,21867,WH004,443
2011-12-09,21867,WH005,900
2011-12-09,23202,WH001,248
2011-12-09,23202,WH002,310
2011-12-09,23202,WH003,198
2011-12-09,23202,WH004,361
2011-12-09,23202,WH005,821
2011-12-09,23032,WH001,321
2011-12-09,23032,WH002,867
2011-12-09,23032,WH003,223
2011-12-09,23032,WH004,30
2011-12-09,23032,WH005,563
2011-12-09,23524,WH001,921
2011-12-09,23524,WH002,257
2011-12-09,23524,WH003,789
2011-12-09,23524,WH004,939
2011-12-09,23524,WH005,288
2011-12-09,23433,WH001,116
2011-12-09,23433,WH002,638
2011-12-09,23433,WH003,724
2011-12-09,23433,WH004,462
2011-12-09,23433,WH005,632
2011-12-09,90096,WH001,206
2011-12-09,90096,WH002,300
2011-12-09,90096,WH003,110
2011-12-09,90096,WH004,511
2011-12-09,90096,WH005,590
2011-12-09,90152B,WH001,845
2011-12-09,90152B,WH002,33
2011-12-09,90152B,WH003,786
2011-12-09,90152B,WH004,802
2011-12-09,90152B,WH005,790
2011-12-09,84898F,WH001,660
2011-12-09,84898F,WH002,728
2011-12-09,84898F,WH003,649
2011-12-09,84898F,WH004,205
2011-12-09,84898F,WH005,543
2011-12-09,47340A,WH001,270
2011-12-09,47340A,WH002,616
2011-12-09,47340A,WH003,818
2011-12-09,47340A,WH004,917
2011-12-09,47340A,WH005,678
2011-12-09,21179,WH001,558
2011-12-09,21179,WH002,200
2011-12-09,21179,WH003,276
2011-12-09,21179,WH004,163
2011-12-09,21179,WH005,722
2011-12-09,23475,WH001,487
2011-12-09,23475,WH002,335
2011-12-09,23475,WH003,559
2011-12-09,23475,WH004,865
2011-12-09,23475,WH005,373
2011-12-09,23405,WH001,440
2011-12-09,23405,WH002,361
2011-12-09,23405,WH003,266
2011-12-09,23405,WH004,468
2011-12-09,23405,WH005,77
2011-12-09,90122C,WH001,87
2011-12-09,90122C,WH002,333
2011-12-09,90122C,WH003,789
2011-12-09,90122C,WH004,517
2011-12-09,90122C,WH005,457
2011-12-09,84499,WH001,79
2011-12-09,84499,WH002,70
2011-12-09,84499,WH003,976
2011-12-09,84499,WH004,511
2011-12-09,84499,WH005,605
2011-12-09,90020,WH001,345
2011-12-09,90020,WH002,766
2011-12-09,90020,WH003,792
2011-12-09,90020,WH004,79
2011-12-09,90020,WH005,530
2011-12-09,37476,WH001,406
2011-12-09,37476,WH002,845
2011-12-09,37476,WH003,387
2011-12-09,37476,WH004,205
2011-12-09,37476,WH005,671
2011-12-09,84849A,WH001,305
2011-12-09,84849A,WH002,472
2011-12-09,84849A,WH003,238
2011-12-09,84849A,WH004,250
2011-12-09,84849A,WH005,934
2011-12-09,23031,WH001,748
2011-12-09,23031,WH002,308
2011-12-09,23031,WH003,694
2011-12-09,23031,WH004,532
2011-12-09,23031,WH005,409
2011-12-09,22272,WH001,163
2011-12-09,22272,WH002,875
2011-12-09,22272,WH003,10
2011-12-09,22272,WH004,140
2011-12-09,22272,WH005,474
2011-12-09,21788,WH001,514
2011-12-09,21788,WH002,589
2011-12-09,21788,WH003,849
2011-12-09,21788,WH004,986
2011-12-09,21788,WH005,706
2011-12-09,90036F,WH001,971
2011-12-09,90036F,WH002,526
2011-12-09,90036F,WH003,878
2011-12-09,90036F,WH004,94
2011-12-09,90036F,WH005,592
2011-12-09,84985B,WH001,34
2011-12-09,84985B,WH002,792
2011-12-09,84985B,WH003,669
2011-12-09,84985B,WH004,415
2011-12-09,84985B,WH005,437
2011-12-09,84968b,WH001,981
2011-12-09,84968b,WH002,417
2011-12-09,84968b,WH003,998
2011-12-09,84968b,WH004,391
2011-12-09,84968b,WH005,921
2011-12-09,20701,WH001,173
2011-12-09,20701,WH002,122
2011-12-09,20701,WH003,560
2011-12-09,20701,WH004,929
2011-12-09,20701,WH005,380
2011-12-09,48187,WH001,382
2011-12-09,48187,WH002,73
2011-12-09,48187,WH003,553
2011-12-09,48187,WH004,928
2011-12-09,48187,WH005,329
2011-12-09,72008,WH001,499
2011-12-09,72008,WH002,346
2011-12-09,72008,WH003,249
2011-12-09,72008,WH004,186
2011-12-09,72008,WH005,704
2011-12-09,90103,WH001,542
2011-12-09,90103,WH002,849
2011-12-09,90103,WH003,243
2011-12-09,90103,WH004,299
2011-12-09,90103,WH005,691
2011-12-09,82613c,WH001,928
2011-12-09,82613c,WH002,124
2011-12-09,82613c,WH003,591
2011-12-09,82613c,WH004,106
2011-12-09,82613c,WH005,260
2011-12-09,81952B,WH001,19
2011-12-09,81952B,WH002,702
2011-12-09,81952B,WH003,668
2011-12-09,81952B,WH004,619
2011-12-09,81952B,WH005,924
2011-12-09,21775,WH001,923
2011-12-09,21775,WH002,536
2011-12-09,21775,WH003,885
2011-12-09,21775,WH004,66
2011-12-09,21775,WH005,603
2011-12-09,84508B,WH001,757
2011-12-09,84508B,WH002,633
2011-12-09,84508B,WH003,365
2011-12-09,84508B,WH004,213
2011-12-09,84508B,WH005,16
2011-12-09,47586A,WH001,747
2011-12-09,47586A,WH002,4
2011-12-09,47586A,WH003,819
2011-12-09,47586A,WH004,923
2011-12-09,47586A,WH005,992
2011-12-09,10124A,WH001,267
2011-12-09,10124A,WH002,220
2011-12-09,10124A,WH003,747
2011-12-09,10124A,WH004,555
2011-12-09,10124A,WH005,211
2011-12-09,23151,WH001,971
2011-12-09,23151,WH002,466
2011-12-09,23151,WH003,719
2011-12-09,23151,WH004,297
2011-12-09,23151,WH005,331
2011-12-09,16240,WH001,993
2011-12-09,16240,WH002,44
2011-12-09,16240,WH003,446
2011-12-09,16240,WH004,978
2011-12-09,16240,WH005,998
2011-12-09,79163,WH001,641
2011-12-09,79163,WH002,81
2011-12-09,79163,WH003,820
2011-12-09,79163,WH004,229
2011-12-09,79163,WH005,79
2011-12-09,20990,WH001,624
2011-12-09,20990,WH002,577
2011-12-09,20990,WH003,258
2011-12-09,20990,WH004,920
2011-12-09,20990,WH005,616
2011-12-09,85197,WH001,630
2011-12-09,85197,WH002,159
2011-12-09,85197,WH003,380
2011-12-09,85197,WH004,569
2011-12-09,85197,WH005,298
2011-12-09,84874B,WH001,584
2011-12-09,84874B,WH002,99
2011-12-09,84874B,WH003,669
2011-12-09,84874B,WH004,3
2011-12-09,84874B,WH005,778
2011-12-09,22185,WH001,343
2011-12-09,22185,WH002,933
2011-12-09,22185,WH003,568
2011-12-09,22185,WH004,366
2011-12-09,22185,WH005,899
2011-12-09,35922,WH001,619
2011-12-09,35922,WH002,985
2011-12-09,35922,WH003,145
2011-12-09,35922,WH004,98
2011-12-09,35922,WH005,959
2011-12-09,85095,WH001,286
2011-12-09,85095,WH002,719
2011-12-09,85095,WH003,31
2011-12-09,85095,WH004,105
2011-12-09,85095,WH005,345
2011-12-09,22586,WH001,828
2011-12-09,22586,WH002,653
2011-12-09,22586,WH003,75
2011-12-09,22586,WH004,415
2011-12-09,22586,WH005,333
2011-12-09,23549,WH001,812
2011-12-09,23549,WH002,90
2011-12-09,23549,WH003,66
2011-12-09,23549,WH004,328
2011-12-09,23549,WH005,639
2011-12-09,72750C,WH001,792
2011-12-09,72750C,WH002,998
2011-12-09,72750C,WH003,838
2011-12-09,72750C,WH004,187
2011-12-09,72750C,WH005,379
2011-12-09,90165B,WH001,964
2011-12-09,90165B,WH002,564
2011-12-09,90165B,WH003,768
2011-12-09,90165B,WH004,727
2011-12-09,90165B,WH005,323
2011-12-09,23244,WH001,453
2011-12-09,23244,WH002,423
2011-12-09,23244,WH003,944
2011-12-09,23244,WH004,106
2011-12-09,23244,WH005,153
2011-12-09,84247H,WH001,682
2011-12-09,84247H,WH002,612
2011-12-09,84247H,WH003,561
2011-12-09,84247H,WH004,519
2011-12-09,84247H,WH005,180
2011-12-09,22183,WH001,235
2011-12-09,22183,WH002,525
2011-12-09,22183,WH003,63
2011-12-09,22183,WH004,956
2011-12-09,22183,WH005,971
2011-12-09,90026B,WH001,968
2011-12-09,90026B,WH002,681
2011-12-09,90026B,WH003,794
2011-12-09,90026B,WH004,233
2011-12-09,90026B,WH005,142
2011-12-09,21401,WH001,665
2011-12-09,21401,WH002,363
2011-12-09,21401,WH003,915
2011-12-09,21401,WH004,609
2011-12-09,21401,WH005,240
2011-12-09,35646,WH001,175
2011-12-09,35646,WH002,222
2011-12-09,35646,WH003,873
2011-12-09,35646,WH004,862
2011-12-09,35646,WH005,689
2011-12-09,21476,WH001,625
2011-12-09,21476,WH002,274
2011-12-09,21476,WH003,251
2011-12-09,21476,WH004,875
2011-12-09,21476,WH005,488
2011-12-09,85132C,WH001,689
2011-12-09,85132C,WH002,964
2011-12-09,85132C,WH003,820
2011-12-09,85132C,WH004,663
2011-12-09,85132C,WH005,641
2011-12-09,23204,WH001,743
2011-12-09,23204,WH002,959
2011-12-09,23204,WH003,667
2011-12-09,23204,WH004,859
2011-12-09,23204,WH005,945
2011-12-09,22933,WH001,946
2011-12-09,22933,WH002,691
2011-12-09,22933,WH003,926
2011-12-09,22933,WH004,491
2011-12-09,22933,WH005,619
2011-12-09,84660C,WH001,717
2011-12-09,84660C,WH002,851
2011-12-09,84660C,WH003,171
2011-12-09,84660C,WH004,368
2011-12-09,84660C,WH005,794
2011-12-09,22838,WH001,99
2011-12-09,22838,WH002,425
2011-12-09,22838,WH003,486
2011-12-09,22838,WH004,405
2011-12-09,22838,WH005,127
2011-12-09,22551,WH001,625
2011-12-09,22551,WH002,206
2011-12-09,22551,WH003,115
2011-12-09,22551,WH004,586
2011-12-09,22551,WH005,60
2011-12-09,21539,WH001,255
2011-12-09,21539,WH002,858
2011-12-09,21539,WH003,14
2011-12-09,21539,WH004,50
2011-12-09,21539,WH005,293
2011-12-09,22969,WH001,226
2011-12-09,22969,WH002,558
2011-12-09,22969,WH003,218
2011-12-09,22969,WH004,489
2011-12-09,22969,WH005,79
2011-12-09,22279,WH001,314
2011-12-09,22279,WH002,269
2011-12-09,22279,WH003,716
2011-12-09,22279,WH004,148
2011-12-09,22279,WH005,258
2011-12-09,47574B,WH001,758
2011-12-09,47574B,WH002,717
2011-12-09,47574B,WH003,344
2011-12-09,47574B,WH004,203
2011-12-09,47574B,WH005,915
2011-12-09,21056,WH001,72
2011-12-09,21056,WH002,869
2011-12-09,21056,WH003,361
2011-12-09,21056,WH004,295
2011-12-09,21056,WH005,859
2011-12-09,21967,WH001,902
2011-12-09,21967,WH002,738
2011-12-09,21967,WH003,58
2011-12-09,21967,WH004,703
2011-12-09,21967,WH005,852
2011-12-09,71459,WH001,77
2011-12-09,71459,WH002,917
2011-12-09,71459,WH003,178
2011-12-09,71459,WH004,527
2011-12-09,71459,WH005,657
2011-12-09,22108,WH001,327
2011-12-09,22108,WH002,683
2011-12-09,22108,WH003,359
2011-12-09,22108,WH004,411
2011-12-09,22108,WH005,57
2011-12-09,21830,WH001,916
2011-12-09,21830,WH002,247
2011-12-09,21830,WH003,971
2011-12-09,21830,WH004,277
2011-12-09,21830,WH005,153
2011-12-09,21817,WH001,397
2011-12-09,21817,WH002,223
2011-12-09,21817,WH003,755
2011-12-09,21817,WH004,976
2011-12-09,21817,WH005,627
2011-12-09,20827,WH001,803
2011-12-09,20827,WH002,859
2011-12-09,20827,WH003,233
2011-12-09,20827,WH004,964
2011-12-09,20827,WH005,899
2011-12-09,22545,WH001,942
2011-12-09,22545,WH002,638
2011-12-09,22545,WH003,902
2011-12-09,22545,WH004,552
2011-12-09,22545,WH005,733
2011-12-09,84508C,WH001,744
2011-12-09,84508C,WH002,891
2011-12-09,84508C,WH003,223
2011-12-09,84508C,WH004,37
2011-12-09,84508C,WH005,408
2011-12-09,22687,WH001,818
2011-12-09,22687,WH002,425
2011-12-09,22687,WH003,367
2011-12-09,22687,WH004,397
2011-12-09,22687,WH005,649
2011-12-09,35015,WH001,94
2011-12-09,35015,WH002,849
2011-12-09,35015,WH003,415
2011-12-09,35015,WH004,651
2011-12-09,35015,WH005,149
2011-12-09,22487,WH001,939
2011-12-09,22487,WH002,625
2011-12-09,22487,WH003,184
2011-12-09,22487,WH004,905
2011-12-09,22487,WH005,564
2011-12-09,84901,WH001,742
2011-12-09,84901,WH002,777
2011-12-09,84901,WH003,442
2011-12-09,84901,WH004,329
2011-12-09,84901,WH005,472
2011-12-09,37461,WH001,848
2011-12-09,37461,WH002,608
2011-12-09,37461,WH003,51
2011-12-09,37461,WH004,947
2011-12-09,37461,WH005,434
2011-12-09,21325,WH001,953
2011-12-09,21325,WH002,47
2011-12-09,21325,WH003,707
2011-12-09,21325,WH004,29
2011-12-09,21325,WH005,439
2011-12-09,35912B,WH001,769
2011-12-09,35912B,WH002,220
2011-12-09,35912B,WH003,71
2011-12-09,35912B,WH004,169
2011-12-09,35912B,WH005,219
2011-12-09,23128,WH001,7
2011-12-09,23128,WH002,956
2011-12-09,23128,WH003,365
2011-12-09,23128,WH004,607
2011-12-09,23128,WH005,61
2011-12-09,71406C,WH001,851
2011-12-09,71406C,WH002,694
2011-12-09,71406C,WH003,530
2011-12-09,71406C,WH004,147
2011-12-09,71406C,WH005,440
2011-12-09,22917,WH001,810
2011-12-09,22917,WH002,636
2011-12-09,22917,WH003,301
2011-12-09,22917,WH004,135
2011-12-09,22917,WH005,858
2011-12-09,21007,WH001,916
2011-12-09,21007,WH002,16
2011-12-09,21007,WH003,173
2011-12-09,21007,WH004,103
2011-12-09,21007,WH005,945
2011-12-09,90156,WH001,785
2011-12-09,90156,WH002,541
2011-12-09,90156,WH003,636
2011-12-09,90156,WH004,389
2011-12-09,90156,WH005,140
2011-12-09,23576,WH001,897
2011-12-09,23576,WH002,900
2011-12-09,23576,WH003,242
2011-12-09,23576,WH004,673
2011-12-09,23576,WH005,925
2011-12-09,22835,WH001,501
2011-12-09,22835,WH002,14
2011-12-09,22835,WH003,726
2011-12-09,22835,WH004,434
2011-12-09,22835,WH005,630
2011-12-09,84977,WH001,712
2011-12-09,84977,WH002,1
2011-12-09,84977,WH003,849
2011-12-09,84977,WH004,896
2011-12-09,84977,WH005,218
2011-12-09,22905,WH001,834
2011-12-09,22905,WH002,614
2011-12-09,22905,WH003,578
2011-12-09,22905,WH004,614
2011-12-09,22905,WH005,526
2011-12-09,84497,WH001,968
2011-12-09,84497,WH002,804
2011-12-09,84497,WH003,504
2011-12-09,84497,WH004,143
2011-12-09,84497,WH005,842
2011-12-09,47559B,WH001,944
2011-12-09,47559B,WH002,780
2011-12-09,47559B,WH003,935
2011-12-09,47559B,WH004,645
2011-12-09,47559B,WH005,431
2011-12-09,22837,WH001,464
2011-12-09,22837,WH002,596
2011-12-09,22837,WH003,1
2011-12-09,22837,WH004,661
2011-12-09,22837,WH005,58
2011-12-09,23131,WH001,788
2011-12-09,23131,WH002,798
2011-12-09,23131,WH003,827
2011-12-09,23131,WH004,317
2011-12-09,23131,WH005,706
2011-12-09,23165,WH001,287
2011-12-09,23165,WH002,818
2011-12-09,23165,WH003,353
2011-12-09,23165,WH004,277
2011-12-09,23165,WH005,74
2011-12-09,21368,WH001,491
2011-12-09,21368,WH002,132
2011-12-09,21368,WH003,886
2011-12-09,21368,WH004,642
2011-12-09,21368,WH005,690
2011-12-09,21590,WH001,969
2011-12-09,21590,WH002,763
2011-12-09,21590,WH003,250
2011-12-09,21590,WH004,453
2011-12-09,21590,WH005,87
2011-12-09,72741,WH001,523
2011-12-09,72741,WH002,607
2011-12-09,72741,WH003,139
2011-12-09,72741,WH004,791
2011-12-09,72741,WH005,655
2011-12-09,23390,WH001,378
2011-12-09,23390,WH002,596
2011-12-09,23390,WH003,267
2011-12-09,23390,WH004,978
2011-12-09,23390,WH005,597
2011-12-09,20729,WH001,501
2011-12-09,20729,WH002,390
2011-12-09,20729,WH003,477
2011-12-09,20729,WH004,582
2011-12-09,20729,WH005,522
2011-12-09,85027L,WH001,712
2011-12-09,85027L,WH002,870
2011-12-09,85027L,WH003,474
2011-12-09,85027L,WH004,565
2011-12-09,85027L,WH005,990
2011-12-09,71050,WH001,468
2011-12-09,71050,WH002,490
2011-12-09,71050,WH003,285
2011-12-09,71050,WH004,647
2011-12-09,71050,WH005,999
2011-12-09,23428,WH001,678
2011-12-09,23428,WH002,691
2011-12-09,23428,WH003,990
2011-12-09,23428,WH004,114
2011-12-09,23428,WH005,304
2011-12-09,21162,WH001,128
2011-12-09,21162,WH002,928
2011-12-09,21162,WH003,558
2011-12-09,21162,WH004,718
2011-12-09,21162,WH005,657
2011-12-09,79337,WH001,830
2011-12-09,79337,WH002,326
2011-12-09,79337,WH003,262
2011-12-09,79337,WH004,13
2011-12-09,79337,WH005,977
2011-12-09,21274,WH001,628
2011-12-09,21274,WH002,552
2011-12-09,21274,WH003,137
2011-12-09,21274,WH004,635
2011-12-09,21274,WH005,536
2011-12-09,22980,WH001,999
2011-12-09,22980,WH002,908
2011-12-09,22980,WH003,34
2011-12-09,22980,WH004,489
2011-12-09,22980,WH005,680
2011-12-09,82599,WH001,159
2011-12-09,82599,WH002,852
2011-12-09,82599,WH003,531
2011-12-09,82599,WH004,992
2011-12-09,82599,WH005,99
2011-12-09,22651,WH001,360
2011-12-09,22651,WH002,800
2011-12-09,22651,WH003,373
2011-12-09,22651,WH004,526
2011-12-09,22651,WH005,128
2011-12-09,47503J,WH001,384
2011-12-09,47503J,WH002,100
2011-12-09,47503J,WH003,547
2011-12-09,47503J,WH004,825
2011-12-09,47503J,WH005,196
2011-12-09,22150,WH001,6
2011-12-09,22150,WH002,302
2011-12-09,22150,WH003,891
2011-12-09,22150,WH004,343
2011-12-09,22150,WH005,305
2011-12-09,22046,WH001,628
2011-12-09,22046,WH002,820
2011-12-09,22046,WH003,593
2011-12-09,22046,WH004,254
2011-12-09,22046,WH005,120
2011-12-09,22597,WH001,587
2011-12-09,22597,WH002,886
2011-12-09,22597,WH003,775
2011-12-09,22597,WH004,250
2011-12-09,22597,WH005,172
2011-12-09,46000R,WH001,867
2011-12-09,46000R,WH002,823
2011-12-09,46000R,WH003,344
2011-12-09,46000R,WH004,632
2011-12-09,46000R,WH005,514
2011-12-09,23119,WH001,130
2011-12-09,23119,WH002,473
2011-12-09,23119,WH003,428
2011-12-09,23119,WH004,664
2011-12-09,23119,WH005,366
2011-12-09,21849,WH001,261
2011-12-09,21849,WH002,502
2011-12-09,21849,WH003,655
2011-12-09,21849,WH004,240
2011-12-09,21849,WH005,432
2011-12-09,21827,WH001,971
2011-12-09,21827,WH002,736
2011-12-09,21827,WH003,451
2011-12-09,21827,WH004,555
2011-12-09,21827,WH005,955
2011-12-09,21026,WH001,784
2011-12-09,21026,WH002,737
2011-12-09,21026,WH003,884
2011-12-09,21026,WH004,124
2011-12-09,21026,WH005,418
2011-12-09,22270,WH001,817
2011-12-09,22270,WH002,195
2011-12-09,22270,WH003,219
2011-12-09,22270,WH004,72
2011-12-09,22270,WH005,934
2011-12-09,21905,WH001,347
2011-12-09,21905,WH002,132
2011-12-09,21905,WH003,576
2011-12-09,21905,WH004,884
2011-12-09,21905,WH005,703
2011-12-09,21457,WH001,10
2011-12-09,21457,WH002,643
2011-12-09,21457,WH003,367
2011-12-09,21457,WH004,181
2011-12-09,21457,WH005,907
2011-12-09,21615,WH001,488
2011-12-09,21615,WH002,863
2011-12-09,21615,WH003,769
2011-12-09,21615,WH004,362
2011-12-09,21615,WH005,786
2011-12-09,85132c,WH001,312
2011-12-09,85132c,WH002,597
2011-12-09,85132c,WH003,691
2011-12-09,85132c,WH004,133
2011-12-09,85132c,WH005,859
2011-12-09,90070,WH001,441
2011-12-09,90070,WH002,931
2011-12-09,90070,WH003,0
2011-12-09,90070,WH004,852
2011-12-09,90070,WH005,684
2011-12-09,21239,WH001,927
2011-12-09,21239,WH002,379
2011-12-09,21239,WH003,144
2011-12-09,21239,WH004,196
2011-12-09,21239,WH005,793
2011-12-09,21869,WH001,227
2011-12-09,21869,WH002,143
2011-12-09,21869,WH003,6
2011-12-09,21869,WH004,4
2011-12-09,21869,WH005,840
2011-12-09,20885,WH001,427
2011-12-09,20885,WH002,4
2011-12-09,20885,WH003,990
2011-12-09,20885,WH004,355
2011-12-09,20885,WH005,836
2011-12-09,35978,WH001,635
2011-12-09,35978,WH002,386
2011-12-09,35978,WH003,817
2011-12-09,35978,WH004,308
2011-12-09,35978,WH005,955
2011-12-09,15056P,WH001,85
2011-12-09,15056P,WH002,280
2011-12-09,15056P,WH003,948
2011-12-09,15056P,WH004,1
2011-12-09,15056P,WH005,72
2011-12-09,79406,WH001,740
2011-12-09,79406,WH002,317
2011-12-09,79406,WH003,508
2011-12-09,79406,WH004,387
2011-12-09,79406,WH005,417
2011-12-09,23169,WH001,943
2011-12-09,23169,WH002,706
2011-12-09,23169,WH003,279
2011-12-09,23169,WH004,993
2011-12-09,23169,WH005,260
2011-12-09,22643,WH001,225
2011-12-09,22643,WH002,718
2011-12-09,22643,WH003,627
2011-12-09,22643,WH004,59
2011-12-09,22643,WH005,596
2011-12-09,21661,WH001,571
2011-12-09,21661,WH002,615
2011-12-09,21661,WH003,209
2011-12-09,21661,WH004,529
2011-12-09,21661,WH005,91
2011-12-09,46126A,WH001,974
2011-12-09,46126A,WH002,977
2011-12-09,46126A,WH003,253
2011-12-09,46126A,WH004,346
2011-12-09,46126A,WH005,872
2011-12-09,81950V,WH001,375
2011-12-09,81950V,WH002,659
2011-12-09,81950V,WH003,947
2011-12-09,81950V,WH004,907
2011-12-09,81950V,WH005,625
2011-12-09,23283,WH001,796
2011-12-09,23283,WH002,843
2011-12-09,23283,WH003,659
2011-12-09,23283,WH004,362
2011-12-09,23283,WH005,46
2011-12-09,22435,WH001,904
2011-12-09,22435,WH002,604
2011-12-09,22435,WH003,85
2011-12-09,22435,WH004,222
2011-12-09,22435,WH005,40
2011-12-09,23660,WH001,339
2011-12-09,23660,WH002,227
2011-12-09,23660,WH003,397
2011-12-09,23660,WH004,945
2011-12-09,23660,WH005,873
2011-12-09,90130C,WH001,848
2011-12-09,90130C,WH002,936
2011-12-09,90130C,WH003,93
2011-12-09,90130C,WH004,771
2011-12-09,90130C,WH005,824
2011-12-09,23397,WH001,151
2011-12-09,23397,WH002,363
2011-12-09,23397,WH003,394
2011-12-09,23397,WH004,585
2011-12-09,23397,WH005,5
2011-12-09,90002A,WH001,72
2011-12-09,90002A,WH002,857
2011-12-09,90002A,WH003,428
2011-12-09,90002A,WH004,137
2011-12-09,90002A,WH005,287
2011-12-09,22594,WH001,648
2011-12-09,22594,WH002,107
2011-12-09,22594,WH003,531
2011-12-09,22594,WH004,771
2011-12-09,22594,WH005,253
2011-12-09,21497,WH001,306
2011-12-09,21497,WH002,580
2011-12-09,21497,WH003,711
2011-12-09,21497,WH004,303
2011-12-09,21497,WH005,940
2011-12-09,23497,WH001,313
2011-12-09,23497,WH002,529
2011-12-09,23497,WH003,132
2011-12-09,23497,WH004,748
2011-12-09,23497,WH005,548
2011-12-09,21191,WH001,649
2011-12-09,21191,WH002,897
2011-12-09,21191,WH003,299
2011-12-09,21191,WH004,346
2011-12-09,21191,WH005,308
2011-12-09,20819,WH001,576
2011-12-09,20819,WH002,284
2011-12-09,20819,WH003,376
2011-12-09,20819,WH004,293
2011-12-09,20819,WH005,281
2011-12-09,22940,WH001,94
2011-12-09,22940,WH002,491
2011-12-09,22940,WH003,762
2011-12-09,22940,WH004,253
2011-12-09,22940,WH005,765
2011-12-09,84212,WH001,690
2011-12-09,84212,WH002,66
2011-12-09,84212,WH003,912
2011-12-09,84212,WH004,225
2011-12-09,84212,WH005,419
2011-12-09,90037C,WH001,166
2011-12-09,90037C,WH002,675
2011-12-09,90037C,WH003,410
2011-12-09,90037C,WH004,245
2011-12-09,90037C,WH005,549
2011-12-09,21426,WH001,516
2011-12-09,21426,WH002,274
2011-12-09,21426,WH003,593
2011-12-09,21426,WH004,678
2011-12-09,21426,WH005,838
2011-12-09,84993a,WH001,876
2011-12-09,84993a,WH002,689
2011-12-09,84993a,WH003,805
2011-12-09,84993a,WH004,292
2011-12-09,84993a,WH005,773
2011-12-09,35603C,WH001,780
2011-12-09,35603C,WH002,652
2011-12-09,35603C,WH003,848
2011-12-09,35603C,WH004,747
2011-12-09,35603C,WH005,548
2011-12-09,21908,WH001,567
2011-12-09,21908,WH002,569
2011-12-09,21908,WH003,348
2011-12-09,21908,WH004,679
2011-12-09,21908,WH005,804
2011-12-09,21400,WH001,466
2011-12-09,21400,WH002,769
2011-12-09,21400,WH003,575
2011-12-09,21400,WH004,692
2011-12-09,21400,WH005,691
2011-12-09,22092,WH001,36
2011-12-09,22092,WH002,272
2011-12-09,22092,WH003,704
2011-12-09,22092,WH004,83
2011-12-09,22092,WH005,219
2011-12-09,21388,WH001,312
2011-12-09,21388,WH002,810
2011-12-09,21388,WH003,397
2011-12-09,21388,WH004,878
2011-12-09,21388,WH005,893
2011-12-09,85035B,WH001,661
2011-12-09,85035B,WH002,907
2011-12-09,85035B,WH003,4
2011-12-09,85035B,WH004,617
2011-12-09,85035B,WH005,649
2011-12-09,22405,WH001,96
2011-12-09,22405,WH002,665
2011-12-09,22405,WH003,139
2011-12-09,22405,WH004,74
2011-12-09,22405,WH005,2
2011-12-09,90089,WH001,754
2011-12-09,90089,WH002,446
2011-12-09,90089,WH003,353
2011-12-09,90089,WH004,673
2011-12-09,90089,WH005,138
2011-12-09,21269,WH001,939
2011-12-09,21269,WH002,20
2011-12-09,21269,WH003,224
2011-12-09,21269,WH004,729
2011-12-09,21269,WH005,136
2011-12-09,20974,WH001,282
2011-12-09,20974,WH002,268
2011-12-09,20974,WH003,42
2011-12-09,20974,WH004,543
2011-12-09,20974,WH005,761
2011-12-09,84670,WH001,37
2011-12-09,84670,WH002,313
2011-12-09,84670,WH003,829
2011-12-09,84670,WH004,685
2011-12-09,84670,WH005,617
2011-12-09,84536A,WH001,31
2011-12-09,84536A,WH002,766
2011-12-09,84536A,WH003,614
2011-12-09,84536A,WH004,952
2011-12-09,84536A,WH005,475
2011-12-09,21416,WH001,727
2011-12-09,21416,WH002,524
2011-12-09,21416,WH003,809
2011-12-09,21416,WH004,522
2011-12-09,21416,WH005,654
2011-12-09,21846,WH001,433
2011-12-09,21846,WH002,275
2011-12-09,21846,WH003,173
2011-12-09,21846,WH004,211
2011-12-09,21846,WH005,588
2011-12-09,21724,WH001,978
2011-12-09,21724,WH002,266
2011-12-09,21724,WH003,412
2011-12-09,21724,WH004,405
2011-12-09,21724,WH005,506
2011-12-09,85019A,WH001,819
2011-12-09,85019A,WH002,205
2011-12-09,85019A,WH003,232
2011-12-09,85019A,WH004,117
2011-12-09,85019A,WH005,69
2011-12-09,23565,WH001,448
2011-12-09,23565,WH002,150
2011-12-09,23565,WH003,634
2011-12-09,23565,WH004,158
2011-12-09,23565,WH005,873
2011-12-09,21912,WH001,241
2011-12-09,21912,WH002,329
2011-12-09,21912,WH003,954
2011-12-09,21912,WH004,402
2011-12-09,21912,WH005,756
2011-12-09,20823,WH001,870
2011-12-09,20823,WH002,544
2011-12-09,20823,WH003,708
2011-12-09,20823,WH004,84
2011-12-09,20823,WH005,283
2011-12-09,16256C,WH001,113
2011-12-09,16256C,WH002,915
2011-12-09,16256C,WH003,879
2011-12-09,16256C,WH004,47
2011-12-09,16256C,WH005,528
2011-12-09,22898,WH001,643
2011-12-09,22898,WH002,511
2011-12-09,22898,WH003,972
2011-12-09,22898,WH004,21
2011-12-09,22898,WH005,58
2011-12-09,20670,WH001,994
2011-12-09,20670,WH002,552
2011-12-09,20670,WH003,586
2011-12-09,20670,WH004,368
2011-12-09,20670,WH005,207
2011-12-09,84976,WH001,411
2011-12-09,84976,WH002,629
2011-12-09,84976,WH003,238
2011-12-09,84976,WH004,108
2011-12-09,84976,WH005,906
2011-12-09,84933D,WH001,722
2011-12-09,84933D,WH002,159
2011-12-09,84933D,WH003,102
2011-12-09,84933D,WH004,82
2011-12-09,84933D,WH005,886
2011-12-09,22180,WH001,100
2011-12-09,22180,WH002,4
2011-12-09,22180,WH003,40
2011-12-09,22180,WH004,480
2011-12-09,22180,WH005,569
2011-12-09,20855,WH001,301
2011-12-09,20855,WH002,253
2011-12-09,20855,WH003,924
2011-12-09,20855,WH004,900
2011-12-09,20855,WH005,214
2011-12-09,90024B,WH001,776
2011-12-09,90024B,WH002,559
2011-12-09,90024B,WH003,610
2011-12-09,90024B,WH004,828
2011-12-09,90024B,WH005,270
2011-12-09,21639,WH001,916
2011-12-09,21639,WH002,961
2011-12-09,21639,WH003,661
2011-12-09,21639,WH004,166
2011-12-09,21639,WH005,424
2011-12-09,79030G,WH001,931
2011-12-09,79030G,WH002,778
2011-12-09,79030G,WH003,325
2011-12-09,79030G,WH004,894
2011-12-09,79030G,WH005,704
2011-12-09,90146,WH001,816
2011-12-09,90146,WH002,703
2011-12-09,90146,WH003,965
2011-12-09,90146,WH004,535
2011-12-09,90146,WH005,20
2011-12-09,84406B,WH001,333
2011-12-09,84406B,WH002,547
2011-12-09,84406B,WH003,256
2011-12-09,84406B,WH004,522
2011-12-09,84406B,WH005,434
2011-12-09,72132,WH001,172
2011-12-09,72132,WH002,908
2011-12-09,72132,WH003,473
2011-12-09,72132,WH004,316
2011-12-09,72132,WH005,400
2011-12-09,20901,WH001,613
2011-12-09,20901,WH002,233
2011-12-09,20901,WH003,81
2011-12-09,20901,WH004,576
2011-12-09,20901,WH005,172
2011-12-09,35832,WH001,997
2011-12-09,35832,WH002,14
2011-12-09,35832,WH003,836
2011-12-09,35832,WH004,913
2011-12-09,35832,WH005,637
2011-12-09,23467,WH001,617
2011-12-09,23467,WH002,908
2011-12-09,23467,WH003,742
2011-12-09,23467,WH004,38
2011-12-09,23467,WH005,721
2011-12-09,48185,WH001,451
2011-12-09,48185,WH002,20
2011-12-09,48185,WH003,223
2011-12-09,48185,WH004,469
2011-12-09,48185,WH005,102
2011-12-09,84688,WH001,895
2011-12-09,84688,WH002,279
2011-12-09,84688,WH003,733
2011-12-09,84688,WH004,248
2011-12-09,84688,WH005,705
2011-12-09,22564,WH001,907
2011-12-09,22564,WH002,620
2011-12-09,22564,WH003,918
2011-12-09,22564,WH004,292
2011-12-09,22564,WH005,179
2011-12-09,90039C,WH001,362
2011-12-09,90039C,WH002,703
2011-12-09,90039C,WH003,0
2011-12-09,90039C,WH004,397
2011-12-09,90039C,WH005,676
2011-12-09,17013C,WH001,665
2011-12-09,17013C,WH002,259
2011-12-09,17013C,WH003,239
2011-12-09,17013C,WH004,362
2011-12-09,17013C,WH005,330
2011-12-09,21541,WH001,84
2011-12-09,21541,WH002,322
2011-12-09,21541,WH003,875
2011-12-09,21541,WH004,649
2011-12-09,21541,WH005,173
2011-12-09,22743,WH001,937
2011-12-09,22743,WH002,445
2011-12-09,22743,WH003,308
2011-12-09,22743,WH004,361
2011-12-09,22743,WH005,839
2011-12-09,22417,WH001,203
2011-12-09,22417,WH002,949
2011-12-09,22417,WH003,847
2011-12-09,22417,WH004,135
2011-12-09,22417,WH005,256
2011-12-09,72802A,WH001,526
2011-12-09,72802A,WH002,316
2011-12-09,72802A,WH003,836
2011-12-09,72802A,WH004,826
2011-12-09,72802A,WH005,881
2011-12-09,84313B,WH001,417
2011-12-09,84313B,WH002,123
2011-12-09,84313B,WH003,567
2011-12-09,84313B,WH004,888
2011-12-09,84313B,WH005,771
2011-12-09,84510C,WH001,264
2011-12-09,84510C,WH002,353
2011-12-09,84510C,WH003,602
2011-12-09,84510C,WH004,453
2011-12-09,84510C,WH005,683
2011-12-09,21504,WH001,328
2011-12-09,21504,WH002,272
2011-12-09,21504,WH003,89
2011-12-09,21504,WH004,754
2011-12-09,21504,WH005,682
2011-12-09,23292,WH001,917
2011-12-09,23292,WH002,370
2011-12-09,23292,WH003,687
2011-12-09,23292,WH004,54
2011-12-09,23292,WH005,926
2011-12-09,90034,WH001,956
2011-12-09,90034,WH002,418
2011-12-09,90034,WH003,447
2011-12-09,90034,WH004,180
2011-12-09,90034,WH005,16
2011-12-09,18096C,WH001,180
2011-12-09,18096C,WH002,360
2011-12-09,18096C,WH003,385
2011-12-09,18096C,WH004,737
2011-12-09,18096C,WH005,204
2011-12-09,22215,WH001,266
2011-12-09,22215,WH002,967
2011-12-09,22215,WH003,30
2011-12-09,22215,WH004,865
2011-12-09,22215,WH005,988
2011-12-09,m,WH001,304
2011-12-09,m,WH002,620
2011-12-09,m,WH003,134
2011-12-09,m,WH004,496
2011-12-09,m,WH005,54
2011-12-09,23413,WH001,784
2011-12-09,23413,WH002,746
2011-12-09,23413,WH003,299
2011-12-09,23413,WH004,377
2011-12-09,23413,WH005,637
2011-12-09,20966,WH001,905
2011-12-09,20966,WH002,34
2011-12-09,20966,WH003,107
2011-12-09,20966,WH004,290
2011-12-09,20966,WH005,486
2011-12-09,22930,WH001,44
2011-12-09,22930,WH002,853
2011-12-09,22930,WH003,215
2011-12-09,22930,WH004,495
2011-12-09,22930,WH005,840
2011-12-09,21469,WH001,555
2011-12-09,21469,WH002,374
2011-12-09,21469,WH003,625
2011-12-09,21469,WH004,84
2011-12-09,21469,WH005,345
2011-12-09,22471,WH001,977
2011-12-09,22471,WH002,979
2011-12-09,22471,WH003,442
2011-12-09,22471,WH004,751
2011-12-09,22471,WH005,184
2011-12-09,84584,WH001,996
2011-12-09,84584,WH002,357
2011-12-09,84584,WH003,372
2011-12-09,84584,WH004,41
2011-12-09,84584,WH005,381
2011-12-09,90174,WH001,414
2011-12-09,90174,WH002,975
2011-12-09,90174,WH003,362
2011-12-09,90174,WH004,893
2011-12-09,90174,WH005,917
2011-12-09,21918,WH001,867
2011-12-09,21918,WH002,643
2011-12-09,21918,WH003,527
2011-12-09,21918,WH004,628
2011-12-09,21918,WH005,966
2011-12-09,21836,WH001,947
2011-12-09,21836,WH002,78
2011-12-09,21836,WH003,143
2011-12-09,21836,WH004,508
2011-12-09,21836,WH005,528
2011-12-09,23332,WH001,672
2011-12-09,23332,WH002,646
2011-12-09,23332,WH003,401
2011-12-09,23332,WH004,471
2011-12-09,23332,WH005,827
2011-12-09,35933,WH001,193
2011-12-09,35933,WH002,270
2011-12-09,35933,WH003,267
2011-12-09,35933,WH004,297
2011-12-09,35933,WH005,15
2011-12-09,90040C,WH001,7
2011-12-09,90040C,WH002,256
2011-12-09,90040C,WH003,994
2011-12-09,90040C,WH004,559
2011-12-09,90040C,WH005,818
2011-12-09,85178,WH001,839
2011-12-09,85178,WH002,269
2011-12-09,85178,WH003,694
2011-12-09,85178,WH004,614
2011-12-09,85178,WH005,944
2011-12-09,22571,WH001,15
2011-12-09,22571,WH002,993
2011-12-09,22571,WH003,379
2011-12-09,22571,WH004,272
2011-12-09,22571,WH005,530
2011-12-09,21055,WH001,650
2011-12-09,21055,WH002,476
2011-12-09,21055,WH003,740
2011-12-09,21055,WH004,337
2011-12-09,21055,WH005,51
2011-12-09,84824,WH001,549
2011-12-09,84824,WH002,508
2011-12-09,84824,WH003,403
2011-12-09,84824,WH004,773
2011-12-09,84824,WH005,852
2011-12-09,37343,WH001,468
2011-12-09,37343,WH002,240
2011-12-09,37343,WH003,415
2011-12-09,37343,WH004,731
2011-12-09,37343,WH005,549
2011-12-09,84456,WH001,795
2011-12-09,84456,WH002,107
2011-12-09,84456,WH003,948
2011-12-09,84456,WH004,74
2011-12-09,84456,WH005,669
2011-12-09,85088,WH001,10
2011-12-09,85088,WH002,415
2011-12-09,85088,WH003,412
2011-12-09,85088,WH004,494
2011-12-09,85088,WH005,460
2011-12-09,22900,WH001,75
2011-12-09,22900,WH002,945
2011-12-09,22900,WH003,569
2011-12-09,22900,WH004,910
2011-12-09,22900,WH005,158
2011-12-09,75178,WH001,380
2011-12-09,75178,WH002,259
2011-12-09,75178,WH003,969
2011-12-09,75178,WH004,479
2011-12-09,75178,WH005,158
2011-12-09,23229,WH001,479
2011-12-09,23229,WH002,237
2011-12-09,23229,WH003,583
2011-12-09,23229,WH004,519
2011-12-09,23229,WH005,773
2011-12-09,10134,WH001,373
2011-12-09,10134,WH002,213
2011-12-09,10134,WH003,530
2011-12-09,10134,WH004,382
2011-12-09,10134,WH005,5
2011-12-09,90143,WH001,361
2011-12-09,90143,WH002,675
2011-12-09,90143,WH003,707
2011-12-09,90143,WH004,274
2011-12-09,90143,WH005,699
2011-12-09,35838A,WH001,307
2011-12-09,35838A,WH002,2
2011-12-09,35838A,WH003,912
2011-12-09,35838A,WH004,7
2011-12-09,35838A,WH005,886
2011-12-09,20774,WH001,117
2011-12-09,20774,WH002,406
2011-12-09,20774,WH003,584
2011-12-09,20774,WH004,376
2011-12-09,20774,WH005,243
2011-12-09,84661C,WH001,790
2011-12-09,84661C,WH002,424
2011-12-09,84661C,WH003,729
2011-12-09,84661C,WH004,0
2011-12-09,84661C,WH005,137
2011-12-09,21578,WH001,501
2011-12-09,21578,WH002,399
2011-12-09,21578,WH003,873
2011-12-09,21578,WH004,498
2011-12-09,21578,WH005,860
2011-12-09,22320,WH001,472
2011-12-09,22320,WH002,625
2011-12-09,22320,WH003,102
2011-12-09,22320,WH004,362
2011-12-09,22320,WH005,630
2011-12-09,21780,WH001,293
2011-12-09,21780,WH002,636
2011-12-09,21780,WH003,559
2011-12-09,21780,WH004,784
2011-12-09,21780,WH005,686
2011-12-09,22815,WH001,604
2011-12-09,22815,WH002,87
2011-12-09,22815,WH003,44
2011-12-09,22815,WH004,627
2011-12-09,22815,WH005,244
2011-12-09,20861,WH001,662
2011-12-09,20861,WH002,535
2011-12-09,20861,WH003,250
2011-12-09,20861,WH004,415
2011-12-09,20861,WH005,394
2011-12-09,22049,WH001,611
2011-12-09,22049,WH002,222
2011-12-09,22049,WH003,71
2011-12-09,22049,WH004,345
2011-12-09,22049,WH005,307
2011-12-09,85225,WH001,493
2011-12-09,85225,WH002,217
2011-12-09,85225,WH003,348
2011-12-09,85225,WH004,584
2011-12-09,85225,WH005,192
2011-12-09,23354,WH001,123
2011-12-09,23354,WH002,977
2011-12-09,23354,WH003,339
2011-12-09,23354,WH004,484
2011-12-09,23354,WH005,849
2011-12-09,72781,WH001,558
2011-12-09,72781,WH002,706
2011-12-09,72781,WH003,460
2011-12-09,72781,WH004,444
2011-12-09,72781,WH005,558
2011-12-09,85089,WH001,502
2011-12-09,85089,WH002,46
2011-12-09,85089,WH003,15
2011-12-09,85089,WH004,8
2011-12-09,85089,WH005,814
2011-12-09,84920,WH001,725
2011-12-09,84920,WH002,316
2011-12-09,84920,WH003,870
2011-12-09,84920,WH004,248
2011-12-09,84920,WH005,532
2011-12-09,85159A,WH001,319
2011-12-09,85159A,WH002,699
2011-12-09,85159A,WH003,199
2011-12-09,85159A,WH004,276
2011-12-09,85159A,WH005,817
2011-12-09,85146,WH001,18
2011-12-09,85146,WH002,57
2011-12-09,85146,WH003,270
2011-12-09,85146,WH004,474
2011-12-09,85146,WH005,550
2011-12-09,35071,WH001,656
2011-12-09,35071,WH002,695
2011-12-09,35071,WH003,50
2011-12-09,35071,WH004,475
2011-12-09,35071,WH005,525
2011-12-09,23182,WH001,859
2011-12-09,23182,WH002,405
2011-12-09,23182,WH003,791
2011-12-09,23182,WH004,725
2011-12-09,23182,WH005,434
2011-12-09,90162B,WH001,885
2011-12-09,90162B,WH002,98
2011-12-09,90162B,WH003,33
2011-12-09,90162B,WH004,655
2011-12-09,90162B,WH005,268
2011-12-09,23180,WH001,273
2011-12-09,23180,WH002,648
2011-12-09,23180,WH003,537
2011-12-09,23180,WH004,956
2011-12-09,23180,WH005,388
2011-12-09,22765,WH001,952
2011-12-09,22765,WH002,944
2011-12-09,22765,WH003,996
2011-12-09,22765,WH004,613
2011-12-09,22765,WH005,849
2011-12-09,21299,WH001,42
2011-12-09,21299,WH002,118
2011-12-09,21299,WH003,187
2011-12-09,21299,WH004,810
2011-12-09,21299,WH005,964
2011-12-09,22137,WH001,165
2011-12-09,22137,WH002,208
2011-12-09,22137,WH003,509
2011-12-09,22137,WH004,340
2011-12-09,22137,WH005,572
2011-12-09,84913B,WH001,970
2011-12-09,84913B,WH002,626
2011-12-09,84913B,WH003,876
2011-12-09,84913B,WH004,124
2011-12-09,84913B,WH005,217
2011-12-09,85159B,WH001,761
2011-12-09,85159B,WH002,210
2011-12-09,85159B,WH003,70
2011-12-09,85159B,WH004,600
2011-12-09,85159B,WH005,958
2011-12-09,21110,WH001,783
2011-12-09,21110,WH002,516
2011-12-09,21110,WH003,680
2011-12-09,21110,WH004,325
2011-12-09,21110,WH005,488
2011-12-09,23188,WH001,197
2011-12-09,23188,WH002,599
2011-12-09,23188,WH003,923
2011-12-09,23188,WH004,263
2011-12-09,23188,WH005,714
2011-12-09,22115,WH001,332
2011-12-09,22115,WH002,556
2011-12-09,22115,WH003,464
2011-12-09,22115,WH004,723
2011-12-09,22115,WH005,80
2011-12-09,22276,WH001,864
2011-12-09,22276,WH002,190
2011-12-09,22276,WH003,471
2011-12-09,22276,WH004,390
2011-12-09,22276,WH005,961
2011-12-09,23339,WH001,503
2011-12-09,23339,WH002,229
2011-12-09,23339,WH003,831
2011-12-09,23339,WH004,782
2011-12-09,23339,WH005,853
2011-12-09,22152,WH001,635
2011-12-09,22152,WH002,472
2011-12-09,22152,WH003,999
2011-12-09,22152,WH004,753
2011-12-09,22152,WH005,853
2011-12-09,23012,WH001,970
2011-12-09,23012,WH002,988
2011-12-09,23012,WH003,154
2011-12-09,23012,WH004,693
2011-12-09,23012,WH005,850
2011-12-09,22058,WH001,575
2011-12-09,22058,WH002,974
2011-12-09,22058,WH003,446
2011-12-09,22058,WH004,903
2011-12-09,22058,WH005,429
2011-12-09,84858A,WH001,617
2011-12-09,84858A,WH002,716
2011-12-09,84858A,WH003,973
2011-12-09,84858A,WH004,152
2011-12-09,84858A,WH005,992
2011-12-09,21781,WH001,269
2011-12-09,21781,WH002,577
2011-12-09,21781,WH003,435
2011-12-09,21781,WH004,13
2011-12-09,21781,WH005,847
2011-12-09,23019,WH001,210
2011-12-09,23019,WH002,18
2011-12-09,23019,WH003,250
2011-12-09,23019,WH004,171
2011-12-09,23019,WH005,540
2011-12-09,23224,WH001,856
2011-12-09,23224,WH002,284
2011-12-09,23224,WH003,509
2011-12-09,23224,WH004,324
2011-12-09,23224,WH005,403
2011-12-09,23008,WH001,210
2011-12-09,23008,WH002,37
2011-12-09,23008,WH003,174
2011-12-09,23008,WH004,583
2011-12-09,23008,WH005,365
2011-12-09,21411,WH001,669
2011-12-09,21411,WH002,327
2011-12-09,21411,WH003,128
2011-12-09,21411,WH004,391
2011-12-09,21411,WH005,659
2011-12-09,37448,WH001,217
2011-12-09,37448,WH002,953
2011-12-09,37448,WH003,816
2011-12-09,37448,WH004,548
2011-12-09,37448,WH005,905
2011-12-09,82578,WH001,224
2011-12-09,82578,WH002,851
2011-12-09,82578,WH003,770
2011-12-09,82578,WH004,757
2011-12-09,82578,WH005,149
2011-12-09,22125,WH001,715
2011-12-09,22125,WH002,199
2011-12-09,22125,WH003,708
2011-12-09,22125,WH004,743
2011-12-09,22125,WH005,339
2011-12-09,84029D,WH001,869
2011-12-09,84029D,WH002,81
2011-12-09,84029D,WH003,310
2011-12-09,84029D,WH004,709
2011-12-09,84029D,WH005,552
2011-12-09,21231,WH001,823
2011-12-09,21231,WH002,562
2011-12-09,21231,WH003,639
2011-12-09,21231,WH004,739
2011-12-09,21231,WH005,930
2011-12-09,75013B,WH001,167
2011-12-09,75013B,WH002,703
2011-12-09,75013B,WH003,80
2011-12-09,75013B,WH004,409
2011-12-09,75013B,WH005,732
2011-12-09,21462,WH001,650
2011-12-09,21462,WH002,948
2011-12-09,21462,WH003,703
2011-12-09,21462,WH004,955
2011-12-09,21462,WH005,773
2011-12-09,23256,WH001,822
2011-12-09,23256,WH002,917
2011-12-09,23256,WH003,921
2011-12-09,23256,WH004,55
2011-12-09,23256,WH005,238
2011-12-09,20659,WH001,421
2011-12-09,20659,WH002,27
2011-12-09,20659,WH003,863
2011-12-09,20659,WH004,181
2011-12-09,20659,WH005,106
2011-12-09,21511,WH001,606
2011-12-09,21511,WH002,429
2011-12-09,21511,WH003,527
2011-12-09,21511,WH004,82
2011-12-09,21511,WH005,965
2011-12-09,21466,WH001,638
2011-12-09,21466,WH002,102
2011-12-09,21466,WH003,827
2011-12-09,21466,WH004,215
2011-12-09,21466,WH005,37
2011-12-09,90202D,WH001,16
2011-12-09,90202D,WH002,51
2011-12-09,90202D,WH003,246
2011-12-09,90202D,WH004,278
2011-12-09,90202D,WH005,402
2011-12-09,23129,WH001,829
2011-12-09,23129,WH002,369
2011-12-09,23129,WH003,853
2011-12-09,23129,WH004,47
2011-12-09,23129,WH005,998
2011-12-09,85126,WH001,578
2011-12-09,85126,WH002,562
2011-12-09,85126,WH003,277
2011-12-09,85126,WH004,811
2011-12-09,85126,WH005,57
2011-12-09,84569B,WH001,588
2011-12-09,84569B,WH002,399
2011-12-09,84569B,WH003,501
2011-12-09,84569B,WH004,928
2011-12-09,84569B,WH005,665
2011-12-09,85169B,WH001,914
2011-12-09,85169B,WH002,109
2011-12-09,85169B,WH003,204
2011-12-09,85169B,WH004,477
2011-12-09,85169B,WH005,183
2011-12-09,23073,WH001,901
2011-12-09,23073,WH002,657
2011-12-09,23073,WH003,582
2011-12-09,23073,WH004,891
2011-12-09,23073,WH005,324
2011-12-09,84575B,WH001,536
2011-12-09,84575B,WH002,595
2011-12-09,84575B,WH003,588
2011-12-09,84575B,WH004,502
2011-12-09,84575B,WH005,602
2011-12-09,85034A,WH001,880
2011-12-09,85034A,WH002,654
2011-12-09,85034A,WH003,913
2011-12-09,85034A,WH004,908
2011-12-09,85034A,WH005,642
2011-12-09,85168B,WH001,647
2011-12-09,85168B,WH002,624
2011-12-09,85168B,WH003,124
2011-12-09,85168B,WH004,593
2011-12-09,85168B,WH005,920
2011-12-09,85205B,WH001,711
2011-12-09,85205B,WH002,409
2011-12-09,85205B,WH003,337
2011-12-09,85205B,WH004,7
2011-12-09,85205B,WH005,595
2011-12-09,84367,WH001,601
2011-12-09,84367,WH002,607
2011-12-09,84367,WH003,876
2011-12-09,84367,WH004,516
2011-12-09,84367,WH005,641
2011-12-09,90214O,WH001,528
2011-12-09,90214O,WH002,23
2011-12-09,90214O,WH003,687
2011-12-09,90214O,WH004,527
2011-12-09,90214O,WH005,660
2011-12-09,84947,WH001,764
2011-12-09,84947,WH002,112
2011-12-09,84947,WH003,435
2011-12-09,84947,WH004,473
2011-12-09,84947,WH005,225
2011-12-09,84987,WH001,251
2011-12-09,84987,WH002,950
2011-12-09,84987,WH003,354
2011-12-09,84987,WH004,56
2011-12-09,84987,WH005,722
2011-12-09,21329,WH001,46
2011-12-09,21329,WH002,476
2011-12-09,21329,WH003,637
2011-12-09,21329,WH004,428
2011-12-09,21329,WH005,314
2011-12-09,22799,WH001,929
2011-12-09,22799,WH002,914
2011-12-09,22799,WH003,157
2011-12-09,22799,WH004,810
2011-12-09,22799,WH005,672
2011-12-09,79172D,WH001,481
2011-12-09,79172D,WH002,252
2011-12-09,79172D,WH003,473
2011-12-09,79172D,WH004,290
2011-12-09,79172D,WH005,813
2011-12-09,21166,WH001,823
2011-12-09,21166,WH002,758
2011-12-09,21166,WH003,682
2011-12-09,21166,WH004,631
2011-12-09,21166,WH005,217
2011-12-09,23125,WH001,682
2011-12-09,23125,WH002,453
2011-12-09,23125,WH003,897
2011-12-09,23125,WH004,153
2011-12-09,23125,WH005,88
2011-12-09,72122,WH001,96
2011-12-09,72122,WH002,203
2011-12-09,72122,WH003,854
2011-12-09,72122,WH004,318
2011-12-09,72122,WH005,565
2011-12-09,37482P,WH001,368
2011-12-09,37482P,WH002,151
2011-12-09,37482P,WH003,126
2011-12-09,37482P,WH004,608
2011-12-09,37482P,WH005,650
2011-12-09,21336,WH001,410
2011-12-09,21336,WH002,413
2011-12-09,21336,WH003,541
2011-12-09,21336,WH004,243
2011-12-09,21336,WH005,45
2011-12-09,35633B,WH001,857
2011-12-09,35633B,WH002,129
2011-12-09,35633B,WH003,535
2011-12-09,35633B,WH004,391
2011-12-09,35633B,WH005,318
2011-12-09,90037B,WH001,34
2011-12-09,90037B,WH002,827
2011-12-09,90037B,WH003,930
2011-12-09,90037B,WH004,473
2011-12-09,90037B,WH005,871
2011-12-09,23542,WH001,419
2011-12-09,23542,WH002,785
2011-12-09,23542,WH003,719
2011-12-09,23542,WH004,406
2011-12-09,23542,WH005,935
