sku,product_id,warehouse_id,warehouse_name,city,region,on_hand_quantity,sales_quantity,sales_revenue,pending_order_quantity,inventory_after_pending_orders,inventory_status
10002,PROD000001,WH001,Central Warehouse,London,South East,680,198.0,168.29999999999998,0.0,680.0,sufficient
10002,PROD000001,WH002,North Warehouse,Manchester,North West,889,410.0,298.93,0.0,889.0,sufficient
10002,PROD000001,WH003,Midlands Warehouse,Birmingham,West Midlands,693,107.0,92.57,2.0,691.0,sufficient
10002,PROD000001,WH004,Scotland Warehouse,Glasgow,Scotland,588,254.0,190.71,0.0,588.0,sufficient
10002,PROD000001,WH005,Wales Warehouse,Cardiff,Wales,186,103.0,98.08,0.0,186.0,sufficient
10120,PROD000003,WH001,Central Warehouse,London,South East,741,10.0,2.1,0.0,741.0,sufficient
10120,PROD000003,WH002,North Warehouse,Manchester,North West,606,0.0,0.0,0.0,606.0,sufficient
10120,PROD000003,WH003,Midlands Warehouse,Birmingham,West Midlands,120,0.0,0.0,0.0,120.0,sufficient
10120,PROD000003,WH004,Scotland Warehouse,Glasgow,Scotland,571,1.0,0.43,0.0,571.0,sufficient
10120,PROD000003,WH005,Wales Warehouse,Cardiff,Wales,712,17.0,3.5700000000000003,0.0,712.0,sufficient
10124A,PROD000006,WH001,Central Warehouse,London,South East,267,0.0,0.0,0.0,267.0,sufficient
10124A,PROD000006,WH002,North Warehouse,Manchester,North West,220,5.0,2.1,0.0,220.0,sufficient
10124A,PROD000006,WH003,Midlands Warehouse,Birmingham,West Midlands,747,0.0,0.0,0.0,747.0,sufficient
10124A,PROD000006,WH004,Scotland Warehouse,Glasgow,Scotland,555,0.0,0.0,0.0,555.0,sufficient
10124A,PROD000006,WH005,Wales Warehouse,Cardiff,Wales,211,0.0,0.0,0.0,211.0,sufficient
10133,PROD000008,WH001,Central Warehouse,London,South East,555,60.0,42.4,10.0,545.0,sufficient
10133,PROD000008,WH002,North Warehouse,Manchester,North West,136,57.0,29.87,10.0,126.0,sufficient
10133,PROD000008,WH003,Midlands Warehouse,Birmingham,West Midlands,676,32.0,18.6,10.0,666.0,sufficient
10133,PROD000008,WH004,Scotland Warehouse,Glasgow,Scotland,676,84.0,45.6,0.0,676.0,sufficient
10133,PROD000008,WH005,Wales Warehouse,Cardiff,Wales,615,48.0,32.2,0.0,615.0,sufficient
10134,PROD000009,WH001,Central Warehouse,London,South East,373,10.0,12.5,0.0,373.0,sufficient
10134,PROD000009,WH002,North Warehouse,Manchester,North West,213,30.0,37.5,0.0,213.0,sufficient
10134,PROD000009,WH003,Midlands Warehouse,Birmingham,West Midlands,530,0.0,0.0,0.0,530.0,sufficient
10134,PROD000009,WH004,Scotland Warehouse,Glasgow,Scotland,382,135.0,144.05,0.0,382.0,sufficient
10134,PROD000009,WH005,Wales Warehouse,Cardiff,Wales,5,1.0,1.25,0.0,5.0,sufficient
10138,PROD000011,WH001,Central Warehouse,London,South East,408,0.0,0.0,0.0,408.0,sufficient
10138,PROD000011,WH002,North Warehouse,Manchester,North West,198,0.0,0.0,0.0,198.0,sufficient
10138,PROD000011,WH003,Midlands Warehouse,Birmingham,West Midlands,783,0.0,0.0,0.0,783.0,sufficient
10138,PROD000011,WH004,Scotland Warehouse,Glasgow,Scotland,492,1.0,0.42,0.0,492.0,sufficient
10138,PROD000011,WH005,Wales Warehouse,Cardiff,Wales,508,0.0,0.0,0.0,508.0,sufficient
15039,PROD000015,WH001,Central Warehouse,London,South East,611,62.0,55.04,0.0,611.0,sufficient
15039,PROD000015,WH002,North Warehouse,Manchester,North West,540,17.0,22.4,4.0,536.0,sufficient
15039,PROD000015,WH003,Midlands Warehouse,Birmingham,West Midlands,571,29.0,27.769999999999996,0.0,571.0,sufficient
15039,PROD000015,WH004,Scotland Warehouse,Glasgow,Scotland,224,25.0,25.18,0.0,224.0,sufficient
15039,PROD000015,WH005,Wales Warehouse,Cardiff,Wales,498,132.0,115.35,4.0,494.0,sufficient
15044D,PROD000019,WH001,Central Warehouse,London,South East,57,78.0,212.66,0.0,57.0,sufficient
15044D,PROD000019,WH002,North Warehouse,Manchester,North West,921,6.0,17.7,0.0,921.0,sufficient
15044D,PROD000019,WH003,Midlands Warehouse,Birmingham,West Midlands,165,22.0,70.82,0.0,165.0,sufficient
15044D,PROD000019,WH004,Scotland Warehouse,Glasgow,Scotland,136,27.0,79.65,0.0,136.0,sufficient
15044D,PROD000019,WH005,Wales Warehouse,Cardiff,Wales,102,104.0,275.94,0.0,102.0,sufficient
15056BL,PROD000020,WH001,Central Warehouse,London,South East,1187,180.0,1006.02,0.0,1187.0,sufficient
15056BL,PROD000020,WH002,North Warehouse,Manchester,North West,741,84.0,495.62,2.0,739.0,sufficient
15056BL,PROD000020,WH003,Midlands Warehouse,Birmingham,West Midlands,465,149.0,842.16,0.0,465.0,sufficient
15056BL,PROD000020,WH004,Scotland Warehouse,Glasgow,Scotland,870,217.0,1111.66,0.0,870.0,sufficient
15056BL,PROD000020,WH005,Wales Warehouse,Cardiff,Wales,682,115.0,678.25,1.0,681.0,sufficient
15056N,PROD000021,WH001,Central Warehouse,London,South East,921,367.0,1945.44,96.0,825.0,sufficient
15056N,PROD000021,WH002,North Warehouse,Manchester,North West,797,270.0,1439.78,24.0,773.0,sufficient
15056N,PROD000021,WH003,Midlands Warehouse,Birmingham,West Midlands,126,208.0,1130.44,1.0,125.0,sufficient
15056N,PROD000021,WH004,Scotland Warehouse,Glasgow,Scotland,206,155.0,886.07,0.0,206.0,sufficient
15056N,PROD000021,WH005,Wales Warehouse,Cardiff,Wales,455,126.0,899.1500000000001,0.0,455.0,sufficient
15056P,PROD000022,WH001,Central Warehouse,London,South East,85,36.0,217.25,0.0,85.0,sufficient
15056P,PROD000022,WH002,North Warehouse,Manchester,North West,280,14.0,83.30000000000001,0.0,280.0,sufficient
15056P,PROD000022,WH003,Midlands Warehouse,Birmingham,West Midlands,948,36.0,197.73999999999998,1.0,947.0,sufficient
15056P,PROD000022,WH004,Scotland Warehouse,Glasgow,Scotland,1,89.0,469.55,1.0,0.0,critical
15056P,PROD000022,WH005,Wales Warehouse,Cardiff,Wales,72,20.0,119.51,4.0,68.0,sufficient
15056n,PROD000024,WH001,Central Warehouse,London,South East,44,4.0,49.84,0.0,44.0,sufficient
15056n,PROD000024,WH002,North Warehouse,Manchester,North West,326,4.0,50.620000000000005,2.0,324.0,sufficient
15056n,PROD000024,WH003,Midlands Warehouse,Birmingham,West Midlands,773,2.0,24.92,0.0,773.0,sufficient
15056n,PROD000024,WH004,Scotland Warehouse,Glasgow,Scotland,389,1.0,12.46,0.0,389.0,sufficient
15056n,PROD000024,WH005,Wales Warehouse,Cardiff,Wales,369,0.0,0.0,0.0,369.0,sufficient
15058C,PROD000028,WH001,Central Warehouse,London,South East,1172,13.0,63.35,0.0,1172.0,sufficient
15058C,PROD000028,WH002,North Warehouse,Manchester,North West,686,1.0,25.49,0.0,686.0,sufficient
15058C,PROD000028,WH003,Midlands Warehouse,Birmingham,West Midlands,849,13.0,86.57,0.0,849.0,sufficient
15058C,PROD000028,WH004,Scotland Warehouse,Glasgow,Scotland,1661,4.0,55.019999999999996,0.0,1661.0,sufficient
15058C,PROD000028,WH005,Wales Warehouse,Cardiff,Wales,870,0.0,0.0,0.0,870.0,sufficient
15060B,PROD000030,WH001,Central Warehouse,London,South East,1297,36.0,139.54,0.0,1297.0,sufficient
15060B,PROD000030,WH002,North Warehouse,Manchester,North West,1064,24.0,127.76,0.0,1064.0,sufficient
15060B,PROD000030,WH003,Midlands Warehouse,Birmingham,West Midlands,1017,27.0,124.85,1.0,1016.0,sufficient
15060B,PROD000030,WH004,Scotland Warehouse,Glasgow,Scotland,1167,12.0,54.26,1.0,1166.0,sufficient
15060B,PROD000030,WH005,Wales Warehouse,Cardiff,Wales,1007,22.0,120.26,0.0,1007.0,sufficient
15060b,PROD000031,WH001,Central Warehouse,London,South East,206,0.0,0.0,0.0,206.0,sufficient
15060b,PROD000031,WH002,North Warehouse,Manchester,North West,408,1.0,8.29,0.0,408.0,sufficient
15060b,PROD000031,WH003,Midlands Warehouse,Birmingham,West Midlands,887,0.0,0.0,0.0,887.0,sufficient
15060b,PROD000031,WH004,Scotland Warehouse,Glasgow,Scotland,558,0.0,0.0,0.0,558.0,sufficient
15060b,PROD000031,WH005,Wales Warehouse,Cardiff,Wales,349,0.0,0.0,0.0,349.0,sufficient
16014,PROD000035,WH001,Central Warehouse,London,South East,847,0.0,0.0,0.0,847.0,sufficient
16014,PROD000035,WH002,North Warehouse,Manchester,North West,480,101.0,42.42,10.0,470.0,sufficient
16014,PROD000035,WH003,Midlands Warehouse,Birmingham,West Midlands,684,0.0,0.0,0.0,684.0,sufficient
16014,PROD000035,WH004,Scotland Warehouse,Glasgow,Scotland,329,0.0,0.0,0.0,329.0,sufficient
16014,PROD000035,WH005,Wales Warehouse,Cardiff,Wales,153,50.0,21.0,0.0,153.0,sufficient
16046,PROD000043,WH001,Central Warehouse,London,South East,666,97.0,19.09,0.0,666.0,sufficient
16046,PROD000043,WH002,North Warehouse,Manchester,North West,483,23.0,19.55,0.0,483.0,sufficient
16046,PROD000043,WH003,Midlands Warehouse,Birmingham,West Midlands,616,10.0,11.049999999999999,0.0,616.0,sufficient
16046,PROD000043,WH004,Scotland Warehouse,Glasgow,Scotland,1034,6.0,5.91,0.0,1034.0,sufficient
16046,PROD000043,WH005,Wales Warehouse,Cardiff,Wales,1081,99.0,20.79,0.0,1081.0,sufficient
16049,PROD000046,WH001,Central Warehouse,London,South East,612,108.0,45.36,0.0,612.0,sufficient
16049,PROD000046,WH002,North Warehouse,Manchester,North West,364,0.0,0.0,0.0,364.0,sufficient
16049,PROD000046,WH003,Midlands Warehouse,Birmingham,West Midlands,855,0.0,0.0,0.0,855.0,sufficient
16049,PROD000046,WH004,Scotland Warehouse,Glasgow,Scotland,813,36.0,15.12,0.0,813.0,sufficient
16049,PROD000046,WH005,Wales Warehouse,Cardiff,Wales,478,0.0,0.0,0.0,478.0,sufficient
16051,PROD000047,WH001,Central Warehouse,London,South East,826,36.0,15.12,0.0,826.0,sufficient
16051,PROD000047,WH002,North Warehouse,Manchester,North West,765,0.0,0.0,0.0,765.0,sufficient
16051,PROD000047,WH003,Midlands Warehouse,Birmingham,West Midlands,1011,0.0,0.0,0.0,1011.0,sufficient
16051,PROD000047,WH004,Scotland Warehouse,Glasgow,Scotland,766,0.0,0.0,0.0,766.0,sufficient
16051,PROD000047,WH005,Wales Warehouse,Cardiff,Wales,1920,3.0,2.49,0.0,1920.0,sufficient
16052,PROD000048,WH001,Central Warehouse,London,South East,75,0.0,0.0,0.0,75.0,sufficient
16052,PROD000048,WH002,North Warehouse,Manchester,North West,607,17.0,14.28,0.0,607.0,sufficient
16052,PROD000048,WH003,Midlands Warehouse,Birmingham,West Midlands,174,0.0,0.0,0.0,174.0,sufficient
16052,PROD000048,WH004,Scotland Warehouse,Glasgow,Scotland,864,1.0,0.86,0.0,864.0,sufficient
16052,PROD000048,WH005,Wales Warehouse,Cardiff,Wales,411,1.0,0.84,0.0,411.0,sufficient
16054,PROD000050,WH001,Central Warehouse,London,South East,698,0.0,0.0,0.0,698.0,sufficient
16054,PROD000050,WH002,North Warehouse,Manchester,North West,506,0.0,0.0,0.0,506.0,sufficient
16054,PROD000050,WH003,Midlands Warehouse,Birmingham,West Midlands,718,0.0,0.0,0.0,718.0,sufficient
16054,PROD000050,WH004,Scotland Warehouse,Glasgow,Scotland,61,0.0,0.0,0.0,61.0,sufficient
16054,PROD000050,WH005,Wales Warehouse,Cardiff,Wales,822,36.0,4.32,0.0,822.0,sufficient
16161G,PROD000057,WH001,Central Warehouse,London,South East,973,0.0,0.0,0.0,973.0,sufficient
16161G,PROD000057,WH002,North Warehouse,Manchester,North West,18,0.0,0.0,0.0,18.0,sufficient
16161G,PROD000057,WH003,Midlands Warehouse,Birmingham,West Midlands,328,0.0,0.0,0.0,328.0,sufficient
16161G,PROD000057,WH004,Scotland Warehouse,Glasgow,Scotland,137,25.0,2.5,0.0,137.0,sufficient
16161G,PROD000057,WH005,Wales Warehouse,Cardiff,Wales,630,50.0,5.0,0.0,630.0,sufficient
16162L,PROD000061,WH001,Central Warehouse,London,South East,652,0.0,0.0,0.0,652.0,sufficient
16162L,PROD000061,WH002,North Warehouse,Manchester,North West,533,1.0,1.28,0.0,533.0,sufficient
16162L,PROD000061,WH003,Midlands Warehouse,Birmingham,West Midlands,613,3.0,3.84,0.0,613.0,sufficient
16162L,PROD000061,WH004,Scotland Warehouse,Glasgow,Scotland,628,2.0,1.3,0.0,628.0,sufficient
16162L,PROD000061,WH005,Wales Warehouse,Cardiff,Wales,131,72.0,38.16,0.0,131.0,sufficient
16162M,PROD000062,WH001,Central Warehouse,London,South East,52,0.0,0.0,0.0,52.0,sufficient
16162M,PROD000062,WH002,North Warehouse,Manchester,North West,863,0.0,0.0,0.0,863.0,sufficient
16162M,PROD000062,WH003,Midlands Warehouse,Birmingham,West Midlands,676,2.0,0.84,0.0,676.0,sufficient
16162M,PROD000062,WH004,Scotland Warehouse,Glasgow,Scotland,512,0.0,0.0,0.0,512.0,sufficient
16162M,PROD000062,WH005,Wales Warehouse,Cardiff,Wales,871,0.0,0.0,0.0,871.0,sufficient
16169G,PROD000069,WH001,Central Warehouse,London,South East,976,0.0,0.0,0.0,976.0,sufficient
16169G,PROD000069,WH002,North Warehouse,Manchester,North West,158,0.0,0.0,0.0,158.0,sufficient
16169G,PROD000069,WH003,Midlands Warehouse,Birmingham,West Midlands,919,0.0,0.0,0.0,919.0,sufficient
16169G,PROD000069,WH004,Scotland Warehouse,Glasgow,Scotland,251,25.0,10.5,0.0,251.0,sufficient
16169G,PROD000069,WH005,Wales Warehouse,Cardiff,Wales,42,0.0,0.0,0.0,42.0,sufficient
16169N,PROD000072,WH001,Central Warehouse,London,South East,775,25.0,10.5,0.0,775.0,sufficient
16169N,PROD000072,WH002,North Warehouse,Manchester,North West,692,25.0,10.5,25.0,667.0,sufficient
16169N,PROD000072,WH003,Midlands Warehouse,Birmingham,West Midlands,810,0.0,0.0,0.0,810.0,sufficient
16169N,PROD000072,WH004,Scotland Warehouse,Glasgow,Scotland,699,25.0,4.75,0.0,699.0,sufficient
16169N,PROD000072,WH005,Wales Warehouse,Cardiff,Wales,764,0.0,0.0,0.0,764.0,sufficient
16169P,PROD000073,WH001,Central Warehouse,London,South East,751,0.0,0.0,0.0,751.0,sufficient
16169P,PROD000073,WH002,North Warehouse,Manchester,North West,914,0.0,0.0,0.0,914.0,sufficient
16169P,PROD000073,WH003,Midlands Warehouse,Birmingham,West Midlands,922,25.0,4.75,0.0,922.0,sufficient
16169P,PROD000073,WH004,Scotland Warehouse,Glasgow,Scotland,934,0.0,0.0,0.0,934.0,sufficient
16169P,PROD000073,WH005,Wales Warehouse,Cardiff,Wales,617,25.0,4.75,0.0,617.0,sufficient
16201A,PROD000074,WH001,Central Warehouse,London,South East,108,1.0,6.75,0.0,108.0,sufficient
16201A,PROD000074,WH002,North Warehouse,Manchester,North West,796,0.0,0.0,0.0,796.0,sufficient
16201A,PROD000074,WH003,Midlands Warehouse,Birmingham,West Midlands,47,0.0,0.0,0.0,47.0,sufficient
16201A,PROD000074,WH004,Scotland Warehouse,Glasgow,Scotland,801,0.0,0.0,0.0,801.0,sufficient
16201A,PROD000074,WH005,Wales Warehouse,Cardiff,Wales,560,0.0,0.0,0.0,560.0,sufficient
16202B,PROD000076,WH001,Central Warehouse,London,South East,479,0.0,0.0,0.0,479.0,sufficient
16202B,PROD000076,WH002,North Warehouse,Manchester,North West,500,0.0,0.0,0.0,500.0,sufficient
16202B,PROD000076,WH003,Midlands Warehouse,Birmingham,West Midlands,454,0.0,0.0,0.0,454.0,sufficient
16202B,PROD000076,WH004,Scotland Warehouse,Glasgow,Scotland,594,0.0,0.0,0.0,594.0,sufficient
16202B,PROD000076,WH005,Wales Warehouse,Cardiff,Wales,792,2.0,11.1,0.0,792.0,sufficient
16202C,PROD000077,WH001,Central Warehouse,London,South East,24,0.0,0.0,0.0,24.0,sufficient
16202C,PROD000077,WH002,North Warehouse,Manchester,North West,147,0.0,0.0,0.0,147.0,sufficient
16202C,PROD000077,WH003,Midlands Warehouse,Birmingham,West Midlands,815,12.0,23.4,0.0,815.0,sufficient
16202C,PROD000077,WH004,Scotland Warehouse,Glasgow,Scotland,913,0.0,0.0,0.0,913.0,sufficient
16202C,PROD000077,WH005,Wales Warehouse,Cardiff,Wales,455,0.0,0.0,0.0,455.0,sufficient
16207B,PROD000081,WH001,Central Warehouse,London,South East,208,1.0,2.46,0.0,208.0,sufficient
16207B,PROD000081,WH002,North Warehouse,Manchester,North West,313,3.0,8.85,0.0,313.0,sufficient
16207B,PROD000081,WH003,Midlands Warehouse,Birmingham,West Midlands,751,2.0,5.52,0.0,751.0,sufficient
16207B,PROD000081,WH004,Scotland Warehouse,Glasgow,Scotland,764,0.0,0.0,0.0,764.0,sufficient
16207B,PROD000081,WH005,Wales Warehouse,Cardiff,Wales,487,1.0,2.57,0.0,487.0,sufficient
16219,PROD000086,WH001,Central Warehouse,London,South East,94,504.0,42.84,48.0,46.0,low
16219,PROD000086,WH002,North Warehouse,Manchester,North West,994,50.0,8.14,0.0,994.0,sufficient
16219,PROD000086,WH003,Midlands Warehouse,Birmingham,West Midlands,255,52.0,4.66,0.0,255.0,sufficient
16219,PROD000086,WH004,Scotland Warehouse,Glasgow,Scotland,632,48.0,2.88,0.0,632.0,sufficient
16219,PROD000086,WH005,Wales Warehouse,Cardiff,Wales,259,14.0,0.84,0.0,259.0,sufficient
16235,PROD000089,WH001,Central Warehouse,London,South East,308,28.0,7.609999999999999,0.0,308.0,sufficient
16235,PROD000089,WH002,North Warehouse,Manchester,North West,123,52.0,12.870000000000001,0.0,123.0,sufficient
16235,PROD000089,WH003,Midlands Warehouse,Birmingham,West Midlands,686,98.0,22.7,0.0,686.0,sufficient
16235,PROD000089,WH004,Scotland Warehouse,Glasgow,Scotland,839,112.0,25.04,0.0,839.0,sufficient
16235,PROD000089,WH005,Wales Warehouse,Cardiff,Wales,977,9.0,2.75,0.0,977.0,sufficient
16236,PROD000090,WH001,Central Warehouse,London,South East,401,0.0,0.0,0.0,401.0,sufficient
16236,PROD000090,WH002,North Warehouse,Manchester,North West,845,11.0,4.05,3.0,842.0,sufficient
16236,PROD000090,WH003,Midlands Warehouse,Birmingham,West Midlands,28,86.0,18.49,0.0,28.0,sufficient
16236,PROD000090,WH004,Scotland Warehouse,Glasgow,Scotland,286,17.0,4.42,0.0,286.0,sufficient
16236,PROD000090,WH005,Wales Warehouse,Cardiff,Wales,701,36.0,8.66,0.0,701.0,sufficient
16240,PROD000094,WH001,Central Warehouse,London,South East,1116,0.0,0.0,0.0,1116.0,sufficient
16240,PROD000094,WH002,North Warehouse,Manchester,North West,606,0.0,0.0,0.0,606.0,sufficient
16240,PROD000094,WH003,Midlands Warehouse,Birmingham,West Midlands,948,0.0,0.0,0.0,948.0,sufficient
16240,PROD000094,WH004,Scotland Warehouse,Glasgow,Scotland,1237,0.0,0.0,0.0,1237.0,sufficient
16240,PROD000094,WH005,Wales Warehouse,Cardiff,Wales,1748,0.0,0.0,0.0,1748.0,sufficient
16244A,PROD000096,WH001,Central Warehouse,London,South East,361,0.0,0.0,0.0,361.0,sufficient
16244A,PROD000096,WH002,North Warehouse,Manchester,North West,35,0.0,0.0,0.0,35.0,sufficient
16244A,PROD000096,WH003,Midlands Warehouse,Birmingham,West Midlands,781,0.0,0.0,0.0,781.0,sufficient
16244A,PROD000096,WH004,Scotland Warehouse,Glasgow,Scotland,67,0.0,0.0,0.0,67.0,sufficient
16244A,PROD000096,WH005,Wales Warehouse,Cardiff,Wales,287,1.0,4.21,0.0,287.0,sufficient
16244B,PROD000097,WH001,Central Warehouse,London,South East,742,2.0,8.5,0.0,742.0,sufficient
16244B,PROD000097,WH002,North Warehouse,Manchester,North West,511,1.0,4.3,0.0,511.0,sufficient
16244B,PROD000097,WH003,Midlands Warehouse,Birmingham,West Midlands,789,0.0,0.0,0.0,789.0,sufficient
16244B,PROD000097,WH004,Scotland Warehouse,Glasgow,Scotland,635,0.0,0.0,0.0,635.0,sufficient
16244B,PROD000097,WH005,Wales Warehouse,Cardiff,Wales,812,0.0,0.0,0.0,812.0,sufficient
16245A,PROD000098,WH001,Central Warehouse,London,South East,1618,0.0,0.0,0.0,1618.0,sufficient
16245A,PROD000098,WH002,North Warehouse,Manchester,North West,1738,2.0,2.5,0.0,1738.0,sufficient
16245A,PROD000098,WH003,Midlands Warehouse,Birmingham,West Midlands,803,0.0,0.0,0.0,803.0,sufficient
16245A,PROD000098,WH004,Scotland Warehouse,Glasgow,Scotland,1490,0.0,0.0,0.0,1490.0,sufficient
16245A,PROD000098,WH005,Wales Warehouse,Cardiff,Wales,805,0.0,0.0,0.0,805.0,sufficient
16248B,PROD000099,WH001,Central Warehouse,London,South East,166,0.0,0.0,0.0,166.0,sufficient
16248B,PROD000099,WH002,North Warehouse,Manchester,North West,868,0.0,0.0,0.0,868.0,sufficient
16248B,PROD000099,WH003,Midlands Warehouse,Birmingham,West Midlands,306,14.0,15.0,0.0,306.0,sufficient
16248B,PROD000099,WH004,Scotland Warehouse,Glasgow,Scotland,336,0.0,0.0,0.0,336.0,sufficient
16248B,PROD000099,WH005,Wales Warehouse,Cardiff,Wales,639,0.0,0.0,0.0,639.0,sufficient
16254,PROD000100,WH001,Central Warehouse,London,South East,1069,0.0,0.0,0.0,1069.0,sufficient
16254,PROD000100,WH002,North Warehouse,Manchester,North West,931,2.0,2.51,0.0,931.0,sufficient
16254,PROD000100,WH003,Midlands Warehouse,Birmingham,West Midlands,1613,70.0,0.0,0.0,1613.0,sufficient
16254,PROD000100,WH004,Scotland Warehouse,Glasgow,Scotland,350,1.0,1.7,0.0,350.0,sufficient
16254,PROD000100,WH005,Wales Warehouse,Cardiff,Wales,1104,1.0,0.85,0.0,1104.0,sufficient
16256B,PROD000101,WH001,Central Warehouse,London,South East,648,0.0,0.0,0.0,648.0,sufficient
16256B,PROD000101,WH002,North Warehouse,Manchester,North West,1475,78.0,35.1,48.0,1427.0,sufficient
16256B,PROD000101,WH003,Midlands Warehouse,Birmingham,West Midlands,1431,48.0,20.16,0.0,1431.0,sufficient
16256B,PROD000101,WH004,Scotland Warehouse,Glasgow,Scotland,1688,0.0,0.0,0.0,1688.0,sufficient
16256B,PROD000101,WH005,Wales Warehouse,Cardiff,Wales,1137,0.0,0.0,0.0,1137.0,sufficient
16256C,PROD000102,WH001,Central Warehouse,London,South East,113,0.0,0.0,0.0,113.0,sufficient
16256C,PROD000102,WH002,North Warehouse,Manchester,North West,915,0.0,0.0,0.0,915.0,sufficient
16256C,PROD000102,WH003,Midlands Warehouse,Birmingham,West Midlands,879,0.0,0.0,0.0,879.0,sufficient
16256C,PROD000102,WH004,Scotland Warehouse,Glasgow,Scotland,47,24.0,10.08,0.0,47.0,sufficient
16256C,PROD000102,WH005,Wales Warehouse,Cardiff,Wales,528,0.0,0.0,0.0,528.0,sufficient
16258B,PROD000104,WH001,Central Warehouse,London,South East,421,0.0,0.0,0.0,421.0,sufficient
16258B,PROD000104,WH002,North Warehouse,Manchester,North West,100,0.0,0.0,0.0,100.0,sufficient
16258B,PROD000104,WH003,Midlands Warehouse,Birmingham,West Midlands,380,0.0,0.0,0.0,380.0,sufficient
16258B,PROD000104,WH004,Scotland Warehouse,Glasgow,Scotland,444,36.0,6.84,0.0,444.0,sufficient
16258B,PROD000104,WH005,Wales Warehouse,Cardiff,Wales,633,0.0,0.0,0.0,633.0,sufficient
17011F,PROD000111,WH001,Central Warehouse,London,South East,313,0.0,0.0,0.0,313.0,sufficient
17011F,PROD000111,WH002,North Warehouse,Manchester,North West,239,3.0,6.3,0.0,239.0,sufficient
17011F,PROD000111,WH003,Midlands Warehouse,Birmingham,West Midlands,565,1.0,4.21,0.0,565.0,sufficient
17011F,PROD000111,WH004,Scotland Warehouse,Glasgow,Scotland,106,0.0,0.0,0.0,106.0,sufficient
17011F,PROD000111,WH005,Wales Warehouse,Cardiff,Wales,986,0.0,0.0,0.0,986.0,sufficient
17012C,PROD000114,WH001,Central Warehouse,London,South East,159,3.0,7.47,0.0,159.0,sufficient
17012C,PROD000114,WH002,North Warehouse,Manchester,North West,306,8.0,16.87,0.0,306.0,sufficient
17012C,PROD000114,WH003,Midlands Warehouse,Birmingham,West Midlands,591,3.0,2.55,0.0,591.0,sufficient
17012C,PROD000114,WH004,Scotland Warehouse,Glasgow,Scotland,336,5.0,5.91,0.0,336.0,sufficient
17012C,PROD000114,WH005,Wales Warehouse,Cardiff,Wales,806,32.0,30.6,0.0,806.0,sufficient
17012E,PROD000116,WH001,Central Warehouse,London,South East,500,2.0,5.06,1.0,499.0,sufficient
17012E,PROD000116,WH002,North Warehouse,Manchester,North West,359,2.0,5.02,0.0,359.0,sufficient
17012E,PROD000116,WH003,Midlands Warehouse,Birmingham,West Midlands,912,0.0,0.0,0.0,912.0,sufficient
17012E,PROD000116,WH004,Scotland Warehouse,Glasgow,Scotland,296,0.0,0.0,0.0,296.0,sufficient
17012E,PROD000116,WH005,Wales Warehouse,Cardiff,Wales,82,1.0,2.51,0.0,82.0,sufficient
17013C,PROD000118,WH001,Central Warehouse,London,South East,665,0.0,0.0,0.0,665.0,sufficient
17013C,PROD000118,WH002,North Warehouse,Manchester,North West,259,0.0,0.0,0.0,259.0,sufficient
17013C,PROD000118,WH003,Midlands Warehouse,Birmingham,West Midlands,239,0.0,0.0,0.0,239.0,sufficient
17013C,PROD000118,WH004,Scotland Warehouse,Glasgow,Scotland,362,0.0,0.0,0.0,362.0,sufficient
17013C,PROD000118,WH005,Wales Warehouse,Cardiff,Wales,330,117.0,49.14,0.0,330.0,sufficient
17033,PROD000126,WH001,Central Warehouse,London,South East,481,50.0,14.5,0.0,481.0,sufficient
17033,PROD000126,WH002,North Warehouse,Manchester,North West,682,12.0,3.48,0.0,682.0,sufficient
17033,PROD000126,WH003,Midlands Warehouse,Birmingham,West Midlands,797,108.0,28.439999999999998,0.0,797.0,sufficient
17033,PROD000126,WH004,Scotland Warehouse,Glasgow,Scotland,820,108.0,31.32,0.0,820.0,sufficient
17033,PROD000126,WH005,Wales Warehouse,Cardiff,Wales,790,76.0,22.04,4.0,786.0,sufficient
17084N,PROD000131,WH001,Central Warehouse,London,South East,898,129.0,27.95,25.0,873.0,sufficient
17084N,PROD000131,WH002,North Warehouse,Manchester,North West,760,33.0,8.69,0.0,760.0,sufficient
17084N,PROD000131,WH003,Midlands Warehouse,Birmingham,West Midlands,26,76.0,16.17,0.0,26.0,sufficient
17084N,PROD000131,WH004,Scotland Warehouse,Glasgow,Scotland,790,54.0,17.44,25.0,765.0,sufficient
17084N,PROD000131,WH005,Wales Warehouse,Cardiff,Wales,784,26.0,5.68,0.0,784.0,sufficient
17084R,PROD000133,WH001,Central Warehouse,London,South East,452,72.0,15.12,0.0,452.0,sufficient
17084R,PROD000133,WH002,North Warehouse,Manchester,North West,352,0.0,0.0,0.0,352.0,sufficient
17084R,PROD000133,WH003,Midlands Warehouse,Birmingham,West Midlands,547,0.0,0.0,0.0,547.0,sufficient
17084R,PROD000133,WH004,Scotland Warehouse,Glasgow,Scotland,469,0.0,0.0,0.0,469.0,sufficient
17084R,PROD000133,WH005,Wales Warehouse,Cardiff,Wales,626,144.0,23.04,0.0,626.0,sufficient
17091F,PROD000138,WH001,Central Warehouse,London,South East,661,0.0,0.0,0.0,661.0,sufficient
17091F,PROD000138,WH002,North Warehouse,Manchester,North West,613,3.0,3.75,0.0,613.0,sufficient
17091F,PROD000138,WH003,Midlands Warehouse,Birmingham,West Midlands,101,0.0,0.0,0.0,101.0,sufficient
17091F,PROD000138,WH004,Scotland Warehouse,Glasgow,Scotland,989,0.0,0.0,0.0,989.0,sufficient
17091F,PROD000138,WH005,Wales Warehouse,Cardiff,Wales,102,2.0,2.5,0.0,102.0,sufficient
17096,PROD000140,WH001,Central Warehouse,London,South East,696,13.0,2.94,1.0,695.0,sufficient
17096,PROD000140,WH002,North Warehouse,Manchester,North West,1343,291.0,49.47,0.0,1343.0,sufficient
17096,PROD000140,WH003,Midlands Warehouse,Birmingham,West Midlands,636,0.0,0.0,0.0,636.0,sufficient
17096,PROD000140,WH004,Scotland Warehouse,Glasgow,Scotland,1048,96.0,20.16,0.0,1048.0,sufficient
17096,PROD000140,WH005,Wales Warehouse,Cardiff,Wales,1270,108.0,22.68,0.0,1270.0,sufficient
17107D,PROD000141,WH001,Central Warehouse,London,South East,698,15.0,38.25,0.0,698.0,sufficient
17107D,PROD000141,WH002,North Warehouse,Manchester,North West,63,2.0,5.1,0.0,63.0,sufficient
17107D,PROD000141,WH003,Midlands Warehouse,Birmingham,West Midlands,944,17.0,43.35,0.0,944.0,sufficient
17107D,PROD000141,WH004,Scotland Warehouse,Glasgow,Scotland,44,11.0,28.05,0.0,44.0,sufficient
17107D,PROD000141,WH005,Wales Warehouse,Cardiff,Wales,650,9.0,22.950000000000003,0.0,650.0,sufficient
17108D,PROD000142,WH001,Central Warehouse,London,South East,492,0.0,0.0,0.0,492.0,sufficient
17108D,PROD000142,WH002,North Warehouse,Manchester,North West,218,12.0,5.04,0.0,218.0,sufficient
17108D,PROD000142,WH003,Midlands Warehouse,Birmingham,West Midlands,434,0.0,0.0,0.0,434.0,sufficient
17108D,PROD000142,WH004,Scotland Warehouse,Glasgow,Scotland,72,0.0,0.0,0.0,72.0,sufficient
17108D,PROD000142,WH005,Wales Warehouse,Cardiff,Wales,155,12.0,5.04,0.0,155.0,sufficient
17109D,PROD000144,WH001,Central Warehouse,London,South East,286,0.0,0.0,0.0,286.0,sufficient
17109D,PROD000144,WH002,North Warehouse,Manchester,North West,327,0.0,0.0,0.0,327.0,sufficient
17109D,PROD000144,WH003,Midlands Warehouse,Birmingham,West Midlands,734,0.0,0.0,0.0,734.0,sufficient
17109D,PROD000144,WH004,Scotland Warehouse,Glasgow,Scotland,773,6.0,10.14,0.0,773.0,sufficient
17109D,PROD000144,WH005,Wales Warehouse,Cardiff,Wales,543,0.0,0.0,0.0,543.0,sufficient
17164D,PROD000149,WH001,Central Warehouse,London,South East,771,0.0,0.0,0.0,771.0,sufficient
17164D,PROD000149,WH002,North Warehouse,Manchester,North West,799,2.0,0.84,0.0,799.0,sufficient
17164D,PROD000149,WH003,Midlands Warehouse,Birmingham,West Midlands,325,0.0,0.0,0.0,325.0,sufficient
17164D,PROD000149,WH004,Scotland Warehouse,Glasgow,Scotland,264,37.0,15.54,0.0,264.0,sufficient
17164D,PROD000149,WH005,Wales Warehouse,Cardiff,Wales,352,0.0,0.0,0.0,352.0,sufficient
17191A,PROD000154,WH001,Central Warehouse,London,South East,641,0.0,0.0,0.0,641.0,sufficient
17191A,PROD000154,WH002,North Warehouse,Manchester,North West,62,0.0,0.0,0.0,62.0,sufficient
17191A,PROD000154,WH003,Midlands Warehouse,Birmingham,West Midlands,0,5.0,18.75,0.0,0.0,critical
17191A,PROD000154,WH004,Scotland Warehouse,Glasgow,Scotland,82,0.0,0.0,0.0,82.0,sufficient
17191A,PROD000154,WH005,Wales Warehouse,Cardiff,Wales,672,2.0,7.5,0.0,672.0,sufficient
18096C,PROD000157,WH001,Central Warehouse,London,South East,180,0.0,0.0,0.0,180.0,sufficient
18096C,PROD000157,WH002,North Warehouse,Manchester,North West,360,0.0,0.0,0.0,360.0,sufficient
18096C,PROD000157,WH003,Midlands Warehouse,Birmingham,West Midlands,385,1.0,5.1,0.0,385.0,sufficient
18096C,PROD000157,WH004,Scotland Warehouse,Glasgow,Scotland,737,0.0,0.0,0.0,737.0,sufficient
18096C,PROD000157,WH005,Wales Warehouse,Cardiff,Wales,204,0.0,0.0,0.0,204.0,sufficient
18098A,PROD000160,WH001,Central Warehouse,London,South East,278,0.0,0.0,0.0,278.0,sufficient
18098A,PROD000160,WH002,North Warehouse,Manchester,North West,297,0.0,0.0,0.0,297.0,sufficient
18098A,PROD000160,WH003,Midlands Warehouse,Birmingham,West Midlands,794,0.0,0.0,0.0,794.0,sufficient
18098A,PROD000160,WH004,Scotland Warehouse,Glasgow,Scotland,602,0.0,0.0,0.0,602.0,sufficient
18098A,PROD000160,WH005,Wales Warehouse,Cardiff,Wales,190,1.0,2.95,0.0,190.0,sufficient
18098B,PROD000161,WH001,Central Warehouse,London,South East,680,0.0,0.0,0.0,680.0,sufficient
18098B,PROD000161,WH002,North Warehouse,Manchester,North West,203,2.0,5.9,0.0,203.0,sufficient
18098B,PROD000161,WH003,Midlands Warehouse,Birmingham,West Midlands,98,0.0,0.0,0.0,98.0,sufficient
18098B,PROD000161,WH004,Scotland Warehouse,Glasgow,Scotland,875,0.0,0.0,0.0,875.0,sufficient
18098B,PROD000161,WH005,Wales Warehouse,Cardiff,Wales,760,0.0,0.0,0.0,760.0,sufficient
18098C,PROD000162,WH001,Central Warehouse,London,South East,1038,11.0,35.41,0.0,1038.0,sufficient
18098C,PROD000162,WH002,North Warehouse,Manchester,North West,1082,1.0,5.91,0.0,1082.0,sufficient
18098C,PROD000162,WH003,Midlands Warehouse,Birmingham,West Midlands,1249,9.0,27.11,0.0,1249.0,sufficient
18098C,PROD000162,WH004,Scotland Warehouse,Glasgow,Scotland,1210,19.0,64.93,0.0,1210.0,sufficient
18098C,PROD000162,WH005,Wales Warehouse,Cardiff,Wales,811,14.0,39.98,0.0,811.0,sufficient
18098c,PROD000163,WH001,Central Warehouse,London,South East,610,4.0,20.24,0.0,610.0,sufficient
18098c,PROD000163,WH002,North Warehouse,Manchester,North West,30,11.0,55.66,3.0,27.0,sufficient
18098c,PROD000163,WH003,Midlands Warehouse,Birmingham,West Midlands,588,8.0,40.480000000000004,0.0,588.0,sufficient
18098c,PROD000163,WH004,Scotland Warehouse,Glasgow,Scotland,206,2.0,10.12,0.0,206.0,sufficient
18098c,PROD000163,WH005,Wales Warehouse,Cardiff,Wales,79,7.0,35.53,3.0,76.0,sufficient
20622,PROD000170,WH001,Central Warehouse,London,South East,921,20.0,46.22,0.0,921.0,sufficient
20622,PROD000170,WH002,North Warehouse,Manchester,North West,301,11.0,35.760000000000005,0.0,301.0,sufficient
20622,PROD000170,WH003,Midlands Warehouse,Birmingham,West Midlands,743,8.0,21.11,0.0,743.0,sufficient
20622,PROD000170,WH004,Scotland Warehouse,Glasgow,Scotland,431,9.0,18.55,1.0,430.0,sufficient
20622,PROD000170,WH005,Wales Warehouse,Cardiff,Wales,933,1.0,4.21,0.0,933.0,sufficient
20652,PROD000171,WH001,Central Warehouse,London,South East,70,3.0,3.75,0.0,70.0,sufficient
20652,PROD000171,WH002,North Warehouse,Manchester,North West,778,3.0,3.75,0.0,778.0,sufficient
20652,PROD000171,WH003,Midlands Warehouse,Birmingham,West Midlands,237,24.0,30.0,0.0,237.0,sufficient
20652,PROD000171,WH004,Scotland Warehouse,Glasgow,Scotland,853,15.0,17.95,0.0,853.0,sufficient
20652,PROD000171,WH005,Wales Warehouse,Cardiff,Wales,291,1.0,2.46,0.0,291.0,sufficient
20653,PROD000172,WH001,Central Warehouse,London,South East,189,26.0,32.62,0.0,189.0,sufficient
20653,PROD000172,WH002,North Warehouse,Manchester,North West,544,1.0,2.51,0.0,544.0,sufficient
20653,PROD000172,WH003,Midlands Warehouse,Birmingham,West Midlands,367,3.0,4.17,0.0,367.0,sufficient
20653,PROD000172,WH004,Scotland Warehouse,Glasgow,Scotland,803,0.0,0.0,0.0,803.0,sufficient
20653,PROD000172,WH005,Wales Warehouse,Cardiff,Wales,817,6.0,6.76,0.0,817.0,sufficient
20654,PROD000173,WH001,Central Warehouse,London,South East,453,9.0,11.25,0.0,453.0,sufficient
20654,PROD000173,WH002,North Warehouse,Manchester,North West,482,10.0,10.77,0.0,482.0,sufficient
20654,PROD000173,WH003,Midlands Warehouse,Birmingham,West Midlands,588,5.0,6.25,1.0,587.0,sufficient
20654,PROD000173,WH004,Scotland Warehouse,Glasgow,Scotland,570,3.0,4.96,0.0,570.0,sufficient
20654,PROD000173,WH005,Wales Warehouse,Cardiff,Wales,583,5.0,6.25,0.0,583.0,sufficient
20655,PROD000174,WH001,Central Warehouse,London,South East,727,10.0,13.76,5.0,722.0,sufficient
20655,PROD000174,WH002,North Warehouse,Manchester,North West,709,14.0,19.92,1.0,708.0,sufficient
20655,PROD000174,WH003,Midlands Warehouse,Birmingham,West Midlands,13,18.0,19.8,0.0,13.0,sufficient
20655,PROD000174,WH004,Scotland Warehouse,Glasgow,Scotland,924,6.0,10.809999999999999,0.0,924.0,sufficient
20655,PROD000174,WH005,Wales Warehouse,Cardiff,Wales,33,2.0,3.76,1.0,32.0,sufficient
20659,PROD000177,WH001,Central Warehouse,London,South East,421,6.0,8.82,0.0,421.0,sufficient
20659,PROD000177,WH002,North Warehouse,Manchester,North West,27,4.0,6.21,0.0,27.0,sufficient
20659,PROD000177,WH003,Midlands Warehouse,Birmingham,West Midlands,863,3.0,3.75,0.0,863.0,sufficient
20659,PROD000177,WH004,Scotland Warehouse,Glasgow,Scotland,181,8.0,15.21,0.0,181.0,sufficient
20659,PROD000177,WH005,Wales Warehouse,Cardiff,Wales,106,13.0,16.25,0.0,106.0,sufficient
20664,PROD000182,WH001,Central Warehouse,London,South East,1000,0.0,0.0,0.0,1000.0,sufficient
20664,PROD000182,WH002,North Warehouse,Manchester,North West,1411,3.0,8.85,0.0,1411.0,sufficient
20664,PROD000182,WH003,Midlands Warehouse,Birmingham,West Midlands,1235,0.0,0.0,0.0,1235.0,sufficient
20664,PROD000182,WH004,Scotland Warehouse,Glasgow,Scotland,957,0.0,0.0,0.0,957.0,sufficient
20664,PROD000182,WH005,Wales Warehouse,Cardiff,Wales,1574,0.0,0.0,0.0,1574.0,sufficient
20670,PROD000188,WH001,Central Warehouse,London,South East,994,0.0,0.0,0.0,994.0,sufficient
20670,PROD000188,WH002,North Warehouse,Manchester,North West,552,0.0,0.0,0.0,552.0,sufficient
20670,PROD000188,WH003,Midlands Warehouse,Birmingham,West Midlands,586,1.0,2.95,0.0,586.0,sufficient
20670,PROD000188,WH004,Scotland Warehouse,Glasgow,Scotland,368,0.0,0.0,0.0,368.0,sufficient
20670,PROD000188,WH005,Wales Warehouse,Cardiff,Wales,207,0.0,0.0,0.0,207.0,sufficient
20672,PROD000190,WH001,Central Warehouse,London,South East,178,4.0,8.899999999999999,0.0,178.0,sufficient
20672,PROD000190,WH002,North Warehouse,Manchester,North West,493,2.0,5.14,0.0,493.0,sufficient
20672,PROD000190,WH003,Midlands Warehouse,Birmingham,West Midlands,268,2.0,5.02,0.0,268.0,sufficient
20672,PROD000190,WH004,Scotland Warehouse,Glasgow,Scotland,523,8.0,10.0,8.0,515.0,sufficient
20672,PROD000190,WH005,Wales Warehouse,Cardiff,Wales,110,1.0,1.25,0.0,110.0,sufficient
20675,PROD000192,WH001,Central Warehouse,London,South East,323,208.0,248.74,8.0,315.0,sufficient
20675,PROD000192,WH002,North Warehouse,Manchester,North West,267,238.0,291.96999999999997,0.0,267.0,sufficient
20675,PROD000192,WH003,Midlands Warehouse,Birmingham,West Midlands,413,94.0,129.75,2.0,411.0,sufficient
20675,PROD000192,WH004,Scotland Warehouse,Glasgow,Scotland,991,143.0,189.88,8.0,983.0,sufficient
20675,PROD000192,WH005,Wales Warehouse,Cardiff,Wales,52,164.0,199.84,1.0,51.0,sufficient
20676,PROD000193,WH001,Central Warehouse,London,South East,463,172.0,226.37,9.0,454.0,sufficient
20676,PROD000193,WH002,North Warehouse,Manchester,North West,586,143.0,197.61,12.0,574.0,sufficient
20676,PROD000193,WH003,Midlands Warehouse,Birmingham,West Midlands,137,159.0,189.64999999999998,14.0,123.0,sufficient
20676,PROD000193,WH004,Scotland Warehouse,Glasgow,Scotland,160,261.0,343.5,0.0,160.0,sufficient
20676,PROD000193,WH005,Wales Warehouse,Cardiff,Wales,757,323.0,370.11999999999995,8.0,749.0,sufficient
20679,PROD000195,WH001,Central Warehouse,London,South East,700,651.0,2097.96,0.0,700.0,sufficient
20679,PROD000195,WH002,North Warehouse,Manchester,North West,803,36.0,235.02,0.0,803.0,sufficient
20679,PROD000195,WH003,Midlands Warehouse,Birmingham,West Midlands,13,68.0,405.37000000000006,0.0,13.0,sufficient
20679,PROD000195,WH004,Scotland Warehouse,Glasgow,Scotland,724,115.0,611.02,0.0,724.0,sufficient
20679,PROD000195,WH005,Wales Warehouse,Cardiff,Wales,751,102.0,566.69,6.0,745.0,sufficient
20680,PROD000196,WH001,Central Warehouse,London,South East,152,1.0,3.25,0.0,152.0,sufficient
20680,PROD000196,WH002,North Warehouse,Manchester,North West,722,0.0,0.0,0.0,722.0,sufficient
20680,PROD000196,WH003,Midlands Warehouse,Birmingham,West Midlands,59,0.0,0.0,0.0,59.0,sufficient
20680,PROD000196,WH004,Scotland Warehouse,Glasgow,Scotland,991,0.0,0.0,0.0,991.0,sufficient
20680,PROD000196,WH005,Wales Warehouse,Cardiff,Wales,386,0.0,0.0,0.0,386.0,sufficient
20682,PROD000198,WH001,Central Warehouse,London,South East,325,112.0,334.0,0.0,325.0,sufficient
20682,PROD000198,WH002,North Warehouse,Manchester,North West,443,90.0,303.34000000000003,0.0,443.0,sufficient
20682,PROD000198,WH003,Midlands Warehouse,Birmingham,West Midlands,357,58.0,191.88,0.0,357.0,sufficient
20682,PROD000198,WH004,Scotland Warehouse,Glasgow,Scotland,459,32.0,111.03999999999999,6.0,453.0,sufficient
20682,PROD000198,WH005,Wales Warehouse,Cardiff,Wales,275,75.0,288.53,17.0,258.0,sufficient
20683,PROD000199,WH001,Central Warehouse,London,South East,705,0.0,0.0,0.0,705.0,sufficient
20683,PROD000199,WH002,North Warehouse,Manchester,North West,113,0.0,0.0,0.0,113.0,sufficient
20683,PROD000199,WH003,Midlands Warehouse,Birmingham,West Midlands,870,0.0,0.0,0.0,870.0,sufficient
20683,PROD000199,WH004,Scotland Warehouse,Glasgow,Scotland,541,0.0,0.0,0.0,541.0,sufficient
20683,PROD000199,WH005,Wales Warehouse,Cardiff,Wales,1,0.0,0.0,0.0,1.0,sufficient
20694,PROD000208,WH001,Central Warehouse,London,South East,458,6.0,25.189999999999998,0.0,458.0,sufficient
20694,PROD000208,WH002,North Warehouse,Manchester,North West,323,4.0,15.0,0.0,323.0,sufficient
20694,PROD000208,WH003,Midlands Warehouse,Birmingham,West Midlands,207,4.0,13.56,0.0,207.0,sufficient
20694,PROD000208,WH004,Scotland Warehouse,Glasgow,Scotland,565,7.0,22.52,0.0,565.0,sufficient
20694,PROD000208,WH005,Wales Warehouse,Cardiff,Wales,158,4.0,15.0,0.0,158.0,sufficient
20697,PROD000211,WH001,Central Warehouse,London,South East,615,1.0,2.55,0.0,615.0,sufficient
20697,PROD000211,WH002,North Warehouse,Manchester,North West,629,0.0,0.0,0.0,629.0,sufficient
20697,PROD000211,WH003,Midlands Warehouse,Birmingham,West Midlands,616,1.0,2.55,0.0,616.0,sufficient
20697,PROD000211,WH004,Scotland Warehouse,Glasgow,Scotland,498,3.0,7.6499999999999995,0.0,498.0,sufficient
20697,PROD000211,WH005,Wales Warehouse,Cardiff,Wales,145,0.0,0.0,0.0,145.0,sufficient
20699,PROD000213,WH001,Central Warehouse,London,South East,209,0.0,0.0,0.0,209.0,sufficient
20699,PROD000213,WH002,North Warehouse,Manchester,North West,298,11.0,30.2,0.0,298.0,sufficient
20699,PROD000213,WH003,Midlands Warehouse,Birmingham,West Midlands,386,8.0,22.91,0.0,386.0,sufficient
20699,PROD000213,WH004,Scotland Warehouse,Glasgow,Scotland,465,18.0,40.5,0.0,465.0,sufficient
20699,PROD000213,WH005,Wales Warehouse,Cardiff,Wales,720,2.0,7.52,0.0,720.0,sufficient
20701,PROD000215,WH001,Central Warehouse,London,South East,173,4.0,15.0,0.0,173.0,sufficient
20701,PROD000215,WH002,North Warehouse,Manchester,North West,122,1.0,3.75,0.0,122.0,sufficient
20701,PROD000215,WH003,Midlands Warehouse,Birmingham,West Midlands,560,0.0,0.0,0.0,560.0,sufficient
20701,PROD000215,WH004,Scotland Warehouse,Glasgow,Scotland,929,3.0,12.469999999999999,0.0,929.0,sufficient
20701,PROD000215,WH005,Wales Warehouse,Cardiff,Wales,380,0.0,0.0,0.0,380.0,sufficient
20711,PROD000221,WH001,Central Warehouse,London,South East,1361,146.0,339.37,17.0,1344.0,sufficient
20711,PROD000221,WH002,North Warehouse,Manchester,North West,899,262.0,514.39,0.0,899.0,sufficient
20711,PROD000221,WH003,Midlands Warehouse,Birmingham,West Midlands,1094,222.0,475.90999999999997,100.0,994.0,sufficient
20711,PROD000221,WH004,Scotland Warehouse,Glasgow,Scotland,959,256.0,506.33000000000004,5.0,954.0,sufficient
20711,PROD000221,WH005,Wales Warehouse,Cardiff,Wales,1173,163.0,413.6,10.0,1163.0,sufficient
20717,PROD000227,WH001,Central Warehouse,London,South East,228,72.0,97.0,0.0,228.0,sufficient
20717,PROD000227,WH002,North Warehouse,Manchester,North West,884,59.0,79.85,0.0,884.0,sufficient
20717,PROD000227,WH003,Midlands Warehouse,Birmingham,West Midlands,902,34.0,49.81,0.0,902.0,sufficient
20717,PROD000227,WH004,Scotland Warehouse,Glasgow,Scotland,820,212.0,248.87,10.0,810.0,sufficient
20717,PROD000227,WH005,Wales Warehouse,Cardiff,Wales,875,64.0,90.63,2.0,873.0,sufficient
20719,PROD000229,WH001,Central Warehouse,London,South East,738,947.0,1037.1200000000001,86.0,652.0,sufficient
20719,PROD000229,WH002,North Warehouse,Manchester,North West,336,349.0,327.25,0.0,336.0,sufficient
20719,PROD000229,WH003,Midlands Warehouse,Birmingham,West Midlands,943,268.0,347.67,0.0,943.0,sufficient
20719,PROD000229,WH004,Scotland Warehouse,Glasgow,Scotland,449,566.0,539.49,20.0,429.0,sufficient
20719,PROD000229,WH005,Wales Warehouse,Cardiff,Wales,613,507.0,423.61,0.0,613.0,sufficient
20724,PROD000231,WH001,Central Warehouse,London,South East,1242,805.0,868.3399999999999,104.0,1138.0,sufficient
20724,PROD000231,WH002,North Warehouse,Manchester,North West,914,767.0,646.6800000000001,0.0,914.0,sufficient
20724,PROD000231,WH003,Midlands Warehouse,Birmingham,West Midlands,1086,520.0,708.64,10.0,1076.0,sufficient
20724,PROD000231,WH004,Scotland Warehouse,Glasgow,Scotland,940,690.0,805.12,2.0,938.0,sufficient
20724,PROD000231,WH005,Wales Warehouse,Cardiff,Wales,1090,586.0,787.61,21.0,1069.0,sufficient
20727,PROD000234,WH001,Central Warehouse,London,South East,459,1274.0,1930.6399999999999,15.0,444.0,sufficient
20727,PROD000234,WH002,North Warehouse,Manchester,North West,196,1430.0,2103.02,20.0,176.0,sufficient
20727,PROD000234,WH003,Midlands Warehouse,Birmingham,West Midlands,695,607.0,1151.33,40.0,655.0,sufficient
20727,PROD000234,WH004,Scotland Warehouse,Glasgow,Scotland,401,550.0,870.89,24.0,377.0,sufficient
20727,PROD000234,WH005,Wales Warehouse,Cardiff,Wales,135,455.0,750.82,10.0,125.0,sufficient
20729,PROD000236,WH001,Central Warehouse,London,South East,501,81.0,68.85,0.0,501.0,sufficient
20729,PROD000236,WH002,North Warehouse,Manchester,North West,390,13.0,16.25,0.0,390.0,sufficient
20729,PROD000236,WH003,Midlands Warehouse,Birmingham,West Midlands,477,38.0,37.1,0.0,477.0,sufficient
20729,PROD000236,WH004,Scotland Warehouse,Glasgow,Scotland,582,19.0,23.71,0.0,582.0,sufficient
20729,PROD000236,WH005,Wales Warehouse,Cardiff,Wales,522,10.0,12.739999999999998,0.0,522.0,sufficient
20733,PROD000239,WH001,Central Warehouse,London,South East,212,3.0,2.51,0.0,212.0,sufficient
20733,PROD000239,WH002,North Warehouse,Manchester,North West,566,144.0,109.38,0.0,566.0,sufficient
20733,PROD000239,WH003,Midlands Warehouse,Birmingham,West Midlands,688,4.0,3.34,0.0,688.0,sufficient
20733,PROD000239,WH004,Scotland Warehouse,Glasgow,Scotland,262,8.0,7.49,0.0,262.0,sufficient
20733,PROD000239,WH005,Wales Warehouse,Cardiff,Wales,440,11.0,9.25,1.0,439.0,sufficient
20748,PROD000245,WH001,Central Warehouse,London,South East,330,27.0,229.59,0.0,330.0,sufficient
20748,PROD000245,WH002,North Warehouse,Manchester,North West,758,17.0,182.51,0.0,758.0,sufficient
20748,PROD000245,WH003,Midlands Warehouse,Birmingham,West Midlands,445,19.0,79.57,0.0,445.0,sufficient
20748,PROD000245,WH004,Scotland Warehouse,Glasgow,Scotland,719,6.0,101.97999999999999,2.0,717.0,sufficient
20748,PROD000245,WH005,Wales Warehouse,Cardiff,Wales,912,2.0,25.5,0.0,912.0,sufficient
20754,PROD000251,WH001,Central Warehouse,London,South East,685,39.0,86.21,0.0,685.0,sufficient
20754,PROD000251,WH002,North Warehouse,Manchester,North West,918,40.0,96.67,4.0,914.0,sufficient
20754,PROD000251,WH003,Midlands Warehouse,Birmingham,West Midlands,257,71.0,153.32,0.0,257.0,sufficient
20754,PROD000251,WH004,Scotland Warehouse,Glasgow,Scotland,750,157.0,339.39,0.0,750.0,sufficient
20754,PROD000251,WH005,Wales Warehouse,Cardiff,Wales,217,112.0,216.23000000000002,1.0,216.0,sufficient
20761,PROD000258,WH001,Central Warehouse,London,South East,849,8.0,30.0,0.0,849.0,sufficient
20761,PROD000258,WH002,North Warehouse,Manchester,North West,880,7.0,25.47,0.0,880.0,sufficient
20761,PROD000258,WH003,Midlands Warehouse,Birmingham,West Midlands,914,98.0,127.5,0.0,914.0,sufficient
20761,PROD000258,WH004,Scotland Warehouse,Glasgow,Scotland,279,9.0,33.75,0.0,279.0,sufficient
20761,PROD000258,WH005,Wales Warehouse,Cardiff,Wales,244,5.0,18.75,0.0,244.0,sufficient
20762,PROD000259,WH001,Central Warehouse,London,South East,1004,11.0,41.25,0.0,1004.0,sufficient
20762,PROD000259,WH002,North Warehouse,Manchester,North West,848,1.0,7.62,0.0,848.0,sufficient
20762,PROD000259,WH003,Midlands Warehouse,Birmingham,West Midlands,503,2.0,7.5,0.0,503.0,sufficient
20762,PROD000259,WH004,Scotland Warehouse,Glasgow,Scotland,1189,24.0,90.0,0.0,1189.0,sufficient
20762,PROD000259,WH005,Wales Warehouse,Cardiff,Wales,225,101.0,138.75,0.0,225.0,sufficient
20763,PROD000260,WH001,Central Warehouse,London,South East,818,2.0,7.5,0.0,818.0,sufficient
20763,PROD000260,WH002,North Warehouse,Manchester,North West,1358,2.0,7.5,0.0,1358.0,sufficient
20763,PROD000260,WH003,Midlands Warehouse,Birmingham,West Midlands,1095,1.0,3.75,0.0,1095.0,sufficient
20763,PROD000260,WH004,Scotland Warehouse,Glasgow,Scotland,1174,1.0,3.75,0.0,1174.0,sufficient
20763,PROD000260,WH005,Wales Warehouse,Cardiff,Wales,427,1.0,3.36,0.0,427.0,sufficient
20766,PROD000263,WH001,Central Warehouse,London,South East,939,3.0,10.54,1.0,938.0,sufficient
20766,PROD000263,WH002,North Warehouse,Manchester,North West,991,8.0,29.04,0.0,991.0,sufficient
20766,PROD000263,WH003,Midlands Warehouse,Birmingham,West Midlands,31,22.0,42.5,2.0,29.0,sufficient
20766,PROD000263,WH004,Scotland Warehouse,Glasgow,Scotland,595,29.0,108.75,0.0,595.0,sufficient
20766,PROD000263,WH005,Wales Warehouse,Cardiff,Wales,490,3.0,11.25,4.0,486.0,sufficient
20769,PROD000266,WH001,Central Warehouse,London,South East,554,1.0,2.55,0.0,554.0,sufficient
20769,PROD000266,WH002,North Warehouse,Manchester,North West,165,1.0,2.57,0.0,165.0,sufficient
20769,PROD000266,WH003,Midlands Warehouse,Birmingham,West Midlands,964,1.0,2.55,0.0,964.0,sufficient
20769,PROD000266,WH004,Scotland Warehouse,Glasgow,Scotland,312,7.0,17.85,0.0,312.0,sufficient
20769,PROD000266,WH005,Wales Warehouse,Cardiff,Wales,378,4.0,19.94,0.0,378.0,sufficient
20773,PROD000270,WH001,Central Warehouse,London,South East,804,5.0,8.25,0.0,804.0,sufficient
20773,PROD000270,WH002,North Warehouse,Manchester,North West,202,9.0,14.87,0.0,202.0,sufficient
20773,PROD000270,WH003,Midlands Warehouse,Birmingham,West Midlands,200,4.0,6.6,2.0,198.0,sufficient
20773,PROD000270,WH004,Scotland Warehouse,Glasgow,Scotland,354,3.0,4.949999999999999,0.0,354.0,sufficient
20773,PROD000270,WH005,Wales Warehouse,Cardiff,Wales,694,1.0,1.65,0.0,694.0,sufficient
20774,PROD000271,WH001,Central Warehouse,London,South East,117,5.0,8.219999999999999,0.0,117.0,sufficient
20774,PROD000271,WH002,North Warehouse,Manchester,North West,406,3.0,4.949999999999999,2.0,404.0,sufficient
20774,PROD000271,WH003,Midlands Warehouse,Birmingham,West Midlands,584,6.0,9.9,0.0,584.0,sufficient
20774,PROD000271,WH004,Scotland Warehouse,Glasgow,Scotland,376,2.0,3.3,0.0,376.0,sufficient
20774,PROD000271,WH005,Wales Warehouse,Cardiff,Wales,243,17.0,31.55,0.0,243.0,sufficient
20775,PROD000272,WH001,Central Warehouse,London,South East,953,2.0,3.26,1.0,952.0,sufficient
20775,PROD000272,WH002,North Warehouse,Manchester,North West,931,9.0,14.85,0.0,931.0,sufficient
20775,PROD000272,WH003,Midlands Warehouse,Birmingham,West Midlands,969,9.0,14.850000000000001,0.0,969.0,sufficient
20775,PROD000272,WH004,Scotland Warehouse,Glasgow,Scotland,148,1.0,1.65,0.0,148.0,sufficient
20775,PROD000272,WH005,Wales Warehouse,Cardiff,Wales,179,0.0,0.0,0.0,179.0,sufficient
20776,PROD000273,WH001,Central Warehouse,London,South East,41,7.0,11.55,0.0,41.0,sufficient
20776,PROD000273,WH002,North Warehouse,Manchester,North West,941,3044.0,462.8,0.0,941.0,sufficient
20776,PROD000273,WH003,Midlands Warehouse,Birmingham,West Midlands,577,6.0,9.899999999999999,2.0,575.0,sufficient
20776,PROD000273,WH004,Scotland Warehouse,Glasgow,Scotland,541,5.0,8.25,0.0,541.0,sufficient
20776,PROD000273,WH005,Wales Warehouse,Cardiff,Wales,125,7.0,11.55,0.0,125.0,sufficient
20780,PROD000276,WH001,Central Warehouse,London,South East,83,2.0,10.98,0.0,83.0,sufficient
20780,PROD000276,WH002,North Warehouse,Manchester,North West,74,8.0,49.69,1.0,73.0,sufficient
20780,PROD000276,WH003,Midlands Warehouse,Birmingham,West Midlands,107,17.0,94.55,0.0,107.0,sufficient
20780,PROD000276,WH004,Scotland Warehouse,Glasgow,Scotland,893,5.0,27.450000000000003,0.0,893.0,sufficient
20780,PROD000276,WH005,Wales Warehouse,Cardiff,Wales,781,7.0,66.08999999999999,0.0,781.0,sufficient
20781,PROD000277,WH001,Central Warehouse,London,South East,1039,1.0,1.95,0.0,1039.0,sufficient
20781,PROD000277,WH002,North Warehouse,Manchester,North West,1271,4.0,16.84,0.0,1271.0,sufficient
20781,PROD000277,WH003,Midlands Warehouse,Birmingham,West Midlands,1153,2.0,10.98,0.0,1153.0,sufficient
20781,PROD000277,WH004,Scotland Warehouse,Glasgow,Scotland,1204,3.0,15.190000000000001,0.0,1204.0,sufficient
20781,PROD000277,WH005,Wales Warehouse,Cardiff,Wales,1314,2.0,10.98,0.0,1314.0,sufficient
20782,PROD000278,WH001,Central Warehouse,London,South East,663,1.0,5.49,0.0,663.0,sufficient
20782,PROD000278,WH002,North Warehouse,Manchester,North West,909,1.0,5.49,1.0,908.0,sufficient
20782,PROD000278,WH003,Midlands Warehouse,Birmingham,West Midlands,126,1.0,4.3,0.0,126.0,sufficient
20782,PROD000278,WH004,Scotland Warehouse,Glasgow,Scotland,343,3.0,22.0,0.0,343.0,sufficient
20782,PROD000278,WH005,Wales Warehouse,Cardiff,Wales,230,18.0,89.86,0.0,230.0,sufficient
20785,PROD000281,WH001,Central Warehouse,London,South East,183,8.0,272.0,0.0,183.0,sufficient
20785,PROD000281,WH002,North Warehouse,Manchester,North West,428,3.0,107.95,0.0,428.0,sufficient
20785,PROD000281,WH003,Midlands Warehouse,Birmingham,West Midlands,570,2.0,79.9,0.0,570.0,sufficient
20785,PROD000281,WH004,Scotland Warehouse,Glasgow,Scotland,37,2.0,68.0,0.0,37.0,sufficient
20785,PROD000281,WH005,Wales Warehouse,Cardiff,Wales,647,0.0,0.0,0.0,647.0,sufficient
20795,PROD000286,WH001,Central Warehouse,London,South East,383,0.0,0.0,0.0,383.0,sufficient
20795,PROD000286,WH002,North Warehouse,Manchester,North West,884,6.0,12.6,0.0,884.0,sufficient
20795,PROD000286,WH003,Midlands Warehouse,Birmingham,West Midlands,924,7.0,14.7,0.0,924.0,sufficient
20795,PROD000286,WH004,Scotland Warehouse,Glasgow,Scotland,466,2.0,8.42,0.0,466.0,sufficient
20795,PROD000286,WH005,Wales Warehouse,Cardiff,Wales,335,0.0,0.0,0.0,335.0,sufficient
20803,PROD000291,WH001,Central Warehouse,London,South East,1013,0.0,0.0,0.0,1013.0,sufficient
20803,PROD000291,WH002,North Warehouse,Manchester,North West,383,12.0,19.8,0.0,383.0,sufficient
20803,PROD000291,WH003,Midlands Warehouse,Birmingham,West Midlands,1360,4.0,11.73,0.0,1360.0,sufficient
20803,PROD000291,WH004,Scotland Warehouse,Glasgow,Scotland,652,0.0,0.0,0.0,652.0,sufficient
20803,PROD000291,WH005,Wales Warehouse,Cardiff,Wales,754,9.0,17.009999999999998,1.0,753.0,sufficient
20819,PROD000296,WH001,Central Warehouse,London,South East,576,28.0,45.0,0.0,576.0,sufficient
20819,PROD000296,WH002,North Warehouse,Manchester,North West,284,2.0,7.5,0.0,284.0,sufficient
20819,PROD000296,WH003,Midlands Warehouse,Birmingham,West Midlands,376,3.0,13.83,0.0,376.0,sufficient
20819,PROD000296,WH004,Scotland Warehouse,Glasgow,Scotland,293,12.0,45.0,0.0,293.0,sufficient
20819,PROD000296,WH005,Wales Warehouse,Cardiff,Wales,281,5.0,18.75,0.0,281.0,sufficient
20820,PROD000297,WH001,Central Warehouse,London,South East,531,1.0,4.95,0.0,531.0,sufficient
20820,PROD000297,WH002,North Warehouse,Manchester,North West,884,0.0,0.0,0.0,884.0,sufficient
20820,PROD000297,WH003,Midlands Warehouse,Birmingham,West Midlands,629,0.0,0.0,0.0,629.0,sufficient
20820,PROD000297,WH004,Scotland Warehouse,Glasgow,Scotland,704,0.0,0.0,0.0,704.0,sufficient
20820,PROD000297,WH005,Wales Warehouse,Cardiff,Wales,1,0.0,0.0,0.0,1.0,sufficient
20823,PROD000299,WH001,Central Warehouse,London,South East,870,0.0,0.0,0.0,870.0,sufficient
20823,PROD000299,WH002,North Warehouse,Manchester,North West,544,0.0,0.0,0.0,544.0,sufficient
20823,PROD000299,WH003,Midlands Warehouse,Birmingham,West Midlands,708,0.0,0.0,0.0,708.0,sufficient
20823,PROD000299,WH004,Scotland Warehouse,Glasgow,Scotland,84,48.0,37.92,0.0,84.0,sufficient
20823,PROD000299,WH005,Wales Warehouse,Cardiff,Wales,283,0.0,0.0,0.0,283.0,sufficient
20824,PROD000300,WH001,Central Warehouse,London,South East,783,0.0,0.0,0.0,783.0,sufficient
20824,PROD000300,WH002,North Warehouse,Manchester,North West,927,0.0,0.0,0.0,927.0,sufficient
20824,PROD000300,WH003,Midlands Warehouse,Birmingham,West Midlands,469,0.0,0.0,0.0,469.0,sufficient
20824,PROD000300,WH004,Scotland Warehouse,Glasgow,Scotland,710,0.0,0.0,0.0,710.0,sufficient
20824,PROD000300,WH005,Wales Warehouse,Cardiff,Wales,639,0.0,0.0,0.0,639.0,sufficient
20827,PROD000302,WH001,Central Warehouse,London,South East,803,12.0,25.44,0.0,803.0,sufficient
20827,PROD000302,WH002,North Warehouse,Manchester,North West,859,0.0,0.0,0.0,859.0,sufficient
20827,PROD000302,WH003,Midlands Warehouse,Birmingham,West Midlands,233,0.0,0.0,0.0,233.0,sufficient
20827,PROD000302,WH004,Scotland Warehouse,Glasgow,Scotland,964,0.0,0.0,68.0,896.0,sufficient
20827,PROD000302,WH005,Wales Warehouse,Cardiff,Wales,899,0.0,0.0,0.0,899.0,sufficient
20828,PROD000303,WH001,Central Warehouse,London,South East,158,39.0,104.27,1.0,157.0,sufficient
20828,PROD000303,WH002,North Warehouse,Manchester,North West,883,158.0,362.21,0.0,883.0,sufficient
20828,PROD000303,WH003,Midlands Warehouse,Birmingham,West Midlands,863,41.0,111.97999999999999,0.0,863.0,sufficient
20828,PROD000303,WH004,Scotland Warehouse,Glasgow,Scotland,652,249.0,550.96,1.0,651.0,sufficient
20828,PROD000303,WH005,Wales Warehouse,Cardiff,Wales,265,46.0,122.22,0.0,265.0,sufficient
20829,PROD000304,WH001,Central Warehouse,London,South East,301,25.0,58.83,6.0,295.0,sufficient
20829,PROD000304,WH002,North Warehouse,Manchester,North West,237,30.0,63.0,0.0,237.0,sufficient
20829,PROD000304,WH003,Midlands Warehouse,Birmingham,West Midlands,971,37.0,79.9,0.0,971.0,sufficient
20829,PROD000304,WH004,Scotland Warehouse,Glasgow,Scotland,664,33.0,73.52,0.0,664.0,sufficient
20829,PROD000304,WH005,Wales Warehouse,Cardiff,Wales,90,106.0,224.71,0.0,90.0,sufficient
20830,PROD000305,WH001,Central Warehouse,London,South East,276,15.0,33.53,0.0,276.0,sufficient
20830,PROD000305,WH002,North Warehouse,Manchester,North West,952,12.0,37.38,0.0,952.0,sufficient
20830,PROD000305,WH003,Midlands Warehouse,Birmingham,West Midlands,787,2.0,4.2,2.0,785.0,sufficient
20830,PROD000305,WH004,Scotland Warehouse,Glasgow,Scotland,490,0.0,0.0,0.0,490.0,sufficient
20830,PROD000305,WH005,Wales Warehouse,Cardiff,Wales,461,0.0,0.0,0.0,461.0,sufficient
20833,PROD000308,WH001,Central Warehouse,London,South East,176,0.0,0.0,0.0,176.0,sufficient
20833,PROD000308,WH002,North Warehouse,Manchester,North West,227,12.0,153.0,0.0,227.0,sufficient
20833,PROD000308,WH003,Midlands Warehouse,Birmingham,West Midlands,79,0.0,0.0,0.0,79.0,sufficient
20833,PROD000308,WH004,Scotland Warehouse,Glasgow,Scotland,258,0.0,0.0,0.0,258.0,sufficient
20833,PROD000308,WH005,Wales Warehouse,Cardiff,Wales,978,0.0,0.0,0.0,978.0,sufficient
20836,PROD000310,WH001,Central Warehouse,London,South East,393,0.0,0.0,0.0,393.0,sufficient
20836,PROD000310,WH002,North Warehouse,Manchester,North West,923,0.0,0.0,0.0,923.0,sufficient
20836,PROD000310,WH003,Midlands Warehouse,Birmingham,West Midlands,702,6.0,4.98,0.0,702.0,sufficient
20836,PROD000310,WH004,Scotland Warehouse,Glasgow,Scotland,956,0.0,0.0,0.0,956.0,sufficient
20836,PROD000310,WH005,Wales Warehouse,Cardiff,Wales,234,0.0,0.0,0.0,234.0,sufficient
20837,PROD000311,WH001,Central Warehouse,London,South East,788,0.0,0.0,0.0,788.0,sufficient
20837,PROD000311,WH002,North Warehouse,Manchester,North West,625,12.0,9.96,0.0,625.0,sufficient
20837,PROD000311,WH003,Midlands Warehouse,Birmingham,West Midlands,659,0.0,0.0,0.0,659.0,sufficient
20837,PROD000311,WH004,Scotland Warehouse,Glasgow,Scotland,860,0.0,0.0,0.0,860.0,sufficient
20837,PROD000311,WH005,Wales Warehouse,Cardiff,Wales,605,0.0,0.0,0.0,605.0,sufficient
20846,PROD000316,WH001,Central Warehouse,London,South East,1927,27.0,48.77,0.0,1927.0,sufficient
20846,PROD000316,WH002,North Warehouse,Manchester,North West,1065,14.0,19.97,0.0,1065.0,sufficient
20846,PROD000316,WH003,Midlands Warehouse,Birmingham,West Midlands,338,41.0,54.98,12.0,326.0,sufficient
20846,PROD000316,WH004,Scotland Warehouse,Glasgow,Scotland,1124,30.0,40.019999999999996,0.0,1124.0,sufficient
20846,PROD000316,WH005,Wales Warehouse,Cardiff,Wales,1716,17.0,22.509999999999998,0.0,1716.0,sufficient
20848,PROD000318,WH001,Central Warehouse,London,South East,390,0.0,0.0,0.0,390.0,sufficient
20848,PROD000318,WH002,North Warehouse,Manchester,North West,500,0.0,0.0,0.0,500.0,sufficient
20848,PROD000318,WH003,Midlands Warehouse,Birmingham,West Midlands,185,3.0,8.85,0.0,185.0,sufficient
20848,PROD000318,WH004,Scotland Warehouse,Glasgow,Scotland,750,0.0,0.0,0.0,750.0,sufficient
20848,PROD000318,WH005,Wales Warehouse,Cardiff,Wales,258,0.0,0.0,0.0,258.0,sufficient
20849,PROD000319,WH001,Central Warehouse,London,South East,693,20.0,0.0,0.0,693.0,sufficient
20849,PROD000319,WH002,North Warehouse,Manchester,North West,800,576.0,288.0,0.0,800.0,sufficient
20849,PROD000319,WH003,Midlands Warehouse,Birmingham,West Midlands,1790,0.0,0.0,0.0,1790.0,sufficient
20849,PROD000319,WH004,Scotland Warehouse,Glasgow,Scotland,159,0.0,0.0,0.0,159.0,sufficient
20849,PROD000319,WH005,Wales Warehouse,Cardiff,Wales,232,2.0,7.5,0.0,232.0,sufficient
20851,PROD000321,WH001,Central Warehouse,London,South East,755,0.0,0.0,0.0,755.0,sufficient
20851,PROD000321,WH002,North Warehouse,Manchester,North West,873,0.0,0.0,0.0,873.0,sufficient
20851,PROD000321,WH003,Midlands Warehouse,Birmingham,West Midlands,808,3.0,17.85,2.0,806.0,sufficient
20851,PROD000321,WH004,Scotland Warehouse,Glasgow,Scotland,378,0.0,0.0,0.0,378.0,sufficient
20851,PROD000321,WH005,Wales Warehouse,Cardiff,Wales,574,0.0,0.0,0.0,574.0,sufficient
20855,PROD000323,WH001,Central Warehouse,London,South East,301,3.0,4.95,0.0,301.0,sufficient
20855,PROD000323,WH002,North Warehouse,Manchester,North West,253,1.0,1.65,0.0,253.0,sufficient
20855,PROD000323,WH003,Midlands Warehouse,Birmingham,West Midlands,924,6.0,9.9,0.0,924.0,sufficient
20855,PROD000323,WH004,Scotland Warehouse,Glasgow,Scotland,900,2.0,3.3,0.0,900.0,sufficient
20855,PROD000323,WH005,Wales Warehouse,Cardiff,Wales,214,0.0,0.0,0.0,214.0,sufficient
20856,PROD000324,WH001,Central Warehouse,London,South East,46,6.0,9.9,0.0,46.0,sufficient
20856,PROD000324,WH002,North Warehouse,Manchester,North West,128,5.0,8.17,0.0,128.0,sufficient
20856,PROD000324,WH003,Midlands Warehouse,Birmingham,West Midlands,594,13.0,21.45,0.0,594.0,sufficient
20856,PROD000324,WH004,Scotland Warehouse,Glasgow,Scotland,3,3.0,4.98,0.0,3.0,sufficient
20856,PROD000324,WH005,Wales Warehouse,Cardiff,Wales,936,5.0,8.25,0.0,936.0,sufficient
20860,PROD000326,WH001,Central Warehouse,London,South East,864,0.0,0.0,0.0,864.0,sufficient
20860,PROD000326,WH002,North Warehouse,Manchester,North West,196,0.0,0.0,0.0,196.0,sufficient
20860,PROD000326,WH003,Midlands Warehouse,Birmingham,West Midlands,385,0.0,0.0,0.0,385.0,sufficient
20860,PROD000326,WH004,Scotland Warehouse,Glasgow,Scotland,316,0.0,0.0,0.0,316.0,sufficient
20860,PROD000326,WH005,Wales Warehouse,Cardiff,Wales,132,0.0,0.0,0.0,132.0,sufficient
20861,PROD000327,WH001,Central Warehouse,London,South East,662,0.0,0.0,0.0,662.0,sufficient
20861,PROD000327,WH002,North Warehouse,Manchester,North West,535,0.0,0.0,0.0,535.0,sufficient
20861,PROD000327,WH003,Midlands Warehouse,Birmingham,West Midlands,250,1.0,2.1,0.0,250.0,sufficient
20861,PROD000327,WH004,Scotland Warehouse,Glasgow,Scotland,415,1.0,2.1,0.0,415.0,sufficient
20861,PROD000327,WH005,Wales Warehouse,Cardiff,Wales,394,0.0,0.0,0.0,394.0,sufficient
20864,PROD000330,WH001,Central Warehouse,London,South East,222,0.0,0.0,0.0,222.0,sufficient
20864,PROD000330,WH002,North Warehouse,Manchester,North West,82,0.0,0.0,0.0,82.0,sufficient
20864,PROD000330,WH003,Midlands Warehouse,Birmingham,West Midlands,34,0.0,0.0,0.0,34.0,sufficient
20864,PROD000330,WH004,Scotland Warehouse,Glasgow,Scotland,433,3.0,6.3,0.0,433.0,sufficient
20864,PROD000330,WH005,Wales Warehouse,Cardiff,Wales,73,0.0,0.0,0.0,73.0,sufficient
20868,PROD000334,WH001,Central Warehouse,London,South East,312,3.0,1.17,0.0,312.0,sufficient
20868,PROD000334,WH002,North Warehouse,Manchester,North West,159,60.0,23.4,0.0,159.0,sufficient
20868,PROD000334,WH003,Midlands Warehouse,Birmingham,West Midlands,767,0.0,0.0,0.0,767.0,sufficient
20868,PROD000334,WH004,Scotland Warehouse,Glasgow,Scotland,621,246.0,98.7,0.0,621.0,sufficient
20868,PROD000334,WH005,Wales Warehouse,Cardiff,Wales,397,8.0,11.26,0.0,397.0,sufficient
20879,PROD000339,WH001,Central Warehouse,London,South East,94,4.0,24.16,0.0,94.0,sufficient
20879,PROD000339,WH002,North Warehouse,Manchester,North West,658,0.0,0.0,0.0,658.0,sufficient
20879,PROD000339,WH003,Midlands Warehouse,Birmingham,West Midlands,369,0.0,0.0,0.0,369.0,sufficient
20879,PROD000339,WH004,Scotland Warehouse,Glasgow,Scotland,242,1.0,6.04,0.0,242.0,sufficient
20879,PROD000339,WH005,Wales Warehouse,Cardiff,Wales,260,6.0,3.9,0.0,260.0,sufficient
20885,PROD000340,WH001,Central Warehouse,London,South East,427,0.0,0.0,0.0,427.0,sufficient
20885,PROD000340,WH002,North Warehouse,Manchester,North West,4,0.0,0.0,0.0,4.0,sufficient
20885,PROD000340,WH003,Midlands Warehouse,Birmingham,West Midlands,990,0.0,0.0,0.0,990.0,sufficient
20885,PROD000340,WH004,Scotland Warehouse,Glasgow,Scotland,355,0.0,0.0,0.0,355.0,sufficient
20885,PROD000340,WH005,Wales Warehouse,Cardiff,Wales,836,0.0,0.0,0.0,836.0,sufficient
20887,PROD000342,WH001,Central Warehouse,London,South East,504,0.0,0.0,0.0,504.0,sufficient
20887,PROD000342,WH002,North Warehouse,Manchester,North West,460,0.0,0.0,0.0,460.0,sufficient
20887,PROD000342,WH003,Midlands Warehouse,Birmingham,West Midlands,880,2.0,15.56,0.0,880.0,sufficient
20887,PROD000342,WH004,Scotland Warehouse,Glasgow,Scotland,617,0.0,0.0,0.0,617.0,sufficient
20887,PROD000342,WH005,Wales Warehouse,Cardiff,Wales,759,0.0,0.0,0.0,759.0,sufficient
20888,PROD000343,WH001,Central Warehouse,London,South East,716,0.0,0.0,0.0,716.0,sufficient
20888,PROD000343,WH002,North Warehouse,Manchester,North West,179,0.0,0.0,0.0,179.0,sufficient
20888,PROD000343,WH003,Midlands Warehouse,Birmingham,West Midlands,227,24.0,30.0,0.0,227.0,sufficient
20888,PROD000343,WH004,Scotland Warehouse,Glasgow,Scotland,597,240.0,300.0,0.0,597.0,sufficient
20888,PROD000343,WH005,Wales Warehouse,Cardiff,Wales,755,0.0,0.0,0.0,755.0,sufficient
20889,PROD000344,WH001,Central Warehouse,London,South East,770,0.0,0.0,0.0,770.0,sufficient
20889,PROD000344,WH002,North Warehouse,Manchester,North West,461,0.0,0.0,0.0,461.0,sufficient
20889,PROD000344,WH003,Midlands Warehouse,Birmingham,West Midlands,748,0.0,0.0,0.0,748.0,sufficient
20889,PROD000344,WH004,Scotland Warehouse,Glasgow,Scotland,467,0.0,0.0,0.0,467.0,sufficient
20889,PROD000344,WH005,Wales Warehouse,Cardiff,Wales,1185,4.0,11.8,0.0,1185.0,sufficient
20893,PROD000347,WH001,Central Warehouse,London,South East,517,19.0,50.86,13.0,504.0,sufficient
20893,PROD000347,WH002,North Warehouse,Manchester,North West,411,2.0,5.1,0.0,411.0,sufficient
20893,PROD000347,WH003,Midlands Warehouse,Birmingham,West Midlands,15,3.0,7.6499999999999995,0.0,15.0,sufficient
20893,PROD000347,WH004,Scotland Warehouse,Glasgow,Scotland,365,6.0,15.3,0.0,365.0,sufficient
20893,PROD000347,WH005,Wales Warehouse,Cardiff,Wales,351,63.0,139.12,0.0,351.0,sufficient
20896,PROD000349,WH001,Central Warehouse,London,South East,802,0.0,0.0,0.0,802.0,sufficient
20896,PROD000349,WH002,North Warehouse,Manchester,North West,290,0.0,0.0,0.0,290.0,sufficient
20896,PROD000349,WH003,Midlands Warehouse,Birmingham,West Midlands,602,0.0,0.0,0.0,602.0,sufficient
20896,PROD000349,WH004,Scotland Warehouse,Glasgow,Scotland,426,0.0,0.0,0.0,426.0,sufficient
20896,PROD000349,WH005,Wales Warehouse,Cardiff,Wales,298,0.0,0.0,0.0,298.0,sufficient
20898,PROD000351,WH001,Central Warehouse,London,South East,786,0.0,0.0,0.0,786.0,sufficient
20898,PROD000351,WH002,North Warehouse,Manchester,North West,856,0.0,0.0,0.0,856.0,sufficient
20898,PROD000351,WH003,Midlands Warehouse,Birmingham,West Midlands,670,4.0,14.4,0.0,670.0,sufficient
20898,PROD000351,WH004,Scotland Warehouse,Glasgow,Scotland,388,0.0,0.0,0.0,388.0,sufficient
20898,PROD000351,WH005,Wales Warehouse,Cardiff,Wales,484,0.0,0.0,0.0,484.0,sufficient
20901,PROD000353,WH001,Central Warehouse,London,South East,613,2.0,25.44,0.0,613.0,sufficient
20901,PROD000353,WH002,North Warehouse,Manchester,North West,233,2.0,25.44,0.0,233.0,sufficient
20901,PROD000353,WH003,Midlands Warehouse,Birmingham,West Midlands,81,0.0,0.0,0.0,81.0,sufficient
20901,PROD000353,WH004,Scotland Warehouse,Glasgow,Scotland,576,0.0,0.0,0.0,576.0,sufficient
20901,PROD000353,WH005,Wales Warehouse,Cardiff,Wales,172,2.0,12.7,0.0,172.0,sufficient
20913,PROD000358,WH001,Central Warehouse,London,South East,205,8.0,23.599999999999998,0.0,205.0,sufficient
20913,PROD000358,WH002,North Warehouse,Manchester,North West,219,7.0,20.65,0.0,219.0,sufficient
20913,PROD000358,WH003,Midlands Warehouse,Birmingham,West Midlands,987,1.0,6.04,0.0,987.0,sufficient
20913,PROD000358,WH004,Scotland Warehouse,Glasgow,Scotland,893,0.0,0.0,0.0,893.0,sufficient
20913,PROD000358,WH005,Wales Warehouse,Cardiff,Wales,343,0.0,0.0,0.0,343.0,sufficient
20934,PROD000363,WH001,Central Warehouse,London,South East,1097,2.0,10.9,0.0,1097.0,sufficient
20934,PROD000363,WH002,North Warehouse,Manchester,North West,1055,2.0,10.9,0.0,1055.0,sufficient
20934,PROD000363,WH003,Midlands Warehouse,Birmingham,West Midlands,528,2.0,22.04,0.0,528.0,sufficient
20934,PROD000363,WH004,Scotland Warehouse,Glasgow,Scotland,1081,3.0,21.92,0.0,1081.0,sufficient
20934,PROD000363,WH005,Wales Warehouse,Cardiff,Wales,1543,16.0,79.2,0.0,1543.0,sufficient
20935,PROD000364,WH001,Central Warehouse,London,South East,458,24.0,30.0,0.0,458.0,sufficient
20935,PROD000364,WH002,North Warehouse,Manchester,North West,202,1.0,2.95,0.0,202.0,sufficient
20935,PROD000364,WH003,Midlands Warehouse,Birmingham,West Midlands,804,0.0,0.0,0.0,804.0,sufficient
20935,PROD000364,WH004,Scotland Warehouse,Glasgow,Scotland,471,0.0,0.0,0.0,471.0,sufficient
20935,PROD000364,WH005,Wales Warehouse,Cardiff,Wales,747,3.0,8.850000000000001,0.0,747.0,sufficient
20936,PROD000365,WH001,Central Warehouse,London,South East,572,1.0,2.95,0.0,572.0,sufficient
20936,PROD000365,WH002,North Warehouse,Manchester,North West,984,16.0,59.56,0.0,984.0,sufficient
20936,PROD000365,WH003,Midlands Warehouse,Birmingham,West Midlands,959,14.0,44.26,0.0,959.0,sufficient
20936,PROD000365,WH004,Scotland Warehouse,Glasgow,Scotland,747,8.0,23.6,0.0,747.0,sufficient
20936,PROD000365,WH005,Wales Warehouse,Cardiff,Wales,520,0.0,0.0,0.0,520.0,sufficient
20940,PROD000366,WH001,Central Warehouse,London,South East,148,0.0,0.0,0.0,148.0,sufficient
20940,PROD000366,WH002,North Warehouse,Manchester,North West,261,0.0,0.0,0.0,261.0,sufficient
20940,PROD000366,WH003,Midlands Warehouse,Birmingham,West Midlands,826,7.0,23.74,0.0,826.0,sufficient
20940,PROD000366,WH004,Scotland Warehouse,Glasgow,Scotland,426,0.0,0.0,0.0,426.0,sufficient
20940,PROD000366,WH005,Wales Warehouse,Cardiff,Wales,462,0.0,0.0,0.0,462.0,sufficient
20951,PROD000370,WH001,Central Warehouse,London,South East,556,0.0,0.0,0.0,556.0,sufficient
20951,PROD000370,WH002,North Warehouse,Manchester,North West,328,0.0,0.0,0.0,328.0,sufficient
20951,PROD000370,WH003,Midlands Warehouse,Birmingham,West Midlands,958,0.0,0.0,0.0,958.0,sufficient
20951,PROD000370,WH004,Scotland Warehouse,Glasgow,Scotland,744,0.0,0.0,0.0,744.0,sufficient
20951,PROD000370,WH005,Wales Warehouse,Cardiff,Wales,367,0.0,0.0,0.0,367.0,sufficient
20953,PROD000372,WH001,Central Warehouse,London,South East,443,3.0,4.95,0.0,443.0,sufficient
20953,PROD000372,WH002,North Warehouse,Manchester,North West,339,1.0,1.65,0.0,339.0,sufficient
20953,PROD000372,WH003,Midlands Warehouse,Birmingham,West Midlands,53,0.0,0.0,0.0,53.0,sufficient
20953,PROD000372,WH004,Scotland Warehouse,Glasgow,Scotland,771,0.0,0.0,0.0,771.0,sufficient
20953,PROD000372,WH005,Wales Warehouse,Cardiff,Wales,629,0.0,0.0,0.0,629.0,sufficient
20956,PROD000374,WH001,Central Warehouse,London,South East,1232,18.0,30.06,0.0,1232.0,sufficient
20956,PROD000374,WH002,North Warehouse,Manchester,North West,850,0.0,0.0,0.0,850.0,sufficient
20956,PROD000374,WH003,Midlands Warehouse,Birmingham,West Midlands,914,23.0,42.61,12.0,902.0,sufficient
20956,PROD000374,WH004,Scotland Warehouse,Glasgow,Scotland,944,13.0,17.46,0.0,944.0,sufficient
20956,PROD000374,WH005,Wales Warehouse,Cardiff,Wales,190,83.0,103.75,12.0,178.0,sufficient
20957,PROD000375,WH001,Central Warehouse,London,South East,802,8.0,11.6,0.0,802.0,sufficient
20957,PROD000375,WH002,North Warehouse,Manchester,North West,741,0.0,0.0,0.0,741.0,sufficient
20957,PROD000375,WH003,Midlands Warehouse,Birmingham,West Midlands,1433,16.0,23.2,0.0,1433.0,sufficient
20957,PROD000375,WH004,Scotland Warehouse,Glasgow,Scotland,1260,3.0,4.35,0.0,1260.0,sufficient
20957,PROD000375,WH005,Wales Warehouse,Cardiff,Wales,282,0.0,0.0,0.0,282.0,sufficient
20966,PROD000381,WH001,Central Warehouse,London,South East,905,52.0,86.45,5.0,900.0,sufficient
20966,PROD000381,WH002,North Warehouse,Manchester,North West,34,87.0,116.31,10.0,24.0,sufficient
20966,PROD000381,WH003,Midlands Warehouse,Birmingham,West Midlands,107,50.0,71.32,10.0,97.0,sufficient
20966,PROD000381,WH004,Scotland Warehouse,Glasgow,Scotland,290,16.0,28.77,0.0,290.0,sufficient
20966,PROD000381,WH005,Wales Warehouse,Cardiff,Wales,486,41.0,78.97,4.0,482.0,sufficient
20973,PROD000388,WH001,Central Warehouse,London,South East,549,64.0,46.01,0.0,549.0,sufficient
20973,PROD000388,WH002,North Warehouse,Manchester,North West,552,142.0,100.7,38.0,514.0,sufficient
20973,PROD000388,WH003,Midlands Warehouse,Birmingham,West Midlands,662,302.0,198.13,0.0,662.0,sufficient
20973,PROD000388,WH004,Scotland Warehouse,Glasgow,Scotland,502,81.0,60.57,12.0,490.0,sufficient
20973,PROD000388,WH005,Wales Warehouse,Cardiff,Wales,472,75.0,51.9,0.0,472.0,sufficient
20974,PROD000389,WH001,Central Warehouse,London,South East,282,261.0,170.28,0.0,282.0,sufficient
20974,PROD000389,WH002,North Warehouse,Manchester,North West,268,571.0,337.13,5.0,263.0,sufficient
20974,PROD000389,WH003,Midlands Warehouse,Birmingham,West Midlands,42,241.0,174.23,5.0,37.0,sufficient
20974,PROD000389,WH004,Scotland Warehouse,Glasgow,Scotland,543,241.0,157.25,120.0,423.0,sufficient
20974,PROD000389,WH005,Wales Warehouse,Cardiff,Wales,761,275.0,185.09,12.0,749.0,sufficient
20975,PROD000390,WH001,Central Warehouse,London,South East,963,209.0,136.48,0.0,963.0,sufficient
20975,PROD000390,WH002,North Warehouse,Manchester,North West,866,554.0,365.16,278.0,588.0,sufficient
20975,PROD000390,WH003,Midlands Warehouse,Birmingham,West Midlands,1046,898.0,587.41,0.0,1046.0,sufficient
20975,PROD000390,WH004,Scotland Warehouse,Glasgow,Scotland,973,307.0,200.81,24.0,949.0,sufficient
20975,PROD000390,WH005,Wales Warehouse,Cardiff,Wales,1311,190.0,130.44,0.0,1311.0,sufficient
20980,PROD000395,WH001,Central Warehouse,London,South East,889,1.0,2.57,0.0,889.0,sufficient
20980,PROD000395,WH002,North Warehouse,Manchester,North West,699,7.0,11.27,0.0,699.0,sufficient
20980,PROD000395,WH003,Midlands Warehouse,Birmingham,West Midlands,852,15.0,18.75,0.0,852.0,sufficient
20980,PROD000395,WH004,Scotland Warehouse,Glasgow,Scotland,349,6.0,8.82,0.0,349.0,sufficient
20980,PROD000395,WH005,Wales Warehouse,Cardiff,Wales,671,0.0,0.0,0.0,671.0,sufficient
20983,PROD000398,WH001,Central Warehouse,London,South East,15,67.0,56.949999999999996,0.0,15.0,sufficient
20983,PROD000398,WH002,North Warehouse,Manchester,North West,620,92.0,78.97999999999999,24.0,596.0,sufficient
20983,PROD000398,WH003,Midlands Warehouse,Birmingham,West Midlands,659,63.0,54.36,0.0,659.0,sufficient
20983,PROD000398,WH004,Scotland Warehouse,Glasgow,Scotland,514,82.0,69.69999999999999,0.0,514.0,sufficient
20983,PROD000398,WH005,Wales Warehouse,Cardiff,Wales,774,144.0,123.96,0.0,774.0,sufficient
20985,PROD000400,WH001,Central Warehouse,London,South East,964,129.0,163.67000000000002,0.0,964.0,sufficient
20985,PROD000400,WH002,North Warehouse,Manchester,North West,379,15.0,23.689999999999998,4.0,375.0,sufficient
20985,PROD000400,WH003,Midlands Warehouse,Birmingham,West Midlands,277,16.0,22.42,0.0,277.0,sufficient
20985,PROD000400,WH004,Scotland Warehouse,Glasgow,Scotland,822,6.0,7.5,0.0,822.0,sufficient
20985,PROD000400,WH005,Wales Warehouse,Cardiff,Wales,980,33.0,42.46,0.0,980.0,sufficient
20987,PROD000402,WH001,Central Warehouse,London,South East,755,0.0,0.0,0.0,755.0,sufficient
20987,PROD000402,WH002,North Warehouse,Manchester,North West,846,1.0,4.3,0.0,846.0,sufficient
20987,PROD000402,WH003,Midlands Warehouse,Birmingham,West Midlands,231,0.0,0.0,0.0,231.0,sufficient
20987,PROD000402,WH004,Scotland Warehouse,Glasgow,Scotland,696,0.0,0.0,0.0,696.0,sufficient
20987,PROD000402,WH005,Wales Warehouse,Cardiff,Wales,81,5.0,9.75,0.0,81.0,sufficient
20990,PROD000404,WH001,Central Warehouse,London,South East,624,25.0,53.269999999999996,0.0,624.0,sufficient
20990,PROD000404,WH002,North Warehouse,Manchester,North West,577,11.0,26.15,0.0,577.0,sufficient
20990,PROD000404,WH003,Midlands Warehouse,Birmingham,West Midlands,258,1.0,1.95,0.0,258.0,sufficient
20990,PROD000404,WH004,Scotland Warehouse,Glasgow,Scotland,920,0.0,0.0,0.0,920.0,sufficient
20990,PROD000404,WH005,Wales Warehouse,Cardiff,Wales,616,4.0,7.8,0.0,616.0,sufficient
20991,PROD000405,WH001,Central Warehouse,London,South East,858,0.0,0.0,0.0,858.0,sufficient
20991,PROD000405,WH002,North Warehouse,Manchester,North West,914,0.0,0.0,0.0,914.0,sufficient
20991,PROD000405,WH003,Midlands Warehouse,Birmingham,West Midlands,336,0.0,0.0,0.0,336.0,sufficient
20991,PROD000405,WH004,Scotland Warehouse,Glasgow,Scotland,466,0.0,0.0,0.0,466.0,sufficient
20991,PROD000405,WH005,Wales Warehouse,Cardiff,Wales,315,2.0,2.6,0.0,315.0,sufficient
20992,PROD000406,WH001,Central Warehouse,London,South East,236,11.0,10.16,0.0,236.0,sufficient
20992,PROD000406,WH002,North Warehouse,Manchester,North West,350,245.0,119.44999999999999,0.0,350.0,sufficient
20992,PROD000406,WH003,Midlands Warehouse,Birmingham,West Midlands,704,27.0,19.16,9.0,695.0,sufficient
20992,PROD000406,WH004,Scotland Warehouse,Glasgow,Scotland,623,128.0,62.31999999999999,2.0,621.0,sufficient
20992,PROD000406,WH005,Wales Warehouse,Cardiff,Wales,948,40.0,26.64,0.0,948.0,sufficient
20997,PROD000409,WH001,Central Warehouse,London,South East,12,2.0,8.26,0.0,12.0,sufficient
20997,PROD000409,WH002,North Warehouse,Manchester,North West,243,5.0,28.71,0.0,243.0,sufficient
20997,PROD000409,WH003,Midlands Warehouse,Birmingham,West Midlands,832,4.0,16.52,0.0,832.0,sufficient
20997,PROD000409,WH004,Scotland Warehouse,Glasgow,Scotland,432,0.0,0.0,0.0,432.0,sufficient
20997,PROD000409,WH005,Wales Warehouse,Cardiff,Wales,326,2.0,16.82,0.0,326.0,sufficient
21002,PROD000413,WH001,Central Warehouse,London,South East,816,4.0,13.44,0.0,816.0,sufficient
21002,PROD000413,WH002,North Warehouse,Manchester,North West,582,14.0,47.44,0.0,582.0,sufficient
21002,PROD000413,WH003,Midlands Warehouse,Birmingham,West Midlands,263,11.0,44.83,0.0,263.0,sufficient
21002,PROD000413,WH004,Scotland Warehouse,Glasgow,Scotland,222,2.0,6.72,0.0,222.0,sufficient
21002,PROD000413,WH005,Wales Warehouse,Cardiff,Wales,338,8.0,26.88,1.0,337.0,sufficient
21004,PROD000415,WH001,Central Warehouse,London,South East,723,5.0,21.17,0.0,723.0,sufficient
21004,PROD000415,WH002,North Warehouse,Manchester,North West,148,1.0,4.25,0.0,148.0,sufficient
21004,PROD000415,WH003,Midlands Warehouse,Birmingham,West Midlands,915,7.0,29.75,0.0,915.0,sufficient
21004,PROD000415,WH004,Scotland Warehouse,Glasgow,Scotland,1350,3.0,12.75,0.0,1350.0,sufficient
21004,PROD000415,WH005,Wales Warehouse,Cardiff,Wales,533,2.0,8.5,0.0,533.0,sufficient
21007,PROD000416,WH001,Central Warehouse,London,South East,1396,0.0,0.0,0.0,1396.0,sufficient
21007,PROD000416,WH002,North Warehouse,Manchester,North West,310,48.0,18.24,0.0,310.0,sufficient
21007,PROD000416,WH003,Midlands Warehouse,Birmingham,West Midlands,460,192.0,72.96,0.0,460.0,sufficient
21007,PROD000416,WH004,Scotland Warehouse,Glasgow,Scotland,633,0.0,0.0,0.0,633.0,sufficient
21007,PROD000416,WH005,Wales Warehouse,Cardiff,Wales,1939,48.0,18.24,0.0,1939.0,sufficient
21015,PROD000423,WH001,Central Warehouse,London,South East,19,28.0,11.18,0.0,19.0,sufficient
21015,PROD000423,WH002,North Warehouse,Manchester,North West,196,11.0,11.83,0.0,196.0,sufficient
21015,PROD000423,WH003,Midlands Warehouse,Birmingham,West Midlands,238,2.0,1.54,0.0,238.0,sufficient
21015,PROD000423,WH004,Scotland Warehouse,Glasgow,Scotland,162,19.0,15.2,0.0,162.0,sufficient
21015,PROD000423,WH005,Wales Warehouse,Cardiff,Wales,262,6.0,1.74,0.0,262.0,sufficient
21022,PROD000427,WH001,Central Warehouse,London,South East,797,0.0,0.0,0.0,797.0,sufficient
21022,PROD000427,WH002,North Warehouse,Manchester,North West,773,0.0,0.0,0.0,773.0,sufficient
21022,PROD000427,WH003,Midlands Warehouse,Birmingham,West Midlands,566,0.0,0.0,0.0,566.0,sufficient
21022,PROD000427,WH004,Scotland Warehouse,Glasgow,Scotland,661,0.0,0.0,0.0,661.0,sufficient
21022,PROD000427,WH005,Wales Warehouse,Cardiff,Wales,353,0.0,0.0,0.0,353.0,sufficient
21026,PROD000429,WH001,Central Warehouse,London,South East,844,15.0,23.02,3.0,841.0,sufficient
21026,PROD000429,WH002,North Warehouse,Manchester,North West,760,11.0,15.01,0.0,760.0,sufficient
21026,PROD000429,WH003,Midlands Warehouse,Birmingham,West Midlands,1755,41.0,47.050000000000004,0.0,1755.0,sufficient
21026,PROD000429,WH004,Scotland Warehouse,Glasgow,Scotland,387,24.0,29.2,0.0,387.0,sufficient
21026,PROD000429,WH005,Wales Warehouse,Cardiff,Wales,871,10.0,12.5,0.0,871.0,sufficient
21029,PROD000432,WH001,Central Warehouse,London,South East,647,0.0,0.0,0.0,647.0,sufficient
21029,PROD000432,WH002,North Warehouse,Manchester,North West,613,0.0,0.0,0.0,613.0,sufficient
21029,PROD000432,WH003,Midlands Warehouse,Birmingham,West Midlands,689,2.0,0.0,0.0,689.0,sufficient
21029,PROD000432,WH004,Scotland Warehouse,Glasgow,Scotland,288,0.0,0.0,0.0,288.0,sufficient
21029,PROD000432,WH005,Wales Warehouse,Cardiff,Wales,66,0.0,0.0,0.0,66.0,sufficient
21031,PROD000434,WH001,Central Warehouse,London,South East,713,11.0,11.85,0.0,713.0,sufficient
21031,PROD000434,WH002,North Warehouse,Manchester,North West,554,2.0,3.71,1.0,553.0,sufficient
21031,PROD000434,WH003,Midlands Warehouse,Birmingham,West Midlands,895,0.0,0.0,0.0,895.0,sufficient
21031,PROD000434,WH004,Scotland Warehouse,Glasgow,Scotland,332,0.0,0.0,0.0,332.0,sufficient
21031,PROD000434,WH005,Wales Warehouse,Cardiff,Wales,139,13.0,15.05,10.0,129.0,sufficient
21034,PROD000437,WH001,Central Warehouse,London,South East,1711,38.0,36.1,1.0,1710.0,sufficient
21034,PROD000437,WH002,North Warehouse,Manchester,North West,832,79.0,75.05,2.0,830.0,sufficient
21034,PROD000437,WH003,Midlands Warehouse,Birmingham,West Midlands,196,125.0,118.75,0.0,196.0,sufficient
21034,PROD000437,WH004,Scotland Warehouse,Glasgow,Scotland,390,72.0,68.39999999999999,3.0,387.0,sufficient
21034,PROD000437,WH005,Wales Warehouse,Cardiff,Wales,1533,72.0,68.39999999999999,6.0,1527.0,sufficient
21038,PROD000439,WH001,Central Warehouse,London,South East,451,2.0,5.9,0.0,451.0,sufficient
21038,PROD000439,WH002,North Warehouse,Manchester,North West,440,0.0,0.0,0.0,440.0,sufficient
21038,PROD000439,WH003,Midlands Warehouse,Birmingham,West Midlands,5,1.0,0.79,0.0,5.0,sufficient
21038,PROD000439,WH004,Scotland Warehouse,Glasgow,Scotland,454,2.0,5.9,0.0,454.0,sufficient
21038,PROD000439,WH005,Wales Warehouse,Cardiff,Wales,619,0.0,0.0,0.0,619.0,sufficient
21041,PROD000442,WH001,Central Warehouse,London,South East,716,44.0,144.35999999999999,0.0,716.0,sufficient
21041,PROD000442,WH002,North Warehouse,Manchester,North West,401,20.0,76.56,1.0,400.0,sufficient
21041,PROD000442,WH003,Midlands Warehouse,Birmingham,West Midlands,903,42.0,145.26,6.0,897.0,sufficient
21041,PROD000442,WH004,Scotland Warehouse,Glasgow,Scotland,915,27.0,91.37,2.0,913.0,sufficient
21041,PROD000442,WH005,Wales Warehouse,Cardiff,Wales,940,21.0,84.59,0.0,940.0,sufficient
21042,PROD000443,WH001,Central Warehouse,London,South East,314,24.0,162.59,1.0,313.0,sufficient
21042,PROD000443,WH002,North Warehouse,Manchester,North West,64,23.0,143.62,2.0,62.0,sufficient
21042,PROD000443,WH003,Midlands Warehouse,Birmingham,West Midlands,526,29.0,179.32,0.0,526.0,sufficient
21042,PROD000443,WH004,Scotland Warehouse,Glasgow,Scotland,575,12.0,78.17,7.0,568.0,sufficient
21042,PROD000443,WH005,Wales Warehouse,Cardiff,Wales,515,20.0,139.05,0.0,515.0,sufficient
21043,PROD000444,WH001,Central Warehouse,London,South East,522,17.0,51.25,0.0,522.0,sufficient
21043,PROD000444,WH002,North Warehouse,Manchester,North West,531,30.0,62.86,0.0,531.0,sufficient
21043,PROD000444,WH003,Midlands Warehouse,Birmingham,West Midlands,713,3.0,21.14,0.0,713.0,sufficient
21043,PROD000444,WH004,Scotland Warehouse,Glasgow,Scotland,979,6.0,35.79,0.0,979.0,sufficient
21043,PROD000444,WH005,Wales Warehouse,Cardiff,Wales,19,11.0,41.9,0.0,19.0,sufficient
21055,PROD000447,WH001,Central Warehouse,London,South East,650,16.0,151.23,1.0,649.0,sufficient
21055,PROD000447,WH002,North Warehouse,Manchester,North West,476,4.0,43.83,0.0,476.0,sufficient
21055,PROD000447,WH003,Midlands Warehouse,Birmingham,West Midlands,740,4.0,43.83,0.0,740.0,sufficient
21055,PROD000447,WH004,Scotland Warehouse,Glasgow,Scotland,337,6.0,85.82,1.0,336.0,sufficient
21055,PROD000447,WH005,Wales Warehouse,Cardiff,Wales,51,6.0,53.7,0.0,51.0,sufficient
21056,PROD000448,WH001,Central Warehouse,London,South East,187,14.0,125.30000000000001,0.0,187.0,sufficient
21056,PROD000448,WH002,North Warehouse,Manchester,North West,1021,3.0,26.849999999999998,0.0,1021.0,sufficient
21056,PROD000448,WH003,Midlands Warehouse,Birmingham,West Midlands,426,9.0,80.55,0.0,426.0,sufficient
21056,PROD000448,WH004,Scotland Warehouse,Glasgow,Scotland,534,8.0,71.6,0.0,534.0,sufficient
21056,PROD000448,WH005,Wales Warehouse,Cardiff,Wales,893,1.0,8.95,0.0,893.0,sufficient
21060,PROD000451,WH001,Central Warehouse,London,South East,785,15.0,12.75,0.0,785.0,sufficient
21060,PROD000451,WH002,North Warehouse,Manchester,North West,99,14.0,13.52,0.0,99.0,sufficient
21060,PROD000451,WH003,Midlands Warehouse,Birmingham,West Midlands,907,38.0,32.3,0.0,907.0,sufficient
21060,PROD000451,WH004,Scotland Warehouse,Glasgow,Scotland,645,310.0,128.14,0.0,645.0,sufficient
21060,PROD000451,WH005,Wales Warehouse,Cardiff,Wales,1068,9.0,7.65,0.0,1068.0,sufficient
21065,PROD000456,WH001,Central Warehouse,London,South East,303,7.0,38.01,0.0,303.0,sufficient
21065,PROD000456,WH002,North Warehouse,Manchester,North West,513,101.0,146.10999999999999,1.0,512.0,sufficient
21065,PROD000456,WH003,Midlands Warehouse,Birmingham,West Midlands,517,0.0,0.0,0.0,517.0,sufficient
21065,PROD000456,WH004,Scotland Warehouse,Glasgow,Scotland,489,3.0,14.29,0.0,489.0,sufficient
21065,PROD000456,WH005,Wales Warehouse,Cardiff,Wales,189,25.0,34.13,0.0,189.0,sufficient
21066,PROD000457,WH001,Central Warehouse,London,South East,991,24.0,30.0,0.0,991.0,sufficient
21066,PROD000457,WH002,North Warehouse,Manchester,North West,592,2.0,4.92,0.0,592.0,sufficient
21066,PROD000457,WH003,Midlands Warehouse,Birmingham,West Midlands,110,19.0,23.75,0.0,110.0,sufficient
21066,PROD000457,WH004,Scotland Warehouse,Glasgow,Scotland,282,7.0,8.75,0.0,282.0,sufficient
21066,PROD000457,WH005,Wales Warehouse,Cardiff,Wales,236,1.0,2.51,0.0,236.0,sufficient
21070,PROD000461,WH001,Central Warehouse,London,South East,995,13.0,16.25,0.0,995.0,sufficient
21070,PROD000461,WH002,North Warehouse,Manchester,North West,726,2.0,3.71,0.0,726.0,sufficient
21070,PROD000461,WH003,Midlands Warehouse,Birmingham,West Midlands,757,3.0,6.22,0.0,757.0,sufficient
21070,PROD000461,WH004,Scotland Warehouse,Glasgow,Scotland,686,8.0,10.0,0.0,686.0,sufficient
21070,PROD000461,WH005,Wales Warehouse,Cardiff,Wales,491,18.0,25.02,0.0,491.0,sufficient
21076,PROD000463,WH001,Central Warehouse,London,South East,1083,1.0,0.85,0.0,1083.0,sufficient
21076,PROD000463,WH002,North Warehouse,Manchester,North West,1486,22.0,26.8,0.0,1486.0,sufficient
21076,PROD000463,WH003,Midlands Warehouse,Birmingham,West Midlands,854,16.0,13.6,0.0,854.0,sufficient
21076,PROD000463,WH004,Scotland Warehouse,Glasgow,Scotland,398,2.0,1.7,0.0,398.0,sufficient
21076,PROD000463,WH005,Wales Warehouse,Cardiff,Wales,889,18.0,15.299999999999999,6.0,883.0,sufficient
21080,PROD000466,WH001,Central Warehouse,London,South East,855,775.0,582.8199999999999,10.0,845.0,sufficient
21080,PROD000466,WH002,North Warehouse,Manchester,North West,696,646.0,500.64,115.0,581.0,sufficient
21080,PROD000466,WH003,Midlands Warehouse,Birmingham,West Midlands,346,328.0,305.61,1.0,345.0,sufficient
21080,PROD000466,WH004,Scotland Warehouse,Glasgow,Scotland,864,831.0,641.48,96.0,768.0,sufficient
21080,PROD000466,WH005,Wales Warehouse,Cardiff,Wales,447,1068.0,846.52,19.0,428.0,sufficient
21084,PROD000468,WH001,Central Warehouse,London,South East,670,39.0,9.969999999999999,0.0,670.0,sufficient
21084,PROD000468,WH002,North Warehouse,Manchester,North West,42,24.0,4.56,0.0,42.0,sufficient
21084,PROD000468,WH003,Midlands Warehouse,Birmingham,West Midlands,147,106.0,34.599999999999994,0.0,147.0,sufficient
21084,PROD000468,WH004,Scotland Warehouse,Glasgow,Scotland,13,75.0,14.889999999999999,0.0,13.0,sufficient
21084,PROD000468,WH005,Wales Warehouse,Cardiff,Wales,129,8.0,2.44,0.0,129.0,sufficient
21092,PROD000476,WH001,Central Warehouse,London,South East,253,0.0,0.0,0.0,253.0,sufficient
21092,PROD000476,WH002,North Warehouse,Manchester,North West,135,21.0,34.86,0.0,135.0,sufficient
21092,PROD000476,WH003,Midlands Warehouse,Birmingham,West Midlands,627,0.0,0.0,0.0,627.0,sufficient
21092,PROD000476,WH004,Scotland Warehouse,Glasgow,Scotland,456,0.0,0.0,0.0,456.0,sufficient
21092,PROD000476,WH005,Wales Warehouse,Cardiff,Wales,929,48.0,40.8,0.0,929.0,sufficient
21095,PROD000478,WH001,Central Warehouse,London,South East,688,0.0,0.0,0.0,688.0,sufficient
21095,PROD000478,WH002,North Warehouse,Manchester,North West,176,12.0,10.2,0.0,176.0,sufficient
21095,PROD000478,WH003,Midlands Warehouse,Birmingham,West Midlands,145,16.0,13.6,0.0,145.0,sufficient
21095,PROD000478,WH004,Scotland Warehouse,Glasgow,Scotland,673,0.0,0.0,0.0,673.0,sufficient
21095,PROD000478,WH005,Wales Warehouse,Cardiff,Wales,309,2.0,1.7,0.0,309.0,sufficient
21096,PROD000479,WH001,Central Warehouse,London,South East,900,7.0,3.61,0.0,900.0,sufficient
21096,PROD000479,WH002,North Warehouse,Manchester,North West,741,25.0,21.229999999999997,0.0,741.0,sufficient
21096,PROD000479,WH003,Midlands Warehouse,Birmingham,West Midlands,379,30.0,29.68,0.0,379.0,sufficient
21096,PROD000479,WH004,Scotland Warehouse,Glasgow,Scotland,245,5.0,2.87,0.0,245.0,sufficient
21096,PROD000479,WH005,Wales Warehouse,Cardiff,Wales,650,65.0,25.349999999999998,0.0,650.0,sufficient
21097,PROD000480,WH001,Central Warehouse,London,South East,940,12.0,10.2,12.0,928.0,sufficient
21097,PROD000480,WH002,North Warehouse,Manchester,North West,369,0.0,0.0,0.0,369.0,sufficient
21097,PROD000480,WH003,Midlands Warehouse,Birmingham,West Midlands,84,0.0,0.0,0.0,84.0,sufficient
21097,PROD000480,WH004,Scotland Warehouse,Glasgow,Scotland,80,0.0,0.0,0.0,80.0,sufficient
21097,PROD000480,WH005,Wales Warehouse,Cardiff,Wales,197,0.0,0.0,0.0,197.0,sufficient
21109,PROD000488,WH001,Central Warehouse,London,South East,967,3.0,26.79,0.0,967.0,sufficient
21109,PROD000488,WH002,North Warehouse,Manchester,North West,702,26.0,57.67999999999999,0.0,702.0,sufficient
21109,PROD000488,WH003,Midlands Warehouse,Birmingham,West Midlands,578,19.0,98.05,0.0,578.0,sufficient
21109,PROD000488,WH004,Scotland Warehouse,Glasgow,Scotland,102,18.0,68.1,0.0,102.0,sufficient
21109,PROD000488,WH005,Wales Warehouse,Cardiff,Wales,585,24.0,46.8,24.0,561.0,sufficient
21110,PROD000489,WH001,Central Warehouse,London,South East,783,28.0,65.94,0.0,783.0,sufficient
21110,PROD000489,WH002,North Warehouse,Manchester,North West,516,4.0,27.0,0.0,516.0,sufficient
21110,PROD000489,WH003,Midlands Warehouse,Birmingham,West Midlands,680,3.0,20.25,0.0,680.0,sufficient
21110,PROD000489,WH004,Scotland Warehouse,Glasgow,Scotland,325,43.0,181.87,0.0,325.0,sufficient
21110,PROD000489,WH005,Wales Warehouse,Cardiff,Wales,488,11.0,101.53,0.0,488.0,sufficient
21112,PROD000491,WH001,Central Warehouse,London,South East,1312,52.0,101.24000000000001,0.0,1312.0,sufficient
21112,PROD000491,WH002,North Warehouse,Manchester,North West,969,3.0,8.850000000000001,0.0,969.0,sufficient
21112,PROD000491,WH003,Midlands Warehouse,Birmingham,West Midlands,1079,7.0,20.65,0.0,1079.0,sufficient
21112,PROD000491,WH004,Scotland Warehouse,Glasgow,Scotland,730,121.0,186.99,0.0,730.0,sufficient
21112,PROD000491,WH005,Wales Warehouse,Cardiff,Wales,571,4.0,10.04,0.0,571.0,sufficient
21122,PROD000497,WH001,Central Warehouse,London,South East,198,155.0,193.75,0.0,198.0,sufficient
21122,PROD000497,WH002,North Warehouse,Manchester,North West,348,141.0,177.51,2.0,346.0,sufficient
21122,PROD000497,WH003,Midlands Warehouse,Birmingham,West Midlands,749,385.0,427.73999999999995,0.0,749.0,sufficient
21122,PROD000497,WH004,Scotland Warehouse,Glasgow,Scotland,224,297.0,371.25,25.0,199.0,sufficient
21122,PROD000497,WH005,Wales Warehouse,Cardiff,Wales,253,137.0,171.25,0.0,253.0,sufficient
21126,PROD000501,WH001,Central Warehouse,London,South East,350,50.0,63.76,0.0,350.0,sufficient
21126,PROD000501,WH002,North Warehouse,Manchester,North West,854,77.0,93.97,12.0,842.0,sufficient
21126,PROD000501,WH003,Midlands Warehouse,Birmingham,West Midlands,458,51.0,66.17,0.0,458.0,sufficient
21126,PROD000501,WH004,Scotland Warehouse,Glasgow,Scotland,704,43.0,54.96,0.0,704.0,sufficient
21126,PROD000501,WH005,Wales Warehouse,Cardiff,Wales,940,76.0,96.26,0.0,940.0,sufficient
21127,PROD000502,WH001,Central Warehouse,London,South East,132,0.0,0.0,0.0,132.0,sufficient
21127,PROD000502,WH002,North Warehouse,Manchester,North West,461,3.0,17.85,0.0,461.0,sufficient
21127,PROD000502,WH003,Midlands Warehouse,Birmingham,West Midlands,223,3.0,17.85,0.0,223.0,sufficient
21127,PROD000502,WH004,Scotland Warehouse,Glasgow,Scotland,390,4.0,30.57,0.0,390.0,sufficient
21127,PROD000502,WH005,Wales Warehouse,Cardiff,Wales,607,0.0,0.0,0.0,607.0,sufficient
21128,PROD000503,WH001,Central Warehouse,London,South East,480,0.0,0.0,0.0,480.0,sufficient
21128,PROD000503,WH002,North Warehouse,Manchester,North West,461,2.0,24.92,0.0,461.0,sufficient
21128,PROD000503,WH003,Midlands Warehouse,Birmingham,West Midlands,1287,8.0,15.6,0.0,1287.0,sufficient
21128,PROD000503,WH004,Scotland Warehouse,Glasgow,Scotland,1421,0.0,0.0,0.0,1421.0,sufficient
21128,PROD000503,WH005,Wales Warehouse,Cardiff,Wales,1357,0.0,0.0,0.0,1357.0,sufficient
21131,PROD000506,WH001,Central Warehouse,London,South East,82,0.0,0.0,0.0,82.0,sufficient
21131,PROD000506,WH002,North Warehouse,Manchester,North West,943,0.0,0.0,0.0,943.0,sufficient
21131,PROD000506,WH003,Midlands Warehouse,Birmingham,West Midlands,526,0.0,0.0,0.0,526.0,sufficient
21131,PROD000506,WH004,Scotland Warehouse,Glasgow,Scotland,170,0.0,0.0,0.0,170.0,sufficient
21131,PROD000506,WH005,Wales Warehouse,Cardiff,Wales,317,120.0,450.0,0.0,317.0,sufficient
21132,PROD000507,WH001,Central Warehouse,London,South East,745,6.0,25.5,0.0,745.0,sufficient
21132,PROD000507,WH002,North Warehouse,Manchester,North West,637,4.0,17.0,0.0,637.0,sufficient
21132,PROD000507,WH003,Midlands Warehouse,Birmingham,West Midlands,141,5.0,25.65,0.0,141.0,sufficient
21132,PROD000507,WH004,Scotland Warehouse,Glasgow,Scotland,655,0.0,0.0,0.0,655.0,sufficient
21132,PROD000507,WH005,Wales Warehouse,Cardiff,Wales,241,2.0,12.72,0.0,241.0,sufficient
21133,PROD000508,WH001,Central Warehouse,London,South East,874,0.0,0.0,0.0,874.0,sufficient
21133,PROD000508,WH002,North Warehouse,Manchester,North West,1937,48.0,81.12,0.0,1937.0,sufficient
21133,PROD000508,WH003,Midlands Warehouse,Birmingham,West Midlands,1174,18.0,30.42,0.0,1174.0,sufficient
21133,PROD000508,WH004,Scotland Warehouse,Glasgow,Scotland,1598,0.0,0.0,0.0,1598.0,sufficient
21133,PROD000508,WH005,Wales Warehouse,Cardiff,Wales,452,0.0,0.0,0.0,452.0,sufficient
21146,PROD000516,WH001,Central Warehouse,London,South East,735,98.0,162.3,0.0,735.0,sufficient
21146,PROD000516,WH002,North Warehouse,Manchester,North West,758,6.0,11.7,0.0,758.0,sufficient
21146,PROD000516,WH003,Midlands Warehouse,Birmingham,West Midlands,653,0.0,0.0,0.0,653.0,sufficient
21146,PROD000516,WH004,Scotland Warehouse,Glasgow,Scotland,336,15.0,29.25,0.0,336.0,sufficient
21146,PROD000516,WH005,Wales Warehouse,Cardiff,Wales,976,56.0,109.2,0.0,976.0,sufficient
21147,PROD000517,WH001,Central Warehouse,London,South East,346,6.0,12.6,6.0,340.0,sufficient
21147,PROD000517,WH002,North Warehouse,Manchester,North West,553,6.0,15.059999999999999,0.0,553.0,sufficient
21147,PROD000517,WH003,Midlands Warehouse,Birmingham,West Midlands,487,7.0,11.41,0.0,487.0,sufficient
21147,PROD000517,WH004,Scotland Warehouse,Glasgow,Scotland,327,5.0,9.09,3.0,324.0,sufficient
21147,PROD000517,WH005,Wales Warehouse,Cardiff,Wales,957,14.0,30.22,0.0,957.0,sufficient
21154,PROD000519,WH001,Central Warehouse,London,South East,231,117.0,170.08,0.0,231.0,sufficient
21154,PROD000519,WH002,North Warehouse,Manchester,North West,38,78.0,181.17,0.0,38.0,sufficient
21154,PROD000519,WH003,Midlands Warehouse,Birmingham,West Midlands,339,73.0,156.54,4.0,335.0,sufficient
21154,PROD000519,WH004,Scotland Warehouse,Glasgow,Scotland,473,73.0,109.19,4.0,469.0,sufficient
21154,PROD000519,WH005,Wales Warehouse,Cardiff,Wales,63,111.0,161.56,0.0,63.0,sufficient
21157,PROD000522,WH001,Central Warehouse,London,South East,536,8.0,21.11,6.0,530.0,sufficient
21157,PROD000522,WH002,North Warehouse,Manchester,North West,1026,2.0,8.51,0.0,1026.0,sufficient
21157,PROD000522,WH003,Midlands Warehouse,Birmingham,West Midlands,1210,7.0,23.24,0.0,1210.0,sufficient
21157,PROD000522,WH004,Scotland Warehouse,Glasgow,Scotland,1100,11.0,25.21,0.0,1100.0,sufficient
21157,PROD000522,WH005,Wales Warehouse,Cardiff,Wales,1478,4.0,12.620000000000001,0.0,1478.0,sufficient
21160,PROD000525,WH001,Central Warehouse,London,South East,866,33.0,22.169999999999998,0.0,866.0,sufficient
21160,PROD000525,WH002,North Warehouse,Manchester,North West,421,12.0,17.4,0.0,421.0,sufficient
21160,PROD000525,WH003,Midlands Warehouse,Birmingham,West Midlands,747,0.0,0.0,0.0,747.0,sufficient
21160,PROD000525,WH004,Scotland Warehouse,Glasgow,Scotland,966,99.0,41.58,0.0,966.0,sufficient
21160,PROD000525,WH005,Wales Warehouse,Cardiff,Wales,938,288.0,109.44,0.0,938.0,sufficient
21162,PROD000527,WH001,Central Warehouse,London,South East,128,37.0,28.209999999999997,0.0,128.0,sufficient
21162,PROD000527,WH002,North Warehouse,Manchester,North West,928,68.0,71.53999999999999,0.0,928.0,sufficient
21162,PROD000527,WH003,Midlands Warehouse,Birmingham,West Midlands,558,59.0,29.159999999999997,0.0,558.0,sufficient
21162,PROD000527,WH004,Scotland Warehouse,Glasgow,Scotland,718,2.0,4.74,0.0,718.0,sufficient
21162,PROD000527,WH005,Wales Warehouse,Cardiff,Wales,657,12.0,8.71,1.0,656.0,sufficient
21165,PROD000530,WH001,Central Warehouse,London,South East,736,131.0,220.67000000000002,0.0,736.0,sufficient
21165,PROD000530,WH002,North Warehouse,Manchester,North West,149,223.0,358.43,36.0,113.0,sufficient
21165,PROD000530,WH003,Midlands Warehouse,Birmingham,West Midlands,299,73.0,136.53,8.0,291.0,sufficient
21165,PROD000530,WH004,Scotland Warehouse,Glasgow,Scotland,335,61.0,108.22,3.0,332.0,sufficient
21165,PROD000530,WH005,Wales Warehouse,Cardiff,Wales,503,169.0,280.13,12.0,491.0,sufficient
21166,PROD000531,WH001,Central Warehouse,London,South East,823,167.0,337.72999999999996,26.0,797.0,sufficient
21166,PROD000531,WH002,North Warehouse,Manchester,North West,758,590.0,1051.46,0.0,758.0,sufficient
21166,PROD000531,WH003,Midlands Warehouse,Birmingham,West Midlands,682,263.0,564.07,1.0,681.0,sufficient
21166,PROD000531,WH004,Scotland Warehouse,Glasgow,Scotland,631,400.0,742.39,14.0,617.0,sufficient
21166,PROD000531,WH005,Wales Warehouse,Cardiff,Wales,217,436.0,779.47,0.0,217.0,sufficient
21167,PROD000532,WH001,Central Warehouse,London,South East,166,183.0,32.64,27.0,139.0,sufficient
21167,PROD000532,WH002,North Warehouse,Manchester,North West,226,0.0,0.0,0.0,226.0,sufficient
21167,PROD000532,WH003,Midlands Warehouse,Birmingham,West Midlands,1086,135.0,30.55,0.0,1086.0,sufficient
21167,PROD000532,WH004,Scotland Warehouse,Glasgow,Scotland,1470,0.0,0.0,0.0,1470.0,sufficient
21167,PROD000532,WH005,Wales Warehouse,Cardiff,Wales,1372,59.0,14.299999999999999,0.0,1372.0,sufficient
21169,PROD000533,WH001,Central Warehouse,London,South East,567,243.0,380.55,0.0,567.0,sufficient
21169,PROD000533,WH002,North Warehouse,Manchester,North West,931,360.0,532.72,6.0,925.0,sufficient
21169,PROD000533,WH003,Midlands Warehouse,Birmingham,West Midlands,855,88.0,181.4,12.0,843.0,sufficient
21169,PROD000533,WH004,Scotland Warehouse,Glasgow,Scotland,787,171.0,279.19,0.0,787.0,sufficient
21169,PROD000533,WH005,Wales Warehouse,Cardiff,Wales,581,145.0,226.97,0.0,581.0,sufficient
21171,PROD000534,WH001,Central Warehouse,London,South East,718,24.0,36.64,0.0,718.0,sufficient
21171,PROD000534,WH002,North Warehouse,Manchester,North West,555,20.0,29.0,0.0,555.0,sufficient
21171,PROD000534,WH003,Midlands Warehouse,Birmingham,West Midlands,919,17.0,23.45,0.0,919.0,sufficient
21171,PROD000534,WH004,Scotland Warehouse,Glasgow,Scotland,488,5.0,7.25,0.0,488.0,sufficient
21171,PROD000534,WH005,Wales Warehouse,Cardiff,Wales,344,39.0,56.55,24.0,320.0,sufficient
21172,PROD000535,WH001,Central Warehouse,London,South East,887,147.0,214.63,4.0,883.0,sufficient
21172,PROD000535,WH002,North Warehouse,Manchester,North West,292,371.0,509.15,1.0,291.0,sufficient
21172,PROD000535,WH003,Midlands Warehouse,Birmingham,West Midlands,552,61.0,104.53,0.0,552.0,sufficient
21172,PROD000535,WH004,Scotland Warehouse,Glasgow,Scotland,213,103.0,173.63,17.0,196.0,sufficient
21172,PROD000535,WH005,Wales Warehouse,Cardiff,Wales,832,182.0,250.05999999999997,0.0,832.0,sufficient
21173,PROD000536,WH001,Central Warehouse,London,South East,610,2.0,3.3,0.0,610.0,sufficient
21173,PROD000536,WH002,North Warehouse,Manchester,North West,947,4.0,9.16,0.0,947.0,sufficient
21173,PROD000536,WH003,Midlands Warehouse,Birmingham,West Midlands,441,0.0,0.0,0.0,441.0,sufficient
21173,PROD000536,WH004,Scotland Warehouse,Glasgow,Scotland,268,0.0,0.0,0.0,268.0,sufficient
21173,PROD000536,WH005,Wales Warehouse,Cardiff,Wales,656,14.0,25.66,0.0,656.0,sufficient
21175,PROD000538,WH001,Central Warehouse,London,South East,191,243.0,521.41,12.0,179.0,sufficient
21175,PROD000538,WH002,North Warehouse,Manchester,North West,312,181.0,416.47,12.0,300.0,sufficient
21175,PROD000538,WH003,Midlands Warehouse,Birmingham,West Midlands,334,561.0,1404.6499999999999,0.0,334.0,sufficient
21175,PROD000538,WH004,Scotland Warehouse,Glasgow,Scotland,962,307.0,653.01,1.0,961.0,sufficient
21175,PROD000538,WH005,Wales Warehouse,Cardiff,Wales,121,745.0,1340.3400000000001,0.0,121.0,sufficient
21179,PROD000539,WH001,Central Warehouse,London,South East,1444,235.0,180.30999999999997,0.0,1444.0,sufficient
21179,PROD000539,WH002,North Warehouse,Manchester,North West,1288,15.0,12.73,0.0,1288.0,sufficient
21179,PROD000539,WH003,Midlands Warehouse,Birmingham,West Midlands,888,97.0,86.4,0.0,888.0,sufficient
21179,PROD000539,WH004,Scotland Warehouse,Glasgow,Scotland,1519,60.0,67.17999999999999,12.0,1507.0,sufficient
21179,PROD000539,WH005,Wales Warehouse,Cardiff,Wales,2157,66.0,59.739999999999995,8.0,2149.0,sufficient
21181,PROD000540,WH001,Central Warehouse,London,South East,25,522.0,1018.3699999999999,4.0,21.0,sufficient
21181,PROD000540,WH002,North Warehouse,Manchester,North West,792,411.0,767.95,12.0,780.0,sufficient
21181,PROD000540,WH003,Midlands Warehouse,Birmingham,West Midlands,913,396.0,815.88,20.0,893.0,sufficient
21181,PROD000540,WH004,Scotland Warehouse,Glasgow,Scotland,796,332.0,698.29,78.0,718.0,sufficient
21181,PROD000540,WH005,Wales Warehouse,Cardiff,Wales,949,518.0,1086.44,6.0,943.0,sufficient
21185,PROD000541,WH001,Central Warehouse,London,South East,129,0.0,0.0,0.0,129.0,sufficient
21185,PROD000541,WH002,North Warehouse,Manchester,North West,698,3.0,19.05,0.0,698.0,sufficient
21185,PROD000541,WH003,Midlands Warehouse,Birmingham,West Midlands,251,0.0,0.0,0.0,251.0,sufficient
21185,PROD000541,WH004,Scotland Warehouse,Glasgow,Scotland,371,0.0,0.0,0.0,371.0,sufficient
21185,PROD000541,WH005,Wales Warehouse,Cardiff,Wales,360,0.0,0.0,0.0,360.0,sufficient
21190,PROD000546,WH001,Central Warehouse,London,South East,314,7.0,11.55,0.0,314.0,sufficient
21190,PROD000546,WH002,North Warehouse,Manchester,North West,636,5.0,9.959999999999999,0.0,636.0,sufficient
21190,PROD000546,WH003,Midlands Warehouse,Birmingham,West Midlands,740,19.0,31.35,0.0,740.0,sufficient
21190,PROD000546,WH004,Scotland Warehouse,Glasgow,Scotland,636,0.0,0.0,0.0,636.0,sufficient
21190,PROD000546,WH005,Wales Warehouse,Cardiff,Wales,567,5.0,16.8,0.0,567.0,sufficient
21191,PROD000547,WH001,Central Warehouse,London,South East,649,25.0,65.53,0.0,649.0,sufficient
21191,PROD000547,WH002,North Warehouse,Manchester,North West,897,8.0,29.46,0.0,897.0,sufficient
21191,PROD000547,WH003,Midlands Warehouse,Birmingham,West Midlands,299,7.0,27.360000000000003,0.0,299.0,sufficient
21191,PROD000547,WH004,Scotland Warehouse,Glasgow,Scotland,346,18.0,50.22,12.0,334.0,sufficient
21191,PROD000547,WH005,Wales Warehouse,Cardiff,Wales,308,63.0,133.48000000000002,0.0,308.0,sufficient
21192,PROD000548,WH001,Central Warehouse,London,South East,284,75.0,63.01,0.0,284.0,sufficient
21192,PROD000548,WH002,North Warehouse,Manchester,North West,185,31.0,51.15,0.0,185.0,sufficient
21192,PROD000548,WH003,Midlands Warehouse,Birmingham,West Midlands,581,2.0,6.86,0.0,581.0,sufficient
21192,PROD000548,WH004,Scotland Warehouse,Glasgow,Scotland,176,6.0,13.18,0.0,176.0,sufficient
21192,PROD000548,WH005,Wales Warehouse,Cardiff,Wales,671,3.0,4.95,0.0,671.0,sufficient
21194,PROD000550,WH001,Central Warehouse,London,South East,702,14.0,11.059999999999999,0.0,702.0,sufficient
21194,PROD000550,WH002,North Warehouse,Manchester,North West,292,12.0,7.8,0.0,292.0,sufficient
21194,PROD000550,WH003,Midlands Warehouse,Birmingham,West Midlands,229,0.0,0.0,0.0,229.0,sufficient
21194,PROD000550,WH004,Scotland Warehouse,Glasgow,Scotland,304,23.0,23.52,0.0,304.0,sufficient
21194,PROD000550,WH005,Wales Warehouse,Cardiff,Wales,507,42.0,46.68,12.0,495.0,sufficient
21196,PROD000552,WH001,Central Warehouse,London,South East,221,12.0,19.8,0.0,221.0,sufficient
21196,PROD000552,WH002,North Warehouse,Manchester,North West,389,0.0,0.0,0.0,389.0,sufficient
21196,PROD000552,WH003,Midlands Warehouse,Birmingham,West Midlands,410,0.0,0.0,0.0,410.0,sufficient
21196,PROD000552,WH004,Scotland Warehouse,Glasgow,Scotland,89,26.0,46.25,0.0,89.0,sufficient
21196,PROD000552,WH005,Wales Warehouse,Cardiff,Wales,122,12.0,19.8,0.0,122.0,sufficient
21199,PROD000555,WH001,Central Warehouse,London,South East,203,5.0,8.25,0.0,203.0,sufficient
21199,PROD000555,WH002,North Warehouse,Manchester,North West,663,13.0,23.09,0.0,663.0,sufficient
21199,PROD000555,WH003,Midlands Warehouse,Birmingham,West Midlands,681,2.0,5.01,0.0,681.0,sufficient
21199,PROD000555,WH004,Scotland Warehouse,Glasgow,Scotland,493,12.0,19.8,0.0,493.0,sufficient
21199,PROD000555,WH005,Wales Warehouse,Cardiff,Wales,685,7.0,21.81,0.0,685.0,sufficient
21211,PROD000567,WH001,Central Warehouse,London,South East,663,10.0,15.51,0.0,663.0,sufficient
21211,PROD000567,WH002,North Warehouse,Manchester,North West,330,44.0,65.27,0.0,330.0,sufficient
21211,PROD000567,WH003,Midlands Warehouse,Birmingham,West Midlands,834,22.0,33.43,0.0,834.0,sufficient
21211,PROD000567,WH004,Scotland Warehouse,Glasgow,Scotland,624,29.0,43.58,0.0,624.0,sufficient
21211,PROD000567,WH005,Wales Warehouse,Cardiff,Wales,295,110.0,140.1,0.0,295.0,sufficient
21215,PROD000571,WH001,Central Warehouse,London,South East,524,7.0,3.85,0.0,524.0,sufficient
21215,PROD000571,WH002,North Warehouse,Manchester,North West,250,81.0,45.98,0.0,250.0,sufficient
21215,PROD000571,WH003,Midlands Warehouse,Birmingham,West Midlands,604,113.0,73.35,0.0,604.0,sufficient
21215,PROD000571,WH004,Scotland Warehouse,Glasgow,Scotland,93,54.0,29.7,0.0,93.0,sufficient
21215,PROD000571,WH005,Wales Warehouse,Cardiff,Wales,503,35.0,20.68,0.0,503.0,sufficient
21216,PROD000572,WH001,Central Warehouse,London,South East,734,43.0,242.51,5.0,729.0,sufficient
21216,PROD000572,WH002,North Warehouse,Manchester,North West,1269,32.0,194.61,1.0,1268.0,sufficient
21216,PROD000572,WH003,Midlands Warehouse,Birmingham,West Midlands,1514,55.0,304.96,4.0,1510.0,sufficient
21216,PROD000572,WH004,Scotland Warehouse,Glasgow,Scotland,1531,70.0,431.75,0.0,1531.0,sufficient
21216,PROD000572,WH005,Wales Warehouse,Cardiff,Wales,637,28.0,221.04999999999998,3.0,634.0,sufficient
21219,PROD000575,WH001,Central Warehouse,London,South East,545,29.0,30.03,0.0,545.0,sufficient
21219,PROD000575,WH002,North Warehouse,Manchester,North West,578,39.0,44.37,0.0,578.0,sufficient
21219,PROD000575,WH003,Midlands Warehouse,Birmingham,West Midlands,709,8.0,6.8,0.0,709.0,sufficient
21219,PROD000575,WH004,Scotland Warehouse,Glasgow,Scotland,48,0.0,0.0,0.0,48.0,sufficient
21219,PROD000575,WH005,Wales Warehouse,Cardiff,Wales,818,6.0,8.42,0.0,818.0,sufficient
21220,PROD000576,WH001,Central Warehouse,London,South East,794,12.0,13.35,0.0,794.0,sufficient
21220,PROD000576,WH002,North Warehouse,Manchester,North West,5,2.0,4.92,0.0,5.0,sufficient
21220,PROD000576,WH003,Midlands Warehouse,Birmingham,West Midlands,896,12.0,17.58,0.0,896.0,sufficient
21220,PROD000576,WH004,Scotland Warehouse,Glasgow,Scotland,5,9.0,9.99,0.0,5.0,sufficient
21220,PROD000576,WH005,Wales Warehouse,Cardiff,Wales,548,0.0,0.0,0.0,548.0,sufficient
21222,PROD000578,WH001,Central Warehouse,London,South East,673,4.0,7.47,1.0,672.0,sufficient
21222,PROD000578,WH002,North Warehouse,Manchester,North West,957,22.0,27.5,0.0,957.0,sufficient
21222,PROD000578,WH003,Midlands Warehouse,Birmingham,West Midlands,938,13.0,14.99,0.0,938.0,sufficient
21222,PROD000578,WH004,Scotland Warehouse,Glasgow,Scotland,940,2.0,4.92,0.0,940.0,sufficient
21222,PROD000578,WH005,Wales Warehouse,Cardiff,Wales,450,15.0,20.009999999999998,4.0,446.0,sufficient
21231,PROD000583,WH001,Central Warehouse,London,South East,823,222.0,277.5,0.0,823.0,sufficient
21231,PROD000583,WH002,North Warehouse,Manchester,North West,562,387.0,493.98999999999995,22.0,540.0,sufficient
21231,PROD000583,WH003,Midlands Warehouse,Birmingham,West Midlands,639,379.0,494.76,9.0,630.0,sufficient
21231,PROD000583,WH004,Scotland Warehouse,Glasgow,Scotland,739,480.0,590.17,34.0,705.0,sufficient
21231,PROD000583,WH005,Wales Warehouse,Cardiff,Wales,930,408.0,493.83,24.0,906.0,sufficient
21239,PROD000586,WH001,Central Warehouse,London,South East,1096,77.0,69.35,0.0,1096.0,sufficient
21239,PROD000586,WH002,North Warehouse,Manchester,North West,687,80.0,68.81,0.0,687.0,sufficient
21239,PROD000586,WH003,Midlands Warehouse,Birmingham,West Midlands,458,195.0,161.91000000000003,0.0,458.0,sufficient
21239,PROD000586,WH004,Scotland Warehouse,Glasgow,Scotland,544,156.0,135.78,0.0,544.0,sufficient
21239,PROD000586,WH005,Wales Warehouse,Cardiff,Wales,1586,94.0,91.12,0.0,1586.0,sufficient
21247,PROD000594,WH001,Central Warehouse,London,South East,629,13.0,19.369999999999997,0.0,629.0,sufficient
21247,PROD000594,WH002,North Warehouse,Manchester,North West,762,0.0,0.0,0.0,762.0,sufficient
21247,PROD000594,WH003,Midlands Warehouse,Birmingham,West Midlands,1015,13.0,21.24,0.0,1015.0,sufficient
21247,PROD000594,WH004,Scotland Warehouse,Glasgow,Scotland,1580,1.0,3.36,0.0,1580.0,sufficient
21247,PROD000594,WH005,Wales Warehouse,Cardiff,Wales,785,4.0,7.9,2.0,783.0,sufficient
21248,PROD000595,WH001,Central Warehouse,London,South East,555,0.0,0.0,0.0,555.0,sufficient
21248,PROD000595,WH002,North Warehouse,Manchester,North West,781,4.0,5.8,0.0,781.0,sufficient
21248,PROD000595,WH003,Midlands Warehouse,Birmingham,West Midlands,318,89.0,129.05,0.0,318.0,sufficient
21248,PROD000595,WH004,Scotland Warehouse,Glasgow,Scotland,215,4.0,5.8,0.0,215.0,sufficient
21248,PROD000595,WH005,Wales Warehouse,Cardiff,Wales,364,27.0,40.08,0.0,364.0,sufficient
21255,PROD000601,WH001,Central Warehouse,London,South East,536,4.0,8.38,0.0,536.0,sufficient
21255,PROD000601,WH002,North Warehouse,Manchester,North West,842,18.0,29.700000000000003,0.0,842.0,sufficient
21255,PROD000601,WH003,Midlands Warehouse,Birmingham,West Midlands,41,1.0,1.65,0.0,41.0,sufficient
21255,PROD000601,WH004,Scotland Warehouse,Glasgow,Scotland,778,9.0,14.85,0.0,778.0,sufficient
21255,PROD000601,WH005,Wales Warehouse,Cardiff,Wales,729,2.0,3.3,0.0,729.0,sufficient
21256,PROD000602,WH001,Central Warehouse,London,South East,620,4.0,8.31,0.0,620.0,sufficient
21256,PROD000602,WH002,North Warehouse,Manchester,North West,861,3.0,4.95,0.0,861.0,sufficient
21256,PROD000602,WH003,Midlands Warehouse,Birmingham,West Midlands,4,0.0,0.0,0.0,4.0,sufficient
21256,PROD000602,WH004,Scotland Warehouse,Glasgow,Scotland,637,49.0,71.25,0.0,637.0,sufficient
21256,PROD000602,WH005,Wales Warehouse,Cardiff,Wales,796,10.0,16.5,0.0,796.0,sufficient
21257,PROD000603,WH001,Central Warehouse,London,South East,1613,14.0,135.5,0.0,1613.0,sufficient
21257,PROD000603,WH002,North Warehouse,Manchester,North West,732,27.0,311.78999999999996,2.0,730.0,sufficient
21257,PROD000603,WH003,Midlands Warehouse,Birmingham,West Midlands,281,21.0,190.81,2.0,279.0,sufficient
21257,PROD000603,WH004,Scotland Warehouse,Glasgow,Scotland,938,30.0,223.07,1.0,937.0,sufficient
21257,PROD000603,WH005,Wales Warehouse,Cardiff,Wales,1744,26.0,214.88,1.0,1743.0,sufficient
21261,PROD000607,WH001,Central Warehouse,London,South East,658,18.0,53.099999999999994,0.0,658.0,sufficient
21261,PROD000607,WH002,North Warehouse,Manchester,North West,792,6.0,17.7,0.0,792.0,sufficient
21261,PROD000607,WH003,Midlands Warehouse,Birmingham,West Midlands,366,2.0,15.24,0.0,366.0,sufficient
21261,PROD000607,WH004,Scotland Warehouse,Glasgow,Scotland,426,0.0,0.0,0.0,426.0,sufficient
21261,PROD000607,WH005,Wales Warehouse,Cardiff,Wales,15,8.0,32.94,0.0,15.0,sufficient
21263,PROD000609,WH001,Central Warehouse,London,South East,1211,2.0,3.9,0.0,1211.0,sufficient
21263,PROD000609,WH002,North Warehouse,Manchester,North West,368,0.0,0.0,0.0,368.0,sufficient
21263,PROD000609,WH003,Midlands Warehouse,Birmingham,West Midlands,1292,2.0,3.9,0.0,1292.0,sufficient
21263,PROD000609,WH004,Scotland Warehouse,Glasgow,Scotland,1147,1.0,5.91,0.0,1147.0,sufficient
21263,PROD000609,WH005,Wales Warehouse,Cardiff,Wales,485,12.0,23.4,0.0,485.0,sufficient
21269,PROD000614,WH001,Central Warehouse,London,South East,1548,2.0,17.0,0.0,1548.0,sufficient
21269,PROD000614,WH002,North Warehouse,Manchester,North West,576,4.0,34.0,0.0,576.0,sufficient
21269,PROD000614,WH003,Midlands Warehouse,Birmingham,West Midlands,855,2.0,25.48,0.0,855.0,sufficient
21269,PROD000614,WH004,Scotland Warehouse,Glasgow,Scotland,1236,2.0,17.0,0.0,1236.0,sufficient
21269,PROD000614,WH005,Wales Warehouse,Cardiff,Wales,1101,0.0,0.0,0.0,1101.0,sufficient
21274,PROD000617,WH001,Central Warehouse,London,South East,628,2.0,38.239999999999995,0.0,628.0,sufficient
21274,PROD000617,WH002,North Warehouse,Manchester,North West,552,0.0,0.0,0.0,552.0,sufficient
21274,PROD000617,WH003,Midlands Warehouse,Birmingham,West Midlands,137,9.0,100.35,0.0,137.0,sufficient
21274,PROD000617,WH004,Scotland Warehouse,Glasgow,Scotland,635,2.0,38.239999999999995,0.0,635.0,sufficient
21274,PROD000617,WH005,Wales Warehouse,Cardiff,Wales,536,8.0,102.0,1.0,535.0,sufficient
21277,PROD000620,WH001,Central Warehouse,London,South East,257,0.0,0.0,0.0,257.0,sufficient
21277,PROD000620,WH002,North Warehouse,Manchester,North West,346,1.0,21.95,1.0,345.0,sufficient
21277,PROD000620,WH003,Midlands Warehouse,Birmingham,West Midlands,508,1.0,21.95,0.0,508.0,sufficient
21277,PROD000620,WH004,Scotland Warehouse,Glasgow,Scotland,751,0.0,0.0,0.0,751.0,sufficient
21277,PROD000620,WH005,Wales Warehouse,Cardiff,Wales,626,2.0,43.9,0.0,626.0,sufficient
21278,PROD000621,WH001,Central Warehouse,London,South East,819,24.0,17.85,0.0,819.0,sufficient
21278,PROD000621,WH002,North Warehouse,Manchester,North West,327,2.0,7.609999999999999,0.0,327.0,sufficient
21278,PROD000621,WH003,Midlands Warehouse,Birmingham,West Midlands,949,12.0,30.6,0.0,949.0,sufficient
21278,PROD000621,WH004,Scotland Warehouse,Glasgow,Scotland,651,2.0,10.23,0.0,651.0,sufficient
21278,PROD000621,WH005,Wales Warehouse,Cardiff,Wales,22,1.0,5.06,0.0,22.0,sufficient
21285,PROD000628,WH001,Central Warehouse,London,South East,449,1.0,4.21,0.0,449.0,sufficient
21285,PROD000628,WH002,North Warehouse,Manchester,North West,511,48.0,31.2,0.0,511.0,sufficient
21285,PROD000628,WH003,Midlands Warehouse,Birmingham,West Midlands,414,1.0,4.3,0.0,414.0,sufficient
21285,PROD000628,WH004,Scotland Warehouse,Glasgow,Scotland,492,12.0,4.68,0.0,492.0,sufficient
21285,PROD000628,WH005,Wales Warehouse,Cardiff,Wales,810,24.0,29.88,0.0,810.0,sufficient
21286,PROD000629,WH001,Central Warehouse,London,South East,214,24.0,20.4,0.0,214.0,sufficient
21286,PROD000629,WH002,North Warehouse,Manchester,North West,940,25.0,66.37,12.0,928.0,sufficient
21286,PROD000629,WH003,Midlands Warehouse,Birmingham,West Midlands,624,1.0,5.06,0.0,624.0,sufficient
21286,PROD000629,WH004,Scotland Warehouse,Glasgow,Scotland,320,0.0,0.0,0.0,320.0,sufficient
21286,PROD000629,WH005,Wales Warehouse,Cardiff,Wales,457,0.0,0.0,0.0,457.0,sufficient
21293,PROD000635,WH001,Central Warehouse,London,South East,86,0.0,0.0,0.0,86.0,sufficient
21293,PROD000635,WH002,North Warehouse,Manchester,North West,701,12.0,37.01,0.0,701.0,sufficient
21293,PROD000635,WH003,Midlands Warehouse,Birmingham,West Midlands,709,8.0,18.91,0.0,709.0,sufficient
21293,PROD000635,WH004,Scotland Warehouse,Glasgow,Scotland,470,0.0,0.0,0.0,470.0,sufficient
21293,PROD000635,WH005,Wales Warehouse,Cardiff,Wales,501,0.0,0.0,0.0,501.0,sufficient
21294,PROD000636,WH001,Central Warehouse,London,South East,308,60.0,28.56,6.0,302.0,sufficient
21294,PROD000636,WH002,North Warehouse,Manchester,North West,347,26.0,18.740000000000002,0.0,347.0,sufficient
21294,PROD000636,WH003,Midlands Warehouse,Birmingham,West Midlands,172,0.0,0.0,0.0,172.0,sufficient
21294,PROD000636,WH004,Scotland Warehouse,Glasgow,Scotland,365,26.0,24.7,0.0,365.0,sufficient
21294,PROD000636,WH005,Wales Warehouse,Cardiff,Wales,487,78.0,35.58,0.0,487.0,sufficient
21299,PROD000638,WH001,Central Warehouse,London,South East,42,0.0,0.0,0.0,42.0,sufficient
21299,PROD000638,WH002,North Warehouse,Manchester,North West,118,0.0,0.0,0.0,118.0,sufficient
21299,PROD000638,WH003,Midlands Warehouse,Birmingham,West Midlands,187,1.0,12.75,0.0,187.0,sufficient
21299,PROD000638,WH004,Scotland Warehouse,Glasgow,Scotland,810,0.0,0.0,0.0,810.0,sufficient
21299,PROD000638,WH005,Wales Warehouse,Cardiff,Wales,964,2.0,25.5,0.0,964.0,sufficient
21303,PROD000640,WH001,Central Warehouse,London,South East,965,0.0,0.0,0.0,965.0,sufficient
21303,PROD000640,WH002,North Warehouse,Manchester,North West,102,2.0,33.9,0.0,102.0,sufficient
21303,PROD000640,WH003,Midlands Warehouse,Birmingham,West Midlands,649,27.0,210.7,0.0,649.0,sufficient
21303,PROD000640,WH004,Scotland Warehouse,Glasgow,Scotland,22,0.0,0.0,0.0,22.0,sufficient
21303,PROD000640,WH005,Wales Warehouse,Cardiff,Wales,552,8.0,82.8,0.0,552.0,sufficient
21307,PROD000643,WH001,Central Warehouse,London,South East,544,1.0,2.1,0.0,544.0,sufficient
21307,PROD000643,WH002,North Warehouse,Manchester,North West,1835,4.0,8.4,0.0,1835.0,sufficient
21307,PROD000643,WH003,Midlands Warehouse,Birmingham,West Midlands,926,50.0,25.029999999999998,0.0,926.0,sufficient
21307,PROD000643,WH004,Scotland Warehouse,Glasgow,Scotland,1109,4.0,1.16,4.0,1105.0,sufficient
21307,PROD000643,WH005,Wales Warehouse,Cardiff,Wales,620,0.0,0.0,0.0,620.0,sufficient
21308,PROD000644,WH001,Central Warehouse,London,South East,66,1.0,17.35,0.0,66.0,sufficient
21308,PROD000644,WH002,North Warehouse,Manchester,North West,924,0.0,0.0,0.0,924.0,sufficient
21308,PROD000644,WH003,Midlands Warehouse,Birmingham,West Midlands,189,126.0,630.0,0.0,189.0,sufficient
21308,PROD000644,WH004,Scotland Warehouse,Glasgow,Scotland,578,1.0,17.35,0.0,578.0,sufficient
21308,PROD000644,WH005,Wales Warehouse,Cardiff,Wales,303,0.0,0.0,0.0,303.0,sufficient
21311,PROD000645,WH001,Central Warehouse,London,South East,782,1.0,3.36,0.0,782.0,sufficient
21311,PROD000645,WH002,North Warehouse,Manchester,North West,581,7.0,12.889999999999999,6.0,575.0,sufficient
21311,PROD000645,WH003,Midlands Warehouse,Birmingham,West Midlands,658,5.0,3.26,0.0,658.0,sufficient
21311,PROD000645,WH004,Scotland Warehouse,Glasgow,Scotland,867,3.0,6.3,0.0,867.0,sufficient
21311,PROD000645,WH005,Wales Warehouse,Cardiff,Wales,243,44.0,34.48,0.0,243.0,sufficient
21312,PROD000646,WH001,Central Warehouse,London,South East,490,0.0,0.0,0.0,490.0,sufficient
21312,PROD000646,WH002,North Warehouse,Manchester,North West,531,2.0,13.5,0.0,531.0,sufficient
21312,PROD000646,WH003,Midlands Warehouse,Birmingham,West Midlands,385,32.0,62.4,0.0,385.0,sufficient
21312,PROD000646,WH004,Scotland Warehouse,Glasgow,Scotland,111,0.0,0.0,0.0,111.0,sufficient
21312,PROD000646,WH005,Wales Warehouse,Cardiff,Wales,908,0.0,0.0,0.0,908.0,sufficient
21313,PROD000647,WH001,Central Warehouse,London,South East,427,230.0,157.01,96.0,331.0,sufficient
21313,PROD000647,WH002,North Warehouse,Manchester,North West,546,169.0,149.47,0.0,546.0,sufficient
21313,PROD000647,WH003,Midlands Warehouse,Birmingham,West Midlands,160,84.0,71.39999999999999,0.0,160.0,sufficient
21313,PROD000647,WH004,Scotland Warehouse,Glasgow,Scotland,803,139.0,107.65,4.0,799.0,sufficient
21313,PROD000647,WH005,Wales Warehouse,Cardiff,Wales,121,174.0,137.46,0.0,121.0,sufficient
21316,PROD000649,WH001,Central Warehouse,London,South East,461,24.0,20.4,0.0,461.0,sufficient
21316,PROD000649,WH002,North Warehouse,Manchester,North West,791,0.0,0.0,0.0,791.0,sufficient
21316,PROD000649,WH003,Midlands Warehouse,Birmingham,West Midlands,34,0.0,0.0,0.0,34.0,sufficient
21316,PROD000649,WH004,Scotland Warehouse,Glasgow,Scotland,920,0.0,0.0,0.0,920.0,sufficient
21316,PROD000649,WH005,Wales Warehouse,Cardiff,Wales,576,1.0,2.95,0.0,576.0,sufficient
21318,PROD000651,WH001,Central Warehouse,London,South East,42,2.0,3.3,0.0,42.0,sufficient
21318,PROD000651,WH002,North Warehouse,Manchester,North West,187,24.0,16.92,0.0,187.0,sufficient
21318,PROD000651,WH003,Midlands Warehouse,Birmingham,West Midlands,485,1.0,1.65,0.0,485.0,sufficient
21318,PROD000651,WH004,Scotland Warehouse,Glasgow,Scotland,367,14.0,24.740000000000002,0.0,367.0,sufficient
21318,PROD000651,WH005,Wales Warehouse,Cardiff,Wales,23,24.0,39.6,0.0,23.0,sufficient
21323,PROD000656,WH001,Central Warehouse,London,South East,433,3.0,12.75,0.0,433.0,sufficient
21323,PROD000656,WH002,North Warehouse,Manchester,North West,503,5.0,29.69,0.0,503.0,sufficient
21323,PROD000656,WH003,Midlands Warehouse,Birmingham,West Midlands,622,1.0,8.47,0.0,622.0,sufficient
21323,PROD000656,WH004,Scotland Warehouse,Glasgow,Scotland,111,1.0,4.25,0.0,111.0,sufficient
21323,PROD000656,WH005,Wales Warehouse,Cardiff,Wales,864,0.0,0.0,0.0,864.0,sufficient
21325,PROD000658,WH001,Central Warehouse,London,South East,953,0.0,0.0,0.0,953.0,sufficient
21325,PROD000658,WH002,North Warehouse,Manchester,North West,47,0.0,0.0,0.0,47.0,sufficient
21325,PROD000658,WH003,Midlands Warehouse,Birmingham,West Midlands,707,0.0,0.0,0.0,707.0,sufficient
21325,PROD000658,WH004,Scotland Warehouse,Glasgow,Scotland,29,0.0,0.0,0.0,29.0,sufficient
21325,PROD000658,WH005,Wales Warehouse,Cardiff,Wales,439,0.0,0.0,0.0,439.0,sufficient
21329,PROD000662,WH001,Central Warehouse,London,South East,146,57.0,95.76,0.0,146.0,sufficient
21329,PROD000662,WH002,North Warehouse,Manchester,North West,802,29.0,49.489999999999995,1.0,801.0,sufficient
21329,PROD000662,WH003,Midlands Warehouse,Birmingham,West Midlands,1411,54.0,90.81,12.0,1399.0,sufficient
21329,PROD000662,WH004,Scotland Warehouse,Glasgow,Scotland,986,44.0,74.24000000000001,0.0,986.0,sufficient
21329,PROD000662,WH005,Wales Warehouse,Cardiff,Wales,369,50.0,92.01,0.0,369.0,sufficient
21332,PROD000665,WH001,Central Warehouse,London,South East,870,2.0,50.98,0.0,870.0,sufficient
21332,PROD000665,WH002,North Warehouse,Manchester,North West,560,13.0,60.15,0.0,560.0,sufficient
21332,PROD000665,WH003,Midlands Warehouse,Birmingham,West Midlands,890,1.0,24.96,1.0,889.0,sufficient
21332,PROD000665,WH004,Scotland Warehouse,Glasgow,Scotland,68,2.0,25.5,0.0,68.0,sufficient
21332,PROD000665,WH005,Wales Warehouse,Cardiff,Wales,920,1.0,12.75,0.0,920.0,sufficient
21335,PROD000667,WH001,Central Warehouse,London,South East,416,0.0,0.0,0.0,416.0,sufficient
21335,PROD000667,WH002,North Warehouse,Manchester,North West,543,5.0,119.22999999999999,0.0,543.0,sufficient
21335,PROD000667,WH003,Midlands Warehouse,Birmingham,West Midlands,508,3.0,65.85,0.0,508.0,sufficient
21335,PROD000667,WH004,Scotland Warehouse,Glasgow,Scotland,283,2.0,43.9,0.0,283.0,sufficient
21335,PROD000667,WH005,Wales Warehouse,Cardiff,Wales,335,0.0,0.0,0.0,335.0,sufficient
21336,PROD000668,WH001,Central Warehouse,London,South East,1178,8.0,26.689999999999998,0.0,1178.0,sufficient
21336,PROD000668,WH002,North Warehouse,Manchester,North West,776,0.0,0.0,0.0,776.0,sufficient
21336,PROD000668,WH003,Midlands Warehouse,Birmingham,West Midlands,885,0.0,0.0,0.0,885.0,sufficient
21336,PROD000668,WH004,Scotland Warehouse,Glasgow,Scotland,694,1.0,5.91,0.0,694.0,sufficient
21336,PROD000668,WH005,Wales Warehouse,Cardiff,Wales,737,0.0,0.0,0.0,737.0,sufficient
21340,PROD000672,WH001,Central Warehouse,London,South East,987,13.0,165.75,1.0,986.0,sufficient
21340,PROD000672,WH002,North Warehouse,Manchester,North West,981,22.0,235.7,0.0,981.0,sufficient
21340,PROD000672,WH003,Midlands Warehouse,Birmingham,West Midlands,710,10.0,139.71,0.0,710.0,sufficient
21340,PROD000672,WH004,Scotland Warehouse,Glasgow,Scotland,909,48.0,451.6,0.0,909.0,sufficient
21340,PROD000672,WH005,Wales Warehouse,Cardiff,Wales,598,28.0,301.0,8.0,590.0,sufficient
21343,PROD000674,WH001,Central Warehouse,London,South East,162,0.0,0.0,0.0,162.0,sufficient
21343,PROD000674,WH002,North Warehouse,Manchester,North West,579,0.0,0.0,0.0,579.0,sufficient
21343,PROD000674,WH003,Midlands Warehouse,Birmingham,West Midlands,655,0.0,0.0,0.0,655.0,sufficient
21343,PROD000674,WH004,Scotland Warehouse,Glasgow,Scotland,573,0.0,0.0,0.0,573.0,sufficient
21343,PROD000674,WH005,Wales Warehouse,Cardiff,Wales,914,0.0,0.0,0.0,914.0,sufficient
21348,PROD000676,WH001,Central Warehouse,London,South East,845,2.0,11.82,0.0,845.0,sufficient
21348,PROD000676,WH002,North Warehouse,Manchester,North West,744,36.0,96.6,0.0,744.0,sufficient
21348,PROD000676,WH003,Midlands Warehouse,Birmingham,West Midlands,211,19.0,56.05,6.0,205.0,sufficient
21348,PROD000676,WH004,Scotland Warehouse,Glasgow,Scotland,247,31.0,50.65,0.0,247.0,sufficient
21348,PROD000676,WH005,Wales Warehouse,Cardiff,Wales,486,4.0,11.8,0.0,486.0,sufficient
21349,PROD000677,WH001,Central Warehouse,London,South East,298,6.0,68.38,0.0,298.0,sufficient
21349,PROD000677,WH002,North Warehouse,Manchester,North West,574,3.0,27.07,0.0,574.0,sufficient
21349,PROD000677,WH003,Midlands Warehouse,Birmingham,West Midlands,272,8.0,54.0,0.0,272.0,sufficient
21349,PROD000677,WH004,Scotland Warehouse,Glasgow,Scotland,434,8.0,54.0,0.0,434.0,sufficient
21349,PROD000677,WH005,Wales Warehouse,Cardiff,Wales,886,34.0,216.7,0.0,886.0,sufficient
21351,PROD000679,WH001,Central Warehouse,London,South East,721,40.0,110.52,16.0,705.0,sufficient
21351,PROD000679,WH002,North Warehouse,Manchester,North West,242,18.0,44.7,0.0,242.0,sufficient
21351,PROD000679,WH003,Midlands Warehouse,Birmingham,West Midlands,460,7.0,47.25,0.0,460.0,sufficient
21351,PROD000679,WH004,Scotland Warehouse,Glasgow,Scotland,320,3.0,18.57,0.0,320.0,sufficient
21351,PROD000679,WH005,Wales Warehouse,Cardiff,Wales,145,5.0,32.91,0.0,145.0,sufficient
21352,PROD000680,WH001,Central Warehouse,London,South East,2042,14.0,47.94,0.0,2042.0,sufficient
21352,PROD000680,WH002,North Warehouse,Manchester,North West,1505,14.0,36.9,0.0,1505.0,sufficient
21352,PROD000680,WH003,Midlands Warehouse,Birmingham,West Midlands,1750,6.0,38.82,0.0,1750.0,sufficient
21352,PROD000680,WH004,Scotland Warehouse,Glasgow,Scotland,1428,7.0,29.53,0.0,1428.0,sufficient
21352,PROD000680,WH005,Wales Warehouse,Cardiff,Wales,1547,25.0,118.11,0.0,1547.0,sufficient
21353,PROD000681,WH001,Central Warehouse,London,South East,615,0.0,0.0,0.0,615.0,sufficient
21353,PROD000681,WH002,North Warehouse,Manchester,North West,89,0.0,0.0,0.0,89.0,sufficient
21353,PROD000681,WH003,Midlands Warehouse,Birmingham,West Midlands,525,0.0,0.0,0.0,525.0,sufficient
21353,PROD000681,WH004,Scotland Warehouse,Glasgow,Scotland,562,3.0,23.85,0.0,562.0,sufficient
21353,PROD000681,WH005,Wales Warehouse,Cardiff,Wales,493,0.0,0.0,0.0,493.0,sufficient
21356,PROD000684,WH001,Central Warehouse,London,South East,496,44.0,58.9,0.0,496.0,sufficient
21356,PROD000684,WH002,North Warehouse,Manchester,North West,917,42.0,56.65,0.0,917.0,sufficient
21356,PROD000684,WH003,Midlands Warehouse,Birmingham,West Midlands,510,17.0,19.990000000000002,0.0,510.0,sufficient
21356,PROD000684,WH004,Scotland Warehouse,Glasgow,Scotland,826,23.0,30.85,0.0,826.0,sufficient
21356,PROD000684,WH005,Wales Warehouse,Cardiff,Wales,428,27.0,37.53,0.0,428.0,sufficient
21361,PROD000689,WH001,Central Warehouse,London,South East,828,7.0,101.99,1.0,827.0,sufficient
21361,PROD000689,WH002,North Warehouse,Manchester,North West,1050,37.0,452.09,6.0,1044.0,sufficient
21361,PROD000689,WH003,Midlands Warehouse,Birmingham,West Midlands,1106,16.0,216.74,3.0,1103.0,sufficient
21361,PROD000689,WH004,Scotland Warehouse,Glasgow,Scotland,1087,5.0,63.75,0.0,1087.0,sufficient
21361,PROD000689,WH005,Wales Warehouse,Cardiff,Wales,1375,4.0,51.0,0.0,1375.0,sufficient
21366,PROD000693,WH001,Central Warehouse,London,South East,1320,1.0,8.29,0.0,1320.0,sufficient
21366,PROD000693,WH002,North Warehouse,Manchester,North West,1606,3.0,16.79,0.0,1606.0,sufficient
21366,PROD000693,WH003,Midlands Warehouse,Birmingham,West Midlands,569,2.0,16.58,0.0,569.0,sufficient
21366,PROD000693,WH004,Scotland Warehouse,Glasgow,Scotland,1011,4.0,13.16,0.0,1011.0,sufficient
21366,PROD000693,WH005,Wales Warehouse,Cardiff,Wales,408,2.0,16.759999999999998,0.0,408.0,sufficient
21367,PROD000694,WH001,Central Warehouse,London,South East,237,0.0,0.0,0.0,237.0,sufficient
21367,PROD000694,WH002,North Warehouse,Manchester,North West,565,0.0,0.0,0.0,565.0,sufficient
21367,PROD000694,WH003,Midlands Warehouse,Birmingham,West Midlands,167,3.0,7.6499999999999995,2.0,165.0,sufficient
21367,PROD000694,WH004,Scotland Warehouse,Glasgow,Scotland,122,1.0,0.75,0.0,122.0,sufficient
21367,PROD000694,WH005,Wales Warehouse,Cardiff,Wales,275,2.0,1.5,0.0,275.0,sufficient
21368,PROD000695,WH001,Central Warehouse,London,South East,491,4.0,9.01,0.0,491.0,sufficient
21368,PROD000695,WH002,North Warehouse,Manchester,North West,132,24.0,20.4,0.0,132.0,sufficient
21368,PROD000695,WH003,Midlands Warehouse,Birmingham,West Midlands,886,1.0,2.55,0.0,886.0,sufficient
21368,PROD000695,WH004,Scotland Warehouse,Glasgow,Scotland,642,0.0,0.0,0.0,642.0,sufficient
21368,PROD000695,WH005,Wales Warehouse,Cardiff,Wales,690,0.0,0.0,0.0,690.0,sufficient
21371,PROD000696,WH001,Central Warehouse,London,South East,283,12.0,9.0,0.0,283.0,sufficient
21371,PROD000696,WH002,North Warehouse,Manchester,North West,91,2.0,1.5,0.0,91.0,sufficient
21371,PROD000696,WH003,Midlands Warehouse,Birmingham,West Midlands,95,1.0,5.06,0.0,95.0,sufficient
21371,PROD000696,WH004,Scotland Warehouse,Glasgow,Scotland,898,4.0,12.71,0.0,898.0,sufficient
21371,PROD000696,WH005,Wales Warehouse,Cardiff,Wales,383,15.0,32.85,0.0,383.0,sufficient
21376,PROD000701,WH001,Central Warehouse,London,South East,648,14.0,39.87,0.0,648.0,sufficient
21376,PROD000701,WH002,North Warehouse,Manchester,North West,794,3.0,16.35,0.0,794.0,sufficient
21376,PROD000701,WH003,Midlands Warehouse,Birmingham,West Midlands,527,4.0,24.08,0.0,527.0,sufficient
21376,PROD000701,WH004,Scotland Warehouse,Glasgow,Scotland,432,0.0,0.0,0.0,432.0,sufficient
21376,PROD000701,WH005,Wales Warehouse,Cardiff,Wales,127,0.0,0.0,0.0,127.0,sufficient
21381,PROD000706,WH001,Central Warehouse,London,South East,129,36.0,64.95,0.0,129.0,sufficient
21381,PROD000706,WH002,North Warehouse,Manchester,North West,509,71.0,123.26,0.0,509.0,sufficient
21381,PROD000706,WH003,Midlands Warehouse,Birmingham,West Midlands,691,69.0,119.95,2.0,689.0,sufficient
21381,PROD000706,WH004,Scotland Warehouse,Glasgow,Scotland,30,13.0,28.509999999999998,0.0,30.0,sufficient
21381,PROD000706,WH005,Wales Warehouse,Cardiff,Wales,917,33.0,62.24,0.0,917.0,sufficient
21384,PROD000709,WH001,Central Warehouse,London,South East,277,26.0,23.72,0.0,277.0,sufficient
21384,PROD000709,WH002,North Warehouse,Manchester,North West,777,42.0,36.51,0.0,777.0,sufficient
21384,PROD000709,WH003,Midlands Warehouse,Birmingham,West Midlands,37,52.0,45.01,0.0,37.0,sufficient
21384,PROD000709,WH004,Scotland Warehouse,Glasgow,Scotland,907,51.0,45.78,0.0,907.0,sufficient
21384,PROD000709,WH005,Wales Warehouse,Cardiff,Wales,528,22.0,20.32,0.0,528.0,sufficient
21385,PROD000710,WH001,Central Warehouse,London,South East,543,436.0,346.03,0.0,543.0,sufficient
21385,PROD000710,WH002,North Warehouse,Manchester,North West,344,77.0,84.08,24.0,320.0,sufficient
21385,PROD000710,WH003,Midlands Warehouse,Birmingham,West Midlands,864,152.0,134.69,0.0,864.0,sufficient
21385,PROD000710,WH004,Scotland Warehouse,Glasgow,Scotland,518,211.0,185.69,2.0,516.0,sufficient
21385,PROD000710,WH005,Wales Warehouse,Cardiff,Wales,460,194.0,166.48999999999998,0.0,460.0,sufficient
21386,PROD000711,WH001,Central Warehouse,London,South East,28,53.0,13.37,24.0,4.0,low
21386,PROD000711,WH002,North Warehouse,Manchester,North West,934,25.0,22.06,0.0,934.0,sufficient
21386,PROD000711,WH003,Midlands Warehouse,Birmingham,West Midlands,700,15.0,7.77,0.0,700.0,sufficient
21386,PROD000711,WH004,Scotland Warehouse,Glasgow,Scotland,433,6.0,5.1,0.0,433.0,sufficient
21386,PROD000711,WH005,Wales Warehouse,Cardiff,Wales,222,1.0,1.66,0.0,222.0,sufficient
21388,PROD000712,WH001,Central Warehouse,London,South East,312,13.0,11.05,0.0,312.0,sufficient
21388,PROD000712,WH002,North Warehouse,Manchester,North West,810,12.0,10.2,0.0,810.0,sufficient
21388,PROD000712,WH003,Midlands Warehouse,Birmingham,West Midlands,397,6.0,5.1,6.0,391.0,sufficient
21388,PROD000712,WH004,Scotland Warehouse,Glasgow,Scotland,878,0.0,0.0,0.0,878.0,sufficient
21388,PROD000712,WH005,Wales Warehouse,Cardiff,Wales,893,0.0,0.0,0.0,893.0,sufficient
21393,PROD000717,WH001,Central Warehouse,London,South East,23,0.0,0.0,0.0,23.0,sufficient
21393,PROD000717,WH002,North Warehouse,Manchester,North West,444,6.0,12.6,0.0,444.0,sufficient
21393,PROD000717,WH003,Midlands Warehouse,Birmingham,West Midlands,677,6.0,12.6,0.0,677.0,sufficient
21393,PROD000717,WH004,Scotland Warehouse,Glasgow,Scotland,198,12.0,25.2,0.0,198.0,sufficient
21393,PROD000717,WH005,Wales Warehouse,Cardiff,Wales,155,6.0,12.6,0.0,155.0,sufficient
21396,PROD000720,WH001,Central Warehouse,London,South East,779,61.0,78.43,0.0,779.0,sufficient
21396,PROD000720,WH002,North Warehouse,Manchester,North West,564,5.0,17.009999999999998,0.0,564.0,sufficient
21396,PROD000720,WH003,Midlands Warehouse,Birmingham,West Midlands,472,132.0,146.76,0.0,472.0,sufficient
21396,PROD000720,WH004,Scotland Warehouse,Glasgow,Scotland,133,15.0,18.75,0.0,133.0,sufficient
21396,PROD000720,WH005,Wales Warehouse,Cardiff,Wales,665,1.0,3.43,0.0,665.0,sufficient
21397,PROD000721,WH001,Central Warehouse,London,South East,392,29.0,34.92,0.0,392.0,sufficient
21397,PROD000721,WH002,North Warehouse,Manchester,North West,517,19.0,19.759999999999998,0.0,517.0,sufficient
21397,PROD000721,WH003,Midlands Warehouse,Birmingham,West Midlands,835,2.0,0.78,0.0,835.0,sufficient
21397,PROD000721,WH004,Scotland Warehouse,Glasgow,Scotland,760,70.0,47.72,0.0,760.0,sufficient
21397,PROD000721,WH005,Wales Warehouse,Cardiff,Wales,745,109.0,45.48,0.0,745.0,sufficient
21399,PROD000723,WH001,Central Warehouse,London,South East,535,60.0,33.66,0.0,535.0,sufficient
21399,PROD000723,WH002,North Warehouse,Manchester,North West,134,0.0,0.0,0.0,134.0,sufficient
21399,PROD000723,WH003,Midlands Warehouse,Birmingham,West Midlands,683,108.0,62.64,0.0,683.0,sufficient
21399,PROD000723,WH004,Scotland Warehouse,Glasgow,Scotland,191,51.0,28.95,1.0,190.0,sufficient
21399,PROD000723,WH005,Wales Warehouse,Cardiff,Wales,201,48.0,18.72,0.0,201.0,sufficient
21400,PROD000724,WH001,Central Warehouse,London,South East,466,0.0,0.0,0.0,466.0,sufficient
21400,PROD000724,WH002,North Warehouse,Manchester,North West,769,6.0,0.72,0.0,769.0,sufficient
21400,PROD000724,WH003,Midlands Warehouse,Birmingham,West Midlands,575,32.0,4.4399999999999995,0.0,575.0,sufficient
21400,PROD000724,WH004,Scotland Warehouse,Glasgow,Scotland,692,45.0,9.3,0.0,692.0,sufficient
21400,PROD000724,WH005,Wales Warehouse,Cardiff,Wales,691,7.0,2.94,0.0,691.0,sufficient
21401,PROD000725,WH001,Central Warehouse,London,South East,724,39.0,9.18,0.0,724.0,sufficient
21401,PROD000725,WH002,North Warehouse,Manchester,North West,378,3.0,1.26,0.0,378.0,sufficient
21401,PROD000725,WH003,Midlands Warehouse,Birmingham,West Midlands,1702,6.0,1.3199999999999998,0.0,1702.0,sufficient
21401,PROD000725,WH004,Scotland Warehouse,Glasgow,Scotland,859,30.0,10.8,0.0,859.0,sufficient
21401,PROD000725,WH005,Wales Warehouse,Cardiff,Wales,1029,74.0,9.48,0.0,1029.0,sufficient
21402,PROD000726,WH001,Central Warehouse,London,South East,1482,9.0,1.81,0.0,1482.0,sufficient
21402,PROD000726,WH002,North Warehouse,Manchester,North West,1083,8.0,5.08,0.0,1083.0,sufficient
21402,PROD000726,WH003,Midlands Warehouse,Birmingham,West Midlands,790,0.0,0.0,0.0,790.0,sufficient
21402,PROD000726,WH004,Scotland Warehouse,Glasgow,Scotland,1154,67.0,13.74,0.0,1154.0,sufficient
21402,PROD000726,WH005,Wales Warehouse,Cardiff,Wales,1417,0.0,0.0,0.0,1417.0,sufficient
21403,PROD000727,WH001,Central Warehouse,London,South East,591,42.0,10.44,0.0,591.0,sufficient
21403,PROD000727,WH002,North Warehouse,Manchester,North West,629,36.0,4.32,0.0,629.0,sufficient
21403,PROD000727,WH003,Midlands Warehouse,Birmingham,West Midlands,118,45.0,20.07,36.0,82.0,sufficient
21403,PROD000727,WH004,Scotland Warehouse,Glasgow,Scotland,569,84.0,24.42,24.0,545.0,sufficient
21403,PROD000727,WH005,Wales Warehouse,Cardiff,Wales,607,90.0,30.0,0.0,607.0,sufficient
21411,PROD000731,WH001,Central Warehouse,London,South East,669,29.0,127.28999999999999,1.0,668.0,sufficient
21411,PROD000731,WH002,North Warehouse,Manchester,North West,327,18.0,97.06,1.0,326.0,sufficient
21411,PROD000731,WH003,Midlands Warehouse,Birmingham,West Midlands,128,43.0,199.26999999999998,0.0,128.0,sufficient
21411,PROD000731,WH004,Scotland Warehouse,Glasgow,Scotland,391,19.0,72.35,0.0,391.0,sufficient
21411,PROD000731,WH005,Wales Warehouse,Cardiff,Wales,659,32.0,148.66,5.0,654.0,sufficient
21415,PROD000734,WH001,Central Warehouse,London,South East,292,1.0,4.21,0.0,292.0,sufficient
21415,PROD000734,WH002,North Warehouse,Manchester,North West,411,3.0,6.300000000000001,0.0,411.0,sufficient
21415,PROD000734,WH003,Midlands Warehouse,Birmingham,West Midlands,206,9.0,23.04,0.0,206.0,sufficient
21415,PROD000734,WH004,Scotland Warehouse,Glasgow,Scotland,96,6.0,12.6,0.0,96.0,sufficient
21415,PROD000734,WH005,Wales Warehouse,Cardiff,Wales,627,3.0,8.33,1.0,626.0,sufficient
21416,PROD000735,WH001,Central Warehouse,London,South East,727,0.0,0.0,0.0,727.0,sufficient
21416,PROD000735,WH002,North Warehouse,Manchester,North West,524,1.0,7.62,0.0,524.0,sufficient
21416,PROD000735,WH003,Midlands Warehouse,Birmingham,West Midlands,809,1.0,3.75,0.0,809.0,sufficient
21416,PROD000735,WH004,Scotland Warehouse,Glasgow,Scotland,522,0.0,0.0,0.0,522.0,sufficient
21416,PROD000735,WH005,Wales Warehouse,Cardiff,Wales,654,0.0,0.0,0.0,654.0,sufficient
21421,PROD000740,WH001,Central Warehouse,London,South East,726,16.0,20.0,0.0,726.0,sufficient
21421,PROD000740,WH002,North Warehouse,Manchester,North West,783,12.0,15.0,0.0,783.0,sufficient
21421,PROD000740,WH003,Midlands Warehouse,Birmingham,West Midlands,677,22.0,27.5,0.0,677.0,sufficient
21421,PROD000740,WH004,Scotland Warehouse,Glasgow,Scotland,890,1.0,3.36,0.0,890.0,sufficient
21421,PROD000740,WH005,Wales Warehouse,Cardiff,Wales,965,28.0,37.11,0.0,965.0,sufficient
21426,PROD000744,WH001,Central Warehouse,London,South East,1188,14.0,32.26,6.0,1182.0,sufficient
21426,PROD000744,WH002,North Warehouse,Manchester,North West,462,8.0,22.52,0.0,462.0,sufficient
21426,PROD000744,WH003,Midlands Warehouse,Birmingham,West Midlands,1294,99.0,133.38,0.0,1294.0,sufficient
21426,PROD000744,WH004,Scotland Warehouse,Glasgow,Scotland,1364,25.0,24.61,0.0,1364.0,sufficient
21426,PROD000744,WH005,Wales Warehouse,Cardiff,Wales,1144,2.0,9.92,0.0,1144.0,sufficient
21431,PROD000749,WH001,Central Warehouse,London,South East,249,41.0,71.07,0.0,249.0,sufficient
21431,PROD000749,WH002,North Warehouse,Manchester,North West,1,18.0,29.7,8.0,-7.0,critical
21431,PROD000749,WH003,Midlands Warehouse,Birmingham,West Midlands,35,37.0,61.05,0.0,35.0,sufficient
21431,PROD000749,WH004,Scotland Warehouse,Glasgow,Scotland,30,18.0,31.409999999999997,0.0,30.0,sufficient
21431,PROD000749,WH005,Wales Warehouse,Cardiff,Wales,222,23.0,39.66,0.0,222.0,sufficient
21439,PROD000753,WH001,Central Warehouse,London,South East,449,3.0,6.22,0.0,449.0,sufficient
21439,PROD000753,WH002,North Warehouse,Manchester,North West,817,15.0,20.009999999999998,0.0,817.0,sufficient
21439,PROD000753,WH003,Midlands Warehouse,Birmingham,West Midlands,964,59.0,77.43,0.0,964.0,sufficient
21439,PROD000753,WH004,Scotland Warehouse,Glasgow,Scotland,1098,44.0,58.68,0.0,1098.0,sufficient
21439,PROD000753,WH005,Wales Warehouse,Cardiff,Wales,1232,35.0,43.75,0.0,1232.0,sufficient
21440,PROD000754,WH001,Central Warehouse,London,South East,154,0.0,0.0,0.0,154.0,sufficient
21440,PROD000754,WH002,North Warehouse,Manchester,North West,695,7.0,8.75,0.0,695.0,sufficient
21440,PROD000754,WH003,Midlands Warehouse,Birmingham,West Midlands,691,8.0,10.0,0.0,691.0,sufficient
21440,PROD000754,WH004,Scotland Warehouse,Glasgow,Scotland,238,13.0,16.25,0.0,238.0,sufficient
21440,PROD000754,WH005,Wales Warehouse,Cardiff,Wales,521,1.0,1.25,0.0,521.0,sufficient
21441,PROD000755,WH001,Central Warehouse,London,South East,537,37.0,17.98,3.0,534.0,sufficient
21441,PROD000755,WH002,North Warehouse,Manchester,North West,681,3.0,3.36,0.0,681.0,sufficient
21441,PROD000755,WH003,Midlands Warehouse,Birmingham,West Midlands,861,26.0,7.879999999999999,0.0,861.0,sufficient
21441,PROD000755,WH004,Scotland Warehouse,Glasgow,Scotland,45,22.0,19.509999999999998,0.0,45.0,sufficient
21441,PROD000755,WH005,Wales Warehouse,Cardiff,Wales,480,2.0,2.51,0.0,480.0,sufficient
21442,PROD000756,WH001,Central Warehouse,London,South East,100,14.0,13.52,0.0,100.0,sufficient
21442,PROD000756,WH002,North Warehouse,Manchester,North West,741,42.0,24.54,0.0,741.0,sufficient
21442,PROD000756,WH003,Midlands Warehouse,Birmingham,West Midlands,633,13.0,11.86,0.0,633.0,sufficient
21442,PROD000756,WH004,Scotland Warehouse,Glasgow,Scotland,401,37.0,16.419999999999998,0.0,401.0,sufficient
21442,PROD000756,WH005,Wales Warehouse,Cardiff,Wales,527,16.0,9.94,3.0,524.0,sufficient
21454,PROD000765,WH001,Central Warehouse,London,South East,1872,27.0,22.65,0.0,1872.0,sufficient
21454,PROD000765,WH002,North Warehouse,Manchester,North West,2133,4.0,3.38,0.0,2133.0,sufficient
21454,PROD000765,WH003,Midlands Warehouse,Birmingham,West Midlands,1932,9.0,7.510000000000001,0.0,1932.0,sufficient
21454,PROD000765,WH004,Scotland Warehouse,Glasgow,Scotland,2346,30.0,25.14,0.0,2346.0,sufficient
21454,PROD000765,WH005,Wales Warehouse,Cardiff,Wales,2334,1.0,0.85,0.0,2334.0,sufficient
21457,PROD000768,WH001,Central Warehouse,London,South East,719,5.0,8.67,0.0,719.0,sufficient
21457,PROD000768,WH002,North Warehouse,Manchester,North West,1551,0.0,0.0,0.0,1551.0,sufficient
21457,PROD000768,WH003,Midlands Warehouse,Birmingham,West Midlands,682,24.0,30.0,0.0,682.0,sufficient
21457,PROD000768,WH004,Scotland Warehouse,Glasgow,Scotland,194,0.0,0.0,0.0,194.0,sufficient
21457,PROD000768,WH005,Wales Warehouse,Cardiff,Wales,1619,6.0,7.5,0.0,1619.0,sufficient
21459,PROD000770,WH001,Central Warehouse,London,South East,339,4.0,7.8,0.0,339.0,sufficient
21459,PROD000770,WH002,North Warehouse,Manchester,North West,7,0.0,0.0,0.0,7.0,sufficient
21459,PROD000770,WH003,Midlands Warehouse,Birmingham,West Midlands,998,0.0,0.0,0.0,998.0,sufficient
21459,PROD000770,WH004,Scotland Warehouse,Glasgow,Scotland,764,1.0,1.95,0.0,764.0,sufficient
21459,PROD000770,WH005,Wales Warehouse,Cardiff,Wales,806,6.0,11.7,0.0,806.0,sufficient
21460,PROD000771,WH001,Central Warehouse,London,South East,302,6.0,11.7,0.0,302.0,sufficient
21460,PROD000771,WH002,North Warehouse,Manchester,North West,15,0.0,0.0,0.0,15.0,sufficient
21460,PROD000771,WH003,Midlands Warehouse,Birmingham,West Midlands,459,3.0,5.85,0.0,459.0,sufficient
21460,PROD000771,WH004,Scotland Warehouse,Glasgow,Scotland,559,0.0,0.0,0.0,559.0,sufficient
21460,PROD000771,WH005,Wales Warehouse,Cardiff,Wales,640,0.0,0.0,0.0,640.0,sufficient
21462,PROD000773,WH001,Central Warehouse,London,South East,650,7.0,54.07,0.0,650.0,sufficient
21462,PROD000773,WH002,North Warehouse,Manchester,North West,948,5.0,28.95,0.0,948.0,sufficient
21462,PROD000773,WH003,Midlands Warehouse,Birmingham,West Midlands,703,11.0,74.25,0.0,703.0,sufficient
21462,PROD000773,WH004,Scotland Warehouse,Glasgow,Scotland,955,4.0,27.0,0.0,955.0,sufficient
21462,PROD000773,WH005,Wales Warehouse,Cardiff,Wales,773,12.0,87.82,2.0,771.0,sufficient
21463,PROD000774,WH001,Central Warehouse,London,South East,317,19.0,97.05000000000001,0.0,317.0,sufficient
21463,PROD000774,WH002,North Warehouse,Manchester,North West,538,23.0,120.85000000000001,2.0,536.0,sufficient
21463,PROD000774,WH003,Midlands Warehouse,Birmingham,West Midlands,288,12.0,71.4,0.0,288.0,sufficient
21463,PROD000774,WH004,Scotland Warehouse,Glasgow,Scotland,946,28.0,150.60000000000002,0.0,946.0,sufficient
21463,PROD000774,WH005,Wales Warehouse,Cardiff,Wales,443,38.0,194.1,1.0,442.0,sufficient
21464,PROD000775,WH001,Central Warehouse,London,South East,898,17.0,72.25,0.0,898.0,sufficient
21464,PROD000775,WH002,North Warehouse,Manchester,North West,128,25.0,106.25,0.0,128.0,sufficient
21464,PROD000775,WH003,Midlands Warehouse,Birmingham,West Midlands,184,2.0,8.5,0.0,184.0,sufficient
21464,PROD000775,WH004,Scotland Warehouse,Glasgow,Scotland,55,2.0,8.5,0.0,55.0,sufficient
21464,PROD000775,WH005,Wales Warehouse,Cardiff,Wales,640,21.0,89.25,0.0,640.0,sufficient
21466,PROD000777,WH001,Central Warehouse,London,South East,747,12.0,45.0,0.0,747.0,sufficient
21466,PROD000777,WH002,North Warehouse,Manchester,North West,601,7.0,29.96,0.0,601.0,sufficient
21466,PROD000777,WH003,Midlands Warehouse,Birmingham,West Midlands,922,19.0,66.45,0.0,922.0,sufficient
21466,PROD000777,WH004,Scotland Warehouse,Glasgow,Scotland,844,15.0,56.25,0.0,844.0,sufficient
21466,PROD000777,WH005,Wales Warehouse,Cardiff,Wales,542,11.0,41.25,1.0,541.0,sufficient
21469,PROD000780,WH001,Central Warehouse,London,South East,555,13.0,48.75,0.0,555.0,sufficient
21469,PROD000780,WH002,North Warehouse,Manchester,North West,374,15.0,56.25,0.0,374.0,sufficient
21469,PROD000780,WH003,Midlands Warehouse,Birmingham,West Midlands,625,2.0,10.91,0.0,625.0,sufficient
21469,PROD000780,WH004,Scotland Warehouse,Glasgow,Scotland,84,10.0,37.5,0.0,84.0,sufficient
21469,PROD000780,WH005,Wales Warehouse,Cardiff,Wales,345,19.0,71.25,0.0,345.0,sufficient
21471,PROD000782,WH001,Central Warehouse,London,South East,748,43.0,158.95,0.0,748.0,sufficient
21471,PROD000782,WH002,North Warehouse,Manchester,North West,942,17.0,66.7,0.0,942.0,sufficient
21471,PROD000782,WH003,Midlands Warehouse,Birmingham,West Midlands,121,24.0,100.23,0.0,121.0,sufficient
21471,PROD000782,WH004,Scotland Warehouse,Glasgow,Scotland,426,17.0,63.29,0.0,426.0,sufficient
21471,PROD000782,WH005,Wales Warehouse,Cardiff,Wales,113,90.0,305.76,0.0,113.0,sufficient
21475,PROD000786,WH001,Central Warehouse,London,South East,708,1.0,14.95,0.0,708.0,sufficient
21475,PROD000786,WH002,North Warehouse,Manchester,North West,555,0.0,0.0,0.0,555.0,sufficient
21475,PROD000786,WH003,Midlands Warehouse,Birmingham,West Midlands,488,0.0,0.0,0.0,488.0,sufficient
21475,PROD000786,WH004,Scotland Warehouse,Glasgow,Scotland,329,0.0,0.0,0.0,329.0,sufficient
21475,PROD000786,WH005,Wales Warehouse,Cardiff,Wales,6,0.0,0.0,0.0,6.0,sufficient
21476,PROD000787,WH001,Central Warehouse,London,South East,1352,1.0,14.95,0.0,1352.0,sufficient
21476,PROD000787,WH002,North Warehouse,Manchester,North West,1006,0.0,0.0,0.0,1006.0,sufficient
21476,PROD000787,WH003,Midlands Warehouse,Birmingham,West Midlands,308,2.0,29.9,0.0,308.0,sufficient
21476,PROD000787,WH004,Scotland Warehouse,Glasgow,Scotland,1044,8.0,119.6,0.0,1044.0,sufficient
21476,PROD000787,WH005,Wales Warehouse,Cardiff,Wales,1361,3.0,44.849999999999994,0.0,1361.0,sufficient
21481,PROD000792,WH001,Central Warehouse,London,South East,671,524.0,1426.08,0.0,671.0,sufficient
21481,PROD000792,WH002,North Warehouse,Manchester,North West,431,81.0,258.31,6.0,425.0,sufficient
21481,PROD000792,WH003,Midlands Warehouse,Birmingham,West Midlands,417,112.0,328.61,0.0,417.0,sufficient
21481,PROD000792,WH004,Scotland Warehouse,Glasgow,Scotland,348,122.0,559.8,0.0,348.0,sufficient
21481,PROD000792,WH005,Wales Warehouse,Cardiff,Wales,991,63.0,203.93,1.0,990.0,sufficient
21485,PROD000795,WH001,Central Warehouse,London,South East,30,76.0,355.2,0.0,30.0,sufficient
21485,PROD000795,WH002,North Warehouse,Manchester,North West,260,591.0,3007.1,6.0,254.0,sufficient
21485,PROD000795,WH003,Midlands Warehouse,Birmingham,West Midlands,338,150.0,750.4,3.0,335.0,sufficient
21485,PROD000795,WH004,Scotland Warehouse,Glasgow,Scotland,832,135.0,660.58,11.0,821.0,sufficient
21485,PROD000795,WH005,Wales Warehouse,Cardiff,Wales,345,180.0,930.6,0.0,345.0,sufficient
21488,PROD000797,WH001,Central Warehouse,London,South East,242,48.0,182.3,0.0,242.0,sufficient
21488,PROD000797,WH002,North Warehouse,Manchester,North West,755,22.0,95.94000000000001,0.0,755.0,sufficient
21488,PROD000797,WH003,Midlands Warehouse,Birmingham,West Midlands,998,65.0,241.79,0.0,998.0,sufficient
21488,PROD000797,WH004,Scotland Warehouse,Glasgow,Scotland,56,13.0,51.35,4.0,52.0,sufficient
21488,PROD000797,WH005,Wales Warehouse,Cardiff,Wales,979,85.0,335.91,0.0,979.0,sufficient
21491,PROD000799,WH001,Central Warehouse,London,South East,8,14.0,34.26,2.0,6.0,sufficient
21491,PROD000799,WH002,North Warehouse,Manchester,North West,563,27.0,52.65,0.0,563.0,sufficient
21491,PROD000799,WH003,Midlands Warehouse,Birmingham,West Midlands,319,89.0,159.15,0.0,319.0,sufficient
21491,PROD000799,WH004,Scotland Warehouse,Glasgow,Scotland,561,65.0,110.4,0.0,561.0,sufficient
21491,PROD000799,WH005,Wales Warehouse,Cardiff,Wales,566,103.0,179.01000000000002,0.0,566.0,sufficient
21495,PROD000802,WH001,Central Warehouse,London,South East,1430,350.0,135.0,25.0,1405.0,sufficient
21495,PROD000802,WH002,North Warehouse,Manchester,North West,802,225.0,94.5,0.0,802.0,sufficient
21495,PROD000802,WH003,Midlands Warehouse,Birmingham,West Midlands,537,50.0,21.0,0.0,537.0,sufficient
21495,PROD000802,WH004,Scotland Warehouse,Glasgow,Scotland,175,125.0,52.5,0.0,175.0,sufficient
21495,PROD000802,WH005,Wales Warehouse,Cardiff,Wales,1090,75.0,31.5,0.0,1090.0,sufficient
21496,PROD000803,WH001,Central Warehouse,London,South East,5,0.0,0.0,0.0,5.0,sufficient
21496,PROD000803,WH002,North Warehouse,Manchester,North West,336,0.0,0.0,0.0,336.0,sufficient
21496,PROD000803,WH003,Midlands Warehouse,Birmingham,West Midlands,244,0.0,0.0,0.0,244.0,sufficient
21496,PROD000803,WH004,Scotland Warehouse,Glasgow,Scotland,3,0.0,0.0,0.0,3.0,sufficient
21496,PROD000803,WH005,Wales Warehouse,Cardiff,Wales,616,25.0,10.5,0.0,616.0,sufficient
21497,PROD000804,WH001,Central Warehouse,London,South East,306,300.0,126.0,0.0,306.0,sufficient
21497,PROD000804,WH002,North Warehouse,Manchester,North West,580,175.0,73.5,0.0,580.0,sufficient
21497,PROD000804,WH003,Midlands Warehouse,Birmingham,West Midlands,711,1225.0,442.5,0.0,711.0,sufficient
21497,PROD000804,WH004,Scotland Warehouse,Glasgow,Scotland,303,300.0,126.0,25.0,278.0,sufficient
21497,PROD000804,WH005,Wales Warehouse,Cardiff,Wales,940,100.0,42.0,25.0,915.0,sufficient
21498,PROD000805,WH001,Central Warehouse,London,South East,81,575.0,241.5,25.0,56.0,sufficient
21498,PROD000805,WH002,North Warehouse,Manchester,North West,388,425.0,178.5,0.0,388.0,sufficient
21498,PROD000805,WH003,Midlands Warehouse,Birmingham,West Midlands,597,700.0,278.0,25.0,572.0,sufficient
21498,PROD000805,WH004,Scotland Warehouse,Glasgow,Scotland,190,400.0,168.0,25.0,165.0,sufficient
21498,PROD000805,WH005,Wales Warehouse,Cardiff,Wales,599,325.0,136.5,0.0,599.0,sufficient
21504,PROD000809,WH001,Central Warehouse,London,South East,328,133.0,51.230000000000004,0.0,328.0,sufficient
21504,PROD000809,WH002,North Warehouse,Manchester,North West,272,84.0,35.28,12.0,260.0,sufficient
21504,PROD000809,WH003,Midlands Warehouse,Birmingham,West Midlands,89,75.0,32.07,0.0,89.0,sufficient
21504,PROD000809,WH004,Scotland Warehouse,Glasgow,Scotland,754,240.0,90.72,0.0,754.0,sufficient
21504,PROD000809,WH005,Wales Warehouse,Cardiff,Wales,682,48.0,20.16,24.0,658.0,sufficient
21506,PROD000810,WH001,Central Warehouse,London,South East,217,171.0,73.05,12.0,205.0,sufficient
21506,PROD000810,WH002,North Warehouse,Manchester,North West,631,207.0,87.8,0.0,631.0,sufficient
21506,PROD000810,WH003,Midlands Warehouse,Birmingham,West Midlands,319,436.0,167.48000000000002,12.0,307.0,sufficient
21506,PROD000810,WH004,Scotland Warehouse,Glasgow,Scotland,28,144.0,60.480000000000004,0.0,28.0,sufficient
21506,PROD000810,WH005,Wales Warehouse,Cardiff,Wales,965,74.0,31.509999999999998,12.0,953.0,sufficient
21507,PROD000811,WH001,Central Warehouse,London,South East,451,340.0,131.52,1.0,450.0,sufficient
21507,PROD000811,WH002,North Warehouse,Manchester,North West,390,149.0,60.39,0.0,390.0,sufficient
21507,PROD000811,WH003,Midlands Warehouse,Birmingham,West Midlands,504,112.0,48.31,0.0,504.0,sufficient
21507,PROD000811,WH004,Scotland Warehouse,Glasgow,Scotland,939,110.0,47.06,24.0,915.0,sufficient
21507,PROD000811,WH005,Wales Warehouse,Cardiff,Wales,112,75.0,32.730000000000004,12.0,100.0,sufficient
21508,PROD000812,WH001,Central Warehouse,London,South East,89,169.0,71.41,0.0,89.0,sufficient
21508,PROD000812,WH002,North Warehouse,Manchester,North West,437,96.0,39.6,0.0,437.0,sufficient
21508,PROD000812,WH003,Midlands Warehouse,Birmingham,West Midlands,242,99.0,41.72,24.0,218.0,sufficient
21508,PROD000812,WH004,Scotland Warehouse,Glasgow,Scotland,677,111.0,47.91,12.0,665.0,sufficient
21508,PROD000812,WH005,Wales Warehouse,Cardiff,Wales,956,98.0,41.98,0.0,956.0,sufficient
21509,PROD000813,WH001,Central Warehouse,London,South East,657,255.0,103.34,12.0,645.0,sufficient
21509,PROD000813,WH002,North Warehouse,Manchester,North West,934,168.0,66.24,0.0,934.0,sufficient
21509,PROD000813,WH003,Midlands Warehouse,Birmingham,West Midlands,505,180.0,96.33,12.0,493.0,sufficient
21509,PROD000813,WH004,Scotland Warehouse,Glasgow,Scotland,465,267.0,104.01,0.0,465.0,sufficient
21509,PROD000813,WH005,Wales Warehouse,Cardiff,Wales,764,199.0,81.45,0.0,764.0,sufficient
21511,PROD000814,WH001,Central Warehouse,London,South East,606,0.0,0.0,0.0,606.0,sufficient
21511,PROD000814,WH002,North Warehouse,Manchester,North West,429,0.0,0.0,0.0,429.0,sufficient
21511,PROD000814,WH003,Midlands Warehouse,Birmingham,West Midlands,527,0.0,0.0,0.0,527.0,sufficient
21511,PROD000814,WH004,Scotland Warehouse,Glasgow,Scotland,82,24.0,10.08,0.0,82.0,sufficient
21511,PROD000814,WH005,Wales Warehouse,Cardiff,Wales,965,0.0,0.0,0.0,965.0,sufficient
21518,PROD000815,WH001,Central Warehouse,London,South East,984,12.0,5.04,0.0,984.0,sufficient
21518,PROD000815,WH002,North Warehouse,Manchester,North West,460,38.0,16.38,0.0,460.0,sufficient
21518,PROD000815,WH003,Midlands Warehouse,Birmingham,West Midlands,821,36.0,15.120000000000001,0.0,821.0,sufficient
21518,PROD000815,WH004,Scotland Warehouse,Glasgow,Scotland,827,24.0,10.08,0.0,827.0,sufficient
21518,PROD000815,WH005,Wales Warehouse,Cardiff,Wales,955,2.0,1.69,0.0,955.0,sufficient
21524,PROD000819,WH001,Central Warehouse,London,South East,55,60.0,432.09999999999997,1.0,54.0,sufficient
21524,PROD000819,WH002,North Warehouse,Manchester,North West,531,216.0,1254.96,1.0,530.0,sufficient
21524,PROD000819,WH003,Midlands Warehouse,Birmingham,West Midlands,360,144.0,1024.2,0.0,360.0,sufficient
21524,PROD000819,WH004,Scotland Warehouse,Glasgow,Scotland,669,68.0,531.84,2.0,667.0,sufficient
21524,PROD000819,WH005,Wales Warehouse,Cardiff,Wales,687,59.0,449.09,0.0,687.0,sufficient
21530,PROD000824,WH001,Central Warehouse,London,South East,745,24.0,30.1,0.0,745.0,sufficient
21530,PROD000824,WH002,North Warehouse,Manchester,North West,1294,39.0,37.63,0.0,1294.0,sufficient
21530,PROD000824,WH003,Midlands Warehouse,Birmingham,West Midlands,841,21.0,23.41,0.0,841.0,sufficient
21530,PROD000824,WH004,Scotland Warehouse,Glasgow,Scotland,1243,5.0,6.11,0.0,1243.0,sufficient
21530,PROD000824,WH005,Wales Warehouse,Cardiff,Wales,388,56.0,51.400000000000006,0.0,388.0,sufficient
21531,PROD000825,WH001,Central Warehouse,London,South East,216,68.0,167.62,0.0,216.0,sufficient
21531,PROD000825,WH002,North Warehouse,Manchester,North West,445,108.0,256.36,9.0,436.0,sufficient
21531,PROD000825,WH003,Midlands Warehouse,Birmingham,West Midlands,891,29.0,78.97,0.0,891.0,sufficient
21531,PROD000825,WH004,Scotland Warehouse,Glasgow,Scotland,440,89.0,212.99,0.0,440.0,sufficient
21531,PROD000825,WH005,Wales Warehouse,Cardiff,Wales,147,34.0,96.96,1.0,146.0,sufficient
21533,PROD000827,WH001,Central Warehouse,London,South East,686,34.0,178.53,0.0,686.0,sufficient
21533,PROD000827,WH002,North Warehouse,Manchester,North West,574,62.0,305.98,0.0,574.0,sufficient
21533,PROD000827,WH003,Midlands Warehouse,Birmingham,West Midlands,212,28.0,143.61,3.0,209.0,sufficient
21533,PROD000827,WH004,Scotland Warehouse,Glasgow,Scotland,581,50.0,257.94,0.0,581.0,sufficient
21533,PROD000827,WH005,Wales Warehouse,Cardiff,Wales,598,49.0,246.85999999999999,1.0,597.0,sufficient
21534,PROD000828,WH001,Central Warehouse,London,South East,735,8.0,39.6,0.0,735.0,sufficient
21534,PROD000828,WH002,North Warehouse,Manchester,North West,627,8.0,44.61,0.0,627.0,sufficient
21534,PROD000828,WH003,Midlands Warehouse,Birmingham,West Midlands,502,42.0,267.15,0.0,502.0,sufficient
21534,PROD000828,WH004,Scotland Warehouse,Glasgow,Scotland,164,12.0,59.4,3.0,161.0,sufficient
21534,PROD000828,WH005,Wales Warehouse,Cardiff,Wales,613,8.0,44.82,1.0,612.0,sufficient
21536,PROD000830,WH001,Central Warehouse,London,South East,623,1.0,2.1,0.0,623.0,sufficient
21536,PROD000830,WH002,North Warehouse,Manchester,North West,918,5.0,10.5,0.0,918.0,sufficient
21536,PROD000830,WH003,Midlands Warehouse,Birmingham,West Midlands,8,0.0,0.0,0.0,8.0,sufficient
21536,PROD000830,WH004,Scotland Warehouse,Glasgow,Scotland,967,0.0,0.0,0.0,967.0,sufficient
21536,PROD000830,WH005,Wales Warehouse,Cardiff,Wales,471,18.0,37.8,0.0,471.0,sufficient
21539,PROD000833,WH001,Central Warehouse,London,South East,572,82.0,430.71999999999997,6.0,566.0,sufficient
21539,PROD000833,WH002,North Warehouse,Manchester,North West,1393,34.0,183.75,3.0,1390.0,sufficient
21539,PROD000833,WH003,Midlands Warehouse,Birmingham,West Midlands,130,88.0,435.27,3.0,127.0,sufficient
21539,PROD000833,WH004,Scotland Warehouse,Glasgow,Scotland,321,14.0,90.67,0.0,321.0,sufficient
21539,PROD000833,WH005,Wales Warehouse,Cardiff,Wales,853,54.0,256.74,0.0,853.0,sufficient
21540,PROD000834,WH001,Central Warehouse,London,South East,104,1.0,4.25,1.0,103.0,sufficient
21540,PROD000834,WH002,North Warehouse,Manchester,North West,572,6.0,25.5,0.0,572.0,sufficient
21540,PROD000834,WH003,Midlands Warehouse,Birmingham,West Midlands,503,9.0,38.25,0.0,503.0,sufficient
21540,PROD000834,WH004,Scotland Warehouse,Glasgow,Scotland,214,15.0,114.39,0.0,214.0,sufficient
21540,PROD000834,WH005,Wales Warehouse,Cardiff,Wales,637,1.0,4.25,0.0,637.0,sufficient
21541,PROD000835,WH001,Central Warehouse,London,South East,84,11.0,11.899999999999999,0.0,84.0,sufficient
21541,PROD000835,WH002,North Warehouse,Manchester,North West,322,69.0,59.489999999999995,0.0,322.0,sufficient
21541,PROD000835,WH003,Midlands Warehouse,Birmingham,West Midlands,875,39.0,33.96,1.0,874.0,sufficient
21541,PROD000835,WH004,Scotland Warehouse,Glasgow,Scotland,649,54.0,45.89999999999999,0.0,649.0,sufficient
21541,PROD000835,WH005,Wales Warehouse,Cardiff,Wales,173,21.0,19.47,0.0,173.0,sufficient
21544,PROD000838,WH001,Central Warehouse,London,South East,772,61.0,51.849999999999994,0.0,772.0,sufficient
21544,PROD000838,WH002,North Warehouse,Manchester,North West,583,167.0,149.89999999999998,0.0,583.0,sufficient
21544,PROD000838,WH003,Midlands Warehouse,Birmingham,West Midlands,963,84.0,81.97,12.0,951.0,sufficient
21544,PROD000838,WH004,Scotland Warehouse,Glasgow,Scotland,101,65.0,56.81,0.0,101.0,sufficient
21544,PROD000838,WH005,Wales Warehouse,Cardiff,Wales,604,66.0,60.949999999999996,36.0,568.0,sufficient
21545,PROD000839,WH001,Central Warehouse,London,South East,159,2.0,8.99,0.0,159.0,sufficient
21545,PROD000839,WH002,North Warehouse,Manchester,North West,86,0.0,0.0,0.0,86.0,sufficient
21545,PROD000839,WH003,Midlands Warehouse,Birmingham,West Midlands,489,12.0,41.32,0.0,489.0,sufficient
21545,PROD000839,WH004,Scotland Warehouse,Glasgow,Scotland,663,10.0,29.5,0.0,663.0,sufficient
21545,PROD000839,WH005,Wales Warehouse,Cardiff,Wales,333,2.0,5.9,0.0,333.0,sufficient
21549,PROD000842,WH001,Central Warehouse,London,South East,820,1.0,5.91,0.0,820.0,sufficient
21549,PROD000842,WH002,North Warehouse,Manchester,North West,433,0.0,0.0,0.0,433.0,sufficient
21549,PROD000842,WH003,Midlands Warehouse,Birmingham,West Midlands,853,6.0,17.7,0.0,853.0,sufficient
21549,PROD000842,WH004,Scotland Warehouse,Glasgow,Scotland,129,0.0,0.0,0.0,129.0,sufficient
21549,PROD000842,WH005,Wales Warehouse,Cardiff,Wales,260,6.0,17.7,0.0,260.0,sufficient
21550,PROD000843,WH001,Central Warehouse,London,South East,653,13.0,71.35000000000001,12.0,641.0,sufficient
21550,PROD000843,WH002,North Warehouse,Manchester,North West,562,2.0,11.9,0.0,562.0,sufficient
21550,PROD000843,WH003,Midlands Warehouse,Birmingham,West Midlands,788,122.0,491.9,0.0,788.0,sufficient
21550,PROD000843,WH004,Scotland Warehouse,Glasgow,Scotland,29,4.0,23.8,0.0,29.0,sufficient
21550,PROD000843,WH005,Wales Warehouse,Cardiff,Wales,193,0.0,0.0,0.0,193.0,sufficient
21552,PROD000845,WH001,Central Warehouse,London,South East,551,2.0,11.9,0.0,551.0,sufficient
21552,PROD000845,WH002,North Warehouse,Manchester,North West,537,4.0,23.8,0.0,537.0,sufficient
21552,PROD000845,WH003,Midlands Warehouse,Birmingham,West Midlands,203,78.0,317.85,0.0,203.0,sufficient
21552,PROD000845,WH004,Scotland Warehouse,Glasgow,Scotland,262,0.0,0.0,0.0,262.0,sufficient
21552,PROD000845,WH005,Wales Warehouse,Cardiff,Wales,228,0.0,0.0,0.0,228.0,sufficient
21553,PROD000846,WH001,Central Warehouse,London,South East,799,1.0,5.95,0.0,799.0,sufficient
21553,PROD000846,WH002,North Warehouse,Manchester,North West,403,11.0,65.45,0.0,403.0,sufficient
21553,PROD000846,WH003,Midlands Warehouse,Birmingham,West Midlands,718,6.0,35.7,0.0,718.0,sufficient
21553,PROD000846,WH004,Scotland Warehouse,Glasgow,Scotland,877,1.0,5.95,0.0,877.0,sufficient
21553,PROD000846,WH005,Wales Warehouse,Cardiff,Wales,668,4.0,30.85,0.0,668.0,sufficient
21556,PROD000849,WH001,Central Warehouse,London,South East,616,22.0,72.5,0.0,616.0,sufficient
21556,PROD000849,WH002,North Warehouse,Manchester,North West,609,13.0,53.51,2.0,607.0,sufficient
21556,PROD000849,WH003,Midlands Warehouse,Birmingham,West Midlands,983,418.0,943.5,0.0,983.0,sufficient
21556,PROD000849,WH004,Scotland Warehouse,Glasgow,Scotland,916,20.0,51.0,0.0,916.0,sufficient
21556,PROD000849,WH005,Wales Warehouse,Cardiff,Wales,399,210.0,488.67,0.0,399.0,sufficient
21557,PROD000850,WH001,Central Warehouse,London,South East,259,16.0,53.51,0.0,259.0,sufficient
21557,PROD000850,WH002,North Warehouse,Manchester,North West,385,2.0,8.690000000000001,0.0,385.0,sufficient
21557,PROD000850,WH003,Midlands Warehouse,Birmingham,West Midlands,881,2.0,5.9,0.0,881.0,sufficient
21557,PROD000850,WH004,Scotland Warehouse,Glasgow,Scotland,781,13.0,43.87,0.0,781.0,sufficient
21557,PROD000850,WH005,Wales Warehouse,Cardiff,Wales,733,24.0,79.56,6.0,727.0,sufficient
21561,PROD000854,WH001,Central Warehouse,London,South East,543,59.0,155.37,6.0,537.0,sufficient
21561,PROD000854,WH002,North Warehouse,Manchester,North West,514,75.0,169.27,2.0,512.0,sufficient
21561,PROD000854,WH003,Midlands Warehouse,Birmingham,West Midlands,152,47.0,122.26,0.0,152.0,sufficient
21561,PROD000854,WH004,Scotland Warehouse,Glasgow,Scotland,930,67.0,154.65,0.0,930.0,sufficient
21561,PROD000854,WH005,Wales Warehouse,Cardiff,Wales,661,33.0,89.18,6.0,655.0,sufficient
21577,PROD000859,WH001,Central Warehouse,London,South East,488,25.0,64.58,0.0,488.0,sufficient
21577,PROD000859,WH002,North Warehouse,Manchester,North West,50,18.0,43.42,0.0,50.0,sufficient
21577,PROD000859,WH003,Midlands Warehouse,Birmingham,West Midlands,178,23.0,49.599999999999994,0.0,178.0,sufficient
21577,PROD000859,WH004,Scotland Warehouse,Glasgow,Scotland,98,239.0,440.46,1.0,97.0,sufficient
21577,PROD000859,WH005,Wales Warehouse,Cardiff,Wales,120,42.0,99.92,0.0,120.0,sufficient
21578,PROD000860,WH001,Central Warehouse,London,South East,501,23.0,60.599999999999994,9.0,492.0,sufficient
21578,PROD000860,WH002,North Warehouse,Manchester,North West,399,62.0,145.12,0.0,399.0,sufficient
21578,PROD000860,WH003,Midlands Warehouse,Birmingham,West Midlands,873,27.0,60.75,0.0,873.0,sufficient
21578,PROD000860,WH004,Scotland Warehouse,Glasgow,Scotland,498,21.0,56.01,0.0,498.0,sufficient
21578,PROD000860,WH005,Wales Warehouse,Cardiff,Wales,860,52.0,114.13,0.0,860.0,sufficient
21579,PROD000861,WH001,Central Warehouse,London,South East,806,150.0,135.9,0.0,806.0,sufficient
21579,PROD000861,WH002,North Warehouse,Manchester,North West,543,7.0,18.56,0.0,543.0,sufficient
21579,PROD000861,WH003,Midlands Warehouse,Birmingham,West Midlands,71,18.0,40.5,0.0,71.0,sufficient
21579,PROD000861,WH004,Scotland Warehouse,Glasgow,Scotland,686,64.0,79.41,0.0,686.0,sufficient
21579,PROD000861,WH005,Wales Warehouse,Cardiff,Wales,182,7.0,15.129999999999999,1.0,181.0,sufficient
21581,PROD000863,WH001,Central Warehouse,London,South East,248,90.0,119.41,0.0,248.0,sufficient
21581,PROD000863,WH002,North Warehouse,Manchester,North West,1680,16.0,36.0,0.0,1680.0,sufficient
21581,PROD000863,WH003,Midlands Warehouse,Birmingham,West Midlands,1410,3.0,11.55,0.0,1410.0,sufficient
21581,PROD000863,WH004,Scotland Warehouse,Glasgow,Scotland,1367,0.0,0.0,0.0,1367.0,sufficient
21581,PROD000863,WH005,Wales Warehouse,Cardiff,Wales,1109,70.0,86.67999999999999,0.0,1109.0,sufficient
21584,PROD000865,WH001,Central Warehouse,London,South East,516,528.0,775.2,0.0,516.0,sufficient
21584,PROD000865,WH002,North Warehouse,Manchester,North West,400,173.0,256.65000000000003,0.0,400.0,sufficient
21584,PROD000865,WH003,Midlands Warehouse,Birmingham,West Midlands,264,93.0,153.45,0.0,264.0,sufficient
21584,PROD000865,WH004,Scotland Warehouse,Glasgow,Scotland,516,171.0,282.15,0.0,516.0,sufficient
21584,PROD000865,WH005,Wales Warehouse,Cardiff,Wales,18,24.0,39.6,0.0,18.0,sufficient
21589,PROD000869,WH001,Central Warehouse,London,South East,963,38.0,96.9,0.0,963.0,sufficient
21589,PROD000869,WH002,North Warehouse,Manchester,North West,257,50.0,105.89999999999999,0.0,257.0,sufficient
21589,PROD000869,WH003,Midlands Warehouse,Birmingham,West Midlands,82,12.0,30.6,0.0,82.0,sufficient
21589,PROD000869,WH004,Scotland Warehouse,Glasgow,Scotland,636,26.0,66.30000000000001,0.0,636.0,sufficient
21589,PROD000869,WH005,Wales Warehouse,Cardiff,Wales,972,10.0,25.5,0.0,972.0,sufficient
21590,PROD000870,WH001,Central Warehouse,London,South East,1410,33.0,41.25,1.0,1409.0,sufficient
21590,PROD000870,WH002,North Warehouse,Manchester,North West,1224,28.0,35.0,0.0,1224.0,sufficient
21590,PROD000870,WH003,Midlands Warehouse,Birmingham,West Midlands,571,11.0,13.75,0.0,571.0,sufficient
21590,PROD000870,WH004,Scotland Warehouse,Glasgow,Scotland,1166,70.0,87.5,0.0,1166.0,sufficient
21590,PROD000870,WH005,Wales Warehouse,Cardiff,Wales,114,7.0,8.75,3.0,111.0,sufficient
21593,PROD000873,WH001,Central Warehouse,London,South East,390,27.0,33.75,0.0,390.0,sufficient
21593,PROD000873,WH002,North Warehouse,Manchester,North West,227,12.0,15.0,0.0,227.0,sufficient
21593,PROD000873,WH003,Midlands Warehouse,Birmingham,West Midlands,410,51.0,63.75,0.0,410.0,sufficient
21593,PROD000873,WH004,Scotland Warehouse,Glasgow,Scotland,693,40.0,50.0,0.0,693.0,sufficient
21593,PROD000873,WH005,Wales Warehouse,Cardiff,Wales,949,25.0,31.25,0.0,949.0,sufficient
21595,PROD000874,WH001,Central Warehouse,London,South East,26,2.0,17.12,0.0,26.0,sufficient
21595,PROD000874,WH002,North Warehouse,Manchester,North West,599,0.0,0.0,0.0,599.0,sufficient
21595,PROD000874,WH003,Midlands Warehouse,Birmingham,West Midlands,387,0.0,0.0,0.0,387.0,sufficient
21595,PROD000874,WH004,Scotland Warehouse,Glasgow,Scotland,503,0.0,0.0,0.0,503.0,sufficient
21595,PROD000874,WH005,Wales Warehouse,Cardiff,Wales,642,0.0,0.0,0.0,642.0,sufficient
21596,PROD000875,WH001,Central Warehouse,London,South East,471,0.0,0.0,0.0,471.0,sufficient
21596,PROD000875,WH002,North Warehouse,Manchester,North West,606,1.0,4.3,0.0,606.0,sufficient
21596,PROD000875,WH003,Midlands Warehouse,Birmingham,West Midlands,560,2.0,8.6,0.0,560.0,sufficient
21596,PROD000875,WH004,Scotland Warehouse,Glasgow,Scotland,110,0.0,0.0,0.0,110.0,sufficient
21596,PROD000875,WH005,Wales Warehouse,Cardiff,Wales,1283,0.0,0.0,0.0,1283.0,sufficient
21609,PROD000876,WH001,Central Warehouse,London,South East,507,10.0,29.5,0.0,507.0,sufficient
21609,PROD000876,WH002,North Warehouse,Manchester,North West,807,26.0,76.69999999999999,0.0,807.0,sufficient
21609,PROD000876,WH003,Midlands Warehouse,Birmingham,West Midlands,467,15.0,44.25,4.0,463.0,sufficient
21609,PROD000876,WH004,Scotland Warehouse,Glasgow,Scotland,556,78.0,210.9,6.0,550.0,sufficient
21609,PROD000876,WH005,Wales Warehouse,Cardiff,Wales,324,14.0,41.3,0.0,324.0,sufficient
21612,PROD000879,WH001,Central Warehouse,London,South East,774,55.0,143.05,0.0,774.0,sufficient
21612,PROD000879,WH002,North Warehouse,Manchester,North West,286,27.0,79.65,0.0,286.0,sufficient
21612,PROD000879,WH003,Midlands Warehouse,Birmingham,West Midlands,170,15.0,44.25,0.0,170.0,sufficient
21612,PROD000879,WH004,Scotland Warehouse,Glasgow,Scotland,197,0.0,0.0,0.0,197.0,sufficient
21612,PROD000879,WH005,Wales Warehouse,Cardiff,Wales,987,66.0,194.7,0.0,987.0,sufficient
21613,PROD000880,WH001,Central Warehouse,London,South East,298,16.0,50.04,0.0,298.0,sufficient
21613,PROD000880,WH002,North Warehouse,Manchester,North West,848,18.0,53.099999999999994,0.0,848.0,sufficient
21613,PROD000880,WH003,Midlands Warehouse,Birmingham,West Midlands,796,24.0,70.8,0.0,796.0,sufficient
21613,PROD000880,WH004,Scotland Warehouse,Glasgow,Scotland,91,12.0,35.4,0.0,91.0,sufficient
21613,PROD000880,WH005,Wales Warehouse,Cardiff,Wales,827,4.0,11.8,0.0,827.0,sufficient
21615,PROD000882,WH001,Central Warehouse,London,South East,488,26.0,37.5,0.0,488.0,sufficient
21615,PROD000882,WH002,North Warehouse,Manchester,North West,863,20.0,28.759999999999998,0.0,863.0,sufficient
21615,PROD000882,WH003,Midlands Warehouse,Birmingham,West Midlands,769,31.0,68.75,0.0,769.0,sufficient
21615,PROD000882,WH004,Scotland Warehouse,Glasgow,Scotland,362,15.0,23.75,0.0,362.0,sufficient
21615,PROD000882,WH005,Wales Warehouse,Cardiff,Wales,786,13.0,16.25,12.0,774.0,sufficient
21617,PROD000884,WH001,Central Warehouse,London,South East,912,14.0,52.5,0.0,912.0,sufficient
21617,PROD000884,WH002,North Warehouse,Manchester,North West,613,5.0,16.25,1.0,612.0,sufficient
21617,PROD000884,WH003,Midlands Warehouse,Birmingham,West Midlands,208,20.0,66.94,2.0,206.0,sufficient
21617,PROD000884,WH004,Scotland Warehouse,Glasgow,Scotland,845,14.0,46.05,0.0,845.0,sufficient
21617,PROD000884,WH005,Wales Warehouse,Cardiff,Wales,845,18.0,37.5,0.0,845.0,sufficient
21621,PROD000888,WH001,Central Warehouse,London,South East,830,76.0,717.1800000000001,19.0,811.0,sufficient
21621,PROD000888,WH002,North Warehouse,Manchester,North West,779,140.0,1156.96,0.0,779.0,sufficient
21621,PROD000888,WH003,Midlands Warehouse,Birmingham,West Midlands,493,84.0,717.96,2.0,491.0,sufficient
21621,PROD000888,WH004,Scotland Warehouse,Glasgow,Scotland,89,84.0,747.9200000000001,8.0,81.0,sufficient
21621,PROD000888,WH005,Wales Warehouse,Cardiff,Wales,403,188.0,1626.28,7.0,396.0,sufficient
21622,PROD000889,WH001,Central Warehouse,London,South East,203,95.0,487.48999999999995,0.0,203.0,sufficient
21622,PROD000889,WH002,North Warehouse,Manchester,North West,219,60.0,314.68,2.0,217.0,sufficient
21622,PROD000889,WH003,Midlands Warehouse,Birmingham,West Midlands,468,47.0,250.19,5.0,463.0,sufficient
21622,PROD000889,WH004,Scotland Warehouse,Glasgow,Scotland,525,75.0,414.09,10.0,515.0,sufficient
21622,PROD000889,WH005,Wales Warehouse,Cardiff,Wales,622,58.0,304.34000000000003,0.0,622.0,sufficient
21623,PROD000890,WH001,Central Warehouse,London,South East,191,24.0,259.24,0.0,191.0,sufficient
21623,PROD000890,WH002,North Warehouse,Manchester,North West,276,261.0,1826.8999999999999,0.0,276.0,sufficient
21623,PROD000890,WH003,Midlands Warehouse,Birmingham,West Midlands,979,201.0,1328.79,108.0,871.0,sufficient
21623,PROD000890,WH004,Scotland Warehouse,Glasgow,Scotland,916,19.0,209.91,2.0,914.0,sufficient
21623,PROD000890,WH005,Wales Warehouse,Cardiff,Wales,73,64.0,557.77,8.0,65.0,sufficient
21625,PROD000892,WH001,Central Warehouse,London,South East,840,4.0,49.34,0.0,840.0,sufficient
21625,PROD000892,WH002,North Warehouse,Manchester,North West,893,11.0,83.93,0.0,893.0,sufficient
21625,PROD000892,WH003,Midlands Warehouse,Birmingham,West Midlands,874,10.0,69.5,0.0,874.0,sufficient
21625,PROD000892,WH004,Scotland Warehouse,Glasgow,Scotland,582,31.0,159.05,0.0,582.0,sufficient
21625,PROD000892,WH005,Wales Warehouse,Cardiff,Wales,688,9.0,113.72,0.0,688.0,sufficient
21627,PROD000894,WH001,Central Warehouse,London,South East,48,3.0,73.91,0.0,48.0,sufficient
21627,PROD000894,WH002,North Warehouse,Manchester,North West,392,1.0,14.95,0.0,392.0,sufficient
21627,PROD000894,WH003,Midlands Warehouse,Birmingham,West Midlands,593,2.0,29.9,0.0,593.0,sufficient
21627,PROD000894,WH004,Scotland Warehouse,Glasgow,Scotland,624,5.0,89.59,3.0,621.0,sufficient
21627,PROD000894,WH005,Wales Warehouse,Cardiff,Wales,368,0.0,0.0,0.0,368.0,sufficient
21632,PROD000899,WH001,Central Warehouse,London,South East,762,2.0,16.94,0.0,762.0,sufficient
21632,PROD000899,WH002,North Warehouse,Manchester,North West,654,0.0,0.0,0.0,654.0,sufficient
21632,PROD000899,WH003,Midlands Warehouse,Birmingham,West Midlands,102,0.0,0.0,0.0,102.0,sufficient
21632,PROD000899,WH004,Scotland Warehouse,Glasgow,Scotland,206,2.0,16.94,0.0,206.0,sufficient
21632,PROD000899,WH005,Wales Warehouse,Cardiff,Wales,60,1.0,25.49,0.0,60.0,sufficient
21636,PROD000903,WH001,Central Warehouse,London,South East,811,0.0,0.0,0.0,811.0,sufficient
21636,PROD000903,WH002,North Warehouse,Manchester,North West,164,13.0,14.17,0.0,164.0,sufficient
21636,PROD000903,WH003,Midlands Warehouse,Birmingham,West Midlands,39,0.0,0.0,0.0,39.0,sufficient
21636,PROD000903,WH004,Scotland Warehouse,Glasgow,Scotland,277,19.0,14.25,0.0,277.0,sufficient
21636,PROD000903,WH005,Wales Warehouse,Cardiff,Wales,11,12.0,9.0,0.0,11.0,sufficient
21637,PROD000904,WH001,Central Warehouse,London,South East,408,36.0,45.0,0.0,408.0,sufficient
21637,PROD000904,WH002,North Warehouse,Manchester,North West,186,1.0,1.25,0.0,186.0,sufficient
21637,PROD000904,WH003,Midlands Warehouse,Birmingham,West Midlands,524,93.0,120.03,0.0,524.0,sufficient
21637,PROD000904,WH004,Scotland Warehouse,Glasgow,Scotland,169,21.0,30.03,0.0,169.0,sufficient
21637,PROD000904,WH005,Wales Warehouse,Cardiff,Wales,356,0.0,0.0,0.0,356.0,sufficient
21639,PROD000906,WH001,Central Warehouse,London,South East,916,0.0,0.0,0.0,916.0,sufficient
21639,PROD000906,WH002,North Warehouse,Manchester,North West,961,29.0,28.9,0.0,961.0,sufficient
21639,PROD000906,WH003,Midlands Warehouse,Birmingham,West Midlands,661,0.0,0.0,0.0,661.0,sufficient
21639,PROD000906,WH004,Scotland Warehouse,Glasgow,Scotland,166,0.0,0.0,0.0,166.0,sufficient
21639,PROD000906,WH005,Wales Warehouse,Cardiff,Wales,424,0.0,0.0,0.0,424.0,sufficient
21643,PROD000910,WH001,Central Warehouse,London,South East,971,11.0,23.78,0.0,971.0,sufficient
21643,PROD000910,WH002,North Warehouse,Manchester,North West,958,6.0,15.129999999999999,0.0,958.0,sufficient
21643,PROD000910,WH003,Midlands Warehouse,Birmingham,West Midlands,777,31.0,47.519999999999996,3.0,774.0,sufficient
21643,PROD000910,WH004,Scotland Warehouse,Glasgow,Scotland,133,26.0,32.5,0.0,133.0,sufficient
21643,PROD000910,WH005,Wales Warehouse,Cardiff,Wales,434,94.0,116.41999999999999,1.0,433.0,sufficient
21647,PROD000913,WH001,Central Warehouse,London,South East,365,16.0,40.2,0.0,365.0,sufficient
21647,PROD000913,WH002,North Warehouse,Manchester,North West,179,2.0,4.2,0.0,179.0,sufficient
21647,PROD000913,WH003,Midlands Warehouse,Birmingham,West Midlands,345,11.0,23.099999999999998,0.0,345.0,sufficient
21647,PROD000913,WH004,Scotland Warehouse,Glasgow,Scotland,209,12.0,25.2,0.0,209.0,sufficient
21647,PROD000913,WH005,Wales Warehouse,Cardiff,Wales,720,37.0,77.7,0.0,720.0,sufficient
21648,PROD000914,WH001,Central Warehouse,London,South East,367,33.0,50.43,0.0,367.0,sufficient
21648,PROD000914,WH002,North Warehouse,Manchester,North West,435,34.0,52.43,2.0,433.0,sufficient
21648,PROD000914,WH003,Midlands Warehouse,Birmingham,West Midlands,616,1.0,1.25,0.0,616.0,sufficient
21648,PROD000914,WH004,Scotland Warehouse,Glasgow,Scotland,251,34.0,48.8,0.0,251.0,sufficient
21648,PROD000914,WH005,Wales Warehouse,Cardiff,Wales,488,14.0,34.24,1.0,487.0,sufficient
21651,PROD000917,WH001,Central Warehouse,London,South East,304,223.0,324.75,0.0,304.0,sufficient
21651,PROD000917,WH002,North Warehouse,Manchester,North West,972,1.0,3.36,0.0,972.0,sufficient
21651,PROD000917,WH003,Midlands Warehouse,Birmingham,West Midlands,404,48.0,72.0,0.0,404.0,sufficient
21651,PROD000917,WH004,Scotland Warehouse,Glasgow,Scotland,768,60.0,99.0,0.0,768.0,sufficient
21651,PROD000917,WH005,Wales Warehouse,Cardiff,Wales,497,99.0,49.56,12.0,485.0,sufficient
21656,PROD000922,WH001,Central Warehouse,London,South East,270,3.0,4.35,0.0,270.0,sufficient
21656,PROD000922,WH002,North Warehouse,Manchester,North West,234,12.0,17.4,0.0,234.0,sufficient
21656,PROD000922,WH003,Midlands Warehouse,Birmingham,West Midlands,407,0.0,0.0,0.0,407.0,sufficient
21656,PROD000922,WH004,Scotland Warehouse,Glasgow,Scotland,318,72.0,90.0,0.0,318.0,sufficient
21656,PROD000922,WH005,Wales Warehouse,Cardiff,Wales,304,48.0,62.4,0.0,304.0,sufficient
21659,PROD000925,WH001,Central Warehouse,London,South East,1467,2.0,45.34,0.0,1467.0,sufficient
21659,PROD000925,WH002,North Warehouse,Manchester,North West,903,1.0,29.74,0.0,903.0,sufficient
21659,PROD000925,WH003,Midlands Warehouse,Birmingham,West Midlands,993,0.0,0.0,0.0,993.0,sufficient
21659,PROD000925,WH004,Scotland Warehouse,Glasgow,Scotland,857,6.0,89.69999999999999,0.0,857.0,sufficient
21659,PROD000925,WH005,Wales Warehouse,Cardiff,Wales,1781,0.0,0.0,0.0,1781.0,sufficient
21661,PROD000926,WH001,Central Warehouse,London,South East,571,1.0,11.87,1.0,570.0,sufficient
21661,PROD000926,WH002,North Warehouse,Manchester,North West,615,3.0,17.85,0.0,615.0,sufficient
21661,PROD000926,WH003,Midlands Warehouse,Birmingham,West Midlands,209,3.0,23.77,0.0,209.0,sufficient
21661,PROD000926,WH004,Scotland Warehouse,Glasgow,Scotland,529,6.0,35.7,0.0,529.0,sufficient
21661,PROD000926,WH005,Wales Warehouse,Cardiff,Wales,91,5.0,29.75,0.0,91.0,sufficient
21662,PROD000927,WH001,Central Warehouse,London,South East,1162,2.0,11.9,0.0,1162.0,sufficient
21662,PROD000927,WH002,North Warehouse,Manchester,North West,358,2.0,17.580000000000002,1.0,357.0,sufficient
21662,PROD000927,WH003,Midlands Warehouse,Birmingham,West Midlands,1077,1.0,5.95,0.0,1077.0,sufficient
21662,PROD000927,WH004,Scotland Warehouse,Glasgow,Scotland,666,2.0,11.9,0.0,666.0,sufficient
21662,PROD000927,WH005,Wales Warehouse,Cardiff,Wales,1161,5.0,29.75,0.0,1161.0,sufficient
21664,PROD000929,WH001,Central Warehouse,London,South East,910,3.0,11.25,0.0,910.0,sufficient
21664,PROD000929,WH002,North Warehouse,Manchester,North West,423,1.0,3.75,0.0,423.0,sufficient
21664,PROD000929,WH003,Midlands Warehouse,Birmingham,West Midlands,891,1.0,3.75,0.0,891.0,sufficient
21664,PROD000929,WH004,Scotland Warehouse,Glasgow,Scotland,365,8.0,30.0,0.0,365.0,sufficient
21664,PROD000929,WH005,Wales Warehouse,Cardiff,Wales,673,4.0,15.0,0.0,673.0,sufficient
21668,PROD000933,WH001,Central Warehouse,London,South East,889,151.0,194.51,12.0,877.0,sufficient
21668,PROD000933,WH002,North Warehouse,Manchester,North West,592,205.0,274.87,8.0,584.0,sufficient
21668,PROD000933,WH003,Midlands Warehouse,Birmingham,West Midlands,699,229.0,339.42,0.0,699.0,sufficient
21668,PROD000933,WH004,Scotland Warehouse,Glasgow,Scotland,760,174.0,229.28,0.0,760.0,sufficient
21668,PROD000933,WH005,Wales Warehouse,Cardiff,Wales,139,115.0,173.21,0.0,139.0,sufficient
21669,PROD000934,WH001,Central Warehouse,London,South East,539,323.0,395.48,0.0,539.0,sufficient
21669,PROD000934,WH002,North Warehouse,Manchester,North West,372,133.0,190.47,6.0,366.0,sufficient
21669,PROD000934,WH003,Midlands Warehouse,Birmingham,West Midlands,306,237.0,337.37,12.0,294.0,sufficient
21669,PROD000934,WH004,Scotland Warehouse,Glasgow,Scotland,760,328.0,396.8,12.0,748.0,sufficient
21669,PROD000934,WH005,Wales Warehouse,Cardiff,Wales,76,82.0,127.28,0.0,76.0,sufficient
21670,PROD000935,WH001,Central Warehouse,London,South East,954,99.0,155.09,0.0,954.0,sufficient
21670,PROD000935,WH002,North Warehouse,Manchester,North West,198,106.0,143.34,18.0,180.0,sufficient
21670,PROD000935,WH003,Midlands Warehouse,Birmingham,West Midlands,544,68.0,97.66,0.0,544.0,sufficient
21670,PROD000935,WH004,Scotland Warehouse,Glasgow,Scotland,690,221.0,293.29,1.0,689.0,sufficient
21670,PROD000935,WH005,Wales Warehouse,Cardiff,Wales,788,182.0,238.38,0.0,788.0,sufficient
21671,PROD000936,WH001,Central Warehouse,London,South East,831,291.0,337.17,4.0,827.0,sufficient
21671,PROD000936,WH002,North Warehouse,Manchester,North West,624,77.0,108.41,2.0,622.0,sufficient
21671,PROD000936,WH003,Midlands Warehouse,Birmingham,West Midlands,766,47.0,77.44,0.0,766.0,sufficient
21671,PROD000936,WH004,Scotland Warehouse,Glasgow,Scotland,76,165.0,226.65,6.0,70.0,sufficient
21671,PROD000936,WH005,Wales Warehouse,Cardiff,Wales,217,96.0,128.16,1.0,216.0,sufficient
21673,PROD000938,WH001,Central Warehouse,London,South East,997,64.0,87.44,0.0,997.0,sufficient
21673,PROD000938,WH002,North Warehouse,Manchester,North West,76,209.0,247.27,0.0,76.0,sufficient
21673,PROD000938,WH003,Midlands Warehouse,Birmingham,West Midlands,632,214.0,307.28,0.0,632.0,sufficient
21673,PROD000938,WH004,Scotland Warehouse,Glasgow,Scotland,924,245.0,336.52,0.0,924.0,sufficient
21673,PROD000938,WH005,Wales Warehouse,Cardiff,Wales,335,222.0,275.44,0.0,335.0,sufficient
21675,PROD000940,WH001,Central Warehouse,London,South East,481,38.0,33.92,0.0,481.0,sufficient
21675,PROD000940,WH002,North Warehouse,Manchester,North West,842,13.0,11.86,0.0,842.0,sufficient
21675,PROD000940,WH003,Midlands Warehouse,Birmingham,West Midlands,314,28.0,24.4,0.0,314.0,sufficient
21675,PROD000940,WH004,Scotland Warehouse,Glasgow,Scotland,450,8.0,7.609999999999999,0.0,450.0,sufficient
21675,PROD000940,WH005,Wales Warehouse,Cardiff,Wales,221,8.0,7.569999999999999,0.0,221.0,sufficient
21676,PROD000941,WH001,Central Warehouse,London,South East,885,30.0,16.549999999999997,0.0,885.0,sufficient
21676,PROD000941,WH002,North Warehouse,Manchester,North West,966,176.0,82.66,0.0,966.0,sufficient
21676,PROD000941,WH003,Midlands Warehouse,Birmingham,West Midlands,810,18.0,15.299999999999999,0.0,810.0,sufficient
21676,PROD000941,WH004,Scotland Warehouse,Glasgow,Scotland,1033,7.0,6.7299999999999995,0.0,1033.0,sufficient
21676,PROD000941,WH005,Wales Warehouse,Cardiff,Wales,1300,23.0,21.9,12.0,1288.0,sufficient
21678,PROD000943,WH001,Central Warehouse,London,South East,35,6.0,5.1,0.0,35.0,sufficient
21678,PROD000943,WH002,North Warehouse,Manchester,North West,546,4.0,3.32,0.0,546.0,sufficient
21678,PROD000943,WH003,Midlands Warehouse,Birmingham,West Midlands,665,18.0,15.299999999999999,0.0,665.0,sufficient
21678,PROD000943,WH004,Scotland Warehouse,Glasgow,Scotland,934,7.0,5.91,0.0,934.0,sufficient
21678,PROD000943,WH005,Wales Warehouse,Cardiff,Wales,250,37.0,20.169999999999998,0.0,250.0,sufficient
21679,PROD000944,WH001,Central Warehouse,London,South East,366,128.0,110.41999999999999,0.0,366.0,sufficient
21679,PROD000944,WH002,North Warehouse,Manchester,North West,676,54.0,45.9,0.0,676.0,sufficient
21679,PROD000944,WH003,Midlands Warehouse,Birmingham,West Midlands,535,90.0,76.5,12.0,523.0,sufficient
21679,PROD000944,WH004,Scotland Warehouse,Glasgow,Scotland,45,57.0,50.879999999999995,0.0,45.0,sufficient
21679,PROD000944,WH005,Wales Warehouse,Cardiff,Wales,793,47.0,40.73,0.0,793.0,sufficient
21683,PROD000948,WH001,Central Warehouse,London,South East,536,13.0,38.349999999999994,0.0,536.0,sufficient
21683,PROD000948,WH002,North Warehouse,Manchester,North West,903,21.0,61.95,0.0,903.0,sufficient
21683,PROD000948,WH003,Midlands Warehouse,Birmingham,West Midlands,763,5.0,14.75,0.0,763.0,sufficient
21683,PROD000948,WH004,Scotland Warehouse,Glasgow,Scotland,966,8.0,23.6,0.0,966.0,sufficient
21683,PROD000948,WH005,Wales Warehouse,Cardiff,Wales,38,9.0,35.07,0.0,38.0,sufficient
21686,PROD000950,WH001,Central Warehouse,London,South East,671,4.0,139.8,4.0,667.0,sufficient
21686,PROD000950,WH002,North Warehouse,Manchester,North West,387,0.0,0.0,0.0,387.0,sufficient
21686,PROD000950,WH003,Midlands Warehouse,Birmingham,West Midlands,3,0.0,0.0,0.0,3.0,sufficient
21686,PROD000950,WH004,Scotland Warehouse,Glasgow,Scotland,802,1.0,39.95,0.0,802.0,sufficient
21686,PROD000950,WH005,Wales Warehouse,Cardiff,Wales,541,0.0,0.0,0.0,541.0,sufficient
21689,PROD000953,WH001,Central Warehouse,London,South East,123,5.0,23.29,0.0,123.0,sufficient
21689,PROD000953,WH002,North Warehouse,Manchester,North West,801,0.0,0.0,0.0,801.0,sufficient
21689,PROD000953,WH003,Midlands Warehouse,Birmingham,West Midlands,892,0.0,0.0,0.0,892.0,sufficient
21689,PROD000953,WH004,Scotland Warehouse,Glasgow,Scotland,92,0.0,0.0,0.0,92.0,sufficient
21689,PROD000953,WH005,Wales Warehouse,Cardiff,Wales,813,0.0,0.0,0.0,813.0,sufficient
21690,PROD000954,WH001,Central Warehouse,London,South East,875,8.0,30.0,2.0,873.0,sufficient
21690,PROD000954,WH002,North Warehouse,Manchester,North West,147,2.0,7.5,0.0,147.0,sufficient
21690,PROD000954,WH003,Midlands Warehouse,Birmingham,West Midlands,912,4.0,15.0,0.0,912.0,sufficient
21690,PROD000954,WH004,Scotland Warehouse,Glasgow,Scotland,459,40.0,22.5,0.0,459.0,sufficient
21690,PROD000954,WH005,Wales Warehouse,Cardiff,Wales,864,7.0,30.97,0.0,864.0,sufficient
21691,PROD000955,WH001,Central Warehouse,London,South East,605,2.0,7.5,0.0,605.0,sufficient
21691,PROD000955,WH002,North Warehouse,Manchester,North West,797,3.0,11.25,0.0,797.0,sufficient
21691,PROD000955,WH003,Midlands Warehouse,Birmingham,West Midlands,1135,5.0,18.75,0.0,1135.0,sufficient
21691,PROD000955,WH004,Scotland Warehouse,Glasgow,Scotland,753,0.0,0.0,0.0,753.0,sufficient
21691,PROD000955,WH005,Wales Warehouse,Cardiff,Wales,821,0.0,0.0,0.0,821.0,sufficient
21693,PROD000957,WH001,Central Warehouse,London,South East,601,8.0,29.4,0.0,601.0,sufficient
21693,PROD000957,WH002,North Warehouse,Manchester,North West,130,0.0,0.0,0.0,130.0,sufficient
21693,PROD000957,WH003,Midlands Warehouse,Birmingham,West Midlands,455,24.0,70.8,0.0,455.0,sufficient
21693,PROD000957,WH004,Scotland Warehouse,Glasgow,Scotland,229,31.0,94.41,0.0,229.0,sufficient
21693,PROD000957,WH005,Wales Warehouse,Cardiff,Wales,373,12.0,35.4,0.0,373.0,sufficient
21696,PROD000960,WH001,Central Warehouse,London,South East,845,30.0,88.5,0.0,845.0,sufficient
21696,PROD000960,WH002,North Warehouse,Manchester,North West,934,6.0,17.7,0.0,934.0,sufficient
21696,PROD000960,WH003,Midlands Warehouse,Birmingham,West Midlands,226,6.0,17.7,0.0,226.0,sufficient
21696,PROD000960,WH004,Scotland Warehouse,Glasgow,Scotland,3,30.0,88.5,6.0,-3.0,critical
21696,PROD000960,WH005,Wales Warehouse,Cardiff,Wales,337,19.0,59.01,0.0,337.0,sufficient
21705,PROD000967,WH001,Central Warehouse,London,South East,462,1.0,1.65,0.0,462.0,sufficient
21705,PROD000967,WH002,North Warehouse,Manchester,North West,733,85.0,110.00999999999999,0.0,733.0,sufficient
21705,PROD000967,WH003,Midlands Warehouse,Birmingham,West Midlands,175,8.0,14.84,1.0,174.0,sufficient
21705,PROD000967,WH004,Scotland Warehouse,Glasgow,Scotland,152,32.0,52.800000000000004,0.0,152.0,sufficient
21705,PROD000967,WH005,Wales Warehouse,Cardiff,Wales,673,27.0,46.19,0.0,673.0,sufficient
21710,PROD000972,WH001,Central Warehouse,London,South East,641,5.0,30.19,0.0,641.0,sufficient
21710,PROD000972,WH002,North Warehouse,Manchester,North West,1125,4.0,19.8,0.0,1125.0,sufficient
21710,PROD000972,WH003,Midlands Warehouse,Birmingham,West Midlands,924,5.0,24.75,0.0,924.0,sufficient
21710,PROD000972,WH004,Scotland Warehouse,Glasgow,Scotland,1183,6.0,26.52,0.0,1183.0,sufficient
21710,PROD000972,WH005,Wales Warehouse,Cardiff,Wales,989,10.0,47.84,0.0,989.0,sufficient
21714,PROD000975,WH001,Central Warehouse,London,South East,828,56.0,85.65,0.0,828.0,sufficient
21714,PROD000975,WH002,North Warehouse,Manchester,North West,907,69.0,104.85,8.0,899.0,sufficient
21714,PROD000975,WH003,Midlands Warehouse,Birmingham,West Midlands,1086,61.0,105.49,0.0,1086.0,sufficient
21714,PROD000975,WH004,Scotland Warehouse,Glasgow,Scotland,1546,70.0,92.39,0.0,1546.0,sufficient
21714,PROD000975,WH005,Wales Warehouse,Cardiff,Wales,671,44.0,71.32,6.0,665.0,sufficient
21718,PROD000979,WH001,Central Warehouse,London,South East,888,55.0,71.22,0.0,888.0,sufficient
21718,PROD000979,WH002,North Warehouse,Manchester,North West,136,252.0,236.19,0.0,136.0,sufficient
21718,PROD000979,WH003,Midlands Warehouse,Birmingham,West Midlands,199,170.0,229.86,2.0,197.0,sufficient
21718,PROD000979,WH004,Scotland Warehouse,Glasgow,Scotland,244,12.0,19.939999999999998,0.0,244.0,sufficient
21718,PROD000979,WH005,Wales Warehouse,Cardiff,Wales,561,59.0,79.9,0.0,561.0,sufficient
21719,PROD000980,WH001,Central Warehouse,London,South East,503,2.0,1.58,2.0,501.0,sufficient
21719,PROD000980,WH002,North Warehouse,Manchester,North West,775,28.0,24.58,0.0,775.0,sufficient
21719,PROD000980,WH003,Midlands Warehouse,Birmingham,West Midlands,53,7.0,7.65,0.0,53.0,sufficient
21719,PROD000980,WH004,Scotland Warehouse,Glasgow,Scotland,519,1.0,1.7,0.0,519.0,sufficient
21719,PROD000980,WH005,Wales Warehouse,Cardiff,Wales,800,14.0,13.459999999999999,0.0,800.0,sufficient
21723,PROD000984,WH001,Central Warehouse,London,South East,55,52.0,44.98,0.0,55.0,sufficient
21723,PROD000984,WH002,North Warehouse,Manchester,North West,545,41.0,34.849999999999994,0.0,545.0,sufficient
21723,PROD000984,WH003,Midlands Warehouse,Birmingham,West Midlands,451,2.0,3.29,0.0,451.0,sufficient
21723,PROD000984,WH004,Scotland Warehouse,Glasgow,Scotland,220,0.0,0.0,0.0,220.0,sufficient
21723,PROD000984,WH005,Wales Warehouse,Cardiff,Wales,421,2.0,1.7,0.0,421.0,sufficient
21724,PROD000985,WH001,Central Warehouse,London,South East,1945,16.0,15.16,0.0,1945.0,sufficient
21724,PROD000985,WH002,North Warehouse,Manchester,North West,432,9.0,10.08,0.0,432.0,sufficient
21724,PROD000985,WH003,Midlands Warehouse,Birmingham,West Midlands,1235,24.0,20.4,0.0,1235.0,sufficient
21724,PROD000985,WH004,Scotland Warehouse,Glasgow,Scotland,1345,30.0,29.59,0.0,1345.0,sufficient
21724,PROD000985,WH005,Wales Warehouse,Cardiff,Wales,1290,6.0,5.1,0.0,1290.0,sufficient
21726,PROD000987,WH001,Central Warehouse,London,South East,867,15.0,12.749999999999998,0.0,867.0,sufficient
21726,PROD000987,WH002,North Warehouse,Manchester,North West,619,24.0,20.4,0.0,619.0,sufficient
21726,PROD000987,WH003,Midlands Warehouse,Birmingham,West Midlands,730,27.0,26.189999999999998,0.0,730.0,sufficient
21726,PROD000987,WH004,Scotland Warehouse,Glasgow,Scotland,168,31.0,26.349999999999998,0.0,168.0,sufficient
21726,PROD000987,WH005,Wales Warehouse,Cardiff,Wales,364,32.0,28.009999999999998,1.0,363.0,sufficient
21728,PROD000988,WH001,Central Warehouse,London,South East,248,0.0,0.0,0.0,248.0,sufficient
21728,PROD000988,WH002,North Warehouse,Manchester,North West,638,0.0,0.0,0.0,638.0,sufficient
21728,PROD000988,WH003,Midlands Warehouse,Birmingham,West Midlands,150,3.0,38.25,0.0,150.0,sufficient
21728,PROD000988,WH004,Scotland Warehouse,Glasgow,Scotland,521,0.0,0.0,0.0,521.0,sufficient
21728,PROD000988,WH005,Wales Warehouse,Cardiff,Wales,104,2.0,25.5,0.0,104.0,sufficient
21731,PROD000991,WH001,Central Warehouse,London,South East,376,386.0,919.87,13.0,363.0,sufficient
21731,PROD000991,WH002,North Warehouse,Manchester,North West,635,663.0,1153.3500000000001,1.0,634.0,sufficient
21731,PROD000991,WH003,Midlands Warehouse,Birmingham,West Midlands,389,598.0,998.95,300.0,89.0,low
21731,PROD000991,WH004,Scotland Warehouse,Glasgow,Scotland,543,1002.0,1601.3500000000001,0.0,543.0,sufficient
21731,PROD000991,WH005,Wales Warehouse,Cardiff,Wales,342,990.0,1531.49,6.0,336.0,sufficient
21733,PROD000993,WH001,Central Warehouse,London,South East,750,148.0,457.46999999999997,8.0,742.0,sufficient
21733,PROD000993,WH002,North Warehouse,Manchester,North West,292,252.0,724.48,0.0,292.0,sufficient
21733,PROD000993,WH003,Midlands Warehouse,Birmingham,West Midlands,911,432.0,1171.18,1.0,910.0,sufficient
21733,PROD000993,WH004,Scotland Warehouse,Glasgow,Scotland,865,192.0,552.88,12.0,853.0,sufficient
21733,PROD000993,WH005,Wales Warehouse,Cardiff,Wales,373,448.0,1292.56,0.0,373.0,sufficient
21736,PROD000996,WH001,Central Warehouse,London,South East,280,0.0,0.0,0.0,280.0,sufficient
21736,PROD000996,WH002,North Warehouse,Manchester,North West,976,8.0,16.8,0.0,976.0,sufficient
21736,PROD000996,WH003,Midlands Warehouse,Birmingham,West Midlands,815,0.0,0.0,0.0,815.0,sufficient
21736,PROD000996,WH004,Scotland Warehouse,Glasgow,Scotland,419,0.0,0.0,0.0,419.0,sufficient
21736,PROD000996,WH005,Wales Warehouse,Cardiff,Wales,242,12.0,25.2,0.0,242.0,sufficient
21740,PROD001000,WH001,Central Warehouse,London,South East,10,3.0,8.85,0.0,10.0,sufficient
21740,PROD001000,WH002,North Warehouse,Manchester,North West,707,8.0,32.870000000000005,0.0,707.0,sufficient
21740,PROD001000,WH003,Midlands Warehouse,Birmingham,West Midlands,331,2.0,5.9,0.0,331.0,sufficient
21740,PROD001000,WH004,Scotland Warehouse,Glasgow,Scotland,505,6.0,17.7,1.0,504.0,sufficient
21740,PROD001000,WH005,Wales Warehouse,Cardiff,Wales,457,0.0,0.0,0.0,457.0,sufficient
21741,PROD001001,WH001,Central Warehouse,London,South East,947,21.0,61.95,0.0,947.0,sufficient
21741,PROD001001,WH002,North Warehouse,Manchester,North West,1231,48.0,136.8,0.0,1231.0,sufficient
21741,PROD001001,WH003,Midlands Warehouse,Birmingham,West Midlands,959,21.0,70.96,0.0,959.0,sufficient
21741,PROD001001,WH004,Scotland Warehouse,Glasgow,Scotland,362,1.0,5.91,0.0,362.0,sufficient
21741,PROD001001,WH005,Wales Warehouse,Cardiff,Wales,1684,32.0,100.32,12.0,1672.0,sufficient
21742,PROD001002,WH001,Central Warehouse,London,South East,311,4.0,23.8,0.0,311.0,sufficient
21742,PROD001002,WH002,North Warehouse,Manchester,North West,890,7.0,41.65,0.0,890.0,sufficient
21742,PROD001002,WH003,Midlands Warehouse,Birmingham,West Midlands,757,9.0,53.550000000000004,0.0,757.0,sufficient
21742,PROD001002,WH004,Scotland Warehouse,Glasgow,Scotland,193,2.0,11.9,0.0,193.0,sufficient
21742,PROD001002,WH005,Wales Warehouse,Cardiff,Wales,253,19.0,113.05,0.0,253.0,sufficient
21750,PROD001009,WH001,Central Warehouse,London,South East,660,25.0,52.5,0.0,660.0,sufficient
21750,PROD001009,WH002,North Warehouse,Manchester,North West,1400,14.0,29.4,0.0,1400.0,sufficient
21750,PROD001009,WH003,Midlands Warehouse,Birmingham,West Midlands,510,13.0,29.41,1.0,509.0,sufficient
21750,PROD001009,WH004,Scotland Warehouse,Glasgow,Scotland,494,4.0,8.4,0.0,494.0,sufficient
21750,PROD001009,WH005,Wales Warehouse,Cardiff,Wales,443,2.0,4.2,0.0,443.0,sufficient
21755,PROD001012,WH001,Central Warehouse,London,South East,418,150.0,881.32,9.0,409.0,sufficient
21755,PROD001012,WH002,North Warehouse,Manchester,North West,852,164.0,1035.54,6.0,846.0,sufficient
21755,PROD001012,WH003,Midlands Warehouse,Birmingham,West Midlands,835,98.0,615.51,3.0,832.0,sufficient
21755,PROD001012,WH004,Scotland Warehouse,Glasgow,Scotland,569,99.0,572.25,5.0,564.0,sufficient
21755,PROD001012,WH005,Wales Warehouse,Cardiff,Wales,969,113.0,724.35,1.0,968.0,sufficient
21756,PROD001013,WH001,Central Warehouse,London,South East,423,41.0,234.95000000000002,0.0,423.0,sufficient
21756,PROD001013,WH002,North Warehouse,Manchester,North West,792,24.0,172.58,3.0,789.0,sufficient
21756,PROD001013,WH003,Midlands Warehouse,Birmingham,West Midlands,816,26.0,167.4,1.0,815.0,sufficient
21756,PROD001013,WH004,Scotland Warehouse,Glasgow,Scotland,775,39.0,239.13,3.0,772.0,sufficient
21756,PROD001013,WH005,Wales Warehouse,Cardiff,Wales,440,32.0,196.08,5.0,435.0,sufficient
21757,PROD001014,WH001,Central Warehouse,London,South East,405,0.0,0.0,0.0,405.0,sufficient
21757,PROD001014,WH002,North Warehouse,Manchester,North West,873,1.0,4.95,0.0,873.0,sufficient
21757,PROD001014,WH003,Midlands Warehouse,Birmingham,West Midlands,181,3.0,14.85,0.0,181.0,sufficient
21757,PROD001014,WH004,Scotland Warehouse,Glasgow,Scotland,524,0.0,0.0,0.0,524.0,sufficient
21757,PROD001014,WH005,Wales Warehouse,Cardiff,Wales,655,1.0,4.95,0.0,655.0,sufficient
21758,PROD001015,WH001,Central Warehouse,London,South East,606,4.0,38.34,1.0,605.0,sufficient
21758,PROD001015,WH002,North Warehouse,Manchester,North West,283,4.0,38.08,0.0,283.0,sufficient
21758,PROD001015,WH003,Midlands Warehouse,Birmingham,West Midlands,325,5.0,32.25,0.0,325.0,sufficient
21758,PROD001015,WH004,Scotland Warehouse,Glasgow,Scotland,682,3.0,19.35,0.0,682.0,sufficient
21758,PROD001015,WH005,Wales Warehouse,Cardiff,Wales,860,3.0,19.35,0.0,860.0,sufficient
21761,PROD001018,WH001,Central Warehouse,London,South East,307,2.0,59.9,0.0,307.0,sufficient
21761,PROD001018,WH002,North Warehouse,Manchester,North West,466,0.0,0.0,0.0,466.0,sufficient
21761,PROD001018,WH003,Midlands Warehouse,Birmingham,West Midlands,492,0.0,0.0,0.0,492.0,sufficient
21761,PROD001018,WH004,Scotland Warehouse,Glasgow,Scotland,217,0.0,0.0,0.0,217.0,sufficient
21761,PROD001018,WH005,Wales Warehouse,Cardiff,Wales,71,1.0,29.95,0.0,71.0,sufficient
21763,PROD001019,WH001,Central Warehouse,London,South East,368,4.0,103.8,0.0,368.0,sufficient
21763,PROD001019,WH002,North Warehouse,Manchester,North West,630,1.0,0.0,0.0,630.0,sufficient
21763,PROD001019,WH003,Midlands Warehouse,Birmingham,West Midlands,223,0.0,0.0,0.0,223.0,sufficient
21763,PROD001019,WH004,Scotland Warehouse,Glasgow,Scotland,963,0.0,0.0,0.0,963.0,sufficient
21763,PROD001019,WH005,Wales Warehouse,Cardiff,Wales,206,0.0,0.0,0.0,206.0,sufficient
21768,PROD001022,WH001,Central Warehouse,London,South East,108,3.0,44.849999999999994,0.0,108.0,sufficient
21768,PROD001022,WH002,North Warehouse,Manchester,North West,571,9.0,136.14,0.0,571.0,sufficient
21768,PROD001022,WH003,Midlands Warehouse,Birmingham,West Midlands,346,3.0,59.64,0.0,346.0,sufficient
21768,PROD001022,WH004,Scotland Warehouse,Glasgow,Scotland,791,2.0,29.74,0.0,791.0,sufficient
21768,PROD001022,WH005,Wales Warehouse,Cardiff,Wales,660,2.0,29.9,0.0,660.0,sufficient
21770,PROD001024,WH001,Central Warehouse,London,South East,670,20.0,114.03,2.0,668.0,sufficient
21770,PROD001024,WH002,North Warehouse,Manchester,North West,957,24.0,129.03,0.0,957.0,sufficient
21770,PROD001024,WH003,Midlands Warehouse,Birmingham,West Midlands,677,44.0,222.81,0.0,677.0,sufficient
21770,PROD001024,WH004,Scotland Warehouse,Glasgow,Scotland,327,37.0,188.16,8.0,319.0,sufficient
21770,PROD001024,WH005,Wales Warehouse,Cardiff,Wales,843,38.0,208.14,0.0,843.0,sufficient
21773,PROD001025,WH001,Central Warehouse,London,South East,261,66.0,49.92,12.0,249.0,sufficient
21773,PROD001025,WH002,North Warehouse,Manchester,North West,959,27.0,35.25,12.0,947.0,sufficient
21773,PROD001025,WH003,Midlands Warehouse,Birmingham,West Midlands,394,47.0,47.45,1.0,393.0,sufficient
21773,PROD001025,WH004,Scotland Warehouse,Glasgow,Scotland,234,16.0,27.59,0.0,234.0,sufficient
21773,PROD001025,WH005,Wales Warehouse,Cardiff,Wales,691,66.0,47.7,0.0,691.0,sufficient
21775,PROD001027,WH001,Central Warehouse,London,South East,1698,16.0,24.11,2.0,1696.0,sufficient
21775,PROD001027,WH002,North Warehouse,Manchester,North West,1149,8.0,19.93,0.0,1149.0,sufficient
21775,PROD001027,WH003,Midlands Warehouse,Birmingham,West Midlands,1017,4.0,8.76,0.0,1017.0,sufficient
21775,PROD001027,WH004,Scotland Warehouse,Glasgow,Scotland,918,16.0,32.55,2.0,916.0,sufficient
21775,PROD001027,WH005,Wales Warehouse,Cardiff,Wales,1120,39.0,52.480000000000004,0.0,1120.0,sufficient
21777,PROD001028,WH001,Central Warehouse,London,South East,947,15.0,128.28,0.0,947.0,sufficient
21777,PROD001028,WH002,North Warehouse,Manchester,North West,662,19.0,160.08,0.0,662.0,sufficient
21777,PROD001028,WH003,Midlands Warehouse,Birmingham,West Midlands,927,20.0,168.03,0.0,927.0,sufficient
21777,PROD001028,WH004,Scotland Warehouse,Glasgow,Scotland,242,111.0,795.48,0.0,242.0,sufficient
21777,PROD001028,WH005,Wales Warehouse,Cardiff,Wales,482,12.0,122.49000000000001,1.0,481.0,sufficient
21780,PROD001030,WH001,Central Warehouse,London,South East,293,1.0,14.95,0.0,293.0,sufficient
21780,PROD001030,WH002,North Warehouse,Manchester,North West,636,21.0,236.45999999999998,0.0,636.0,sufficient
21780,PROD001030,WH003,Midlands Warehouse,Birmingham,West Midlands,559,0.0,0.0,0.0,559.0,sufficient
21780,PROD001030,WH004,Scotland Warehouse,Glasgow,Scotland,784,0.0,0.0,0.0,784.0,sufficient
21780,PROD001030,WH005,Wales Warehouse,Cardiff,Wales,686,0.0,0.0,0.0,686.0,sufficient
21781,PROD001031,WH001,Central Warehouse,London,South East,269,11.0,164.45,0.0,269.0,sufficient
21781,PROD001031,WH002,North Warehouse,Manchester,North West,577,11.0,164.45,0.0,577.0,sufficient
21781,PROD001031,WH003,Midlands Warehouse,Birmingham,West Midlands,435,21.0,325.93,0.0,435.0,sufficient
21781,PROD001031,WH004,Scotland Warehouse,Glasgow,Scotland,13,7.0,118.83,0.0,13.0,sufficient
21781,PROD001031,WH005,Wales Warehouse,Cardiff,Wales,847,23.0,341.03999999999996,2.0,845.0,sufficient
21785,PROD001033,WH001,Central Warehouse,London,South East,427,11.0,9.35,0.0,427.0,sufficient
21785,PROD001033,WH002,North Warehouse,Manchester,North West,120,192.0,134.39999999999998,0.0,120.0,sufficient
21785,PROD001033,WH003,Midlands Warehouse,Birmingham,West Midlands,521,2.0,3.32,0.0,521.0,sufficient
21785,PROD001033,WH004,Scotland Warehouse,Glasgow,Scotland,183,4.0,3.4,0.0,183.0,sufficient
21785,PROD001033,WH005,Wales Warehouse,Cardiff,Wales,274,0.0,0.0,0.0,274.0,sufficient
21788,PROD001036,WH001,Central Warehouse,London,South East,514,24.0,20.4,0.0,514.0,sufficient
21788,PROD001036,WH002,North Warehouse,Manchester,North West,589,29.0,24.65,3.0,586.0,sufficient
21788,PROD001036,WH003,Midlands Warehouse,Birmingham,West Midlands,849,52.0,44.199999999999996,3.0,846.0,sufficient
21788,PROD001036,WH004,Scotland Warehouse,Glasgow,Scotland,986,27.0,22.95,0.0,986.0,sufficient
21788,PROD001036,WH005,Wales Warehouse,Cardiff,Wales,706,89.0,75.64999999999999,0.0,706.0,sufficient
21801,PROD001045,WH001,Central Warehouse,London,South East,96,85.0,36.19,56.0,40.0,low
21801,PROD001045,WH002,North Warehouse,Manchester,North West,153,4.0,1.68,0.0,153.0,sufficient
21801,PROD001045,WH003,Midlands Warehouse,Birmingham,West Midlands,689,42.0,17.64,0.0,689.0,sufficient
21801,PROD001045,WH004,Scotland Warehouse,Glasgow,Scotland,2,58.0,27.6,0.0,2.0,sufficient
21801,PROD001045,WH005,Wales Warehouse,Cardiff,Wales,272,153.0,64.78999999999999,0.0,272.0,sufficient
21803,PROD001047,WH001,Central Warehouse,London,South East,58,115.0,49.06,0.0,58.0,sufficient
21803,PROD001047,WH002,North Warehouse,Manchester,North West,287,287.0,122.21,0.0,287.0,sufficient
21803,PROD001047,WH003,Midlands Warehouse,Birmingham,West Midlands,977,123.0,58.11,0.0,977.0,sufficient
21803,PROD001047,WH004,Scotland Warehouse,Glasgow,Scotland,375,174.0,73.58,47.0,328.0,sufficient
21803,PROD001047,WH005,Wales Warehouse,Cardiff,Wales,720,70.0,29.56,0.0,720.0,sufficient
21807,PROD001051,WH001,Central Warehouse,London,South East,205,47.0,19.74,0.0,205.0,sufficient
21807,PROD001051,WH002,North Warehouse,Manchester,North West,981,76.0,31.919999999999998,0.0,981.0,sufficient
21807,PROD001051,WH003,Midlands Warehouse,Birmingham,West Midlands,319,51.0,21.419999999999998,1.0,318.0,sufficient
21807,PROD001051,WH004,Scotland Warehouse,Glasgow,Scotland,171,220.0,107.88,1.0,170.0,sufficient
21807,PROD001051,WH005,Wales Warehouse,Cardiff,Wales,591,19.0,8.41,0.0,591.0,sufficient
21809,PROD001053,WH001,Central Warehouse,London,South East,135,52.0,64.54,0.0,135.0,sufficient
21809,PROD001053,WH002,North Warehouse,Manchester,North West,742,0.0,0.0,0.0,742.0,sufficient
21809,PROD001053,WH003,Midlands Warehouse,Birmingham,West Midlands,662,171.0,90.33,0.0,662.0,sufficient
21809,PROD001053,WH004,Scotland Warehouse,Glasgow,Scotland,465,68.0,35.12,0.0,465.0,sufficient
21809,PROD001053,WH005,Wales Warehouse,Cardiff,Wales,463,7.0,4.85,0.0,463.0,sufficient
21811,PROD001055,WH001,Central Warehouse,London,South East,574,40.0,44.839999999999996,1.0,573.0,sufficient
21811,PROD001055,WH002,North Warehouse,Manchester,North West,866,201.0,89.57,0.0,866.0,sufficient
21811,PROD001055,WH003,Midlands Warehouse,Birmingham,West Midlands,510,175.0,95.30999999999999,0.0,510.0,sufficient
21811,PROD001055,WH004,Scotland Warehouse,Glasgow,Scotland,146,281.0,139.43,48.0,98.0,sufficient
21811,PROD001055,WH005,Wales Warehouse,Cardiff,Wales,450,125.0,90.28999999999999,27.0,423.0,sufficient
21817,PROD001061,WH001,Central Warehouse,London,South East,397,15.0,11.829999999999998,12.0,385.0,sufficient
21817,PROD001061,WH002,North Warehouse,Manchester,North West,223,72.0,44.64,0.0,223.0,sufficient
21817,PROD001061,WH003,Midlands Warehouse,Birmingham,West Midlands,755,63.0,53.55,0.0,755.0,sufficient
21817,PROD001061,WH004,Scotland Warehouse,Glasgow,Scotland,976,0.0,0.0,0.0,976.0,sufficient
21817,PROD001061,WH005,Wales Warehouse,Cardiff,Wales,627,5.0,4.25,0.0,627.0,sufficient
21827,PROD001071,WH001,Central Warehouse,London,South East,971,16.0,20.0,1.0,970.0,sufficient
21827,PROD001071,WH002,North Warehouse,Manchester,North West,736,77.0,97.57,0.0,736.0,sufficient
21827,PROD001071,WH003,Midlands Warehouse,Birmingham,West Midlands,451,29.0,37.51,0.0,451.0,sufficient
21827,PROD001071,WH004,Scotland Warehouse,Glasgow,Scotland,555,2.0,2.5,0.0,555.0,sufficient
21827,PROD001071,WH005,Wales Warehouse,Cardiff,Wales,955,18.0,22.5,0.0,955.0,sufficient
21830,PROD001074,WH001,Central Warehouse,London,South East,916,216.0,90.72,0.0,916.0,sufficient
21830,PROD001074,WH002,North Warehouse,Manchester,North West,247,192.0,80.64,24.0,223.0,sufficient
21830,PROD001074,WH003,Midlands Warehouse,Birmingham,West Midlands,971,74.0,31.9,48.0,923.0,sufficient
21830,PROD001074,WH004,Scotland Warehouse,Glasgow,Scotland,277,121.0,51.23,0.0,277.0,sufficient
21830,PROD001074,WH005,Wales Warehouse,Cardiff,Wales,153,72.0,30.240000000000002,0.0,153.0,sufficient
21836,PROD001077,WH001,Central Warehouse,London,South East,947,4.0,15.0,0.0,947.0,sufficient
21836,PROD001077,WH002,North Warehouse,Manchester,North West,78,6.0,22.5,0.0,78.0,sufficient
21836,PROD001077,WH003,Midlands Warehouse,Birmingham,West Midlands,143,1.0,3.75,0.0,143.0,sufficient
21836,PROD001077,WH004,Scotland Warehouse,Glasgow,Scotland,508,3.0,11.25,0.0,508.0,sufficient
21836,PROD001077,WH005,Wales Warehouse,Cardiff,Wales,528,0.0,0.0,0.0,528.0,sufficient
21839,PROD001079,WH001,Central Warehouse,London,South East,42,3.0,16.35,0.0,42.0,sufficient
21839,PROD001079,WH002,North Warehouse,Manchester,North West,876,7.0,38.150000000000006,0.0,876.0,sufficient
21839,PROD001079,WH003,Midlands Warehouse,Birmingham,West Midlands,32,5.0,27.25,0.0,32.0,sufficient
21839,PROD001079,WH004,Scotland Warehouse,Glasgow,Scotland,497,1.0,5.45,0.0,497.0,sufficient
21839,PROD001079,WH005,Wales Warehouse,Cardiff,Wales,602,4.0,32.94,0.0,602.0,sufficient
21843,PROD001082,WH001,Central Warehouse,London,South East,583,81.0,846.27,24.0,559.0,sufficient
21843,PROD001082,WH002,North Warehouse,Manchester,North West,502,99.0,1054.18,2.0,500.0,sufficient
21843,PROD001082,WH003,Midlands Warehouse,Birmingham,West Midlands,87,98.0,1120.18,11.0,76.0,sufficient
21843,PROD001082,WH004,Scotland Warehouse,Glasgow,Scotland,662,77.0,843.9,4.0,658.0,sufficient
21843,PROD001082,WH005,Wales Warehouse,Cardiff,Wales,920,80.0,932.0699999999999,3.0,917.0,sufficient
21845,PROD001084,WH001,Central Warehouse,London,South East,198,88.0,158.8,0.0,198.0,sufficient
21845,PROD001084,WH002,North Warehouse,Manchester,North West,230,36.0,28.44,36.0,194.0,sufficient
21845,PROD001084,WH003,Midlands Warehouse,Birmingham,West Midlands,305,36.0,28.44,0.0,305.0,sufficient
21845,PROD001084,WH004,Scotland Warehouse,Glasgow,Scotland,706,6.0,17.7,6.0,700.0,sufficient
21845,PROD001084,WH005,Wales Warehouse,Cardiff,Wales,437,54.0,81.53999999999999,0.0,437.0,sufficient
21846,PROD001085,WH001,Central Warehouse,London,South East,433,153.0,205.69,0.0,433.0,sufficient
21846,PROD001085,WH002,North Warehouse,Manchester,North West,275,40.0,87.78999999999999,0.0,275.0,sufficient
21846,PROD001085,WH003,Midlands Warehouse,Birmingham,West Midlands,173,6.0,31.560000000000002,0.0,173.0,sufficient
21846,PROD001085,WH004,Scotland Warehouse,Glasgow,Scotland,211,33.0,52.29,0.0,211.0,sufficient
21846,PROD001085,WH005,Wales Warehouse,Cardiff,Wales,588,42.0,79.14,0.0,588.0,sufficient
21849,PROD001087,WH001,Central Warehouse,London,South East,261,1.0,1.63,0.0,261.0,sufficient
21849,PROD001087,WH002,North Warehouse,Manchester,North West,502,27.0,48.19,0.0,502.0,sufficient
21849,PROD001087,WH003,Midlands Warehouse,Birmingham,West Midlands,655,1.0,4.95,0.0,655.0,sufficient
21849,PROD001087,WH004,Scotland Warehouse,Glasgow,Scotland,240,7.0,27.330000000000002,0.0,240.0,sufficient
21849,PROD001087,WH005,Wales Warehouse,Cardiff,Wales,432,4.0,15.77,0.0,432.0,sufficient
21853,PROD001091,WH001,Central Warehouse,London,South East,731,0.0,0.0,0.0,731.0,sufficient
21853,PROD001091,WH002,North Warehouse,Manchester,North West,626,0.0,0.0,0.0,626.0,sufficient
21853,PROD001091,WH003,Midlands Warehouse,Birmingham,West Midlands,914,1.0,5.17,0.0,914.0,sufficient
21853,PROD001091,WH004,Scotland Warehouse,Glasgow,Scotland,53,0.0,0.0,0.0,53.0,sufficient
21853,PROD001091,WH005,Wales Warehouse,Cardiff,Wales,935,0.0,0.0,0.0,935.0,sufficient
21860,PROD001092,WH001,Central Warehouse,London,South East,1488,0.0,0.0,0.0,1488.0,sufficient
21860,PROD001092,WH002,North Warehouse,Manchester,North West,1573,0.0,0.0,0.0,1573.0,sufficient
21860,PROD001092,WH003,Midlands Warehouse,Birmingham,West Midlands,1357,0.0,0.0,0.0,1357.0,sufficient
21860,PROD001092,WH004,Scotland Warehouse,Glasgow,Scotland,976,0.0,0.0,0.0,976.0,sufficient
21860,PROD001092,WH005,Wales Warehouse,Cardiff,Wales,1181,1.0,5.17,0.0,1181.0,sufficient
21864,PROD001093,WH001,Central Warehouse,London,South East,550,12.0,31.46,0.0,550.0,sufficient
21864,PROD001093,WH002,North Warehouse,Manchester,North West,246,14.0,35.49,0.0,246.0,sufficient
21864,PROD001093,WH003,Midlands Warehouse,Birmingham,West Midlands,207,69.0,154.28,0.0,207.0,sufficient
21864,PROD001093,WH004,Scotland Warehouse,Glasgow,Scotland,576,20.0,54.58,0.0,576.0,sufficient
21864,PROD001093,WH005,Wales Warehouse,Cardiff,Wales,174,33.0,77.5,3.0,171.0,sufficient
21865,PROD001094,WH001,Central Warehouse,London,South East,838,15.0,38.01,0.0,838.0,sufficient
21865,PROD001094,WH002,North Warehouse,Manchester,North West,1459,27.0,67.53,0.0,1459.0,sufficient
21865,PROD001094,WH003,Midlands Warehouse,Birmingham,West Midlands,827,25.0,52.5,0.0,827.0,sufficient
21865,PROD001094,WH004,Scotland Warehouse,Glasgow,Scotland,1372,20.0,52.489999999999995,4.0,1368.0,sufficient
21865,PROD001094,WH005,Wales Warehouse,Cardiff,Wales,330,15.0,32.34,0.0,330.0,sufficient
21867,PROD001096,WH001,Central Warehouse,London,South East,247,10.0,12.5,0.0,247.0,sufficient
21867,PROD001096,WH002,North Warehouse,Manchester,North West,346,7.0,13.39,1.0,345.0,sufficient
21867,PROD001096,WH003,Midlands Warehouse,Birmingham,West Midlands,909,39.0,48.75,0.0,909.0,sufficient
21867,PROD001096,WH004,Scotland Warehouse,Glasgow,Scotland,443,23.0,27.49,0.0,443.0,sufficient
21867,PROD001096,WH005,Wales Warehouse,Cardiff,Wales,900,21.0,37.54,1.0,899.0,sufficient
21869,PROD001098,WH001,Central Warehouse,London,South East,227,65.0,85.53999999999999,12.0,215.0,sufficient
21869,PROD001098,WH002,North Warehouse,Manchester,North West,143,12.0,15.0,6.0,137.0,sufficient
21869,PROD001098,WH003,Midlands Warehouse,Birmingham,West Midlands,6,242.0,259.18,0.0,6.0,sufficient
21869,PROD001098,WH004,Scotland Warehouse,Glasgow,Scotland,4,14.0,19.61,0.0,4.0,sufficient
21869,PROD001098,WH005,Wales Warehouse,Cardiff,Wales,840,1.0,1.25,0.0,840.0,sufficient
21870,PROD001099,WH001,Central Warehouse,London,South East,304,160.0,204.29,7.0,297.0,sufficient
21870,PROD001099,WH002,North Warehouse,Manchester,North West,117,130.0,168.97,12.0,105.0,sufficient
21870,PROD001099,WH003,Midlands Warehouse,Birmingham,West Midlands,510,310.0,357.01,0.0,510.0,sufficient
21870,PROD001099,WH004,Scotland Warehouse,Glasgow,Scotland,285,117.0,152.34,0.0,285.0,sufficient
21870,PROD001099,WH005,Wales Warehouse,Cardiff,Wales,77,23.0,36.98,1.0,76.0,sufficient
21872,PROD001101,WH001,Central Warehouse,London,South East,967,28.0,35.0,0.0,967.0,sufficient
21872,PROD001101,WH002,North Warehouse,Manchester,North West,222,33.0,43.29,0.0,222.0,sufficient
21872,PROD001101,WH003,Midlands Warehouse,Birmingham,West Midlands,509,24.0,34.15,0.0,509.0,sufficient
21872,PROD001101,WH004,Scotland Warehouse,Glasgow,Scotland,945,114.0,130.85999999999999,0.0,945.0,sufficient
21872,PROD001101,WH005,Wales Warehouse,Cardiff,Wales,79,35.0,45.79,0.0,79.0,sufficient
21877,PROD001106,WH001,Central Warehouse,London,South East,692,675.0,993.4599999999999,0.0,692.0,sufficient
21877,PROD001106,WH002,North Warehouse,Manchester,North West,707,156.0,214.35999999999999,0.0,707.0,sufficient
21877,PROD001106,WH003,Midlands Warehouse,Birmingham,West Midlands,326,500.0,587.1899999999999,14.0,312.0,sufficient
21877,PROD001106,WH004,Scotland Warehouse,Glasgow,Scotland,754,317.0,361.61,0.0,754.0,sufficient
21877,PROD001106,WH005,Wales Warehouse,Cardiff,Wales,475,83.0,113.5,12.0,463.0,sufficient
21878,PROD001107,WH001,Central Warehouse,London,South East,401,292.0,225.32,0.0,401.0,sufficient
21878,PROD001107,WH002,North Warehouse,Manchester,North West,679,52.0,47.379999999999995,0.0,679.0,sufficient
21878,PROD001107,WH003,Midlands Warehouse,Birmingham,West Midlands,416,268.0,203.39000000000001,0.0,416.0,sufficient
21878,PROD001107,WH004,Scotland Warehouse,Glasgow,Scotland,162,168.0,145.17,0.0,162.0,sufficient
21878,PROD001107,WH005,Wales Warehouse,Cardiff,Wales,488,34.0,30.46,0.0,488.0,sufficient
21880,PROD001109,WH001,Central Warehouse,London,South East,48,114.0,64.24,0.0,48.0,sufficient
21880,PROD001109,WH002,North Warehouse,Manchester,North West,655,43.0,25.19,0.0,655.0,sufficient
21880,PROD001109,WH003,Midlands Warehouse,Birmingham,West Midlands,632,30.0,7.079999999999999,0.0,632.0,sufficient
21880,PROD001109,WH004,Scotland Warehouse,Glasgow,Scotland,363,14.0,8.870000000000001,0.0,363.0,sufficient
21880,PROD001109,WH005,Wales Warehouse,Cardiff,Wales,868,17.0,9.95,0.0,868.0,sufficient
21881,PROD001110,WH001,Central Warehouse,London,South East,149,13.0,8.45,0.0,149.0,sufficient
21881,PROD001110,WH002,North Warehouse,Manchester,North West,278,34.0,19.8,0.0,278.0,sufficient
21881,PROD001110,WH003,Midlands Warehouse,Birmingham,West Midlands,349,0.0,0.0,0.0,349.0,sufficient
21881,PROD001110,WH004,Scotland Warehouse,Glasgow,Scotland,114,31.0,17.240000000000002,0.0,114.0,sufficient
21881,PROD001110,WH005,Wales Warehouse,Cardiff,Wales,520,37.0,13.989999999999998,0.0,520.0,sufficient
21882,PROD001111,WH001,Central Warehouse,London,South East,1144,11.0,4.73,0.0,1144.0,sufficient
21882,PROD001111,WH002,North Warehouse,Manchester,North West,1515,38.0,13.44,0.0,1515.0,sufficient
21882,PROD001111,WH003,Midlands Warehouse,Birmingham,West Midlands,694,192.0,36.48,0.0,694.0,sufficient
21882,PROD001111,WH004,Scotland Warehouse,Glasgow,Scotland,1265,14.0,10.11,0.0,1265.0,sufficient
21882,PROD001111,WH005,Wales Warehouse,Cardiff,Wales,747,12.0,8.77,0.0,747.0,sufficient
21883,PROD001112,WH001,Central Warehouse,London,South East,1239,72.0,46.8,0.0,1239.0,sufficient
21883,PROD001112,WH002,North Warehouse,Manchester,North West,1083,17.0,14.049999999999999,0.0,1083.0,sufficient
21883,PROD001112,WH003,Midlands Warehouse,Birmingham,West Midlands,526,176.0,37.25,4.0,522.0,sufficient
21883,PROD001112,WH004,Scotland Warehouse,Glasgow,Scotland,472,58.0,31.66,0.0,472.0,sufficient
21883,PROD001112,WH005,Wales Warehouse,Cardiff,Wales,512,40.0,30.009999999999998,0.0,512.0,sufficient
21888,PROD001114,WH001,Central Warehouse,London,South East,102,126.0,465.77,0.0,102.0,sufficient
21888,PROD001114,WH002,North Warehouse,Manchester,North West,499,39.0,146.25,0.0,499.0,sufficient
21888,PROD001114,WH003,Midlands Warehouse,Birmingham,West Midlands,555,42.0,168.95,2.0,553.0,sufficient
21888,PROD001114,WH004,Scotland Warehouse,Glasgow,Scotland,600,241.0,855.58,3.0,597.0,sufficient
21888,PROD001114,WH005,Wales Warehouse,Cardiff,Wales,684,27.0,128.66,0.0,684.0,sufficient
21893,PROD001119,WH001,Central Warehouse,London,South East,636,0.0,0.0,0.0,636.0,sufficient
21893,PROD001119,WH002,North Warehouse,Manchester,North West,828,0.0,0.0,0.0,828.0,sufficient
21893,PROD001119,WH003,Midlands Warehouse,Birmingham,West Midlands,970,0.0,0.0,0.0,970.0,sufficient
21893,PROD001119,WH004,Scotland Warehouse,Glasgow,Scotland,233,1.0,4.25,0.0,233.0,sufficient
21893,PROD001119,WH005,Wales Warehouse,Cardiff,Wales,129,1.0,4.25,0.0,129.0,sufficient
21894,PROD001120,WH001,Central Warehouse,London,South East,408,33.0,48.56,0.0,408.0,sufficient
21894,PROD001120,WH002,North Warehouse,Manchester,North West,189,90.0,108.66,0.0,189.0,sufficient
21894,PROD001120,WH003,Midlands Warehouse,Birmingham,West Midlands,485,12.0,23.62,0.0,485.0,sufficient
21894,PROD001120,WH004,Scotland Warehouse,Glasgow,Scotland,487,32.0,42.53,2.0,485.0,sufficient
21894,PROD001120,WH005,Wales Warehouse,Cardiff,Wales,729,1.0,2.51,0.0,729.0,sufficient
21895,PROD001121,WH001,Central Warehouse,London,South East,606,2.0,8.5,0.0,606.0,sufficient
21895,PROD001121,WH002,North Warehouse,Manchester,North West,1106,4.0,17.0,0.0,1106.0,sufficient
21895,PROD001121,WH003,Midlands Warehouse,Birmingham,West Midlands,1271,1.0,4.25,0.0,1271.0,sufficient
21895,PROD001121,WH004,Scotland Warehouse,Glasgow,Scotland,1281,8.0,34.0,0.0,1281.0,sufficient
21895,PROD001121,WH005,Wales Warehouse,Cardiff,Wales,384,11.0,46.75,0.0,384.0,sufficient
21896,PROD001122,WH001,Central Warehouse,London,South East,379,547.0,1274.84,0.0,379.0,sufficient
21896,PROD001122,WH002,North Warehouse,Manchester,North West,632,19.0,41.92999999999999,0.0,632.0,sufficient
21896,PROD001122,WH003,Midlands Warehouse,Birmingham,West Midlands,716,8.0,16.8,0.0,716.0,sufficient
21896,PROD001122,WH004,Scotland Warehouse,Glasgow,Scotland,369,20.0,44.11,0.0,369.0,sufficient
21896,PROD001122,WH005,Wales Warehouse,Cardiff,Wales,264,15.0,33.61,0.0,264.0,sufficient
21897,PROD001123,WH001,Central Warehouse,London,South East,75,24.0,70.8,6.0,69.0,sufficient
21897,PROD001123,WH002,North Warehouse,Manchester,North West,750,61.0,5.91,0.0,750.0,sufficient
21897,PROD001123,WH003,Midlands Warehouse,Birmingham,West Midlands,728,9.0,32.47,0.0,728.0,sufficient
21897,PROD001123,WH004,Scotland Warehouse,Glasgow,Scotland,44,7.0,18.25,6.0,38.0,sufficient
21897,PROD001123,WH005,Wales Warehouse,Cardiff,Wales,517,0.0,0.0,0.0,517.0,sufficient
21903,PROD001129,WH001,Central Warehouse,London,South East,2,20.0,46.22,0.0,2.0,sufficient
21903,PROD001129,WH002,North Warehouse,Manchester,North West,723,29.0,71.21,0.0,723.0,sufficient
21903,PROD001129,WH003,Midlands Warehouse,Birmingham,West Midlands,857,64.0,140.82,0.0,857.0,sufficient
21903,PROD001129,WH004,Scotland Warehouse,Glasgow,Scotland,458,165.0,318.7,0.0,458.0,sufficient
21903,PROD001129,WH005,Wales Warehouse,Cardiff,Wales,324,69.0,135.1,0.0,324.0,sufficient
21904,PROD001130,WH001,Central Warehouse,London,South East,753,12.0,25.2,0.0,753.0,sufficient
21904,PROD001130,WH002,North Warehouse,Manchester,North West,769,8.0,15.299999999999999,0.0,769.0,sufficient
21904,PROD001130,WH003,Midlands Warehouse,Birmingham,West Midlands,875,19.0,42.01,0.0,875.0,sufficient
21904,PROD001130,WH004,Scotland Warehouse,Glasgow,Scotland,185,28.0,58.8,2.0,183.0,sufficient
21904,PROD001130,WH005,Wales Warehouse,Cardiff,Wales,508,4.0,8.4,4.0,504.0,sufficient
21905,PROD001131,WH001,Central Warehouse,London,South East,347,6.0,11.66,0.0,347.0,sufficient
21905,PROD001131,WH002,North Warehouse,Manchester,North West,132,21.0,24.78,0.0,132.0,sufficient
21905,PROD001131,WH003,Midlands Warehouse,Birmingham,West Midlands,576,6.0,8.129999999999999,0.0,576.0,sufficient
21905,PROD001131,WH004,Scotland Warehouse,Glasgow,Scotland,884,7.0,12.45,0.0,884.0,sufficient
21905,PROD001131,WH005,Wales Warehouse,Cardiff,Wales,703,8.0,19.16,2.0,701.0,sufficient
21908,PROD001134,WH001,Central Warehouse,London,South East,1437,89.0,201.27,1.0,1436.0,sufficient
21908,PROD001134,WH002,North Warehouse,Manchester,North West,901,100.0,212.03,0.0,901.0,sufficient
21908,PROD001134,WH003,Midlands Warehouse,Birmingham,West Midlands,871,404.0,749.2099999999999,0.0,871.0,sufficient
21908,PROD001134,WH004,Scotland Warehouse,Glasgow,Scotland,1119,278.0,554.4,0.0,1119.0,sufficient
21908,PROD001134,WH005,Wales Warehouse,Cardiff,Wales,856,312.0,621.49,0.0,856.0,sufficient
21912,PROD001137,WH001,Central Warehouse,London,South East,241,59.0,247.7,0.0,241.0,sufficient
21912,PROD001137,WH002,North Warehouse,Manchester,North West,329,70.0,296.37,8.0,321.0,sufficient
21912,PROD001137,WH003,Midlands Warehouse,Birmingham,West Midlands,954,70.0,288.63,3.0,951.0,sufficient
21912,PROD001137,WH004,Scotland Warehouse,Glasgow,Scotland,402,55.0,236.89000000000001,6.0,396.0,sufficient
21912,PROD001137,WH005,Wales Warehouse,Cardiff,Wales,756,45.0,203.58,0.0,756.0,sufficient
21913,PROD001138,WH001,Central Warehouse,London,South East,503,18.0,67.5,0.0,503.0,sufficient
21913,PROD001138,WH002,North Warehouse,Manchester,North West,962,8.0,30.0,4.0,958.0,sufficient
21913,PROD001138,WH003,Midlands Warehouse,Birmingham,West Midlands,446,80.0,285.67,0.0,446.0,sufficient
21913,PROD001138,WH004,Scotland Warehouse,Glasgow,Scotland,666,12.0,45.0,0.0,666.0,sufficient
21913,PROD001138,WH005,Wales Warehouse,Cardiff,Wales,316,4.0,22.58,0.0,316.0,sufficient
21916,PROD001141,WH001,Central Warehouse,London,South East,55,180.0,77.59,0.0,55.0,sufficient
21916,PROD001141,WH002,North Warehouse,Manchester,North West,564,57.0,25.05,0.0,564.0,sufficient
21916,PROD001141,WH003,Midlands Warehouse,Birmingham,West Midlands,410,83.0,36.58,0.0,410.0,sufficient
21916,PROD001141,WH004,Scotland Warehouse,Glasgow,Scotland,232,406.0,157.13,1.0,231.0,sufficient
21916,PROD001141,WH005,Wales Warehouse,Cardiff,Wales,587,746.0,283.61,24.0,563.0,sufficient
21918,PROD001143,WH001,Central Warehouse,London,South East,875,134.0,56.67,9.0,866.0,sufficient
21918,PROD001143,WH002,North Warehouse,Manchester,North West,770,270.0,115.84,0.0,770.0,sufficient
21918,PROD001143,WH003,Midlands Warehouse,Birmingham,West Midlands,907,221.0,97.14,5.0,902.0,sufficient
21918,PROD001143,WH004,Scotland Warehouse,Glasgow,Scotland,1555,265.0,114.72,3.0,1552.0,sufficient
21918,PROD001143,WH005,Wales Warehouse,Cardiff,Wales,1557,152.0,65.09,0.0,1557.0,sufficient
21922,PROD001145,WH001,Central Warehouse,London,South East,752,39.0,294.73,0.0,752.0,sufficient
21922,PROD001145,WH002,North Warehouse,Manchester,North West,77,19.0,159.73000000000002,2.0,75.0,sufficient
21922,PROD001145,WH003,Midlands Warehouse,Birmingham,West Midlands,561,19.0,161.29,0.0,561.0,sufficient
21922,PROD001145,WH004,Scotland Warehouse,Glasgow,Scotland,958,25.0,207.43,3.0,955.0,sufficient
21922,PROD001145,WH005,Wales Warehouse,Cardiff,Wales,222,15.0,122.28,0.0,222.0,sufficient
21923,PROD001146,WH001,Central Warehouse,London,South East,12,4.0,31.8,0.0,12.0,sufficient
21923,PROD001146,WH002,North Warehouse,Manchester,North West,910,2.0,15.9,2.0,908.0,sufficient
21923,PROD001146,WH003,Midlands Warehouse,Birmingham,West Midlands,561,1.0,17.35,0.0,561.0,sufficient
21923,PROD001146,WH004,Scotland Warehouse,Glasgow,Scotland,987,1.0,7.95,0.0,987.0,sufficient
21923,PROD001146,WH005,Wales Warehouse,Cardiff,Wales,814,26.0,182.70000000000002,0.0,814.0,sufficient
21925,PROD001148,WH001,Central Warehouse,London,South East,1157,50.0,62.5,0.0,1157.0,sufficient
21925,PROD001148,WH002,North Warehouse,Manchester,North West,853,0.0,0.0,0.0,853.0,sufficient
21925,PROD001148,WH003,Midlands Warehouse,Birmingham,West Midlands,1008,37.0,46.25,0.0,1008.0,sufficient
21925,PROD001148,WH004,Scotland Warehouse,Glasgow,Scotland,1610,23.0,47.39,0.0,1610.0,sufficient
21925,PROD001148,WH005,Wales Warehouse,Cardiff,Wales,887,49.0,61.25,0.0,887.0,sufficient
21927,PROD001150,WH001,Central Warehouse,London,South East,896,21.0,35.57,0.0,896.0,sufficient
21927,PROD001150,WH002,North Warehouse,Manchester,North West,657,19.0,23.75,0.0,657.0,sufficient
21927,PROD001150,WH003,Midlands Warehouse,Birmingham,West Midlands,316,28.0,35.0,0.0,316.0,sufficient
21927,PROD001150,WH004,Scotland Warehouse,Glasgow,Scotland,503,40.0,50.0,0.0,503.0,sufficient
21927,PROD001150,WH005,Wales Warehouse,Cardiff,Wales,35,101.0,126.25,0.0,35.0,sufficient
21933,PROD001156,WH001,Central Warehouse,London,South East,947,55.0,104.88,3.0,944.0,sufficient
21933,PROD001156,WH002,North Warehouse,Manchester,North West,998,42.0,87.2,4.0,994.0,sufficient
21933,PROD001156,WH003,Midlands Warehouse,Birmingham,West Midlands,720,71.0,162.39,2.0,718.0,sufficient
21933,PROD001156,WH004,Scotland Warehouse,Glasgow,Scotland,994,61.0,111.24000000000001,1.0,993.0,sufficient
21933,PROD001156,WH005,Wales Warehouse,Cardiff,Wales,776,36.0,83.1,3.0,773.0,sufficient
21934,PROD001157,WH001,Central Warehouse,London,South East,258,111.0,199.53,10.0,248.0,sufficient
21934,PROD001157,WH002,North Warehouse,Manchester,North West,64,115.0,200.32999999999998,0.0,64.0,sufficient
21934,PROD001157,WH003,Midlands Warehouse,Birmingham,West Midlands,30,19.0,50.22,0.0,30.0,sufficient
21934,PROD001157,WH004,Scotland Warehouse,Glasgow,Scotland,225,35.0,77.9,1.0,224.0,sufficient
21934,PROD001157,WH005,Wales Warehouse,Cardiff,Wales,818,33.0,76.26,1.0,817.0,sufficient
21944,PROD001163,WH001,Central Warehouse,London,South East,53,15.0,14.08,0.0,53.0,sufficient
21944,PROD001163,WH002,North Warehouse,Manchester,North West,298,53.0,22.45,0.0,298.0,sufficient
21944,PROD001163,WH003,Midlands Warehouse,Birmingham,West Midlands,236,17.0,15.259999999999998,0.0,236.0,sufficient
21944,PROD001163,WH004,Scotland Warehouse,Glasgow,Scotland,457,16.0,14.43,0.0,457.0,sufficient
21944,PROD001163,WH005,Wales Warehouse,Cardiff,Wales,942,31.0,28.889999999999997,0.0,942.0,sufficient
21948,PROD001167,WH001,Central Warehouse,London,South East,11,27.0,38.92,1.0,10.0,sufficient
21948,PROD001167,WH002,North Warehouse,Manchester,North West,666,1003.0,1072.6100000000001,0.0,666.0,sufficient
21948,PROD001167,WH003,Midlands Warehouse,Birmingham,West Midlands,411,24.0,43.63,0.0,411.0,sufficient
21948,PROD001167,WH004,Scotland Warehouse,Glasgow,Scotland,144,47.0,63.64,0.0,144.0,sufficient
21948,PROD001167,WH005,Wales Warehouse,Cardiff,Wales,414,18.0,33.54,0.0,414.0,sufficient
21967,PROD001170,WH001,Central Warehouse,London,South East,902,172.0,51.0,0.0,902.0,sufficient
21967,PROD001170,WH002,North Warehouse,Manchester,North West,738,317.0,102.73,60.0,678.0,sufficient
21967,PROD001170,WH003,Midlands Warehouse,Birmingham,West Midlands,58,107.0,34.57,0.0,58.0,sufficient
21967,PROD001170,WH004,Scotland Warehouse,Glasgow,Scotland,703,260.0,77.14,0.0,703.0,sufficient
21967,PROD001170,WH005,Wales Warehouse,Cardiff,Wales,852,70.0,23.259999999999998,12.0,840.0,sufficient
21976,PROD001175,WH001,Central Warehouse,London,South East,431,158.0,95.84,1.0,430.0,sufficient
21976,PROD001175,WH002,North Warehouse,Manchester,North West,972,249.0,132.10999999999999,0.0,972.0,sufficient
21976,PROD001175,WH003,Midlands Warehouse,Birmingham,West Midlands,574,286.0,149.18,0.0,574.0,sufficient
21976,PROD001175,WH004,Scotland Warehouse,Glasgow,Scotland,387,149.0,87.25999999999999,0.0,387.0,sufficient
21976,PROD001175,WH005,Wales Warehouse,Cardiff,Wales,733,229.0,140.67,0.0,733.0,sufficient
21983,PROD001180,WH001,Central Warehouse,London,South East,206,105.0,33.79,0.0,206.0,sufficient
21983,PROD001180,WH002,North Warehouse,Manchester,North West,818,52.0,18.38,12.0,806.0,sufficient
21983,PROD001180,WH003,Midlands Warehouse,Birmingham,West Midlands,889,73.0,24.11,0.0,889.0,sufficient
21983,PROD001180,WH004,Scotland Warehouse,Glasgow,Scotland,563,95.0,29.75,13.0,550.0,sufficient
21983,PROD001180,WH005,Wales Warehouse,Cardiff,Wales,295,556.0,143.96,0.0,295.0,sufficient
21984,PROD001181,WH001,Central Warehouse,London,South East,1089,115.0,35.589999999999996,0.0,1089.0,sufficient
21984,PROD001181,WH002,North Warehouse,Manchester,North West,1521,80.0,23.6,0.0,1521.0,sufficient
21984,PROD001181,WH003,Midlands Warehouse,Birmingham,West Midlands,158,265.0,77.39,1.0,157.0,sufficient
21984,PROD001181,WH004,Scotland Warehouse,Glasgow,Scotland,991,102.0,30.2,0.0,991.0,sufficient
21984,PROD001181,WH005,Wales Warehouse,Cardiff,Wales,972,149.0,44.370000000000005,0.0,972.0,sufficient
21986,PROD001183,WH001,Central Warehouse,London,South East,638,572.0,148.6,0.0,638.0,sufficient
21986,PROD001183,WH002,North Warehouse,Manchester,North West,867,146.0,47.1,0.0,867.0,sufficient
21986,PROD001183,WH003,Midlands Warehouse,Birmingham,West Midlands,526,213.0,82.11,0.0,526.0,sufficient
21986,PROD001183,WH004,Scotland Warehouse,Glasgow,Scotland,202,151.0,44.55,0.0,202.0,sufficient
21986,PROD001183,WH005,Wales Warehouse,Cardiff,Wales,388,199.0,58.73,0.0,388.0,sufficient
21988,PROD001185,WH001,Central Warehouse,London,South East,629,239.0,166.88,0.0,629.0,sufficient
21988,PROD001185,WH002,North Warehouse,Manchester,North West,920,51.0,43.349999999999994,0.0,920.0,sufficient
21988,PROD001185,WH003,Midlands Warehouse,Birmingham,West Midlands,193,240.0,164.10000000000002,0.0,193.0,sufficient
21988,PROD001185,WH004,Scotland Warehouse,Glasgow,Scotland,670,184.0,139.35999999999999,0.0,670.0,sufficient
21988,PROD001185,WH005,Wales Warehouse,Cardiff,Wales,561,49.0,44.08,0.0,561.0,sufficient
22034,PROD001204,WH001,Central Warehouse,London,South East,662,12.0,5.04,0.0,662.0,sufficient
22034,PROD001204,WH002,North Warehouse,Manchester,North West,357,0.0,0.0,0.0,357.0,sufficient
22034,PROD001204,WH003,Midlands Warehouse,Birmingham,West Midlands,643,37.0,15.95,24.0,619.0,sufficient
22034,PROD001204,WH004,Scotland Warehouse,Glasgow,Scotland,981,41.0,17.22,0.0,981.0,sufficient
22034,PROD001204,WH005,Wales Warehouse,Cardiff,Wales,895,0.0,0.0,0.0,895.0,sufficient
22035,PROD001205,WH001,Central Warehouse,London,South East,822,60.0,25.2,0.0,822.0,sufficient
22035,PROD001205,WH002,North Warehouse,Manchester,North West,1611,61.0,26.03,0.0,1611.0,sufficient
22035,PROD001205,WH003,Midlands Warehouse,Birmingham,West Midlands,1010,73.0,31.09,0.0,1010.0,sufficient
22035,PROD001205,WH004,Scotland Warehouse,Glasgow,Scotland,559,66.0,30.28,0.0,559.0,sufficient
22035,PROD001205,WH005,Wales Warehouse,Cardiff,Wales,1462,63.0,27.32,1.0,1461.0,sufficient
22038,PROD001208,WH001,Central Warehouse,London,South East,348,0.0,0.0,0.0,348.0,sufficient
22038,PROD001208,WH002,North Warehouse,Manchester,North West,765,0.0,0.0,0.0,765.0,sufficient
22038,PROD001208,WH003,Midlands Warehouse,Birmingham,West Midlands,130,50.0,21.0,0.0,130.0,sufficient
22038,PROD001208,WH004,Scotland Warehouse,Glasgow,Scotland,639,0.0,0.0,0.0,639.0,sufficient
22038,PROD001208,WH005,Wales Warehouse,Cardiff,Wales,148,0.0,0.0,0.0,148.0,sufficient
22039,PROD001209,WH001,Central Warehouse,London,South East,616,75.0,29.5,0.0,616.0,sufficient
22039,PROD001209,WH002,North Warehouse,Manchester,North West,398,25.0,10.5,0.0,398.0,sufficient
22039,PROD001209,WH003,Midlands Warehouse,Birmingham,West Midlands,390,50.0,21.0,0.0,390.0,sufficient
22039,PROD001209,WH004,Scotland Warehouse,Glasgow,Scotland,847,25.0,10.5,0.0,847.0,sufficient
22039,PROD001209,WH005,Wales Warehouse,Cardiff,Wales,827,25.0,10.5,0.0,827.0,sufficient
22046,PROD001216,WH001,Central Warehouse,London,South East,1543,125.0,52.5,0.0,1543.0,sufficient
22046,PROD001216,WH002,North Warehouse,Manchester,North West,1371,175.0,73.5,0.0,1371.0,sufficient
22046,PROD001216,WH003,Midlands Warehouse,Birmingham,West Midlands,1558,50.0,21.0,0.0,1558.0,sufficient
22046,PROD001216,WH004,Scotland Warehouse,Glasgow,Scotland,1075,150.0,63.0,0.0,1075.0,sufficient
22046,PROD001216,WH005,Wales Warehouse,Cardiff,Wales,318,150.0,63.0,0.0,318.0,sufficient
22049,PROD001219,WH001,Central Warehouse,London,South East,611,125.0,35.25,0.0,611.0,sufficient
22049,PROD001219,WH002,North Warehouse,Manchester,North West,222,75.0,31.5,0.0,222.0,sufficient
22049,PROD001219,WH003,Midlands Warehouse,Birmingham,West Midlands,71,50.0,15.25,0.0,71.0,sufficient
22049,PROD001219,WH004,Scotland Warehouse,Glasgow,Scotland,345,175.0,50.5,0.0,345.0,sufficient
22049,PROD001219,WH005,Wales Warehouse,Cardiff,Wales,307,275.0,63.75,0.0,307.0,sufficient
22051,PROD001221,WH001,Central Warehouse,London,South East,562,125.0,52.5,0.0,562.0,sufficient
22051,PROD001221,WH002,North Warehouse,Manchester,North West,913,25.0,10.5,0.0,913.0,sufficient
22051,PROD001221,WH003,Midlands Warehouse,Birmingham,West Midlands,745,75.0,31.5,0.0,745.0,sufficient
22051,PROD001221,WH004,Scotland Warehouse,Glasgow,Scotland,136,0.0,0.0,0.0,136.0,sufficient
22051,PROD001221,WH005,Wales Warehouse,Cardiff,Wales,325,25.0,10.5,0.0,325.0,sufficient
22052,PROD001222,WH001,Central Warehouse,London,South East,66,75.0,31.5,0.0,66.0,sufficient
22052,PROD001222,WH002,North Warehouse,Manchester,North West,699,25.0,10.5,0.0,699.0,sufficient
22052,PROD001222,WH003,Midlands Warehouse,Birmingham,West Midlands,429,25.0,10.5,0.0,429.0,sufficient
22052,PROD001222,WH004,Scotland Warehouse,Glasgow,Scotland,474,100.0,42.0,0.0,474.0,sufficient
22052,PROD001222,WH005,Wales Warehouse,Cardiff,Wales,106,50.0,21.0,0.0,106.0,sufficient
22053,PROD001223,WH001,Central Warehouse,London,South East,647,12.0,16.259999999999998,0.0,647.0,sufficient
22053,PROD001223,WH002,North Warehouse,Manchester,North West,824,10.0,12.5,0.0,824.0,sufficient
22053,PROD001223,WH003,Midlands Warehouse,Birmingham,West Midlands,419,3.0,3.75,0.0,419.0,sufficient
22053,PROD001223,WH004,Scotland Warehouse,Glasgow,Scotland,484,110.0,118.5,10.0,474.0,sufficient
22053,PROD001223,WH005,Wales Warehouse,Cardiff,Wales,395,13.0,17.509999999999998,0.0,395.0,sufficient
22058,PROD001228,WH001,Central Warehouse,London,South East,834,0.0,0.0,0.0,834.0,sufficient
22058,PROD001228,WH002,North Warehouse,Manchester,North West,1970,12.0,17.88,0.0,1970.0,sufficient
22058,PROD001228,WH003,Midlands Warehouse,Birmingham,West Midlands,936,194.0,4.92,0.0,936.0,sufficient
22058,PROD001228,WH004,Scotland Warehouse,Glasgow,Scotland,1207,0.0,0.0,0.0,1207.0,sufficient
22058,PROD001228,WH005,Wales Warehouse,Cardiff,Wales,935,6.0,8.94,0.0,935.0,sufficient
22066,PROD001236,WH001,Central Warehouse,London,South East,68,16.0,23.2,0.0,68.0,sufficient
22066,PROD001236,WH002,North Warehouse,Manchester,North West,248,114.0,69.89999999999999,0.0,248.0,sufficient
22066,PROD001236,WH003,Midlands Warehouse,Birmingham,West Midlands,681,89.0,50.33,0.0,681.0,sufficient
22066,PROD001236,WH004,Scotland Warehouse,Glasgow,Scotland,598,34.0,32.339999999999996,0.0,598.0,sufficient
22066,PROD001236,WH005,Wales Warehouse,Cardiff,Wales,471,10.0,8.14,4.0,467.0,sufficient
22067,PROD001237,WH001,Central Warehouse,London,South East,655,28.0,43.68000000000001,0.0,655.0,sufficient
22067,PROD001237,WH002,North Warehouse,Manchester,North West,18,0.0,0.0,0.0,18.0,sufficient
22067,PROD001237,WH003,Midlands Warehouse,Birmingham,West Midlands,526,5.0,9.959999999999999,0.0,526.0,sufficient
22067,PROD001237,WH004,Scotland Warehouse,Glasgow,Scotland,473,38.0,62.7,0.0,473.0,sufficient
22067,PROD001237,WH005,Wales Warehouse,Cardiff,Wales,129,6.0,9.899999999999999,0.0,129.0,sufficient
22068,PROD001238,WH001,Central Warehouse,London,South East,599,15.0,43.5,0.0,599.0,sufficient
22068,PROD001238,WH002,North Warehouse,Manchester,North West,268,22.0,47.89,0.0,268.0,sufficient
22068,PROD001238,WH003,Midlands Warehouse,Birmingham,West Midlands,132,17.0,28.05,0.0,132.0,sufficient
22068,PROD001238,WH004,Scotland Warehouse,Glasgow,Scotland,88,20.0,37.2,12.0,76.0,sufficient
22068,PROD001238,WH005,Wales Warehouse,Cardiff,Wales,972,18.0,34.83,0.0,972.0,sufficient
22073,PROD001243,WH001,Central Warehouse,London,South East,836,18.0,75.24,2.0,834.0,sufficient
22073,PROD001243,WH002,North Warehouse,Manchester,North West,212,43.0,161.34,0.0,212.0,sufficient
22073,PROD001243,WH003,Midlands Warehouse,Birmingham,West Midlands,460,38.0,154.11,0.0,460.0,sufficient
22073,PROD001243,WH004,Scotland Warehouse,Glasgow,Scotland,371,28.0,143.86,3.0,368.0,sufficient
22073,PROD001243,WH005,Wales Warehouse,Cardiff,Wales,275,40.0,169.19,0.0,275.0,sufficient
22074,PROD001244,WH001,Central Warehouse,London,South East,621,25.0,34.85,0.0,621.0,sufficient
22074,PROD001244,WH002,North Warehouse,Manchester,North West,967,18.0,28.939999999999998,2.0,965.0,sufficient
22074,PROD001244,WH003,Midlands Warehouse,Birmingham,West Midlands,541,147.0,72.73,0.0,541.0,sufficient
22074,PROD001244,WH004,Scotland Warehouse,Glasgow,Scotland,136,74.0,73.78,0.0,136.0,sufficient
22074,PROD001244,WH005,Wales Warehouse,Cardiff,Wales,166,48.0,79.2,0.0,166.0,sufficient
22081,PROD001251,WH001,Central Warehouse,London,South East,131,33.0,54.449999999999996,0.0,131.0,sufficient
22081,PROD001251,WH002,North Warehouse,Manchester,North West,380,41.0,69.36,0.0,380.0,sufficient
22081,PROD001251,WH003,Midlands Warehouse,Birmingham,West Midlands,928,31.0,56.35,1.0,927.0,sufficient
22081,PROD001251,WH004,Scotland Warehouse,Glasgow,Scotland,134,32.0,60.28,0.0,134.0,sufficient
22081,PROD001251,WH005,Wales Warehouse,Cardiff,Wales,377,11.0,18.15,0.0,377.0,sufficient
22084,PROD001254,WH001,Central Warehouse,London,South East,413,197.0,556.11,0.0,413.0,sufficient
22084,PROD001254,WH002,North Warehouse,Manchester,North West,231,149.0,432.19,0.0,231.0,sufficient
22084,PROD001254,WH003,Midlands Warehouse,Birmingham,West Midlands,93,79.0,240.09,11.0,82.0,sufficient
22084,PROD001254,WH004,Scotland Warehouse,Glasgow,Scotland,967,158.0,457.54,12.0,955.0,sufficient
22084,PROD001254,WH005,Wales Warehouse,Cardiff,Wales,929,49.0,151.32999999999998,24.0,905.0,sufficient
22086,PROD001256,WH001,Central Warehouse,London,South East,161,521.0,1449.11,0.0,161.0,sufficient
22086,PROD001256,WH002,North Warehouse,Manchester,North West,382,568.0,1561.72,0.0,382.0,sufficient
22086,PROD001256,WH003,Midlands Warehouse,Birmingham,West Midlands,0,576.0,2036.3999999999999,96.0,-96.0,critical
22086,PROD001256,WH004,Scotland Warehouse,Glasgow,Scotland,405,1293.0,4171.7699999999995,12.0,393.0,sufficient
22086,PROD001256,WH005,Wales Warehouse,Cardiff,Wales,701,270.0,862.86,40.0,661.0,sufficient
22092,PROD001262,WH001,Central Warehouse,London,South East,36,1.0,0.39,0.0,36.0,sufficient
22092,PROD001262,WH002,North Warehouse,Manchester,North West,272,39.0,16.29,2.0,270.0,sufficient
22092,PROD001262,WH003,Midlands Warehouse,Birmingham,West Midlands,704,4.0,2.42,0.0,704.0,sufficient
22092,PROD001262,WH004,Scotland Warehouse,Glasgow,Scotland,83,4.0,4.14,0.0,83.0,sufficient
22092,PROD001262,WH005,Wales Warehouse,Cardiff,Wales,219,76.0,32.44,0.0,219.0,sufficient
22095,PROD001265,WH001,Central Warehouse,London,South East,1850,3.0,4.1,0.0,1850.0,sufficient
22095,PROD001265,WH002,North Warehouse,Manchester,North West,778,51.0,61.91,0.0,778.0,sufficient
22095,PROD001265,WH003,Midlands Warehouse,Birmingham,West Midlands,1252,48.0,35.69,0.0,1252.0,sufficient
22095,PROD001265,WH004,Scotland Warehouse,Glasgow,Scotland,980,7.0,7.43,0.0,980.0,sufficient
22095,PROD001265,WH005,Wales Warehouse,Cardiff,Wales,1337,75.0,95.01,0.0,1337.0,sufficient
22097,PROD001267,WH001,Central Warehouse,London,South East,951,2.0,2.9,0.0,951.0,sufficient
22097,PROD001267,WH002,North Warehouse,Manchester,North West,584,1.0,2.51,0.0,584.0,sufficient
22097,PROD001267,WH003,Midlands Warehouse,Birmingham,West Midlands,980,5.0,1.9500000000000002,4.0,976.0,sufficient
22097,PROD001267,WH004,Scotland Warehouse,Glasgow,Scotland,456,14.0,18.71,0.0,456.0,sufficient
22097,PROD001267,WH005,Wales Warehouse,Cardiff,Wales,458,7.0,4.45,0.0,458.0,sufficient
22104,PROD001274,WH001,Central Warehouse,London,South East,28,2.0,2.9,0.0,28.0,sufficient
22104,PROD001274,WH002,North Warehouse,Manchester,North West,169,9.0,13.68,0.0,169.0,sufficient
22104,PROD001274,WH003,Midlands Warehouse,Birmingham,West Midlands,317,0.0,0.0,0.0,317.0,sufficient
22104,PROD001274,WH004,Scotland Warehouse,Glasgow,Scotland,471,13.0,19.029999999999998,0.0,471.0,sufficient
22104,PROD001274,WH005,Wales Warehouse,Cardiff,Wales,549,1.0,1.63,0.0,549.0,sufficient
22105,PROD001275,WH001,Central Warehouse,London,South East,297,0.0,0.0,0.0,297.0,sufficient
22105,PROD001275,WH002,North Warehouse,Manchester,North West,864,3.0,12.629999999999999,0.0,864.0,sufficient
22105,PROD001275,WH003,Midlands Warehouse,Birmingham,West Midlands,74,1.0,4.13,0.0,74.0,sufficient
22105,PROD001275,WH004,Scotland Warehouse,Glasgow,Scotland,563,1.0,4.25,0.0,563.0,sufficient
22105,PROD001275,WH005,Wales Warehouse,Cardiff,Wales,100,0.0,0.0,0.0,100.0,sufficient
22106,PROD001276,WH001,Central Warehouse,London,South East,717,10.0,49.6,0.0,717.0,sufficient
22106,PROD001276,WH002,North Warehouse,Manchester,North West,781,0.0,0.0,0.0,781.0,sufficient
22106,PROD001276,WH003,Midlands Warehouse,Birmingham,West Midlands,52,24.0,142.8,0.0,52.0,sufficient
22106,PROD001276,WH004,Scotland Warehouse,Glasgow,Scotland,451,0.0,0.0,0.0,451.0,sufficient
22106,PROD001276,WH005,Wales Warehouse,Cardiff,Wales,331,5.0,24.8,0.0,331.0,sufficient
22108,PROD001278,WH001,Central Warehouse,London,South East,327,1.0,3.36,0.0,327.0,sufficient
22108,PROD001278,WH002,North Warehouse,Manchester,North West,683,9.0,30.069999999999997,0.0,683.0,sufficient
22108,PROD001278,WH003,Midlands Warehouse,Birmingham,West Midlands,359,1.0,3.36,1.0,358.0,sufficient
22108,PROD001278,WH004,Scotland Warehouse,Glasgow,Scotland,411,1.0,3.29,0.0,411.0,sufficient
22108,PROD001278,WH005,Wales Warehouse,Cardiff,Wales,57,2.0,6.72,0.0,57.0,sufficient
22109,PROD001279,WH001,Central Warehouse,London,South East,906,215.0,820.9000000000001,0.0,906.0,sufficient
22109,PROD001279,WH002,North Warehouse,Manchester,North West,553,69.0,280.17,0.0,553.0,sufficient
22109,PROD001279,WH003,Midlands Warehouse,Birmingham,West Midlands,972,82.0,382.10999999999996,25.0,947.0,sufficient
22109,PROD001279,WH004,Scotland Warehouse,Glasgow,Scotland,68,144.0,521.08,0.0,68.0,sufficient
22109,PROD001279,WH005,Wales Warehouse,Cardiff,Wales,752,42.0,197.06,6.0,746.0,sufficient
22113,PROD001283,WH001,Central Warehouse,London,South East,544,200.0,753.44,72.0,472.0,sufficient
22113,PROD001283,WH002,North Warehouse,Manchester,North West,1408,109.0,395.19,0.0,1408.0,sufficient
22113,PROD001283,WH003,Midlands Warehouse,Birmingham,West Midlands,2493,116.0,467.48,2.0,2491.0,sufficient
22113,PROD001283,WH004,Scotland Warehouse,Glasgow,Scotland,1402,122.0,470.06,2.0,1400.0,sufficient
22113,PROD001283,WH005,Wales Warehouse,Cardiff,Wales,1436,166.0,614.98,1.0,1435.0,sufficient
22115,PROD001285,WH001,Central Warehouse,London,South East,332,77.0,146.24,6.0,326.0,sufficient
22115,PROD001285,WH002,North Warehouse,Manchester,North West,556,30.0,91.03,0.0,556.0,sufficient
22115,PROD001285,WH003,Midlands Warehouse,Birmingham,West Midlands,464,34.0,80.18,0.0,464.0,sufficient
22115,PROD001285,WH004,Scotland Warehouse,Glasgow,Scotland,723,48.0,119.56,16.0,707.0,sufficient
22115,PROD001285,WH005,Wales Warehouse,Cardiff,Wales,80,24.0,85.61,1.0,79.0,sufficient
22117,PROD001287,WH001,Central Warehouse,London,South East,850,16.0,48.870000000000005,0.0,850.0,sufficient
22117,PROD001287,WH002,North Warehouse,Manchester,North West,444,9.0,25.23,0.0,444.0,sufficient
22117,PROD001287,WH003,Midlands Warehouse,Birmingham,West Midlands,1367,201.0,47.51,0.0,1367.0,sufficient
22117,PROD001287,WH004,Scotland Warehouse,Glasgow,Scotland,721,29.0,85.55,6.0,715.0,sufficient
22117,PROD001287,WH005,Wales Warehouse,Cardiff,Wales,735,48.0,111.60000000000001,0.0,735.0,sufficient
22125,PROD001295,WH001,Central Warehouse,London,South East,715,5.0,29.75,0.0,715.0,sufficient
22125,PROD001295,WH002,North Warehouse,Manchester,North West,199,18.0,107.10000000000001,0.0,199.0,sufficient
22125,PROD001295,WH003,Midlands Warehouse,Birmingham,West Midlands,708,8.0,54.65,0.0,708.0,sufficient
22125,PROD001295,WH004,Scotland Warehouse,Glasgow,Scotland,743,4.0,30.85,0.0,743.0,sufficient
22125,PROD001295,WH005,Wales Warehouse,Cardiff,Wales,339,39.0,201.04999999999998,0.0,339.0,sufficient
22131,PROD001301,WH001,Central Warehouse,London,South East,756,45.0,94.61999999999999,1.0,755.0,sufficient
22131,PROD001301,WH002,North Warehouse,Manchester,North West,831,25.0,55.53,0.0,831.0,sufficient
22131,PROD001301,WH003,Midlands Warehouse,Birmingham,West Midlands,573,52.0,136.6,2.0,571.0,sufficient
22131,PROD001301,WH004,Scotland Warehouse,Glasgow,Scotland,498,299.0,520.43,0.0,498.0,sufficient
22131,PROD001301,WH005,Wales Warehouse,Cardiff,Wales,902,48.0,98.11999999999999,0.0,902.0,sufficient
22135,PROD001305,WH001,Central Warehouse,London,South East,240,11.0,9.25,2.0,238.0,sufficient
22135,PROD001305,WH002,North Warehouse,Manchester,North West,613,44.0,21.9,0.0,613.0,sufficient
22135,PROD001305,WH003,Midlands Warehouse,Birmingham,West Midlands,758,18.0,9.24,0.0,758.0,sufficient
22135,PROD001305,WH004,Scotland Warehouse,Glasgow,Scotland,743,33.0,17.689999999999998,0.0,743.0,sufficient
22135,PROD001305,WH005,Wales Warehouse,Cardiff,Wales,119,18.0,8.79,0.0,119.0,sufficient
22137,PROD001307,WH001,Central Warehouse,London,South East,165,6.0,17.7,0.0,165.0,sufficient
22137,PROD001307,WH002,North Warehouse,Manchester,North West,208,0.0,0.0,0.0,208.0,sufficient
22137,PROD001307,WH003,Midlands Warehouse,Birmingham,West Midlands,509,7.0,20.65,0.0,509.0,sufficient
22137,PROD001307,WH004,Scotland Warehouse,Glasgow,Scotland,340,0.0,0.0,0.0,340.0,sufficient
22137,PROD001307,WH005,Wales Warehouse,Cardiff,Wales,572,6.0,17.7,0.0,572.0,sufficient
22143,PROD001312,WH001,Central Warehouse,London,South East,698,2.0,6.4,0.0,698.0,sufficient
22143,PROD001312,WH002,North Warehouse,Manchester,North West,603,25.0,52.5,0.0,603.0,sufficient
22143,PROD001312,WH003,Midlands Warehouse,Birmingham,West Midlands,387,6.0,12.6,0.0,387.0,sufficient
22143,PROD001312,WH004,Scotland Warehouse,Glasgow,Scotland,451,4.0,6.300000000000001,0.0,451.0,sufficient
22143,PROD001312,WH005,Wales Warehouse,Cardiff,Wales,112,0.0,0.0,0.0,112.0,sufficient
22148,PROD001317,WH001,Central Warehouse,London,South East,121,136.0,229.2,0.0,121.0,sufficient
22148,PROD001317,WH002,North Warehouse,Manchester,North West,131,25.0,48.75,0.0,131.0,sufficient
22148,PROD001317,WH003,Midlands Warehouse,Birmingham,West Midlands,909,31.0,64.89,0.0,909.0,sufficient
22148,PROD001317,WH004,Scotland Warehouse,Glasgow,Scotland,710,152.0,262.66,0.0,710.0,sufficient
22148,PROD001317,WH005,Wales Warehouse,Cardiff,Wales,668,80.0,144.0,0.0,668.0,sufficient
22149,PROD001318,WH001,Central Warehouse,London,South East,766,169.0,435.71999999999997,1.0,765.0,sufficient
22149,PROD001318,WH002,North Warehouse,Manchester,North West,557,106.0,228.32,0.0,557.0,sufficient
22149,PROD001318,WH003,Midlands Warehouse,Birmingham,West Midlands,766,93.0,212.5,0.0,766.0,sufficient
22149,PROD001318,WH004,Scotland Warehouse,Glasgow,Scotland,598,260.0,520.11,14.0,584.0,sufficient
22149,PROD001318,WH005,Wales Warehouse,Cardiff,Wales,418,189.0,431.61,4.0,414.0,sufficient
22150,PROD001319,WH001,Central Warehouse,London,South East,6,107.0,213.09,0.0,6.0,sufficient
22150,PROD001319,WH002,North Warehouse,Manchester,North West,302,78.0,172.57,14.0,288.0,sufficient
22150,PROD001319,WH003,Midlands Warehouse,Birmingham,West Midlands,891,198.0,314.68,3.0,888.0,sufficient
22150,PROD001319,WH004,Scotland Warehouse,Glasgow,Scotland,343,128.0,249.6,8.0,335.0,sufficient
22150,PROD001319,WH005,Wales Warehouse,Cardiff,Wales,305,373.0,661.89,246.0,59.0,low
22151,PROD001320,WH001,Central Warehouse,London,South East,370,346.0,145.32,0.0,370.0,sufficient
22151,PROD001320,WH002,North Warehouse,Manchester,North West,979,253.0,132.91,0.0,979.0,sufficient
22151,PROD001320,WH003,Midlands Warehouse,Birmingham,West Midlands,365,839.0,326.46000000000004,4.0,361.0,sufficient
22151,PROD001320,WH004,Scotland Warehouse,Glasgow,Scotland,842,662.0,303.45,0.0,842.0,sufficient
22151,PROD001320,WH005,Wales Warehouse,Cardiff,Wales,439,372.0,178.38,44.0,395.0,sufficient
22152,PROD001321,WH001,Central Warehouse,London,South East,1108,94.0,39.480000000000004,0.0,1108.0,sufficient
22152,PROD001321,WH002,North Warehouse,Manchester,North West,1019,112.0,66.43,0.0,1019.0,sufficient
22152,PROD001321,WH003,Midlands Warehouse,Birmingham,West Midlands,1636,40.0,18.01,1.0,1635.0,sufficient
22152,PROD001321,WH004,Scotland Warehouse,Glasgow,Scotland,1595,1.0,0.42,0.0,1595.0,sufficient
22152,PROD001321,WH005,Wales Warehouse,Cardiff,Wales,1404,95.0,52.300000000000004,0.0,1404.0,sufficient
22154,PROD001323,WH001,Central Warehouse,London,South East,249,94.0,39.48,48.0,201.0,sufficient
22154,PROD001323,WH002,North Warehouse,Manchester,North West,30,89.0,37.81,20.0,10.0,low
22154,PROD001323,WH003,Midlands Warehouse,Birmingham,West Midlands,135,125.0,54.96,0.0,135.0,sufficient
22154,PROD001323,WH004,Scotland Warehouse,Glasgow,Scotland,403,116.0,48.72,6.0,397.0,sufficient
22154,PROD001323,WH005,Wales Warehouse,Cardiff,Wales,914,56.0,25.67,0.0,914.0,sufficient
22156,PROD001325,WH001,Central Warehouse,London,South East,424,107.0,95.78,1.0,423.0,sufficient
22156,PROD001325,WH002,North Warehouse,Manchester,North West,651,156.0,132.6,4.0,647.0,sufficient
22156,PROD001325,WH003,Midlands Warehouse,Birmingham,West Midlands,797,42.0,37.32,0.0,797.0,sufficient
22156,PROD001325,WH004,Scotland Warehouse,Glasgow,Scotland,686,32.0,27.979999999999997,0.0,686.0,sufficient
22156,PROD001325,WH005,Wales Warehouse,Cardiff,Wales,847,132.0,120.87,0.0,847.0,sufficient
22165,PROD001332,WH001,Central Warehouse,London,South East,966,1.0,10.79,0.0,966.0,sufficient
22165,PROD001332,WH002,North Warehouse,Manchester,North West,398,11.0,137.85999999999999,0.0,398.0,sufficient
22165,PROD001332,WH003,Midlands Warehouse,Birmingham,West Midlands,529,31.0,290.07,2.0,527.0,sufficient
22165,PROD001332,WH004,Scotland Warehouse,Glasgow,Scotland,638,7.0,82.1,1.0,637.0,sufficient
22165,PROD001332,WH005,Wales Warehouse,Cardiff,Wales,59,3.0,50.989999999999995,0.0,59.0,sufficient
22166,PROD001333,WH001,Central Warehouse,London,South East,861,6.0,78.58,0.0,861.0,sufficient
22166,PROD001333,WH002,North Warehouse,Manchester,North West,402,3.0,39.379999999999995,1.0,401.0,sufficient
22166,PROD001333,WH003,Midlands Warehouse,Birmingham,West Midlands,656,3.0,23.52,0.0,656.0,sufficient
22166,PROD001333,WH004,Scotland Warehouse,Glasgow,Scotland,248,5.0,62.629999999999995,0.0,248.0,sufficient
22166,PROD001333,WH005,Wales Warehouse,Cardiff,Wales,387,2.0,32.26,0.0,387.0,sufficient
22167,PROD001334,WH001,Central Warehouse,London,South East,948,5.0,46.61,0.0,948.0,sufficient
22167,PROD001334,WH002,North Warehouse,Manchester,North West,82,10.0,109.92999999999999,0.0,82.0,sufficient
22167,PROD001334,WH003,Midlands Warehouse,Birmingham,West Midlands,968,10.0,115.74,0.0,968.0,sufficient
22167,PROD001334,WH004,Scotland Warehouse,Glasgow,Scotland,961,15.0,74.11,13.0,948.0,sufficient
22167,PROD001334,WH005,Wales Warehouse,Cardiff,Wales,178,4.0,57.339999999999996,0.0,178.0,sufficient
22171,PROD001338,WH001,Central Warehouse,London,South East,885,28.0,244.06,1.0,884.0,sufficient
22171,PROD001338,WH002,North Warehouse,Manchester,North West,592,54.0,410.11,4.0,588.0,sufficient
22171,PROD001338,WH003,Midlands Warehouse,Birmingham,West Midlands,375,35.0,254.22,0.0,375.0,sufficient
22171,PROD001338,WH004,Scotland Warehouse,Glasgow,Scotland,470,161.0,1082.08,0.0,470.0,sufficient
22171,PROD001338,WH005,Wales Warehouse,Cardiff,Wales,972,31.0,271.63,0.0,972.0,sufficient
22172,PROD001339,WH001,Central Warehouse,London,South East,948,1.0,8.5,0.0,948.0,sufficient
22172,PROD001339,WH002,North Warehouse,Manchester,North West,760,9.0,84.98,2.0,758.0,sufficient
22172,PROD001339,WH003,Midlands Warehouse,Birmingham,West Midlands,900,2.0,25.48,0.0,900.0,sufficient
22172,PROD001339,WH004,Scotland Warehouse,Glasgow,Scotland,186,9.0,69.7,0.0,186.0,sufficient
22172,PROD001339,WH005,Wales Warehouse,Cardiff,Wales,984,4.0,42.480000000000004,2.0,982.0,sufficient
22177,PROD001344,WH001,Central Warehouse,London,South East,694,2.0,19.9,0.0,694.0,sufficient
22177,PROD001344,WH002,North Warehouse,Manchester,North West,989,0.0,0.0,0.0,989.0,sufficient
22177,PROD001344,WH003,Midlands Warehouse,Birmingham,West Midlands,834,5.0,61.03,0.0,834.0,sufficient
22177,PROD001344,WH004,Scotland Warehouse,Glasgow,Scotland,230,1.0,9.95,0.0,230.0,sufficient
22177,PROD001344,WH005,Wales Warehouse,Cardiff,Wales,709,1.0,9.95,0.0,709.0,sufficient
22180,PROD001347,WH001,Central Warehouse,London,South East,396,13.0,140.19,0.0,396.0,sufficient
22180,PROD001347,WH002,North Warehouse,Manchester,North West,23,29.0,271.15,4.0,19.0,sufficient
22180,PROD001347,WH003,Midlands Warehouse,Birmingham,West Midlands,1037,25.0,139.3,3.0,1034.0,sufficient
22180,PROD001347,WH004,Scotland Warehouse,Glasgow,Scotland,1258,38.0,382.86,0.0,1258.0,sufficient
22180,PROD001347,WH005,Wales Warehouse,Cardiff,Wales,873,30.0,281.1,0.0,873.0,sufficient
22181,PROD001348,WH001,Central Warehouse,London,South East,603,6.0,5.91,4.0,599.0,sufficient
22181,PROD001348,WH002,North Warehouse,Manchester,North West,39,2.0,2.51,0.0,39.0,sufficient
22181,PROD001348,WH003,Midlands Warehouse,Birmingham,West Midlands,542,17.0,14.45,0.0,542.0,sufficient
22181,PROD001348,WH004,Scotland Warehouse,Glasgow,Scotland,390,67.0,57.73,0.0,390.0,sufficient
22181,PROD001348,WH005,Wales Warehouse,Cardiff,Wales,893,6.0,5.1,6.0,887.0,sufficient
22183,PROD001350,WH001,Central Warehouse,London,South East,235,9.0,53.19,0.0,235.0,sufficient
22183,PROD001350,WH002,North Warehouse,Manchester,North West,525,37.0,148.29000000000002,0.0,525.0,sufficient
22183,PROD001350,WH003,Midlands Warehouse,Birmingham,West Midlands,63,2.0,12.66,1.0,62.0,sufficient
22183,PROD001350,WH004,Scotland Warehouse,Glasgow,Scotland,956,5.0,30.39,0.0,956.0,sufficient
22183,PROD001350,WH005,Wales Warehouse,Cardiff,Wales,971,45.0,202.05,0.0,971.0,sufficient
22185,PROD001352,WH001,Central Warehouse,London,South East,343,12.0,19.8,0.0,343.0,sufficient
22185,PROD001352,WH002,North Warehouse,Manchester,North West,933,60.0,95.22,4.0,929.0,sufficient
22185,PROD001352,WH003,Midlands Warehouse,Birmingham,West Midlands,568,116.0,189.0,0.0,568.0,sufficient
22185,PROD001352,WH004,Scotland Warehouse,Glasgow,Scotland,366,153.0,240.46,0.0,366.0,sufficient
22185,PROD001352,WH005,Wales Warehouse,Cardiff,Wales,899,55.0,100.73,0.0,899.0,sufficient
22186,PROD001353,WH001,Central Warehouse,London,South East,1474,37.0,93.78999999999999,1.0,1473.0,sufficient
22186,PROD001353,WH002,North Warehouse,Manchester,North West,652,82.0,211.62,0.0,652.0,sufficient
22186,PROD001353,WH003,Midlands Warehouse,Birmingham,West Midlands,745,51.0,138.45,0.0,745.0,sufficient
22186,PROD001353,WH004,Scotland Warehouse,Glasgow,Scotland,635,18.0,68.50999999999999,0.0,635.0,sufficient
22186,PROD001353,WH005,Wales Warehouse,Cardiff,Wales,1123,13.0,33.35,0.0,1123.0,sufficient
22190,PROD001357,WH001,Central Warehouse,London,South East,562,34.0,83.25,0.0,562.0,sufficient
22190,PROD001357,WH002,North Warehouse,Manchester,North West,956,31.0,39.15,1.0,955.0,sufficient
22190,PROD001357,WH003,Midlands Warehouse,Birmingham,West Midlands,183,25.0,56.66,0.0,183.0,sufficient
22190,PROD001357,WH004,Scotland Warehouse,Glasgow,Scotland,426,6.0,14.6,1.0,425.0,sufficient
22190,PROD001357,WH005,Wales Warehouse,Cardiff,Wales,734,10.0,21.0,0.0,734.0,sufficient
22191,PROD001358,WH001,Central Warehouse,London,South East,961,17.0,144.5,0.0,961.0,sufficient
22191,PROD001358,WH002,North Warehouse,Manchester,North West,251,44.0,363.8,4.0,247.0,sufficient
22191,PROD001358,WH003,Midlands Warehouse,Birmingham,West Midlands,818,42.0,354.93,0.0,818.0,sufficient
22191,PROD001358,WH004,Scotland Warehouse,Glasgow,Scotland,464,34.0,286.93,1.0,463.0,sufficient
22191,PROD001358,WH005,Wales Warehouse,Cardiff,Wales,681,16.0,136.0,1.0,680.0,sufficient
22192,PROD001359,WH001,Central Warehouse,London,South East,379,42.0,354.93,0.0,379.0,sufficient
22192,PROD001359,WH002,North Warehouse,Manchester,North West,481,16.0,152.98,0.0,481.0,sufficient
22192,PROD001359,WH003,Midlands Warehouse,Birmingham,West Midlands,807,12.0,110.13,0.0,807.0,sufficient
22192,PROD001359,WH004,Scotland Warehouse,Glasgow,Scotland,300,24.0,220.26,4.0,296.0,sufficient
22192,PROD001359,WH005,Wales Warehouse,Cardiff,Wales,207,36.0,306.0,0.0,207.0,sufficient
22194,PROD001361,WH001,Central Warehouse,London,South East,982,2.0,17.0,0.0,982.0,sufficient
22194,PROD001361,WH002,North Warehouse,Manchester,North West,947,21.0,168.3,4.0,943.0,sufficient
22194,PROD001361,WH003,Midlands Warehouse,Birmingham,West Midlands,809,9.0,76.5,1.0,808.0,sufficient
22194,PROD001361,WH004,Scotland Warehouse,Glasgow,Scotland,440,4.0,42.129999999999995,0.0,440.0,sufficient
22194,PROD001361,WH005,Wales Warehouse,Cardiff,Wales,827,4.0,50.26,0.0,827.0,sufficient
22197,PROD001364,WH001,Central Warehouse,London,South East,1652,3704.0,2878.36,28.0,1624.0,sufficient
22197,PROD001364,WH002,North Warehouse,Manchester,North West,1376,1994.0,1530.82,5.0,1371.0,sufficient
22197,PROD001364,WH003,Midlands Warehouse,Birmingham,West Midlands,1614,2380.0,1868.93,15.0,1599.0,sufficient
22197,PROD001364,WH004,Scotland Warehouse,Glasgow,Scotland,1701,2063.0,1588.3899999999999,18.0,1683.0,sufficient
22197,PROD001364,WH005,Wales Warehouse,Cardiff,Wales,1372,869.0,877.9799999999999,10.0,1362.0,sufficient
22206,PROD001372,WH001,Central Warehouse,London,South East,230,0.0,0.0,0.0,230.0,sufficient
22206,PROD001372,WH002,North Warehouse,Manchester,North West,545,1.0,0.85,0.0,545.0,sufficient
22206,PROD001372,WH003,Midlands Warehouse,Birmingham,West Midlands,11,4.0,3.4,0.0,11.0,sufficient
22206,PROD001372,WH004,Scotland Warehouse,Glasgow,Scotland,905,0.0,0.0,0.0,905.0,sufficient
22206,PROD001372,WH005,Wales Warehouse,Cardiff,Wales,453,0.0,0.0,0.0,453.0,sufficient
22207,PROD001373,WH001,Central Warehouse,London,South East,644,21.0,110.17,0.0,644.0,sufficient
22207,PROD001373,WH002,North Warehouse,Manchester,North West,170,16.0,76.25999999999999,1.0,169.0,sufficient
22207,PROD001373,WH003,Midlands Warehouse,Birmingham,West Midlands,172,144.0,593.52,0.0,172.0,sufficient
22207,PROD001373,WH004,Scotland Warehouse,Glasgow,Scotland,158,89.0,354.91,13.0,145.0,sufficient
22207,PROD001373,WH005,Wales Warehouse,Cardiff,Wales,212,34.0,161.38,0.0,212.0,sufficient
22210,PROD001376,WH001,Central Warehouse,London,South East,794,48.0,43.12,0.0,794.0,sufficient
22210,PROD001376,WH002,North Warehouse,Manchester,North West,999,49.0,62.81,0.0,999.0,sufficient
22210,PROD001376,WH003,Midlands Warehouse,Birmingham,West Midlands,1115,19.0,19.12,0.0,1115.0,sufficient
22210,PROD001376,WH004,Scotland Warehouse,Glasgow,Scotland,1243,15.0,25.639999999999997,0.0,1243.0,sufficient
22210,PROD001376,WH005,Wales Warehouse,Cardiff,Wales,252,24.0,24.04,0.0,252.0,sufficient
22214,PROD001379,WH001,Central Warehouse,London,South East,453,5.0,12.75,0.0,453.0,sufficient
22214,PROD001379,WH002,North Warehouse,Manchester,North West,100,0.0,0.0,0.0,100.0,sufficient
22214,PROD001379,WH003,Midlands Warehouse,Birmingham,West Midlands,179,16.0,40.8,0.0,179.0,sufficient
22214,PROD001379,WH004,Scotland Warehouse,Glasgow,Scotland,967,1.0,4.96,0.0,967.0,sufficient
22214,PROD001379,WH005,Wales Warehouse,Cardiff,Wales,172,5.0,8.15,0.0,172.0,sufficient
22215,PROD001380,WH001,Central Warehouse,London,South East,266,16.0,152.26,0.0,266.0,sufficient
22215,PROD001380,WH002,North Warehouse,Manchester,North West,967,38.0,246.2,0.0,967.0,sufficient
22215,PROD001380,WH003,Midlands Warehouse,Birmingham,West Midlands,30,5.0,36.95,2.0,28.0,sufficient
22215,PROD001380,WH004,Scotland Warehouse,Glasgow,Scotland,865,21.0,178.5,4.0,861.0,sufficient
22215,PROD001380,WH005,Wales Warehouse,Cardiff,Wales,988,31.0,263.5,0.0,988.0,sufficient
22217,PROD001382,WH001,Central Warehouse,London,South East,848,22.0,23.28,4.0,844.0,sufficient
22217,PROD001382,WH002,North Warehouse,Manchester,North West,1248,25.0,32.51,0.0,1248.0,sufficient
22217,PROD001382,WH003,Midlands Warehouse,Birmingham,West Midlands,1725,47.0,58.75,0.0,1725.0,sufficient
22217,PROD001382,WH004,Scotland Warehouse,Glasgow,Scotland,751,50.0,62.5,0.0,751.0,sufficient
22217,PROD001382,WH005,Wales Warehouse,Cardiff,Wales,1034,122.0,134.26,0.0,1034.0,sufficient
22220,PROD001385,WH001,Central Warehouse,London,South East,681,0.0,0.0,0.0,681.0,sufficient
22220,PROD001385,WH002,North Warehouse,Manchester,North West,120,19.0,147.04999999999998,0.0,120.0,sufficient
22220,PROD001385,WH003,Midlands Warehouse,Birmingham,West Midlands,283,13.0,133.23,0.0,283.0,sufficient
22220,PROD001385,WH004,Scotland Warehouse,Glasgow,Scotland,817,9.0,99.56,0.0,817.0,sufficient
22220,PROD001385,WH005,Wales Warehouse,Cardiff,Wales,756,29.0,271.15,0.0,756.0,sufficient
22223,PROD001388,WH001,Central Warehouse,London,South East,603,46.0,147.3,0.0,603.0,sufficient
22223,PROD001388,WH002,North Warehouse,Manchester,North West,65,31.0,308.76,0.0,65.0,sufficient
22223,PROD001388,WH003,Midlands Warehouse,Birmingham,West Midlands,838,9.0,42.99,0.0,838.0,sufficient
22223,PROD001388,WH004,Scotland Warehouse,Glasgow,Scotland,613,11.0,52.230000000000004,0.0,613.0,sufficient
22223,PROD001388,WH005,Wales Warehouse,Cardiff,Wales,45,8.0,45.04,0.0,45.0,sufficient
22224,PROD001389,WH001,Central Warehouse,London,South East,2177,57.0,191.83,0.0,2177.0,sufficient
22224,PROD001389,WH002,North Warehouse,Manchester,North West,1474,27.0,82.61,6.0,1468.0,sufficient
22224,PROD001389,WH003,Midlands Warehouse,Birmingham,West Midlands,1512,20.0,94.4,0.0,1512.0,sufficient
22224,PROD001389,WH004,Scotland Warehouse,Glasgow,Scotland,1387,26.0,79.53999999999999,6.0,1381.0,sufficient
22224,PROD001389,WH005,Wales Warehouse,Cardiff,Wales,1501,59.0,233.69,6.0,1495.0,sufficient
22227,PROD001390,WH001,Central Warehouse,London,South East,390,120.0,79.83,0.0,390.0,sufficient
22227,PROD001390,WH002,North Warehouse,Manchester,North West,652,239.0,237.1,0.0,652.0,sufficient
22227,PROD001390,WH003,Midlands Warehouse,Birmingham,West Midlands,34,148.0,103.73,7.0,27.0,sufficient
22227,PROD001390,WH004,Scotland Warehouse,Glasgow,Scotland,152,88.0,57.83,0.0,152.0,sufficient
22227,PROD001390,WH005,Wales Warehouse,Cardiff,Wales,909,127.0,96.23,25.0,884.0,sufficient
22228,PROD001391,WH001,Central Warehouse,London,South East,2179,8.0,7.58,2.0,2177.0,sufficient
22228,PROD001391,WH002,North Warehouse,Manchester,North West,1935,18.0,18.54,0.0,1935.0,sufficient
22228,PROD001391,WH003,Midlands Warehouse,Birmingham,West Midlands,829,4.0,3.38,0.0,829.0,sufficient
22228,PROD001391,WH004,Scotland Warehouse,Glasgow,Scotland,1000,28.0,32.16,0.0,1000.0,sufficient
22228,PROD001391,WH005,Wales Warehouse,Cardiff,Wales,1999,47.0,41.44,0.0,1999.0,sufficient
22229,PROD001392,WH001,Central Warehouse,London,South East,880,8.0,8.39,0.0,880.0,sufficient
22229,PROD001392,WH002,North Warehouse,Manchester,North West,196,33.0,28.839999999999996,0.0,196.0,sufficient
22229,PROD001392,WH003,Midlands Warehouse,Birmingham,West Midlands,715,28.0,23.799999999999997,0.0,715.0,sufficient
22229,PROD001392,WH004,Scotland Warehouse,Glasgow,Scotland,715,5.0,4.25,0.0,715.0,sufficient
22229,PROD001392,WH005,Wales Warehouse,Cardiff,Wales,851,29.0,24.52,0.0,851.0,sufficient
22232,PROD001395,WH001,Central Warehouse,London,South East,846,96.0,123.34,0.0,846.0,sufficient
22232,PROD001395,WH002,North Warehouse,Manchester,North West,768,4.0,5.13,0.0,768.0,sufficient
22232,PROD001395,WH003,Midlands Warehouse,Birmingham,West Midlands,200,24.0,25.259999999999998,0.0,200.0,sufficient
22232,PROD001395,WH004,Scotland Warehouse,Glasgow,Scotland,677,17.0,24.46,0.0,677.0,sufficient
22232,PROD001395,WH005,Wales Warehouse,Cardiff,Wales,232,49.0,38.45,0.0,232.0,sufficient
22233,PROD001396,WH001,Central Warehouse,London,South East,178,28.0,41.96,0.0,178.0,sufficient
22233,PROD001396,WH002,North Warehouse,Manchester,North West,967,14.0,10.379999999999999,0.0,967.0,sufficient
22233,PROD001396,WH003,Midlands Warehouse,Birmingham,West Midlands,30,3.0,3.8899999999999997,1.0,29.0,sufficient
22233,PROD001396,WH004,Scotland Warehouse,Glasgow,Scotland,228,2.0,5.01,0.0,228.0,sufficient
22233,PROD001396,WH005,Wales Warehouse,Cardiff,Wales,848,27.0,28.65,12.0,836.0,sufficient
22241,PROD001398,WH001,Central Warehouse,London,South East,679,31.0,46.31,0.0,679.0,sufficient
22241,PROD001398,WH002,North Warehouse,Manchester,North West,1916,48.0,80.67,0.0,1916.0,sufficient
22241,PROD001398,WH003,Midlands Warehouse,Birmingham,West Midlands,1196,52.0,74.78,13.0,1183.0,sufficient
22241,PROD001398,WH004,Scotland Warehouse,Glasgow,Scotland,1770,18.0,24.97,4.0,1766.0,sufficient
22241,PROD001398,WH005,Wales Warehouse,Cardiff,Wales,1207,115.0,147.38,0.0,1207.0,sufficient
22242,PROD001399,WH001,Central Warehouse,London,South East,1153,65.0,107.25,0.0,1153.0,sufficient
22242,PROD001399,WH002,North Warehouse,Manchester,North West,872,123.0,184.76999999999998,0.0,872.0,sufficient
22242,PROD001399,WH003,Midlands Warehouse,Birmingham,West Midlands,139,30.0,56.62,0.0,139.0,sufficient
22242,PROD001399,WH004,Scotland Warehouse,Glasgow,Scotland,537,106.0,174.9,0.0,537.0,sufficient
22242,PROD001399,WH005,Wales Warehouse,Cardiff,Wales,650,32.0,52.8,0.0,650.0,sufficient
22244,PROD001401,WH001,Central Warehouse,London,South East,554,217.0,365.55,192.0,362.0,sufficient
22244,PROD001401,WH002,North Warehouse,Manchester,North West,171,31.0,62.629999999999995,0.0,171.0,sufficient
22244,PROD001401,WH003,Midlands Warehouse,Birmingham,West Midlands,998,102.0,205.6,13.0,985.0,sufficient
22244,PROD001401,WH004,Scotland Warehouse,Glasgow,Scotland,81,210.0,358.52000000000004,0.0,81.0,sufficient
22244,PROD001401,WH005,Wales Warehouse,Cardiff,Wales,240,134.0,246.23999999999998,0.0,240.0,sufficient
22245,PROD001402,WH001,Central Warehouse,London,South East,808,60.0,57.68,12.0,796.0,sufficient
22245,PROD001402,WH002,North Warehouse,Manchester,North West,734,55.0,45.19,0.0,734.0,sufficient
22245,PROD001402,WH003,Midlands Warehouse,Birmingham,West Midlands,688,27.0,25.319999999999997,0.0,688.0,sufficient
22245,PROD001402,WH004,Scotland Warehouse,Glasgow,Scotland,748,105.0,93.27,4.0,744.0,sufficient
22245,PROD001402,WH005,Wales Warehouse,Cardiff,Wales,798,67.0,59.379999999999995,0.0,798.0,sufficient
22246,PROD001403,WH001,Central Warehouse,London,South East,1756,0.0,0.0,0.0,1756.0,sufficient
22246,PROD001403,WH002,North Warehouse,Manchester,North West,1234,117.0,215.42999999999998,0.0,1234.0,sufficient
22246,PROD001403,WH003,Midlands Warehouse,Birmingham,West Midlands,856,35.0,69.97999999999999,5.0,851.0,sufficient
22246,PROD001403,WH004,Scotland Warehouse,Glasgow,Scotland,1058,24.0,46.8,12.0,1046.0,sufficient
22246,PROD001403,WH005,Wales Warehouse,Cardiff,Wales,1343,3.0,12.39,0.0,1343.0,sufficient
22247,PROD001404,WH001,Central Warehouse,London,South East,793,38.0,32.3,0.0,793.0,sufficient
22247,PROD001404,WH002,North Warehouse,Manchester,North West,1066,35.0,30.56,0.0,1066.0,sufficient
22247,PROD001404,WH003,Midlands Warehouse,Birmingham,West Midlands,1416,22.0,18.7,16.0,1400.0,sufficient
22247,PROD001404,WH004,Scotland Warehouse,Glasgow,Scotland,1184,4.0,4.21,0.0,1184.0,sufficient
22247,PROD001404,WH005,Wales Warehouse,Cardiff,Wales,1139,14.0,12.379999999999999,0.0,1139.0,sufficient
22250,PROD001407,WH001,Central Warehouse,London,South East,1467,1.0,1.66,0.0,1467.0,sufficient
22250,PROD001407,WH002,North Warehouse,Manchester,North West,798,11.0,10.049999999999999,0.0,798.0,sufficient
22250,PROD001407,WH003,Midlands Warehouse,Birmingham,West Midlands,718,6.0,5.1,0.0,718.0,sufficient
22250,PROD001407,WH004,Scotland Warehouse,Glasgow,Scotland,802,28.0,31.86,0.0,802.0,sufficient
22250,PROD001407,WH005,Wales Warehouse,Cardiff,Wales,1385,4.0,4.88,0.0,1385.0,sufficient
22251,PROD001408,WH001,Central Warehouse,London,South East,94,45.0,52.95,0.0,94.0,sufficient
22251,PROD001408,WH002,North Warehouse,Manchester,North West,63,36.0,51.2,0.0,63.0,sufficient
22251,PROD001408,WH003,Midlands Warehouse,Birmingham,West Midlands,369,85.0,102.9,24.0,345.0,sufficient
22251,PROD001408,WH004,Scotland Warehouse,Glasgow,Scotland,637,23.0,26.89,12.0,625.0,sufficient
22251,PROD001408,WH005,Wales Warehouse,Cardiff,Wales,275,25.0,31.25,0.0,275.0,sufficient
22255,PROD001412,WH001,Central Warehouse,London,South East,350,32.0,28.759999999999998,1.0,349.0,sufficient
22255,PROD001412,WH002,North Warehouse,Manchester,North West,476,12.0,19.59,0.0,476.0,sufficient
22255,PROD001412,WH003,Midlands Warehouse,Birmingham,West Midlands,1136,53.0,48.169999999999995,0.0,1136.0,sufficient
22255,PROD001412,WH004,Scotland Warehouse,Glasgow,Scotland,1135,3.0,3.36,0.0,1135.0,sufficient
22255,PROD001412,WH005,Wales Warehouse,Cardiff,Wales,1172,63.0,53.55,0.0,1172.0,sufficient
22257,PROD001414,WH001,Central Warehouse,London,South East,907,12.0,15.0,0.0,907.0,sufficient
22257,PROD001414,WH002,North Warehouse,Manchester,North West,737,9.0,8.43,0.0,737.0,sufficient
22257,PROD001414,WH003,Midlands Warehouse,Birmingham,West Midlands,702,4.0,4.16,0.0,702.0,sufficient
22257,PROD001414,WH004,Scotland Warehouse,Glasgow,Scotland,228,3.0,3.75,0.0,228.0,sufficient
22257,PROD001414,WH005,Wales Warehouse,Cardiff,Wales,801,0.0,0.0,0.0,801.0,sufficient
22258,PROD001415,WH001,Central Warehouse,London,South East,117,158.0,168.51999999999998,0.0,117.0,sufficient
22258,PROD001415,WH002,North Warehouse,Manchester,North West,542,25.0,32.51,0.0,542.0,sufficient
22258,PROD001415,WH003,Midlands Warehouse,Birmingham,West Midlands,879,29.0,31.87,0.0,879.0,sufficient
22258,PROD001415,WH004,Scotland Warehouse,Glasgow,Scotland,106,3.0,3.75,0.0,106.0,sufficient
22258,PROD001415,WH005,Wales Warehouse,Cardiff,Wales,338,24.0,27.01,0.0,338.0,sufficient
22260,PROD001417,WH001,Central Warehouse,London,South East,373,110.0,159.7,0.0,373.0,sufficient
22260,PROD001417,WH002,North Warehouse,Manchester,North West,478,34.0,37.0,12.0,466.0,sufficient
22260,PROD001417,WH003,Midlands Warehouse,Birmingham,West Midlands,157,37.0,33.07,0.0,157.0,sufficient
22260,PROD001417,WH004,Scotland Warehouse,Glasgow,Scotland,340,2.0,3.29,0.0,340.0,sufficient
22260,PROD001417,WH005,Wales Warehouse,Cardiff,Wales,904,25.0,24.49,0.0,904.0,sufficient
22270,PROD001427,WH001,Central Warehouse,London,South East,817,10.0,37.5,0.0,817.0,sufficient
22270,PROD001427,WH002,North Warehouse,Manchester,North West,195,13.0,52.62,0.0,195.0,sufficient
22270,PROD001427,WH003,Midlands Warehouse,Birmingham,West Midlands,219,12.0,45.0,0.0,219.0,sufficient
22270,PROD001427,WH004,Scotland Warehouse,Glasgow,Scotland,72,8.0,30.0,0.0,72.0,sufficient
22270,PROD001427,WH005,Wales Warehouse,Cardiff,Wales,934,8.0,41.61,0.0,934.0,sufficient
22272,PROD001429,WH001,Central Warehouse,London,South East,649,9.0,26.549999999999997,0.0,649.0,sufficient
22272,PROD001429,WH002,North Warehouse,Manchester,North West,975,9.0,29.64,0.0,975.0,sufficient
22272,PROD001429,WH003,Midlands Warehouse,Birmingham,West Midlands,474,5.0,14.75,0.0,474.0,sufficient
22272,PROD001429,WH004,Scotland Warehouse,Glasgow,Scotland,324,3.0,11.81,0.0,324.0,sufficient
22272,PROD001429,WH005,Wales Warehouse,Cardiff,Wales,875,14.0,41.3,0.0,875.0,sufficient
22276,PROD001433,WH001,Central Warehouse,London,South East,1296,19.0,48.45,0.0,1296.0,sufficient
22276,PROD001433,WH002,North Warehouse,Manchester,North West,1007,20.0,45.6,0.0,1007.0,sufficient
22276,PROD001433,WH003,Midlands Warehouse,Birmingham,West Midlands,1438,20.0,51.0,0.0,1438.0,sufficient
22276,PROD001433,WH004,Scotland Warehouse,Glasgow,Scotland,467,31.0,82.41,0.0,467.0,sufficient
22276,PROD001433,WH005,Wales Warehouse,Cardiff,Wales,1484,24.0,61.2,0.0,1484.0,sufficient
22278,PROD001435,WH001,Central Warehouse,London,South East,300,17.0,96.28999999999999,0.0,300.0,sufficient
22278,PROD001435,WH002,North Warehouse,Manchester,North West,924,16.0,83.63,0.0,924.0,sufficient
22278,PROD001435,WH003,Midlands Warehouse,Birmingham,West Midlands,449,12.0,85.78,0.0,449.0,sufficient
22278,PROD001435,WH004,Scotland Warehouse,Glasgow,Scotland,593,13.0,76.25999999999999,0.0,593.0,sufficient
22278,PROD001435,WH005,Wales Warehouse,Cardiff,Wales,517,42.0,237.79999999999998,1.0,516.0,sufficient
22279,PROD001436,WH001,Central Warehouse,London,South East,927,20.0,18.509999999999998,0.0,927.0,sufficient
22279,PROD001436,WH002,North Warehouse,Manchester,North West,323,57.0,100.64999999999999,0.0,323.0,sufficient
22279,PROD001436,WH003,Midlands Warehouse,Birmingham,West Midlands,1688,28.0,44.56,0.0,1688.0,sufficient
22279,PROD001436,WH004,Scotland Warehouse,Glasgow,Scotland,1143,3.0,3.75,0.0,1143.0,sufficient
22279,PROD001436,WH005,Wales Warehouse,Cardiff,Wales,326,19.0,33.95,0.0,326.0,sufficient
22281,PROD001438,WH001,Central Warehouse,London,South East,791,3.0,17.85,0.0,791.0,sufficient
22281,PROD001438,WH002,North Warehouse,Manchester,North West,968,8.0,74.42,0.0,968.0,sufficient
22281,PROD001438,WH003,Midlands Warehouse,Birmingham,West Midlands,149,2.0,11.9,0.0,149.0,sufficient
22281,PROD001438,WH004,Scotland Warehouse,Glasgow,Scotland,854,12.0,91.45,0.0,854.0,sufficient
22281,PROD001438,WH005,Wales Warehouse,Cardiff,Wales,724,6.0,35.7,0.0,724.0,sufficient
22283,PROD001440,WH001,Central Warehouse,London,South East,76,10.0,79.5,2.0,74.0,sufficient
22283,PROD001440,WH002,North Warehouse,Manchester,North West,328,13.0,111.19,0.0,328.0,sufficient
22283,PROD001440,WH003,Midlands Warehouse,Birmingham,West Midlands,857,13.0,119.71,0.0,857.0,sufficient
22283,PROD001440,WH004,Scotland Warehouse,Glasgow,Scotland,93,6.0,71.89999999999999,0.0,93.0,sufficient
22283,PROD001440,WH005,Wales Warehouse,Cardiff,Wales,62,13.0,111.19,0.0,62.0,sufficient
22284,PROD001441,WH001,Central Warehouse,London,South East,959,66.0,110.61,12.0,947.0,sufficient
22284,PROD001441,WH002,North Warehouse,Manchester,North West,844,102.0,171.65,0.0,844.0,sufficient
22284,PROD001441,WH003,Midlands Warehouse,Birmingham,West Midlands,561,40.0,70.99000000000001,1.0,560.0,sufficient
22284,PROD001441,WH004,Scotland Warehouse,Glasgow,Scotland,221,48.0,76.8,0.0,221.0,sufficient
22284,PROD001441,WH005,Wales Warehouse,Cardiff,Wales,668,30.0,54.63,0.0,668.0,sufficient
22286,PROD001443,WH001,Central Warehouse,London,South East,159,14.0,31.299999999999997,0.0,159.0,sufficient
22286,PROD001443,WH002,North Warehouse,Manchester,North West,412,17.0,27.25,0.0,412.0,sufficient
22286,PROD001443,WH003,Midlands Warehouse,Birmingham,West Midlands,764,2.0,6.58,1.0,763.0,sufficient
22286,PROD001443,WH004,Scotland Warehouse,Glasgow,Scotland,867,4.0,10.33,1.0,866.0,sufficient
22286,PROD001443,WH005,Wales Warehouse,Cardiff,Wales,37,132.0,66.6,0.0,37.0,sufficient
22293,PROD001450,WH001,Central Warehouse,London,South East,710,41.0,61.589999999999996,0.0,710.0,sufficient
22293,PROD001450,WH002,North Warehouse,Manchester,North West,674,63.0,94.47,2.0,672.0,sufficient
22293,PROD001450,WH003,Midlands Warehouse,Birmingham,West Midlands,399,36.0,58.26,1.0,398.0,sufficient
22293,PROD001450,WH004,Scotland Warehouse,Glasgow,Scotland,129,24.0,36.269999999999996,0.0,129.0,sufficient
22293,PROD001450,WH005,Wales Warehouse,Cardiff,Wales,986,34.0,49.83,0.0,986.0,sufficient
22297,PROD001454,WH001,Central Warehouse,London,South East,727,162.0,222.26,0.0,727.0,sufficient
22297,PROD001454,WH002,North Warehouse,Manchester,North West,612,218.0,296.09,3.0,609.0,sufficient
22297,PROD001454,WH003,Midlands Warehouse,Birmingham,West Midlands,167,609.0,709.28,0.0,167.0,sufficient
22297,PROD001454,WH004,Scotland Warehouse,Glasgow,Scotland,324,200.0,262.55,0.0,324.0,sufficient
22297,PROD001454,WH005,Wales Warehouse,Cardiff,Wales,125,219.0,292.68,24.0,101.0,sufficient
22299,PROD001455,WH001,Central Warehouse,London,South East,673,49.0,62.46,0.0,673.0,sufficient
22299,PROD001455,WH002,North Warehouse,Manchester,North West,677,178.0,140.34,48.0,629.0,sufficient
22299,PROD001455,WH003,Midlands Warehouse,Birmingham,West Midlands,5,20.0,28.68,1.0,4.0,sufficient
22299,PROD001455,WH004,Scotland Warehouse,Glasgow,Scotland,459,99.0,86.1,0.0,459.0,sufficient
22299,PROD001455,WH005,Wales Warehouse,Cardiff,Wales,925,28.0,40.04,0.0,925.0,sufficient
22300,PROD001456,WH001,Central Warehouse,London,South East,466,28.0,76.32000000000001,0.0,466.0,sufficient
22300,PROD001456,WH002,North Warehouse,Manchester,North West,536,51.0,149.83,1.0,535.0,sufficient
22300,PROD001456,WH003,Midlands Warehouse,Birmingham,West Midlands,458,105.0,258.98,6.0,452.0,sufficient
22300,PROD001456,WH004,Scotland Warehouse,Glasgow,Scotland,801,58.0,136.48,6.0,795.0,sufficient
22300,PROD001456,WH005,Wales Warehouse,Cardiff,Wales,571,65.0,178.1,6.0,565.0,sufficient
22301,PROD001457,WH001,Central Warehouse,London,South East,1211,75.0,223.68,0.0,1211.0,sufficient
22301,PROD001457,WH002,North Warehouse,Manchester,North West,197,43.0,117.08,0.0,197.0,sufficient
22301,PROD001457,WH003,Midlands Warehouse,Birmingham,West Midlands,700,127.0,293.96,6.0,694.0,sufficient
22301,PROD001457,WH004,Scotland Warehouse,Glasgow,Scotland,853,90.0,220.84,2.0,851.0,sufficient
22301,PROD001457,WH005,Wales Warehouse,Cardiff,Wales,744,45.0,137.15,0.0,744.0,sufficient
22303,PROD001459,WH001,Central Warehouse,London,South East,585,61.0,157.96,6.0,579.0,sufficient
22303,PROD001459,WH002,North Warehouse,Manchester,North West,476,98.0,252.31,6.0,470.0,sufficient
22303,PROD001459,WH003,Midlands Warehouse,Birmingham,West Midlands,419,62.0,158.1,0.0,419.0,sufficient
22303,PROD001459,WH004,Scotland Warehouse,Glasgow,Scotland,118,121.0,294.76,0.0,118.0,sufficient
22303,PROD001459,WH005,Wales Warehouse,Cardiff,Wales,375,91.0,232.05,12.0,363.0,sufficient
22304,PROD001460,WH001,Central Warehouse,London,South East,299,9.0,25.36,0.0,299.0,sufficient
22304,PROD001460,WH002,North Warehouse,Manchester,North West,482,28.0,76.22,0.0,482.0,sufficient
22304,PROD001460,WH003,Midlands Warehouse,Birmingham,West Midlands,445,71.0,167.47,0.0,445.0,sufficient
22304,PROD001460,WH004,Scotland Warehouse,Glasgow,Scotland,618,44.0,100.91999999999999,6.0,612.0,sufficient
22304,PROD001460,WH005,Wales Warehouse,Cardiff,Wales,726,26.0,65.72,0.0,726.0,sufficient
22305,PROD001461,WH001,Central Warehouse,London,South East,357,6.0,15.3,0.0,357.0,sufficient
22305,PROD001461,WH002,North Warehouse,Manchester,North West,987,12.0,30.6,0.0,987.0,sufficient
22305,PROD001461,WH003,Midlands Warehouse,Birmingham,West Midlands,966,13.0,33.150000000000006,0.0,966.0,sufficient
22305,PROD001461,WH004,Scotland Warehouse,Glasgow,Scotland,549,44.0,95.99999999999999,0.0,549.0,sufficient
22305,PROD001461,WH005,Wales Warehouse,Cardiff,Wales,257,1.0,2.55,0.0,257.0,sufficient
22306,PROD001462,WH001,Central Warehouse,London,South East,206,48.0,72.12,0.0,206.0,sufficient
22306,PROD001462,WH002,North Warehouse,Manchester,North West,817,14.0,14.84,0.0,817.0,sufficient
22306,PROD001462,WH003,Midlands Warehouse,Birmingham,West Midlands,300,12.0,12.72,0.0,300.0,sufficient
22306,PROD001462,WH004,Scotland Warehouse,Glasgow,Scotland,903,0.0,0.0,0.0,903.0,sufficient
22306,PROD001462,WH005,Wales Warehouse,Cardiff,Wales,133,19.0,32.71,1.0,132.0,sufficient
22308,PROD001464,WH001,Central Warehouse,London,South East,1041,14.0,50.67,1.0,1040.0,sufficient
22308,PROD001464,WH002,North Warehouse,Manchester,North West,471,4.0,15.02,0.0,471.0,sufficient
22308,PROD001464,WH003,Midlands Warehouse,Birmingham,West Midlands,1506,5.0,15.259999999999998,0.0,1506.0,sufficient
22308,PROD001464,WH004,Scotland Warehouse,Glasgow,Scotland,412,11.0,50.349999999999994,0.0,412.0,sufficient
22308,PROD001464,WH005,Wales Warehouse,Cardiff,Wales,308,10.0,35.34,0.0,308.0,sufficient
22310,PROD001466,WH001,Central Warehouse,London,South East,816,3.0,6.59,0.0,816.0,sufficient
22310,PROD001466,WH002,North Warehouse,Manchester,North West,413,106.0,154.9,106.0,307.0,sufficient
22310,PROD001466,WH003,Midlands Warehouse,Birmingham,West Midlands,58,15.0,40.28,0.0,58.0,sufficient
22310,PROD001466,WH004,Scotland Warehouse,Glasgow,Scotland,941,12.0,33.339999999999996,0.0,941.0,sufficient
22310,PROD001466,WH005,Wales Warehouse,Cardiff,Wales,68,67.0,122.49999999999999,4.0,64.0,sufficient
22312,PROD001468,WH001,Central Warehouse,London,South East,453,13.0,43.87,0.0,453.0,sufficient
22312,PROD001468,WH002,North Warehouse,Manchester,North West,100,35.0,148.93,4.0,96.0,sufficient
22312,PROD001468,WH003,Midlands Warehouse,Birmingham,West Midlands,899,16.0,78.88,1.0,898.0,sufficient
22312,PROD001468,WH004,Scotland Warehouse,Glasgow,Scotland,276,6.0,21.700000000000003,0.0,276.0,sufficient
22312,PROD001468,WH005,Wales Warehouse,Cardiff,Wales,385,43.0,133.41,1.0,384.0,sufficient
22314,PROD001470,WH001,Central Warehouse,London,South East,365,4.0,21.48,0.0,365.0,sufficient
22314,PROD001470,WH002,North Warehouse,Manchester,North West,955,27.0,107.57,0.0,955.0,sufficient
22314,PROD001470,WH003,Midlands Warehouse,Birmingham,West Midlands,48,24.0,76.6,0.0,48.0,sufficient
22314,PROD001470,WH004,Scotland Warehouse,Glasgow,Scotland,284,16.0,40.02,0.0,284.0,sufficient
22314,PROD001470,WH005,Wales Warehouse,Cardiff,Wales,80,12.0,35.4,0.0,80.0,sufficient
22317,PROD001473,WH001,Central Warehouse,London,South East,559,14.0,47.099999999999994,0.0,559.0,sufficient
22317,PROD001473,WH002,North Warehouse,Manchester,North West,883,13.0,41.19,7.0,876.0,sufficient
22317,PROD001473,WH003,Midlands Warehouse,Birmingham,West Midlands,973,2.0,5.9,0.0,973.0,sufficient
22317,PROD001473,WH004,Scotland Warehouse,Glasgow,Scotland,294,9.0,29.39,0.0,294.0,sufficient
22317,PROD001473,WH005,Wales Warehouse,Cardiff,Wales,538,4.0,20.07,0.0,538.0,sufficient
22320,PROD001476,WH001,Central Warehouse,London,South East,472,12.0,71.4,0.0,472.0,sufficient
22320,PROD001476,WH002,North Warehouse,Manchester,North West,625,8.0,47.6,0.0,625.0,sufficient
22320,PROD001476,WH003,Midlands Warehouse,Birmingham,West Midlands,102,14.0,83.30000000000001,1.0,101.0,sufficient
22320,PROD001476,WH004,Scotland Warehouse,Glasgow,Scotland,362,6.0,35.7,0.0,362.0,sufficient
22320,PROD001476,WH005,Wales Warehouse,Cardiff,Wales,630,22.0,130.9,6.0,624.0,sufficient
22321,PROD001477,WH001,Central Warehouse,London,South East,728,39.0,33.92999999999999,0.0,728.0,sufficient
22321,PROD001477,WH002,North Warehouse,Manchester,North West,303,78.0,68.67,0.0,303.0,sufficient
22321,PROD001477,WH003,Midlands Warehouse,Birmingham,West Midlands,377,16.0,15.94,0.0,377.0,sufficient
22321,PROD001477,WH004,Scotland Warehouse,Glasgow,Scotland,986,25.0,30.849999999999998,0.0,986.0,sufficient
22321,PROD001477,WH005,Wales Warehouse,Cardiff,Wales,968,14.0,17.45,1.0,967.0,sufficient
22324,PROD001480,WH001,Central Warehouse,London,South East,913,14.0,30.89,0.0,913.0,sufficient
22324,PROD001480,WH002,North Warehouse,Manchester,North West,779,3.0,10.29,1.0,778.0,sufficient
22324,PROD001480,WH003,Midlands Warehouse,Birmingham,West Midlands,75,2.0,3.9,0.0,75.0,sufficient
22324,PROD001480,WH004,Scotland Warehouse,Glasgow,Scotland,326,3.0,12.55,0.0,326.0,sufficient
22324,PROD001480,WH005,Wales Warehouse,Cardiff,Wales,843,31.0,73.69,2.0,841.0,sufficient
22334,PROD001490,WH001,Central Warehouse,London,South East,620,82.0,125.69999999999999,8.0,612.0,sufficient
22334,PROD001490,WH002,North Warehouse,Manchester,North West,204,10.0,21.49,0.0,204.0,sufficient
22334,PROD001490,WH003,Midlands Warehouse,Birmingham,West Midlands,328,63.0,94.35,0.0,328.0,sufficient
22334,PROD001490,WH004,Scotland Warehouse,Glasgow,Scotland,424,21.0,34.65,0.0,424.0,sufficient
22334,PROD001490,WH005,Wales Warehouse,Cardiff,Wales,758,346.0,503.7,0.0,758.0,sufficient
22335,PROD001491,WH001,Central Warehouse,London,South East,462,156.0,109.35,0.0,462.0,sufficient
22335,PROD001491,WH002,North Warehouse,Manchester,North West,556,72.0,49.89,1.0,555.0,sufficient
22335,PROD001491,WH003,Midlands Warehouse,Birmingham,West Midlands,576,110.0,79.0,0.0,576.0,sufficient
22335,PROD001491,WH004,Scotland Warehouse,Glasgow,Scotland,1131,383.0,233.29,2.0,1129.0,sufficient
22335,PROD001491,WH005,Wales Warehouse,Cardiff,Wales,1001,257.0,180.60999999999999,6.0,995.0,sufficient
22337,PROD001493,WH001,Central Warehouse,London,South East,324,32.0,20.36,0.0,324.0,sufficient
22337,PROD001493,WH002,North Warehouse,Manchester,North West,252,13.0,9.61,5.0,247.0,sufficient
22337,PROD001493,WH003,Midlands Warehouse,Birmingham,West Midlands,80,43.0,27.73,0.0,80.0,sufficient
22337,PROD001493,WH004,Scotland Warehouse,Glasgow,Scotland,960,35.0,22.75,24.0,936.0,sufficient
22337,PROD001493,WH005,Wales Warehouse,Cardiff,Wales,68,40.0,28.52,0.0,68.0,sufficient
22338,PROD001494,WH001,Central Warehouse,London,South East,510,116.0,30.84,0.0,510.0,sufficient
22338,PROD001494,WH002,North Warehouse,Manchester,North West,607,37.0,20.189999999999998,0.0,607.0,sufficient
22338,PROD001494,WH003,Midlands Warehouse,Birmingham,West Midlands,832,41.0,14.83,0.0,832.0,sufficient
22338,PROD001494,WH004,Scotland Warehouse,Glasgow,Scotland,486,37.0,23.79,5.0,481.0,sufficient
22338,PROD001494,WH005,Wales Warehouse,Cardiff,Wales,863,212.0,42.48,0.0,863.0,sufficient
22344,PROD001500,WH001,Central Warehouse,London,South East,593,44.0,22.849999999999998,24.0,569.0,sufficient
22344,PROD001500,WH002,North Warehouse,Manchester,North West,712,6.0,2.58,0.0,712.0,sufficient
22344,PROD001500,WH003,Midlands Warehouse,Birmingham,West Midlands,894,0.0,0.0,0.0,894.0,sufficient
22344,PROD001500,WH004,Scotland Warehouse,Glasgow,Scotland,199,0.0,0.0,0.0,199.0,sufficient
22344,PROD001500,WH005,Wales Warehouse,Cardiff,Wales,169,24.0,20.4,0.0,169.0,sufficient
22346,PROD001502,WH001,Central Warehouse,London,South East,444,0.0,0.0,0.0,444.0,sufficient
22346,PROD001502,WH002,North Warehouse,Manchester,North West,696,15.0,12.75,12.0,684.0,sufficient
22346,PROD001502,WH003,Midlands Warehouse,Birmingham,West Midlands,637,21.0,15.45,0.0,637.0,sufficient
22346,PROD001502,WH004,Scotland Warehouse,Glasgow,Scotland,665,36.0,15.239999999999998,0.0,665.0,sufficient
22346,PROD001502,WH005,Wales Warehouse,Cardiff,Wales,325,60.0,20.28,0.0,325.0,sufficient
22348,PROD001504,WH001,Central Warehouse,London,South East,847,142.0,131.11,1.0,846.0,sufficient
22348,PROD001504,WH002,North Warehouse,Manchester,North West,170,129.0,125.85,5.0,165.0,sufficient
22348,PROD001504,WH003,Midlands Warehouse,Birmingham,West Midlands,519,63.0,63.18,0.0,519.0,sufficient
22348,PROD001504,WH004,Scotland Warehouse,Glasgow,Scotland,414,80.0,71.14999999999999,6.0,408.0,sufficient
22348,PROD001504,WH005,Wales Warehouse,Cardiff,Wales,53,91.0,84.36999999999999,0.0,53.0,sufficient
22349,PROD001505,WH001,Central Warehouse,London,South East,783,18.0,67.5,0.0,783.0,sufficient
22349,PROD001505,WH002,North Warehouse,Manchester,North West,281,43.0,321.28,0.0,281.0,sufficient
22349,PROD001505,WH003,Midlands Warehouse,Birmingham,West Midlands,577,15.0,56.25,0.0,577.0,sufficient
22349,PROD001505,WH004,Scotland Warehouse,Glasgow,Scotland,282,14.0,56.53,0.0,282.0,sufficient
22349,PROD001505,WH005,Wales Warehouse,Cardiff,Wales,414,22.0,90.56,0.0,414.0,sufficient
22350,PROD001506,WH001,Central Warehouse,London,South East,926,29.0,94.26,0.0,926.0,sufficient
22350,PROD001506,WH002,North Warehouse,Manchester,North West,995,29.0,86.5,0.0,995.0,sufficient
22350,PROD001506,WH003,Midlands Warehouse,Birmingham,West Midlands,785,36.0,91.8,0.0,785.0,sufficient
22350,PROD001506,WH004,Scotland Warehouse,Glasgow,Scotland,34,22.0,66.03999999999999,0.0,34.0,sufficient
22350,PROD001506,WH005,Wales Warehouse,Cardiff,Wales,445,24.0,60.97,0.0,445.0,sufficient
22355,PROD001510,WH001,Central Warehouse,London,South East,430,568.0,473.11,3.0,427.0,sufficient
22355,PROD001510,WH002,North Warehouse,Manchester,North West,825,314.0,279.26,89.0,736.0,sufficient
22355,PROD001510,WH003,Midlands Warehouse,Birmingham,West Midlands,75,616.0,747.6,30.0,45.0,sufficient
22355,PROD001510,WH004,Scotland Warehouse,Glasgow,Scotland,317,653.0,876.31,209.0,108.0,low
22355,PROD001510,WH005,Wales Warehouse,Cardiff,Wales,460,457.0,450.96,101.0,359.0,sufficient
22357,PROD001512,WH001,Central Warehouse,London,South East,472,29.0,143.93,0.0,472.0,sufficient
22357,PROD001512,WH002,North Warehouse,Manchester,North West,121,10.0,46.54,0.0,121.0,sufficient
22357,PROD001512,WH003,Midlands Warehouse,Birmingham,West Midlands,163,29.0,131.51,0.0,163.0,sufficient
22357,PROD001512,WH004,Scotland Warehouse,Glasgow,Scotland,376,35.0,156.89,5.0,371.0,sufficient
22357,PROD001512,WH005,Wales Warehouse,Cardiff,Wales,706,14.0,67.58,1.0,705.0,sufficient
22359,PROD001514,WH001,Central Warehouse,London,South East,359,1.0,2.95,0.0,359.0,sufficient
22359,PROD001514,WH002,North Warehouse,Manchester,North West,76,2.0,5.9,0.0,76.0,sufficient
22359,PROD001514,WH003,Midlands Warehouse,Birmingham,West Midlands,316,4.0,14.64,1.0,315.0,sufficient
22359,PROD001514,WH004,Scotland Warehouse,Glasgow,Scotland,984,21.0,67.75,1.0,983.0,sufficient
22359,PROD001514,WH005,Wales Warehouse,Cardiff,Wales,430,3.0,5.9,0.0,430.0,sufficient
22362,PROD001517,WH001,Central Warehouse,London,South East,871,5.0,14.75,0.0,871.0,sufficient
22362,PROD001517,WH002,North Warehouse,Manchester,North West,800,10.0,32.34,0.0,800.0,sufficient
22362,PROD001517,WH003,Midlands Warehouse,Birmingham,West Midlands,397,4.0,14.64,0.0,397.0,sufficient
22362,PROD001517,WH004,Scotland Warehouse,Glasgow,Scotland,352,18.0,55.94,0.0,352.0,sufficient
22362,PROD001517,WH005,Wales Warehouse,Cardiff,Wales,862,24.0,85.36,0.0,862.0,sufficient
22363,PROD001518,WH001,Central Warehouse,London,South East,735,13.0,38.35,0.0,735.0,sufficient
22363,PROD001518,WH002,North Warehouse,Manchester,North West,720,20.0,61.959999999999994,0.0,720.0,sufficient
22363,PROD001518,WH003,Midlands Warehouse,Birmingham,West Midlands,317,14.0,41.3,12.0,305.0,sufficient
22363,PROD001518,WH004,Scotland Warehouse,Glasgow,Scotland,921,13.0,38.349999999999994,0.0,921.0,sufficient
22363,PROD001518,WH005,Wales Warehouse,Cardiff,Wales,809,3.0,8.850000000000001,0.0,809.0,sufficient
22381,PROD001532,WH001,Central Warehouse,London,South East,262,96.0,233.9,3.0,259.0,sufficient
22381,PROD001532,WH002,North Warehouse,Manchester,North West,995,201.0,416.28,0.0,995.0,sufficient
22381,PROD001532,WH003,Midlands Warehouse,Birmingham,West Midlands,401,133.0,295.71,0.0,401.0,sufficient
22381,PROD001532,WH004,Scotland Warehouse,Glasgow,Scotland,176,73.0,160.3,10.0,166.0,sufficient
22381,PROD001532,WH005,Wales Warehouse,Cardiff,Wales,28,154.0,331.77,0.0,28.0,sufficient
22382,PROD001533,WH001,Central Warehouse,London,South East,488,175.0,294.99,1.0,487.0,sufficient
22382,PROD001533,WH002,North Warehouse,Manchester,North West,701,405.0,678.03,23.0,678.0,sufficient
22382,PROD001533,WH003,Midlands Warehouse,Birmingham,West Midlands,64,572.0,889.67,20.0,44.0,sufficient
22382,PROD001533,WH004,Scotland Warehouse,Glasgow,Scotland,986,638.0,1009.25,4.0,982.0,sufficient
22382,PROD001533,WH005,Wales Warehouse,Cardiff,Wales,144,399.0,637.15,10.0,134.0,sufficient
22383,PROD001534,WH001,Central Warehouse,London,South East,207,562.0,895.75,1.0,206.0,sufficient
22383,PROD001534,WH002,North Warehouse,Manchester,North West,778,545.0,951.39,58.0,720.0,sufficient
22383,PROD001534,WH003,Midlands Warehouse,Birmingham,West Midlands,671,387.0,663.6,1.0,670.0,sufficient
22383,PROD001534,WH004,Scotland Warehouse,Glasgow,Scotland,719,434.0,735.32,12.0,707.0,sufficient
22383,PROD001534,WH005,Wales Warehouse,Cardiff,Wales,0,330.0,571.08,13.0,-13.0,critical
22384,PROD001535,WH001,Central Warehouse,London,South East,773,359.0,585.59,0.0,773.0,sufficient
22384,PROD001535,WH002,North Warehouse,Manchester,North West,508,449.0,736.72,32.0,476.0,sufficient
22384,PROD001535,WH003,Midlands Warehouse,Birmingham,West Midlands,747,487.0,781.98,0.0,747.0,sufficient
22384,PROD001535,WH004,Scotland Warehouse,Glasgow,Scotland,626,257.0,444.21999999999997,3.0,623.0,sufficient
22384,PROD001535,WH005,Wales Warehouse,Cardiff,Wales,817,288.0,482.79999999999995,3.0,814.0,sufficient
22386,PROD001537,WH001,Central Warehouse,London,South East,154,599.0,1276.15,130.0,24.0,low
22386,PROD001537,WH002,North Warehouse,Manchester,North West,405,1195.0,2233.58,20.0,385.0,sufficient
22386,PROD001537,WH003,Midlands Warehouse,Birmingham,West Midlands,148,770.0,1537.19,107.0,41.0,low
22386,PROD001537,WH004,Scotland Warehouse,Glasgow,Scotland,417,997.0,1821.8899999999999,332.0,85.0,low
22386,PROD001537,WH005,Wales Warehouse,Cardiff,Wales,788,576.0,1091.68,16.0,772.0,sufficient
22390,PROD001539,WH001,Central Warehouse,London,South East,511,0.0,0.0,0.0,511.0,sufficient
22390,PROD001539,WH002,North Warehouse,Manchester,North West,459,6.0,15.3,0.0,459.0,sufficient
22390,PROD001539,WH003,Midlands Warehouse,Birmingham,West Midlands,74,6.0,15.3,6.0,68.0,sufficient
22390,PROD001539,WH004,Scotland Warehouse,Glasgow,Scotland,257,12.0,30.6,0.0,257.0,sufficient
22390,PROD001539,WH005,Wales Warehouse,Cardiff,Wales,995,63.0,100.8,0.0,995.0,sufficient
22393,PROD001541,WH001,Central Warehouse,London,South East,909,14.0,17.81,0.0,909.0,sufficient
22393,PROD001541,WH002,North Warehouse,Manchester,North West,289,27.0,71.26,0.0,289.0,sufficient
22393,PROD001541,WH003,Midlands Warehouse,Birmingham,West Midlands,254,8.0,20.4,0.0,254.0,sufficient
22393,PROD001541,WH004,Scotland Warehouse,Glasgow,Scotland,594,26.0,42.89,0.0,594.0,sufficient
22393,PROD001541,WH005,Wales Warehouse,Cardiff,Wales,71,6.0,15.3,0.0,71.0,sufficient
22396,PROD001544,WH001,Central Warehouse,London,South East,6,173.0,165.38,0.0,6.0,sufficient
22396,PROD001544,WH002,North Warehouse,Manchester,North West,317,36.0,34.68,0.0,317.0,sufficient
22396,PROD001544,WH003,Midlands Warehouse,Birmingham,West Midlands,22,4.0,1.56,0.0,22.0,sufficient
22396,PROD001544,WH004,Scotland Warehouse,Glasgow,Scotland,256,13.0,5.93,0.0,256.0,sufficient
22396,PROD001544,WH005,Wales Warehouse,Cardiff,Wales,728,20.0,9.92,1.0,727.0,sufficient
22398,PROD001545,WH001,Central Warehouse,London,South East,1139,87.0,70.05,0.0,1139.0,sufficient
22398,PROD001545,WH002,North Warehouse,Manchester,North West,731,67.0,63.11,0.0,731.0,sufficient
22398,PROD001545,WH003,Midlands Warehouse,Birmingham,West Midlands,535,124.0,91.71,12.0,523.0,sufficient
22398,PROD001545,WH004,Scotland Warehouse,Glasgow,Scotland,847,45.0,35.61,1.0,846.0,sufficient
22398,PROD001545,WH005,Wales Warehouse,Cardiff,Wales,1212,14.0,6.319999999999999,0.0,1212.0,sufficient
22400,PROD001547,WH001,Central Warehouse,London,South East,416,13.0,5.069999999999999,0.0,416.0,sufficient
22400,PROD001547,WH002,North Warehouse,Manchester,North West,446,38.0,14.819999999999999,0.0,446.0,sufficient
22400,PROD001547,WH003,Midlands Warehouse,Birmingham,West Midlands,681,2.0,0.78,0.0,681.0,sufficient
22400,PROD001547,WH004,Scotland Warehouse,Glasgow,Scotland,995,54.0,33.96,0.0,995.0,sufficient
22400,PROD001547,WH005,Wales Warehouse,Cardiff,Wales,676,112.0,66.9,0.0,676.0,sufficient
22403,PROD001549,WH001,Central Warehouse,London,South East,659,12.0,4.68,0.0,659.0,sufficient
22403,PROD001549,WH002,North Warehouse,Manchester,North West,493,15.0,18.75,0.0,493.0,sufficient
22403,PROD001549,WH003,Midlands Warehouse,Birmingham,West Midlands,243,50.0,54.6,0.0,243.0,sufficient
22403,PROD001549,WH004,Scotland Warehouse,Glasgow,Scotland,479,49.0,31.549999999999997,0.0,479.0,sufficient
22403,PROD001549,WH005,Wales Warehouse,Cardiff,Wales,530,27.0,35.01,0.0,530.0,sufficient
22405,PROD001550,WH001,Central Warehouse,London,South East,96,3.0,3.75,0.0,96.0,sufficient
22405,PROD001550,WH002,North Warehouse,Manchester,North West,665,19.0,26.17,2.0,663.0,sufficient
22405,PROD001550,WH003,Midlands Warehouse,Birmingham,West Midlands,139,83.0,94.63,0.0,139.0,sufficient
22405,PROD001550,WH004,Scotland Warehouse,Glasgow,Scotland,74,60.0,78.63,0.0,74.0,sufficient
22405,PROD001550,WH005,Wales Warehouse,Cardiff,Wales,2,26.0,33.71,0.0,2.0,sufficient
22408,PROD001553,WH001,Central Warehouse,London,South East,466,15.0,18.75,0.0,466.0,sufficient
22408,PROD001553,WH002,North Warehouse,Manchester,North West,173,2.0,5.02,0.0,173.0,sufficient
22408,PROD001553,WH003,Midlands Warehouse,Birmingham,West Midlands,466,8.0,10.0,0.0,466.0,sufficient
22408,PROD001553,WH004,Scotland Warehouse,Glasgow,Scotland,492,2.0,2.5,0.0,492.0,sufficient
22408,PROD001553,WH005,Wales Warehouse,Cardiff,Wales,533,12.0,15.0,0.0,533.0,sufficient
22411,PROD001556,WH001,Central Warehouse,London,South East,422,345.0,780.95,51.0,371.0,sufficient
22411,PROD001556,WH002,North Warehouse,Manchester,North West,903,654.0,1393.74,16.0,887.0,sufficient
22411,PROD001556,WH003,Midlands Warehouse,Birmingham,West Midlands,762,277.0,594.79,12.0,750.0,sufficient
22411,PROD001556,WH004,Scotland Warehouse,Glasgow,Scotland,733,591.0,1136.5900000000001,5.0,728.0,sufficient
22411,PROD001556,WH005,Wales Warehouse,Cardiff,Wales,207,894.0,1813.07,0.0,207.0,sufficient
22414,PROD001559,WH001,Central Warehouse,London,South East,292,5.0,71.28999999999999,0.0,292.0,sufficient
22414,PROD001559,WH002,North Warehouse,Manchester,North West,450,6.0,53.32,0.0,450.0,sufficient
22414,PROD001559,WH003,Midlands Warehouse,Birmingham,West Midlands,467,5.0,51.13,0.0,467.0,sufficient
22414,PROD001559,WH004,Scotland Warehouse,Glasgow,Scotland,222,13.0,110.36,0.0,222.0,sufficient
22414,PROD001559,WH005,Wales Warehouse,Cardiff,Wales,732,3.0,36.85,0.0,732.0,sufficient
22417,PROD001562,WH001,Central Warehouse,London,South East,203,206.0,124.42999999999999,3.0,200.0,sufficient
22417,PROD001562,WH002,North Warehouse,Manchester,North West,949,140.0,78.46,1.0,948.0,sufficient
22417,PROD001562,WH003,Midlands Warehouse,Birmingham,West Midlands,847,431.0,241.41,144.0,703.0,sufficient
22417,PROD001562,WH004,Scotland Warehouse,Glasgow,Scotland,135,359.0,186.41,0.0,135.0,sufficient
22417,PROD001562,WH005,Wales Warehouse,Cardiff,Wales,256,256.0,142.23,0.0,256.0,sufficient
22422,PROD001567,WH001,Central Warehouse,London,South East,792,129.0,85.11,36.0,756.0,sufficient
22422,PROD001567,WH002,North Warehouse,Manchester,North West,601,31.0,38.27,0.0,601.0,sufficient
22422,PROD001567,WH003,Midlands Warehouse,Birmingham,West Midlands,119,15.0,17.01,0.0,119.0,sufficient
22422,PROD001567,WH004,Scotland Warehouse,Glasgow,Scotland,296,34.0,26.3,0.0,296.0,sufficient
22422,PROD001567,WH005,Wales Warehouse,Cardiff,Wales,594,34.0,25.759999999999998,0.0,594.0,sufficient
22424,PROD001569,WH001,Central Warehouse,London,South East,111,34.0,466.81,0.0,111.0,sufficient
22424,PROD001569,WH002,North Warehouse,Manchester,North West,423,34.0,351.36,0.0,423.0,sufficient
22424,PROD001569,WH003,Midlands Warehouse,Birmingham,West Midlands,518,39.0,520.54,0.0,518.0,sufficient
22424,PROD001569,WH004,Scotland Warehouse,Glasgow,Scotland,727,29.0,530.6,0.0,727.0,sufficient
22424,PROD001569,WH005,Wales Warehouse,Cardiff,Wales,188,14.0,202.92000000000002,0.0,188.0,sufficient
22425,PROD001570,WH001,Central Warehouse,London,South East,319,20.0,104.01,0.0,319.0,sufficient
22425,PROD001570,WH002,North Warehouse,Manchester,North West,781,21.0,114.18,0.0,781.0,sufficient
22425,PROD001570,WH003,Midlands Warehouse,Birmingham,West Midlands,484,8.0,50.04,4.0,480.0,sufficient
22425,PROD001570,WH004,Scotland Warehouse,Glasgow,Scotland,331,11.0,59.46,0.0,331.0,sufficient
22425,PROD001570,WH005,Wales Warehouse,Cardiff,Wales,911,11.0,59.669999999999995,0.0,911.0,sufficient
22434,PROD001579,WH001,Central Warehouse,London,South East,740,30.0,58.5,0.0,740.0,sufficient
22434,PROD001579,WH002,North Warehouse,Manchester,North West,570,13.0,25.35,0.0,570.0,sufficient
22434,PROD001579,WH003,Midlands Warehouse,Birmingham,West Midlands,963,29.0,56.55,0.0,963.0,sufficient
22434,PROD001579,WH004,Scotland Warehouse,Glasgow,Scotland,804,37.0,72.14999999999999,8.0,796.0,sufficient
22434,PROD001579,WH005,Wales Warehouse,Cardiff,Wales,804,10.0,19.5,0.0,804.0,sufficient
22435,PROD001580,WH001,Central Warehouse,London,South East,904,161.0,182.25,0.0,904.0,sufficient
22435,PROD001580,WH002,North Warehouse,Manchester,North West,604,53.0,68.67,1.0,603.0,sufficient
22435,PROD001580,WH003,Midlands Warehouse,Birmingham,West Midlands,85,95.0,115.71,0.0,85.0,sufficient
22435,PROD001580,WH004,Scotland Warehouse,Glasgow,Scotland,222,109.0,138.77,12.0,210.0,sufficient
22435,PROD001580,WH005,Wales Warehouse,Cardiff,Wales,40,91.0,116.17,0.0,40.0,sufficient
22440,PROD001585,WH001,Central Warehouse,London,South East,704,445.0,168.9,0.0,704.0,sufficient
22440,PROD001585,WH002,North Warehouse,Manchester,North West,409,60.0,25.200000000000003,0.0,409.0,sufficient
22440,PROD001585,WH003,Midlands Warehouse,Birmingham,West Midlands,587,26.0,10.92,0.0,587.0,sufficient
22440,PROD001585,WH004,Scotland Warehouse,Glasgow,Scotland,64,31.0,13.02,0.0,64.0,sufficient
22440,PROD001585,WH005,Wales Warehouse,Cardiff,Wales,171,220.0,95.68,2.0,169.0,sufficient
22444,PROD001589,WH001,Central Warehouse,London,South East,859,126.0,165.06,0.0,859.0,sufficient
22444,PROD001589,WH002,North Warehouse,Manchester,North West,33,217.0,271.25,0.0,33.0,sufficient
22444,PROD001589,WH003,Midlands Warehouse,Birmingham,West Midlands,914,173.0,222.55,2.0,912.0,sufficient
22444,PROD001589,WH004,Scotland Warehouse,Glasgow,Scotland,654,119.0,157.57,48.0,606.0,sufficient
22444,PROD001589,WH005,Wales Warehouse,Cardiff,Wales,895,171.0,213.75,24.0,871.0,sufficient
22447,PROD001592,WH001,Central Warehouse,London,South East,586,1.0,2.46,0.0,586.0,sufficient
22447,PROD001592,WH002,North Warehouse,Manchester,North West,932,1.0,6.77,0.0,932.0,sufficient
22447,PROD001592,WH003,Midlands Warehouse,Birmingham,West Midlands,291,0.0,0.0,0.0,291.0,sufficient
22447,PROD001592,WH004,Scotland Warehouse,Glasgow,Scotland,701,7.0,23.450000000000003,0.0,701.0,sufficient
22447,PROD001592,WH005,Wales Warehouse,Cardiff,Wales,195,1.0,3.35,0.0,195.0,sufficient
22448,PROD001593,WH001,Central Warehouse,London,South East,228,2.0,6.7,0.0,228.0,sufficient
22448,PROD001593,WH002,North Warehouse,Manchester,North West,781,256.0,761.6,0.0,781.0,sufficient
22448,PROD001593,WH003,Midlands Warehouse,Birmingham,West Midlands,140,1.0,3.35,1.0,139.0,sufficient
22448,PROD001593,WH004,Scotland Warehouse,Glasgow,Scotland,990,8.0,33.36,0.0,990.0,sufficient
22448,PROD001593,WH005,Wales Warehouse,Cardiff,Wales,562,8.0,26.8,0.0,562.0,sufficient
22450,PROD001595,WH001,Central Warehouse,London,South East,271,3.0,10.05,0.0,271.0,sufficient
22450,PROD001595,WH002,North Warehouse,Manchester,North West,332,15.0,50.25,0.0,332.0,sufficient
22450,PROD001595,WH003,Midlands Warehouse,Birmingham,West Midlands,480,20.0,67.0,0.0,480.0,sufficient
22450,PROD001595,WH004,Scotland Warehouse,Glasgow,Scotland,397,35.0,117.25,3.0,394.0,sufficient
22450,PROD001595,WH005,Wales Warehouse,Cardiff,Wales,79,31.0,103.85000000000001,0.0,79.0,sufficient
22451,PROD001596,WH001,Central Warehouse,London,South East,303,6.0,23.52,0.0,303.0,sufficient
22451,PROD001596,WH002,North Warehouse,Manchester,North West,466,9.0,30.150000000000002,0.0,466.0,sufficient
22451,PROD001596,WH003,Midlands Warehouse,Birmingham,West Midlands,536,20.0,70.42,0.0,536.0,sufficient
22451,PROD001596,WH004,Scotland Warehouse,Glasgow,Scotland,241,5.0,16.75,0.0,241.0,sufficient
22451,PROD001596,WH005,Wales Warehouse,Cardiff,Wales,319,17.0,63.790000000000006,0.0,319.0,sufficient
22456,PROD001600,WH001,Central Warehouse,London,South East,224,107.0,709.8800000000001,0.0,224.0,sufficient
22456,PROD001600,WH002,North Warehouse,Manchester,North West,716,53.0,292.83,1.0,715.0,sufficient
22456,PROD001600,WH003,Midlands Warehouse,Birmingham,West Midlands,226,86.0,479.28,8.0,218.0,sufficient
22456,PROD001600,WH004,Scotland Warehouse,Glasgow,Scotland,761,53.0,287.82,9.0,752.0,sufficient
22456,PROD001600,WH005,Wales Warehouse,Cardiff,Wales,363,74.0,406.59,6.0,357.0,sufficient
22458,PROD001602,WH001,Central Warehouse,London,South East,860,8.0,20.4,0.0,860.0,sufficient
22458,PROD001602,WH002,North Warehouse,Manchester,North West,263,8.0,20.4,0.0,263.0,sufficient
22458,PROD001602,WH003,Midlands Warehouse,Birmingham,West Midlands,428,25.0,63.75,0.0,428.0,sufficient
22458,PROD001602,WH004,Scotland Warehouse,Glasgow,Scotland,498,22.0,58.60999999999999,0.0,498.0,sufficient
22458,PROD001602,WH005,Wales Warehouse,Cardiff,Wales,291,10.0,25.5,0.0,291.0,sufficient
22466,PROD001608,WH001,Central Warehouse,London,South East,330,86.0,153.3,0.0,330.0,sufficient
22466,PROD001608,WH002,North Warehouse,Manchester,North West,767,80.0,158.17999999999998,0.0,767.0,sufficient
22466,PROD001608,WH003,Midlands Warehouse,Birmingham,West Midlands,271,148.0,262.06,0.0,271.0,sufficient
22466,PROD001608,WH004,Scotland Warehouse,Glasgow,Scotland,65,27.0,57.01,0.0,65.0,sufficient
22466,PROD001608,WH005,Wales Warehouse,Cardiff,Wales,414,161.0,291.93,12.0,402.0,sufficient
22469,PROD001611,WH001,Central Warehouse,London,South East,272,1637.0,2948.19,138.0,134.0,low
22469,PROD001611,WH002,North Warehouse,Manchester,North West,290,252.0,402.66,6.0,284.0,sufficient
22469,PROD001611,WH003,Midlands Warehouse,Birmingham,West Midlands,198,306.0,547.41,0.0,198.0,sufficient
22469,PROD001611,WH004,Scotland Warehouse,Glasgow,Scotland,385,1900.0,3426.09,12.0,373.0,sufficient
22469,PROD001611,WH005,Wales Warehouse,Cardiff,Wales,585,397.0,797.79,12.0,573.0,sufficient
22471,PROD001613,WH001,Central Warehouse,London,South East,977,4.0,31.939999999999998,0.0,977.0,sufficient
22471,PROD001613,WH002,North Warehouse,Manchester,North West,979,1.0,4.95,0.0,979.0,sufficient
22471,PROD001613,WH003,Midlands Warehouse,Birmingham,West Midlands,442,3.0,20.92,0.0,442.0,sufficient
22471,PROD001613,WH004,Scotland Warehouse,Glasgow,Scotland,751,4.0,25.869999999999997,0.0,751.0,sufficient
22471,PROD001613,WH005,Wales Warehouse,Cardiff,Wales,184,9.0,56.69,0.0,184.0,sufficient
22473,PROD001615,WH001,Central Warehouse,London,South East,220,5.0,15.75,0.0,220.0,sufficient
22473,PROD001615,WH002,North Warehouse,Manchester,North West,33,2.0,9.9,1.0,32.0,sufficient
22473,PROD001615,WH003,Midlands Warehouse,Birmingham,West Midlands,50,109.0,417.27,3.0,47.0,sufficient
22473,PROD001615,WH004,Scotland Warehouse,Glasgow,Scotland,20,38.0,133.99,0.0,20.0,sufficient
22473,PROD001615,WH005,Wales Warehouse,Cardiff,Wales,940,0.0,0.0,0.0,940.0,sufficient
22474,PROD001616,WH001,Central Warehouse,London,South East,755,15.0,61.93,0.0,755.0,sufficient
22474,PROD001616,WH002,North Warehouse,Manchester,North West,667,3.0,21.58,0.0,667.0,sufficient
22474,PROD001616,WH003,Midlands Warehouse,Birmingham,West Midlands,339,8.0,45.67,0.0,339.0,sufficient
22474,PROD001616,WH004,Scotland Warehouse,Glasgow,Scotland,453,11.0,66.59,0.0,453.0,sufficient
22474,PROD001616,WH005,Wales Warehouse,Cardiff,Wales,475,10.0,55.339999999999996,0.0,475.0,sufficient
22477,PROD001619,WH001,Central Warehouse,London,South East,535,5.0,8.67,0.0,535.0,sufficient
22477,PROD001619,WH002,North Warehouse,Manchester,North West,73,76.0,102.31,0.0,73.0,sufficient
22477,PROD001619,WH003,Midlands Warehouse,Birmingham,West Midlands,711,44.0,58.63,3.0,708.0,sufficient
22477,PROD001619,WH004,Scotland Warehouse,Glasgow,Scotland,183,27.0,36.17,0.0,183.0,sufficient
22477,PROD001619,WH005,Wales Warehouse,Cardiff,Wales,193,24.0,32.42,0.0,193.0,sufficient
22480,PROD001622,WH001,Central Warehouse,London,South East,956,47.0,58.75,24.0,932.0,sufficient
22480,PROD001622,WH002,North Warehouse,Manchester,North West,752,63.0,78.75,0.0,752.0,sufficient
22480,PROD001622,WH003,Midlands Warehouse,Birmingham,West Midlands,970,18.0,22.5,0.0,970.0,sufficient
22480,PROD001622,WH004,Scotland Warehouse,Glasgow,Scotland,30,23.0,29.96,0.0,30.0,sufficient
22480,PROD001622,WH005,Wales Warehouse,Cardiff,Wales,211,27.0,33.75,12.0,199.0,sufficient
22482,PROD001624,WH001,Central Warehouse,London,South East,567,11.0,13.75,0.0,567.0,sufficient
22482,PROD001624,WH002,North Warehouse,Manchester,North West,354,14.0,17.5,0.0,354.0,sufficient
22482,PROD001624,WH003,Midlands Warehouse,Birmingham,West Midlands,9,34.0,42.5,0.0,9.0,sufficient
22482,PROD001624,WH004,Scotland Warehouse,Glasgow,Scotland,277,123.0,135.51,0.0,277.0,sufficient
22482,PROD001624,WH005,Wales Warehouse,Cardiff,Wales,860,40.0,50.0,0.0,860.0,sufficient
22487,PROD001628,WH001,Central Warehouse,London,South East,939,31.0,285.25,0.0,939.0,sufficient
22487,PROD001628,WH002,North Warehouse,Manchester,North West,625,37.0,402.47999999999996,4.0,621.0,sufficient
22487,PROD001628,WH003,Midlands Warehouse,Birmingham,West Midlands,184,19.0,189.04999999999998,3.0,181.0,sufficient
22487,PROD001628,WH004,Scotland Warehouse,Glasgow,Scotland,905,40.0,388.27,0.0,905.0,sufficient
22487,PROD001628,WH005,Wales Warehouse,Cardiff,Wales,564,26.0,299.58,0.0,564.0,sufficient
22488,PROD001629,WH001,Central Warehouse,London,South East,468,210.0,333.93,0.0,468.0,sufficient
22488,PROD001629,WH002,North Warehouse,Manchester,North West,886,219.0,496.59,0.0,886.0,sufficient
22488,PROD001629,WH003,Midlands Warehouse,Birmingham,West Midlands,673,144.0,247.65,0.0,673.0,sufficient
22488,PROD001629,WH004,Scotland Warehouse,Glasgow,Scotland,914,60.0,107.2,1.0,913.0,sufficient
22488,PROD001629,WH005,Wales Warehouse,Cardiff,Wales,139,144.0,232.92,3.0,136.0,sufficient
22492,PROD001632,WH001,Central Warehouse,London,South East,928,685.0,446.22999999999996,0.0,928.0,sufficient
22492,PROD001632,WH002,North Warehouse,Manchester,North West,194,1407.0,917.49,108.0,86.0,low
22492,PROD001632,WH003,Midlands Warehouse,Birmingham,West Midlands,973,1153.0,678.4300000000001,0.0,973.0,sufficient
22492,PROD001632,WH004,Scotland Warehouse,Glasgow,Scotland,955,1873.0,1074.46,0.0,955.0,sufficient
22492,PROD001632,WH005,Wales Warehouse,Cardiff,Wales,761,760.0,497.98,108.0,653.0,sufficient
22495,PROD001635,WH001,Central Warehouse,London,South East,962,1.0,5.91,0.0,962.0,sufficient
22495,PROD001635,WH002,North Warehouse,Manchester,North West,986,9.0,29.39,0.0,986.0,sufficient
22495,PROD001635,WH003,Midlands Warehouse,Birmingham,West Midlands,517,21.0,64.91,0.0,517.0,sufficient
22495,PROD001635,WH004,Scotland Warehouse,Glasgow,Scotland,658,52.0,141.95999999999998,0.0,658.0,sufficient
22495,PROD001635,WH005,Wales Warehouse,Cardiff,Wales,110,9.0,27.349999999999998,0.0,110.0,sufficient
22496,PROD001636,WH001,Central Warehouse,London,South East,1469,0.0,0.0,0.0,1469.0,sufficient
22496,PROD001636,WH002,North Warehouse,Manchester,North West,639,14.0,41.3,0.0,639.0,sufficient
22496,PROD001636,WH003,Midlands Warehouse,Birmingham,West Midlands,216,20.0,61.839999999999996,0.0,216.0,sufficient
22496,PROD001636,WH004,Scotland Warehouse,Glasgow,Scotland,1394,5.0,14.75,0.0,1394.0,sufficient
22496,PROD001636,WH005,Wales Warehouse,Cardiff,Wales,1444,9.0,26.549999999999997,0.0,1444.0,sufficient
22498,PROD001638,WH001,Central Warehouse,London,South East,30,17.0,114.17000000000002,0.0,30.0,sufficient
22498,PROD001638,WH002,North Warehouse,Manchester,North West,4,18.0,106.11000000000001,0.0,4.0,sufficient
22498,PROD001638,WH003,Midlands Warehouse,Birmingham,West Midlands,730,17.0,101.15,0.0,730.0,sufficient
22498,PROD001638,WH004,Scotland Warehouse,Glasgow,Scotland,814,19.0,119.56,0.0,814.0,sufficient
22498,PROD001638,WH005,Wales Warehouse,Cardiff,Wales,421,14.0,100.12,0.0,421.0,sufficient
22502,PROD001642,WH001,Central Warehouse,London,South East,2076,62.0,365.18,0.0,2076.0,sufficient
22502,PROD001642,WH002,North Warehouse,Manchester,North West,842,90.0,390.36,4.0,838.0,sufficient
22502,PROD001642,WH003,Midlands Warehouse,Birmingham,West Midlands,1758,46.0,254.88000000000002,1.0,1757.0,sufficient
22502,PROD001642,WH004,Scotland Warehouse,Glasgow,Scotland,1523,82.0,581.29,0.0,1523.0,sufficient
22502,PROD001642,WH005,Wales Warehouse,Cardiff,Wales,1668,53.0,333.63,0.0,1668.0,sufficient
22510,PROD001649,WH001,Central Warehouse,London,South East,54,0.0,0.0,0.0,54.0,sufficient
22510,PROD001649,WH002,North Warehouse,Manchester,North West,55,1.0,3.75,0.0,55.0,sufficient
22510,PROD001649,WH003,Midlands Warehouse,Birmingham,West Midlands,265,10.0,25.240000000000002,0.0,265.0,sufficient
22510,PROD001649,WH004,Scotland Warehouse,Glasgow,Scotland,221,25.0,33.75,0.0,221.0,sufficient
22510,PROD001649,WH005,Wales Warehouse,Cardiff,Wales,999,4.0,15.0,0.0,999.0,sufficient
22512,PROD001651,WH001,Central Warehouse,London,South East,577,0.0,0.0,0.0,577.0,sufficient
22512,PROD001651,WH002,North Warehouse,Manchester,North West,818,4.0,15.0,4.0,814.0,sufficient
22512,PROD001651,WH003,Midlands Warehouse,Birmingham,West Midlands,236,1.0,3.75,0.0,236.0,sufficient
22512,PROD001651,WH004,Scotland Warehouse,Glasgow,Scotland,106,3.0,8.29,0.0,106.0,sufficient
22512,PROD001651,WH005,Wales Warehouse,Cardiff,Wales,983,1.0,3.75,0.0,983.0,sufficient
22517,PROD001656,WH001,Central Warehouse,London,South East,208,17.0,35.7,0.0,208.0,sufficient
22517,PROD001656,WH002,North Warehouse,Manchester,North West,157,158.0,252.23999999999998,0.0,157.0,sufficient
22517,PROD001656,WH003,Midlands Warehouse,Birmingham,West Midlands,36,9.0,25.15,0.0,36.0,sufficient
22517,PROD001656,WH004,Scotland Warehouse,Glasgow,Scotland,695,63.0,113.90999999999998,0.0,695.0,sufficient
22517,PROD001656,WH005,Wales Warehouse,Cardiff,Wales,653,2.0,4.2,0.0,653.0,sufficient
22518,PROD001657,WH001,Central Warehouse,London,South East,1160,11.0,27.32,0.0,1160.0,sufficient
22518,PROD001657,WH002,North Warehouse,Manchester,North West,976,1.0,4.13,0.0,976.0,sufficient
22518,PROD001657,WH003,Midlands Warehouse,Birmingham,West Midlands,123,3.0,12.55,0.0,123.0,sufficient
22518,PROD001657,WH004,Scotland Warehouse,Glasgow,Scotland,375,46.0,87.6,0.0,375.0,sufficient
22518,PROD001657,WH005,Wales Warehouse,Cardiff,Wales,1007,21.0,42.0,6.0,1001.0,sufficient
22519,PROD001658,WH001,Central Warehouse,London,South East,380,19.0,39.9,0.0,380.0,sufficient
22519,PROD001658,WH002,North Warehouse,Manchester,North West,660,13.0,27.31,0.0,660.0,sufficient
22519,PROD001658,WH003,Midlands Warehouse,Birmingham,West Midlands,989,13.0,31.52,9.0,980.0,sufficient
22519,PROD001658,WH004,Scotland Warehouse,Glasgow,Scotland,342,29.0,69.18,0.0,342.0,sufficient
22519,PROD001658,WH005,Wales Warehouse,Cardiff,Wales,732,17.0,41.95,7.0,725.0,sufficient
22521,PROD001660,WH001,Central Warehouse,London,South East,361,46.0,39.099999999999994,0.0,361.0,sufficient
22521,PROD001660,WH002,North Warehouse,Manchester,North West,772,19.0,16.93,0.0,772.0,sufficient
22521,PROD001660,WH003,Midlands Warehouse,Birmingham,West Midlands,61,15.0,12.75,0.0,61.0,sufficient
22521,PROD001660,WH004,Scotland Warehouse,Glasgow,Scotland,980,44.0,37.4,2.0,978.0,sufficient
22521,PROD001660,WH005,Wales Warehouse,Cardiff,Wales,294,75.0,63.75,15.0,279.0,sufficient
22522,PROD001661,WH001,Central Warehouse,London,South East,667,47.0,39.949999999999996,0.0,667.0,sufficient
22522,PROD001661,WH002,North Warehouse,Manchester,North West,105,36.0,33.03,0.0,105.0,sufficient
22522,PROD001661,WH003,Midlands Warehouse,Birmingham,West Midlands,935,42.0,35.699999999999996,0.0,935.0,sufficient
22522,PROD001661,WH004,Scotland Warehouse,Glasgow,Scotland,548,16.0,13.6,0.0,548.0,sufficient
22522,PROD001661,WH005,Wales Warehouse,Cardiff,Wales,448,64.0,56.739999999999995,12.0,436.0,sufficient
22530,PROD001668,WH001,Central Warehouse,London,South East,338,59.0,26.42,0.0,338.0,sufficient
22530,PROD001668,WH002,North Warehouse,Manchester,North West,18,264.0,97.99000000000001,0.0,18.0,sufficient
22530,PROD001668,WH003,Midlands Warehouse,Birmingham,West Midlands,592,191.0,81.94,25.0,567.0,sufficient
22530,PROD001668,WH004,Scotland Warehouse,Glasgow,Scotland,762,56.0,26.0,0.0,762.0,sufficient
22530,PROD001668,WH005,Wales Warehouse,Cardiff,Wales,722,104.0,45.79,48.0,674.0,sufficient
22531,PROD001669,WH001,Central Warehouse,London,South East,66,26.0,11.74,0.0,66.0,sufficient
22531,PROD001669,WH002,North Warehouse,Manchester,North West,690,80.0,34.01,1.0,689.0,sufficient
22531,PROD001669,WH003,Midlands Warehouse,Birmingham,West Midlands,943,38.0,17.25,0.0,943.0,sufficient
22531,PROD001669,WH004,Scotland Warehouse,Glasgow,Scotland,762,157.0,69.38,8.0,754.0,sufficient
22531,PROD001669,WH005,Wales Warehouse,Cardiff,Wales,497,41.0,18.92,3.0,494.0,sufficient
22532,PROD001670,WH001,Central Warehouse,London,South East,992,6.0,2.5199999999999996,0.0,992.0,sufficient
22532,PROD001670,WH002,North Warehouse,Manchester,North West,335,53.0,22.69,0.0,335.0,sufficient
22532,PROD001670,WH003,Midlands Warehouse,Birmingham,West Midlands,938,1.0,0.42,0.0,938.0,sufficient
22532,PROD001670,WH004,Scotland Warehouse,Glasgow,Scotland,405,6.0,2.95,0.0,405.0,sufficient
22532,PROD001670,WH005,Wales Warehouse,Cardiff,Wales,651,322.0,124.58,0.0,651.0,sufficient
22533,PROD001671,WH001,Central Warehouse,London,South East,563,26.0,11.35,0.0,563.0,sufficient
22533,PROD001671,WH002,North Warehouse,Manchester,North West,456,33.0,13.86,0.0,456.0,sufficient
22533,PROD001671,WH003,Midlands Warehouse,Birmingham,West Midlands,820,138.0,57.96,0.0,820.0,sufficient
22533,PROD001671,WH004,Scotland Warehouse,Glasgow,Scotland,683,138.0,57.96,5.0,678.0,sufficient
22533,PROD001671,WH005,Wales Warehouse,Cardiff,Wales,528,53.0,22.26,0.0,528.0,sufficient
22534,PROD001672,WH001,Central Warehouse,London,South East,634,394.0,167.96,48.0,586.0,sufficient
22534,PROD001672,WH002,North Warehouse,Manchester,North West,43,241.0,101.22,10.0,33.0,sufficient
22534,PROD001672,WH003,Midlands Warehouse,Birmingham,West Midlands,549,831.0,437.17,0.0,549.0,sufficient
22534,PROD001672,WH004,Scotland Warehouse,Glasgow,Scotland,106,118.0,53.699999999999996,0.0,106.0,sufficient
22534,PROD001672,WH005,Wales Warehouse,Cardiff,Wales,409,107.0,45.37,0.0,409.0,sufficient
22536,PROD001674,WH001,Central Warehouse,London,South East,776,12.0,5.47,0.0,776.0,sufficient
22536,PROD001674,WH002,North Warehouse,Manchester,North West,81,148.0,62.160000000000004,48.0,33.0,low
22536,PROD001674,WH003,Midlands Warehouse,Birmingham,West Midlands,349,581.0,209.46,0.0,349.0,sufficient
22536,PROD001674,WH004,Scotland Warehouse,Glasgow,Scotland,669,74.0,32.37,0.0,669.0,sufficient
22536,PROD001674,WH005,Wales Warehouse,Cardiff,Wales,180,75.0,31.930000000000003,0.0,180.0,sufficient
22540,PROD001678,WH001,Central Warehouse,London,South East,551,49.0,21.01,0.0,551.0,sufficient
22540,PROD001678,WH002,North Warehouse,Manchester,North West,462,6.0,3.36,0.0,462.0,sufficient
22540,PROD001678,WH003,Midlands Warehouse,Birmingham,West Midlands,430,217.0,46.98,0.0,430.0,sufficient
22540,PROD001678,WH004,Scotland Warehouse,Glasgow,Scotland,107,128.0,61.879999999999995,0.0,107.0,sufficient
22540,PROD001678,WH005,Wales Warehouse,Cardiff,Wales,111,50.0,21.82,24.0,87.0,sufficient
22541,PROD001679,WH001,Central Warehouse,London,South East,928,72.0,30.240000000000002,0.0,928.0,sufficient
22541,PROD001679,WH002,North Warehouse,Manchester,North West,869,0.0,0.0,0.0,869.0,sufficient
22541,PROD001679,WH003,Midlands Warehouse,Birmingham,West Midlands,745,1.0,0.85,1.0,744.0,sufficient
22541,PROD001679,WH004,Scotland Warehouse,Glasgow,Scotland,772,1.0,0.42,0.0,772.0,sufficient
22541,PROD001679,WH005,Wales Warehouse,Cardiff,Wales,636,48.0,20.16,0.0,636.0,sufficient
22545,PROD001682,WH001,Central Warehouse,London,South East,942,57.0,14.19,0.0,942.0,sufficient
22545,PROD001682,WH002,North Warehouse,Manchester,North West,638,75.0,32.73,1.0,637.0,sufficient
22545,PROD001682,WH003,Midlands Warehouse,Birmingham,West Midlands,902,27.0,11.77,0.0,902.0,sufficient
22545,PROD001682,WH004,Scotland Warehouse,Glasgow,Scotland,552,51.0,21.85,0.0,552.0,sufficient
22545,PROD001682,WH005,Wales Warehouse,Cardiff,Wales,733,21.0,9.25,0.0,733.0,sufficient
22548,PROD001685,WH001,Central Warehouse,London,South East,1008,88.0,97.52999999999999,3.0,1005.0,sufficient
22548,PROD001685,WH002,North Warehouse,Manchester,North West,1287,44.0,55.0,0.0,1287.0,sufficient
22548,PROD001685,WH003,Midlands Warehouse,Birmingham,West Midlands,811,17.0,21.25,0.0,811.0,sufficient
22548,PROD001685,WH004,Scotland Warehouse,Glasgow,Scotland,1421,39.0,48.75,6.0,1415.0,sufficient
22548,PROD001685,WH005,Wales Warehouse,Cardiff,Wales,238,17.0,22.46,0.0,238.0,sufficient
22551,PROD001688,WH001,Central Warehouse,London,South East,625,371.0,599.51,2.0,623.0,sufficient
22551,PROD001688,WH002,North Warehouse,Manchester,North West,206,346.0,573.87,14.0,192.0,sufficient
22551,PROD001688,WH003,Midlands Warehouse,Birmingham,West Midlands,115,162.0,267.3,14.0,101.0,sufficient
22551,PROD001688,WH004,Scotland Warehouse,Glasgow,Scotland,586,119.0,199.70000000000002,1.0,585.0,sufficient
22551,PROD001688,WH005,Wales Warehouse,Cardiff,Wales,60,187.0,313.54,24.0,36.0,sufficient
22560,PROD001696,WH001,Central Warehouse,London,South East,865,121.0,154.98,0.0,865.0,sufficient
22560,PROD001696,WH002,North Warehouse,Manchester,North West,150,523.0,599.03,50.0,100.0,sufficient
22560,PROD001696,WH003,Midlands Warehouse,Birmingham,West Midlands,678,365.0,636.4399999999999,0.0,678.0,sufficient
22560,PROD001696,WH004,Scotland Warehouse,Glasgow,Scotland,831,93.0,118.77,24.0,807.0,sufficient
22560,PROD001696,WH005,Wales Warehouse,Cardiff,Wales,707,320.0,372.64,0.0,707.0,sufficient
22562,PROD001698,WH001,Central Warehouse,London,South East,323,47.0,59.96,0.0,323.0,sufficient
22562,PROD001698,WH002,North Warehouse,Manchester,North West,497,673.0,731.81,528.0,-31.0,critical
22562,PROD001698,WH003,Midlands Warehouse,Birmingham,West Midlands,815,41.0,51.25,1.0,814.0,sufficient
22562,PROD001698,WH004,Scotland Warehouse,Glasgow,Scotland,158,112.0,140.0,0.0,158.0,sufficient
22562,PROD001698,WH005,Wales Warehouse,Cardiff,Wales,873,523.0,565.28,0.0,873.0,sufficient
22564,PROD001700,WH001,Central Warehouse,London,South East,907,43.0,56.17,0.0,907.0,sufficient
22564,PROD001700,WH002,North Warehouse,Manchester,North West,620,38.0,47.5,0.0,620.0,sufficient
22564,PROD001700,WH003,Midlands Warehouse,Birmingham,West Midlands,918,20.0,26.21,0.0,918.0,sufficient
22564,PROD001700,WH004,Scotland Warehouse,Glasgow,Scotland,292,55.0,71.27,2.0,290.0,sufficient
22564,PROD001700,WH005,Wales Warehouse,Cardiff,Wales,179,107.0,122.49,0.0,179.0,sufficient
22566,PROD001702,WH001,Central Warehouse,London,South East,682,147.0,133.56,12.0,670.0,sufficient
22566,PROD001702,WH002,North Warehouse,Manchester,North West,632,41.0,35.66,0.0,632.0,sufficient
22566,PROD001702,WH003,Midlands Warehouse,Birmingham,West Midlands,871,73.0,62.05,0.0,871.0,sufficient
22566,PROD001702,WH004,Scotland Warehouse,Glasgow,Scotland,357,48.0,40.8,0.0,357.0,sufficient
22566,PROD001702,WH005,Wales Warehouse,Cardiff,Wales,98,114.0,98.49,0.0,98.0,sufficient
22567,PROD001703,WH001,Central Warehouse,London,South East,91,157.0,192.4,0.0,91.0,sufficient
22567,PROD001703,WH002,North Warehouse,Manchester,North West,469,132.0,156.46,1.0,468.0,sufficient
22567,PROD001703,WH003,Midlands Warehouse,Birmingham,West Midlands,167,49.0,62.51,0.0,167.0,sufficient
22567,PROD001703,WH004,Scotland Warehouse,Glasgow,Scotland,718,143.0,175.76,2.0,716.0,sufficient
22567,PROD001703,WH005,Wales Warehouse,Cardiff,Wales,149,92.0,115.87,0.0,149.0,sufficient
22569,PROD001705,WH001,Central Warehouse,London,South East,459,54.0,217.98,3.0,456.0,sufficient
22569,PROD001705,WH002,North Warehouse,Manchester,North West,1186,59.0,224.96,4.0,1182.0,sufficient
22569,PROD001705,WH003,Midlands Warehouse,Birmingham,West Midlands,849,247.0,863.49,6.0,843.0,sufficient
22569,PROD001705,WH004,Scotland Warehouse,Glasgow,Scotland,1449,193.0,688.29,3.0,1446.0,sufficient
22569,PROD001705,WH005,Wales Warehouse,Cardiff,Wales,1535,114.0,413.93,4.0,1531.0,sufficient
22571,PROD001707,WH001,Central Warehouse,London,South East,251,80.0,68.78,0.0,251.0,sufficient
22571,PROD001707,WH002,North Warehouse,Manchester,North West,1329,179.0,143.69,0.0,1329.0,sufficient
22571,PROD001707,WH003,Midlands Warehouse,Birmingham,West Midlands,1318,21.0,17.849999999999998,0.0,1318.0,sufficient
22571,PROD001707,WH004,Scotland Warehouse,Glasgow,Scotland,548,72.0,65.22,4.0,544.0,sufficient
22571,PROD001707,WH005,Wales Warehouse,Cardiff,Wales,1099,77.0,66.25999999999999,2.0,1097.0,sufficient
22573,PROD001709,WH001,Central Warehouse,London,South East,422,22.0,20.259999999999998,0.0,422.0,sufficient
22573,PROD001709,WH002,North Warehouse,Manchester,North West,770,12.0,18.93,0.0,770.0,sufficient
22573,PROD001709,WH003,Midlands Warehouse,Birmingham,West Midlands,355,85.0,74.61999999999999,1.0,354.0,sufficient
22573,PROD001709,WH004,Scotland Warehouse,Glasgow,Scotland,688,70.0,106.71,8.0,680.0,sufficient
22573,PROD001709,WH005,Wales Warehouse,Cardiff,Wales,611,42.0,50.16,0.0,611.0,sufficient
22574,PROD001710,WH001,Central Warehouse,London,South East,440,103.0,94.57,0.0,440.0,sufficient
22574,PROD001710,WH002,North Warehouse,Manchester,North West,107,68.0,60.949999999999996,0.0,107.0,sufficient
22574,PROD001710,WH003,Midlands Warehouse,Birmingham,West Midlands,957,307.0,247.69000000000003,16.0,941.0,sufficient
22574,PROD001710,WH004,Scotland Warehouse,Glasgow,Scotland,920,90.0,90.99,0.0,920.0,sufficient
22574,PROD001710,WH005,Wales Warehouse,Cardiff,Wales,423,116.0,98.6,0.0,423.0,sufficient
22576,PROD001712,WH001,Central Warehouse,London,South East,501,42.0,38.94,0.0,501.0,sufficient
22576,PROD001712,WH002,North Warehouse,Manchester,North West,820,27.0,24.57,0.0,820.0,sufficient
22576,PROD001712,WH003,Midlands Warehouse,Birmingham,West Midlands,116,91.0,85.44999999999999,0.0,116.0,sufficient
22576,PROD001712,WH004,Scotland Warehouse,Glasgow,Scotland,45,95.0,88.03999999999999,0.0,45.0,sufficient
22576,PROD001712,WH005,Wales Warehouse,Cardiff,Wales,246,28.0,30.909999999999997,0.0,246.0,sufficient
22578,PROD001714,WH001,Central Warehouse,London,South East,877,51.0,26.24,0.0,877.0,sufficient
22578,PROD001714,WH002,North Warehouse,Manchester,North West,619,191.0,118.51,0.0,619.0,sufficient
22578,PROD001714,WH003,Midlands Warehouse,Birmingham,West Midlands,164,240.0,127.84,2.0,162.0,sufficient
22578,PROD001714,WH004,Scotland Warehouse,Glasgow,Scotland,486,214.0,129.64,33.0,453.0,sufficient
22578,PROD001714,WH005,Wales Warehouse,Cardiff,Wales,581,232.0,117.91,0.0,581.0,sufficient
22579,PROD001715,WH001,Central Warehouse,London,South East,443,50.0,40.55,1.0,442.0,sufficient
22579,PROD001715,WH002,North Warehouse,Manchester,North West,529,122.0,63.28,0.0,529.0,sufficient
22579,PROD001715,WH003,Midlands Warehouse,Birmingham,West Midlands,288,139.0,54.15,0.0,288.0,sufficient
22579,PROD001715,WH004,Scotland Warehouse,Glasgow,Scotland,157,230.0,182.79,0.0,157.0,sufficient
22579,PROD001715,WH005,Wales Warehouse,Cardiff,Wales,922,18.0,18.79,0.0,922.0,sufficient
22580,PROD001716,WH001,Central Warehouse,London,South East,962,37.0,223.81,0.0,962.0,sufficient
22580,PROD001716,WH002,North Warehouse,Manchester,North West,55,31.0,181.49,0.0,55.0,sufficient
22580,PROD001716,WH003,Midlands Warehouse,Birmingham,West Midlands,361,23.0,111.37,0.0,361.0,sufficient
22580,PROD001716,WH004,Scotland Warehouse,Glasgow,Scotland,408,28.0,148.42000000000002,0.0,408.0,sufficient
22580,PROD001716,WH005,Wales Warehouse,Cardiff,Wales,324,22.0,133.18,0.0,324.0,sufficient
22582,PROD001718,WH001,Central Warehouse,London,South East,606,9.0,22.950000000000003,0.0,606.0,sufficient
22582,PROD001718,WH002,North Warehouse,Manchester,North West,773,16.0,50.739999999999995,0.0,773.0,sufficient
22582,PROD001718,WH003,Midlands Warehouse,Birmingham,West Midlands,586,36.0,96.82,2.0,584.0,sufficient
22582,PROD001718,WH004,Scotland Warehouse,Glasgow,Scotland,506,40.0,102.07000000000001,0.0,506.0,sufficient
22582,PROD001718,WH005,Wales Warehouse,Cardiff,Wales,313,11.0,28.05,0.0,313.0,sufficient
22585,PROD001721,WH001,Central Warehouse,London,South East,1209,233.0,305.82,7.0,1202.0,sufficient
22585,PROD001721,WH002,North Warehouse,Manchester,North West,1427,204.0,263.67,1.0,1426.0,sufficient
22585,PROD001721,WH003,Midlands Warehouse,Birmingham,West Midlands,1111,415.0,528.58,0.0,1111.0,sufficient
22585,PROD001721,WH004,Scotland Warehouse,Glasgow,Scotland,1645,338.0,403.71,0.0,1645.0,sufficient
22585,PROD001721,WH005,Wales Warehouse,Cardiff,Wales,1124,564.0,874.68,0.0,1124.0,sufficient
22586,PROD001722,WH001,Central Warehouse,London,South East,1027,59.0,52.489999999999995,0.0,1027.0,sufficient
22586,PROD001722,WH002,North Warehouse,Manchester,North West,1591,31.0,29.529999999999998,0.0,1591.0,sufficient
22586,PROD001722,WH003,Midlands Warehouse,Birmingham,West Midlands,190,31.0,27.16,0.0,190.0,sufficient
22586,PROD001722,WH004,Scotland Warehouse,Glasgow,Scotland,435,33.0,29.61,12.0,423.0,sufficient
22586,PROD001722,WH005,Wales Warehouse,Cardiff,Wales,771,109.0,92.65,0.0,771.0,sufficient
22587,PROD001723,WH001,Central Warehouse,London,South East,520,57.0,53.22,0.0,520.0,sufficient
22587,PROD001723,WH002,North Warehouse,Manchester,North West,763,32.0,27.2,0.0,763.0,sufficient
22587,PROD001723,WH003,Midlands Warehouse,Birmingham,West Midlands,940,39.0,33.15,0.0,940.0,sufficient
22587,PROD001723,WH004,Scotland Warehouse,Glasgow,Scotland,242,18.0,16.08,12.0,230.0,sufficient
22587,PROD001723,WH005,Wales Warehouse,Cardiff,Wales,841,7.0,8.32,0.0,841.0,sufficient
22588,PROD001724,WH001,Central Warehouse,London,South East,590,159.0,377.39,0.0,590.0,sufficient
22588,PROD001724,WH002,North Warehouse,Manchester,North West,528,100.0,271.6,0.0,528.0,sufficient
22588,PROD001724,WH003,Midlands Warehouse,Birmingham,West Midlands,419,58.0,158.64000000000001,15.0,404.0,sufficient
22588,PROD001724,WH004,Scotland Warehouse,Glasgow,Scotland,561,56.0,150.62,14.0,547.0,sufficient
22588,PROD001724,WH005,Wales Warehouse,Cardiff,Wales,404,49.0,153.23000000000002,0.0,404.0,sufficient
22589,PROD001725,WH001,Central Warehouse,London,South East,867,50.0,133.96,0.0,867.0,sufficient
22589,PROD001725,WH002,North Warehouse,Manchester,North West,528,9.0,30.01,0.0,528.0,sufficient
22589,PROD001725,WH003,Midlands Warehouse,Birmingham,West Midlands,140,36.0,98.76,0.0,140.0,sufficient
22589,PROD001725,WH004,Scotland Warehouse,Glasgow,Scotland,274,9.0,22.95,0.0,274.0,sufficient
22589,PROD001725,WH005,Wales Warehouse,Cardiff,Wales,417,12.0,30.6,0.0,417.0,sufficient
22591,PROD001726,WH001,Central Warehouse,London,South East,1434,23.0,83.25,0.0,1434.0,sufficient
22591,PROD001726,WH002,North Warehouse,Manchester,North West,708,26.0,78.66,0.0,708.0,sufficient
22591,PROD001726,WH003,Midlands Warehouse,Birmingham,West Midlands,1382,53.0,174.96,0.0,1382.0,sufficient
22591,PROD001726,WH004,Scotland Warehouse,Glasgow,Scotland,892,19.0,52.65,0.0,892.0,sufficient
22591,PROD001726,WH005,Wales Warehouse,Cardiff,Wales,720,0.0,0.0,0.0,720.0,sufficient
22594,PROD001729,WH001,Central Warehouse,London,South East,648,38.0,43.37,0.0,648.0,sufficient
22594,PROD001729,WH002,North Warehouse,Manchester,North West,107,79.0,88.21,0.0,107.0,sufficient
22594,PROD001729,WH003,Midlands Warehouse,Birmingham,West Midlands,531,69.0,60.989999999999995,0.0,531.0,sufficient
22594,PROD001729,WH004,Scotland Warehouse,Glasgow,Scotland,771,66.0,64.86,4.0,767.0,sufficient
22594,PROD001729,WH005,Wales Warehouse,Cardiff,Wales,253,101.0,97.97,0.0,253.0,sufficient
22595,PROD001730,WH001,Central Warehouse,London,South East,988,196.0,167.38,0.0,988.0,sufficient
22595,PROD001730,WH002,North Warehouse,Manchester,North West,556,117.0,99.44999999999999,11.0,545.0,sufficient
22595,PROD001730,WH003,Midlands Warehouse,Birmingham,West Midlands,855,357.0,287.07,0.0,855.0,sufficient
22595,PROD001730,WH004,Scotland Warehouse,Glasgow,Scotland,436,72.0,64.38,0.0,436.0,sufficient
22595,PROD001730,WH005,Wales Warehouse,Cardiff,Wales,793,149.0,132.29,15.0,778.0,sufficient
22597,PROD001732,WH001,Central Warehouse,London,South East,587,133.0,58.73,0.0,587.0,sufficient
22597,PROD001732,WH002,North Warehouse,Manchester,North West,886,179.0,69.13,0.0,886.0,sufficient
22597,PROD001732,WH003,Midlands Warehouse,Birmingham,West Midlands,775,34.0,21.619999999999997,0.0,775.0,sufficient
22597,PROD001732,WH004,Scotland Warehouse,Glasgow,Scotland,250,53.0,45.71,1.0,249.0,sufficient
22597,PROD001732,WH005,Wales Warehouse,Cardiff,Wales,172,125.0,85.67,0.0,172.0,sufficient
22600,PROD001735,WH001,Central Warehouse,London,South East,906,31.0,27.91,0.0,906.0,sufficient
22600,PROD001735,WH002,North Warehouse,Manchester,North West,884,72.0,67.47,12.0,872.0,sufficient
22600,PROD001735,WH003,Midlands Warehouse,Birmingham,West Midlands,274,114.0,103.95,0.0,274.0,sufficient
22600,PROD001735,WH004,Scotland Warehouse,Glasgow,Scotland,889,78.0,67.92,0.0,889.0,sufficient
22600,PROD001735,WH005,Wales Warehouse,Cardiff,Wales,501,70.0,61.93,0.0,501.0,sufficient
22603,PROD001738,WH001,Central Warehouse,London,South East,318,38.0,34.669999999999995,0.0,318.0,sufficient
22603,PROD001738,WH002,North Warehouse,Manchester,North West,751,16.0,18.34,2.0,749.0,sufficient
22603,PROD001738,WH003,Midlands Warehouse,Birmingham,West Midlands,546,21.0,18.63,0.0,546.0,sufficient
22603,PROD001738,WH004,Scotland Warehouse,Glasgow,Scotland,483,171.0,129.06,0.0,483.0,sufficient
22603,PROD001738,WH005,Wales Warehouse,Cardiff,Wales,836,96.0,92.13,0.0,836.0,sufficient
22604,PROD001739,WH001,Central Warehouse,London,South East,753,25.0,63.75,1.0,752.0,sufficient
22604,PROD001739,WH002,North Warehouse,Manchester,North West,364,91.0,203.25,70.0,294.0,sufficient
22604,PROD001739,WH003,Midlands Warehouse,Birmingham,West Midlands,519,40.0,102.0,0.0,519.0,sufficient
22604,PROD001739,WH004,Scotland Warehouse,Glasgow,Scotland,882,34.0,101.16,0.0,882.0,sufficient
22604,PROD001739,WH005,Wales Warehouse,Cardiff,Wales,581,43.0,140.98000000000002,1.0,580.0,sufficient
22605,PROD001740,WH001,Central Warehouse,London,South East,658,16.0,264.9,2.0,656.0,sufficient
22605,PROD001740,WH002,North Warehouse,Manchester,North West,1142,16.0,201.2,1.0,1141.0,sufficient
22605,PROD001740,WH003,Midlands Warehouse,Birmingham,West Midlands,523,62.0,874.24,6.0,517.0,sufficient
22605,PROD001740,WH004,Scotland Warehouse,Glasgow,Scotland,139,46.0,596.3,2.0,137.0,sufficient
22605,PROD001740,WH005,Wales Warehouse,Cardiff,Wales,1656,23.0,325.33,0.0,1656.0,sufficient
22611,PROD001746,WH001,Central Warehouse,London,South East,269,35.0,156.45000000000002,0.0,269.0,sufficient
22611,PROD001746,WH002,North Warehouse,Manchester,North West,721,3.0,14.85,0.0,721.0,sufficient
22611,PROD001746,WH003,Midlands Warehouse,Birmingham,West Midlands,732,9.0,44.55,0.0,732.0,sufficient
22611,PROD001746,WH004,Scotland Warehouse,Glasgow,Scotland,246,6.0,34.71,0.0,246.0,sufficient
22611,PROD001746,WH005,Wales Warehouse,Cardiff,Wales,809,12.0,59.4,3.0,806.0,sufficient
22613,PROD001748,WH001,Central Warehouse,London,South East,428,77.0,67.79,1.0,427.0,sufficient
22613,PROD001748,WH002,North Warehouse,Manchester,North West,359,39.0,33.93,0.0,359.0,sufficient
22613,PROD001748,WH003,Midlands Warehouse,Birmingham,West Midlands,153,33.0,28.830000000000002,0.0,153.0,sufficient
22613,PROD001748,WH004,Scotland Warehouse,Glasgow,Scotland,217,85.0,71.94999999999999,0.0,217.0,sufficient
22613,PROD001748,WH005,Wales Warehouse,Cardiff,Wales,573,106.0,72.31,0.0,573.0,sufficient
22618,PROD001753,WH001,Central Warehouse,London,South East,834,4.0,39.8,0.0,834.0,sufficient
22618,PROD001753,WH002,North Warehouse,Manchester,North West,205,2.0,19.9,0.0,205.0,sufficient
22618,PROD001753,WH003,Midlands Warehouse,Birmingham,West Midlands,993,6.0,59.699999999999996,0.0,993.0,sufficient
22618,PROD001753,WH004,Scotland Warehouse,Glasgow,Scotland,757,2.0,19.9,0.0,757.0,sufficient
22618,PROD001753,WH005,Wales Warehouse,Cardiff,Wales,561,7.0,69.64999999999999,0.0,561.0,sufficient
22619,PROD001754,WH001,Central Warehouse,London,South East,545,41.0,205.85,1.0,544.0,sufficient
22619,PROD001754,WH002,North Warehouse,Manchester,North West,804,36.0,150.48,0.0,804.0,sufficient
22619,PROD001754,WH003,Midlands Warehouse,Birmingham,West Midlands,385,35.0,172.22,0.0,385.0,sufficient
22619,PROD001754,WH004,Scotland Warehouse,Glasgow,Scotland,452,38.0,168.95,0.0,452.0,sufficient
22619,PROD001754,WH005,Wales Warehouse,Cardiff,Wales,711,56.0,217.58,0.0,711.0,sufficient
22621,PROD001756,WH001,Central Warehouse,London,South East,334,218.0,341.34,0.0,334.0,sufficient
22621,PROD001756,WH002,North Warehouse,Manchester,North West,251,178.0,286.39,12.0,239.0,sufficient
22621,PROD001756,WH003,Midlands Warehouse,Birmingham,West Midlands,904,112.0,201.13,12.0,892.0,sufficient
22621,PROD001756,WH004,Scotland Warehouse,Glasgow,Scotland,874,287.0,407.87,12.0,862.0,sufficient
22621,PROD001756,WH005,Wales Warehouse,Cardiff,Wales,619,110.0,180.27,2.0,617.0,sufficient
22624,PROD001759,WH001,Central Warehouse,London,South East,380,38.0,346.89,0.0,380.0,sufficient
22624,PROD001759,WH002,North Warehouse,Manchester,North West,767,61.0,531.3199999999999,6.0,761.0,sufficient
22624,PROD001759,WH003,Midlands Warehouse,Birmingham,West Midlands,312,54.0,462.01,1.0,311.0,sufficient
22624,PROD001759,WH004,Scotland Warehouse,Glasgow,Scotland,969,47.0,424.24,5.0,964.0,sufficient
22624,PROD001759,WH005,Wales Warehouse,Cardiff,Wales,28,61.0,490.93,0.0,28.0,sufficient
22626,PROD001761,WH001,Central Warehouse,London,South East,312,11.0,110.11,1.0,311.0,sufficient
22626,PROD001761,WH002,North Warehouse,Manchester,North West,836,7.0,59.5,0.0,836.0,sufficient
22626,PROD001761,WH003,Midlands Warehouse,Birmingham,West Midlands,967,13.0,102.0,0.0,967.0,sufficient
22626,PROD001761,WH004,Scotland Warehouse,Glasgow,Scotland,949,75.0,594.96,4.0,945.0,sufficient
22626,PROD001761,WH005,Wales Warehouse,Cardiff,Wales,368,7.0,59.5,0.0,368.0,sufficient
22627,PROD001762,WH001,Central Warehouse,London,South East,83,33.0,296.76,3.0,80.0,sufficient
22627,PROD001762,WH002,North Warehouse,Manchester,North West,473,24.0,218.89,0.0,473.0,sufficient
22627,PROD001762,WH003,Midlands Warehouse,Birmingham,West Midlands,34,31.0,253.3,0.0,34.0,sufficient
22627,PROD001762,WH004,Scotland Warehouse,Glasgow,Scotland,176,24.0,203.63,1.0,175.0,sufficient
22627,PROD001762,WH005,Wales Warehouse,Cardiff,Wales,24,26.0,245.74,0.0,24.0,sufficient
22633,PROD001768,WH001,Central Warehouse,London,South East,365,262.0,513.28,0.0,365.0,sufficient
22633,PROD001768,WH002,North Warehouse,Manchester,North West,1438,244.0,460.67,4.0,1434.0,sufficient
22633,PROD001768,WH003,Midlands Warehouse,Birmingham,West Midlands,1402,178.0,374.40999999999997,2.0,1400.0,sufficient
22633,PROD001768,WH004,Scotland Warehouse,Glasgow,Scotland,1092,86.0,188.96,0.0,1092.0,sufficient
22633,PROD001768,WH005,Wales Warehouse,Cardiff,Wales,511,326.0,640.82,12.0,499.0,sufficient
22635,PROD001770,WH001,Central Warehouse,London,South East,465,18.0,167.5,2.0,463.0,sufficient
22635,PROD001770,WH002,North Warehouse,Manchester,North West,809,31.0,299.89,20.0,789.0,sufficient
22635,PROD001770,WH003,Midlands Warehouse,Birmingham,West Midlands,540,40.0,384.81,2.0,538.0,sufficient
22635,PROD001770,WH004,Scotland Warehouse,Glasgow,Scotland,701,20.0,187.39999999999998,0.0,701.0,sufficient
22635,PROD001770,WH005,Wales Warehouse,Cardiff,Wales,494,24.0,224.3,0.0,494.0,sufficient
22640,PROD001775,WH001,Central Warehouse,London,South East,139,6.0,14.41,0.0,139.0,sufficient
22640,PROD001775,WH002,North Warehouse,Manchester,North West,280,3.0,7.65,0.0,280.0,sufficient
22640,PROD001775,WH003,Midlands Warehouse,Birmingham,West Midlands,542,7.0,17.85,0.0,542.0,sufficient
22640,PROD001775,WH004,Scotland Warehouse,Glasgow,Scotland,286,13.0,33.15,0.0,286.0,sufficient
22640,PROD001775,WH005,Wales Warehouse,Cardiff,Wales,503,2.0,5.1,0.0,503.0,sufficient
22641,PROD001776,WH001,Central Warehouse,London,South East,122,2577.0,43.35,0.0,122.0,sufficient
22641,PROD001776,WH002,North Warehouse,Manchester,North West,208,5.0,24.8,0.0,208.0,sufficient
22641,PROD001776,WH003,Midlands Warehouse,Birmingham,West Midlands,243,0.0,0.0,0.0,243.0,sufficient
22641,PROD001776,WH004,Scotland Warehouse,Glasgow,Scotland,131,4.0,10.2,0.0,131.0,sufficient
22641,PROD001776,WH005,Wales Warehouse,Cardiff,Wales,424,3.0,7.6499999999999995,0.0,424.0,sufficient
22643,PROD001778,WH001,Central Warehouse,London,South East,225,18.0,40.56,0.0,225.0,sufficient
22643,PROD001778,WH002,North Warehouse,Manchester,North West,718,4.0,10.2,0.0,718.0,sufficient
22643,PROD001778,WH003,Midlands Warehouse,Birmingham,West Midlands,627,2.0,5.1,0.0,627.0,sufficient
22643,PROD001778,WH004,Scotland Warehouse,Glasgow,Scotland,59,14.0,40.52,0.0,59.0,sufficient
22643,PROD001778,WH005,Wales Warehouse,Cardiff,Wales,596,7.0,17.85,0.0,596.0,sufficient
22650,PROD001784,WH001,Central Warehouse,London,South East,879,147.0,191.54999999999998,0.0,879.0,sufficient
22650,PROD001784,WH002,North Warehouse,Manchester,North West,314,25.0,36.25,0.0,314.0,sufficient
22650,PROD001784,WH003,Midlands Warehouse,Birmingham,West Midlands,895,52.0,75.39999999999999,0.0,895.0,sufficient
22650,PROD001784,WH004,Scotland Warehouse,Glasgow,Scotland,331,52.0,75.39999999999999,0.0,331.0,sufficient
22650,PROD001784,WH005,Wales Warehouse,Cardiff,Wales,756,40.0,59.91,12.0,744.0,sufficient
22651,PROD001785,WH001,Central Warehouse,London,South East,360,68.0,62.45,12.0,348.0,sufficient
22651,PROD001785,WH002,North Warehouse,Manchester,North West,800,127.0,112.74999999999999,0.0,800.0,sufficient
22651,PROD001785,WH003,Midlands Warehouse,Birmingham,West Midlands,373,54.0,52.709999999999994,0.0,373.0,sufficient
22651,PROD001785,WH004,Scotland Warehouse,Glasgow,Scotland,526,25.0,30.07,0.0,526.0,sufficient
22651,PROD001785,WH005,Wales Warehouse,Cardiff,Wales,128,42.0,40.5,0.0,128.0,sufficient
22653,PROD001787,WH001,Central Warehouse,London,South East,261,61.0,115.37,0.0,261.0,sufficient
22653,PROD001787,WH002,North Warehouse,Manchester,North West,118,55.0,101.77,0.0,118.0,sufficient
22653,PROD001787,WH003,Midlands Warehouse,Birmingham,West Midlands,725,13.0,25.35,0.0,725.0,sufficient
22653,PROD001787,WH004,Scotland Warehouse,Glasgow,Scotland,404,20.0,36.76,3.0,401.0,sufficient
22653,PROD001787,WH005,Wales Warehouse,Cardiff,Wales,479,83.0,160.85,2.0,477.0,sufficient
22654,PROD001788,WH001,Central Warehouse,London,South East,669,18.0,142.14000000000001,0.0,669.0,sufficient
22654,PROD001788,WH002,North Warehouse,Manchester,North West,1398,48.0,317.16,0.0,1398.0,sufficient
22654,PROD001788,WH003,Midlands Warehouse,Birmingham,West Midlands,737,97.0,527.1,0.0,737.0,sufficient
22654,PROD001788,WH004,Scotland Warehouse,Glasgow,Scotland,1096,47.0,504.11,0.0,1096.0,sufficient
22654,PROD001788,WH005,Wales Warehouse,Cardiff,Wales,1403,23.0,184.91,1.0,1402.0,sufficient
22655,PROD001789,WH001,Central Warehouse,London,South East,495,0.0,0.0,0.0,495.0,sufficient
22655,PROD001789,WH002,North Warehouse,Manchester,North West,222,4.0,500.0,0.0,222.0,sufficient
22655,PROD001789,WH003,Midlands Warehouse,Birmingham,West Midlands,543,2.0,250.0,0.0,543.0,sufficient
22655,PROD001789,WH004,Scotland Warehouse,Glasgow,Scotland,613,1.0,295.0,0.0,613.0,sufficient
22655,PROD001789,WH005,Wales Warehouse,Cardiff,Wales,247,0.0,0.0,0.0,247.0,sufficient
22656,PROD001790,WH001,Central Warehouse,London,South East,572,0.0,0.0,0.0,572.0,sufficient
22656,PROD001790,WH002,North Warehouse,Manchester,North West,809,0.0,0.0,0.0,809.0,sufficient
22656,PROD001790,WH003,Midlands Warehouse,Birmingham,West Midlands,290,0.0,0.0,0.0,290.0,sufficient
22656,PROD001790,WH004,Scotland Warehouse,Glasgow,Scotland,430,0.0,0.0,0.0,430.0,sufficient
22656,PROD001790,WH005,Wales Warehouse,Cardiff,Wales,514,2.0,590.0,0.0,514.0,sufficient
22660,PROD001793,WH001,Central Warehouse,London,South East,881,3.0,34.84,0.0,881.0,sufficient
22660,PROD001793,WH002,North Warehouse,Manchester,North West,726,6.0,55.54,0.0,726.0,sufficient
22660,PROD001793,WH003,Midlands Warehouse,Birmingham,West Midlands,184,57.0,421.78,0.0,184.0,sufficient
22660,PROD001793,WH004,Scotland Warehouse,Glasgow,Scotland,337,104.0,489.34000000000003,0.0,337.0,sufficient
22660,PROD001793,WH005,Wales Warehouse,Cardiff,Wales,193,4.0,37.52,0.0,193.0,sufficient
22663,PROD001796,WH001,Central Warehouse,London,South East,336,103.0,205.75,0.0,336.0,sufficient
22663,PROD001796,WH002,North Warehouse,Manchester,North West,872,131.0,273.27,2.0,870.0,sufficient
22663,PROD001796,WH003,Midlands Warehouse,Birmingham,West Midlands,689,147.0,282.75,0.0,689.0,sufficient
22663,PROD001796,WH004,Scotland Warehouse,Glasgow,Scotland,303,168.0,318.07,0.0,303.0,sufficient
22663,PROD001796,WH005,Wales Warehouse,Cardiff,Wales,592,174.0,323.40999999999997,10.0,582.0,sufficient
22669,PROD001802,WH001,Central Warehouse,London,South East,906,17.0,55.95,0.0,906.0,sufficient
22669,PROD001802,WH002,North Warehouse,Manchester,North West,1281,15.0,44.25,0.0,1281.0,sufficient
22669,PROD001802,WH003,Midlands Warehouse,Birmingham,West Midlands,1096,21.0,64.78999999999999,0.0,1096.0,sufficient
22669,PROD001802,WH004,Scotland Warehouse,Glasgow,Scotland,1221,37.0,109.15,0.0,1221.0,sufficient
22669,PROD001802,WH005,Wales Warehouse,Cardiff,Wales,765,90.0,274.02,0.0,765.0,sufficient
22674,PROD001807,WH001,Central Warehouse,London,South East,181,6.0,7.5,0.0,181.0,sufficient
22674,PROD001807,WH002,North Warehouse,Manchester,North West,326,158.0,179.26,0.0,326.0,sufficient
22674,PROD001807,WH003,Midlands Warehouse,Birmingham,West Midlands,966,102.0,128.71,0.0,966.0,sufficient
22674,PROD001807,WH004,Scotland Warehouse,Glasgow,Scotland,565,44.0,57.47,0.0,565.0,sufficient
22674,PROD001807,WH005,Wales Warehouse,Cardiff,Wales,933,35.0,47.43,7.0,926.0,sufficient
22681,PROD001814,WH001,Central Warehouse,London,South East,1032,17.0,22.509999999999998,0.0,1032.0,sufficient
22681,PROD001814,WH002,North Warehouse,Manchester,North West,1676,22.0,30.02,0.0,1676.0,sufficient
22681,PROD001814,WH003,Midlands Warehouse,Birmingham,West Midlands,973,23.0,28.75,0.0,973.0,sufficient
22681,PROD001814,WH004,Scotland Warehouse,Glasgow,Scotland,1190,13.0,14.96,0.0,1190.0,sufficient
22681,PROD001814,WH005,Wales Warehouse,Cardiff,Wales,871,40.0,52.42,0.0,871.0,sufficient
22687,PROD001820,WH001,Central Warehouse,London,South East,818,6.0,39.89,2.0,816.0,sufficient
22687,PROD001820,WH002,North Warehouse,Manchester,North West,425,23.0,123.28999999999999,0.0,425.0,sufficient
22687,PROD001820,WH003,Midlands Warehouse,Birmingham,West Midlands,367,2.0,33.96,0.0,367.0,sufficient
22687,PROD001820,WH004,Scotland Warehouse,Glasgow,Scotland,397,6.0,47.7,0.0,397.0,sufficient
22687,PROD001820,WH005,Wales Warehouse,Cardiff,Wales,649,1.0,16.63,0.0,649.0,sufficient
22689,PROD001822,WH001,Central Warehouse,London,South East,998,26.0,249.38,10.0,988.0,sufficient
22689,PROD001822,WH002,North Warehouse,Manchester,North West,303,24.0,191.84,10.0,293.0,sufficient
22689,PROD001822,WH003,Midlands Warehouse,Birmingham,West Midlands,823,209.0,1022.27,0.0,823.0,sufficient
22689,PROD001822,WH004,Scotland Warehouse,Glasgow,Scotland,362,9.0,72.15,0.0,362.0,sufficient
22689,PROD001822,WH005,Wales Warehouse,Cardiff,Wales,139,87.0,610.01,0.0,139.0,sufficient
22691,PROD001824,WH001,Central Warehouse,London,South East,173,22.0,168.62,1.0,172.0,sufficient
22691,PROD001824,WH002,North Warehouse,Manchester,North West,922,0.0,0.0,0.0,922.0,sufficient
22691,PROD001824,WH003,Midlands Warehouse,Birmingham,West Midlands,524,8.0,78.36,0.0,524.0,sufficient
22691,PROD001824,WH004,Scotland Warehouse,Glasgow,Scotland,609,7.0,55.63,0.0,609.0,sufficient
22691,PROD001824,WH005,Wales Warehouse,Cardiff,Wales,379,5.0,39.29,0.0,379.0,sufficient
22693,PROD001826,WH001,Central Warehouse,London,South East,275,145.0,182.5,0.0,275.0,sufficient
22693,PROD001826,WH002,North Warehouse,Manchester,North West,314,78.0,105.0,0.0,314.0,sufficient
22693,PROD001826,WH003,Midlands Warehouse,Birmingham,West Midlands,878,380.0,753.8,72.0,806.0,sufficient
22693,PROD001826,WH004,Scotland Warehouse,Glasgow,Scotland,841,459.0,655.65,24.0,817.0,sufficient
22693,PROD001826,WH005,Wales Warehouse,Cardiff,Wales,730,127.0,167.5,7.0,723.0,sufficient
22697,PROD001830,WH001,Central Warehouse,London,South East,994,217.0,697.67,13.0,981.0,sufficient
22697,PROD001830,WH002,North Warehouse,Manchester,North West,157,182.0,662.06,24.0,133.0,sufficient
22697,PROD001830,WH003,Midlands Warehouse,Birmingham,West Midlands,93,320.0,963.6800000000001,12.0,81.0,sufficient
22697,PROD001830,WH004,Scotland Warehouse,Glasgow,Scotland,818,108.0,439.08,10.0,808.0,sufficient
22697,PROD001830,WH005,Wales Warehouse,Cardiff,Wales,550,304.0,916.92,0.0,550.0,sufficient
22698,PROD001831,WH001,Central Warehouse,London,South East,578,169.0,502.99,12.0,566.0,sufficient
22698,PROD001831,WH002,North Warehouse,Manchester,North West,725,266.0,780.7,56.0,669.0,sufficient
22698,PROD001831,WH003,Midlands Warehouse,Birmingham,West Midlands,988,138.0,389.65999999999997,0.0,988.0,sufficient
22698,PROD001831,WH004,Scotland Warehouse,Glasgow,Scotland,479,179.0,491.53,0.0,479.0,sufficient
22698,PROD001831,WH005,Wales Warehouse,Cardiff,Wales,809,140.0,423.64,12.0,797.0,sufficient
22702,PROD001835,WH001,Central Warehouse,London,South East,641,24.0,15.6,0.0,641.0,sufficient
22702,PROD001835,WH002,North Warehouse,Manchester,North West,136,1.0,2.1,0.0,136.0,sufficient
22702,PROD001835,WH003,Midlands Warehouse,Birmingham,West Midlands,442,21.0,44.1,0.0,442.0,sufficient
22702,PROD001835,WH004,Scotland Warehouse,Glasgow,Scotland,403,4.0,16.759999999999998,0.0,403.0,sufficient
22702,PROD001835,WH005,Wales Warehouse,Cardiff,Wales,128,6.0,12.6,0.0,128.0,sufficient
22703,PROD001836,WH001,Central Warehouse,London,South East,1800,8.0,17.400000000000002,0.0,1800.0,sufficient
22703,PROD001836,WH002,North Warehouse,Manchester,North West,731,28.0,55.04,3.0,728.0,sufficient
22703,PROD001836,WH003,Midlands Warehouse,Birmingham,West Midlands,1418,10.0,17.61,0.0,1418.0,sufficient
22703,PROD001836,WH004,Scotland Warehouse,Glasgow,Scotland,402,11.0,25.509999999999998,0.0,402.0,sufficient
22703,PROD001836,WH005,Wales Warehouse,Cardiff,Wales,1356,5.0,11.2,0.0,1356.0,sufficient
22717,PROD001850,WH001,Central Warehouse,London,South East,643,86.0,32.64,0.0,643.0,sufficient
22717,PROD001850,WH002,North Warehouse,Manchester,North West,373,13.0,5.87,0.0,373.0,sufficient
22717,PROD001850,WH003,Midlands Warehouse,Birmingham,West Midlands,657,38.0,16.78,12.0,645.0,sufficient
22717,PROD001850,WH004,Scotland Warehouse,Glasgow,Scotland,254,24.0,10.08,0.0,254.0,sufficient
22717,PROD001850,WH005,Wales Warehouse,Cardiff,Wales,52,13.0,5.89,0.0,52.0,sufficient
22718,PROD001851,WH001,Central Warehouse,London,South East,773,27.0,12.59,0.0,773.0,sufficient
22718,PROD001851,WH002,North Warehouse,Manchester,North West,293,27.0,12.61,0.0,293.0,sufficient
22718,PROD001851,WH003,Midlands Warehouse,Birmingham,West Midlands,833,25.0,10.91,0.0,833.0,sufficient
22718,PROD001851,WH004,Scotland Warehouse,Glasgow,Scotland,269,40.0,18.52,0.0,269.0,sufficient
22718,PROD001851,WH005,Wales Warehouse,Cardiff,Wales,590,110.0,47.019999999999996,0.0,590.0,sufficient
22726,PROD001858,WH001,Central Warehouse,London,South East,626,55.0,213.83,0.0,626.0,sufficient
22726,PROD001858,WH002,North Warehouse,Manchester,North West,340,153.0,736.53,18.0,322.0,sufficient
22726,PROD001858,WH003,Midlands Warehouse,Birmingham,West Midlands,770,121.0,473.96000000000004,0.0,770.0,sufficient
22726,PROD001858,WH004,Scotland Warehouse,Glasgow,Scotland,189,273.0,1074.79,8.0,181.0,sufficient
22726,PROD001858,WH005,Wales Warehouse,Cardiff,Wales,457,368.0,1323.32,0.0,457.0,sufficient
22729,PROD001861,WH001,Central Warehouse,London,South East,240,71.0,279.04,0.0,240.0,sufficient
22729,PROD001861,WH002,North Warehouse,Manchester,North West,0,60.0,228.71,0.0,0.0,critical
22729,PROD001861,WH003,Midlands Warehouse,Birmingham,West Midlands,71,41.0,157.62,0.0,71.0,sufficient
22729,PROD001861,WH004,Scotland Warehouse,Glasgow,Scotland,176,29.0,130.62,0.0,176.0,sufficient
22729,PROD001861,WH005,Wales Warehouse,Cardiff,Wales,555,24.0,97.74000000000001,0.0,555.0,sufficient
22730,PROD001862,WH001,Central Warehouse,London,South East,909,65.0,257.37,0.0,909.0,sufficient
22730,PROD001862,WH002,North Warehouse,Manchester,North West,796,64.0,243.87,0.0,796.0,sufficient
22730,PROD001862,WH003,Midlands Warehouse,Birmingham,West Midlands,94,116.0,427.23,0.0,94.0,sufficient
22730,PROD001862,WH004,Scotland Warehouse,Glasgow,Scotland,732,22.0,86.37,0.0,732.0,sufficient
22730,PROD001862,WH005,Wales Warehouse,Cardiff,Wales,489,46.0,191.02,4.0,485.0,sufficient
22733,PROD001865,WH001,Central Warehouse,London,South East,990,27.0,34.129999999999995,0.0,990.0,sufficient
22733,PROD001865,WH002,North Warehouse,Manchester,North West,589,80.0,100.0,0.0,589.0,sufficient
22733,PROD001865,WH003,Midlands Warehouse,Birmingham,West Midlands,190,84.0,109.6,0.0,190.0,sufficient
22733,PROD001865,WH004,Scotland Warehouse,Glasgow,Scotland,572,27.0,37.43,0.0,572.0,sufficient
22733,PROD001865,WH005,Wales Warehouse,Cardiff,Wales,503,25.0,31.25,0.0,503.0,sufficient
22735,PROD001867,WH001,Central Warehouse,London,South East,1341,9.0,18.97,2.0,1339.0,sufficient
22735,PROD001867,WH002,North Warehouse,Manchester,North West,1644,23.0,55.31,0.0,1644.0,sufficient
22735,PROD001867,WH003,Midlands Warehouse,Birmingham,West Midlands,862,33.0,60.35,0.0,862.0,sufficient
22735,PROD001867,WH004,Scotland Warehouse,Glasgow,Scotland,1874,30.0,54.559999999999995,0.0,1874.0,sufficient
22735,PROD001867,WH005,Wales Warehouse,Cardiff,Wales,888,55.0,100.78,0.0,888.0,sufficient
22736,PROD001868,WH001,Central Warehouse,London,South East,245,59.0,108.98,11.0,234.0,sufficient
22736,PROD001868,WH002,North Warehouse,Manchester,North West,464,41.0,75.13,3.0,461.0,sufficient
22736,PROD001868,WH003,Midlands Warehouse,Birmingham,West Midlands,243,66.0,112.25,30.0,213.0,sufficient
22736,PROD001868,WH004,Scotland Warehouse,Glasgow,Scotland,554,39.0,64.35,0.0,554.0,sufficient
22736,PROD001868,WH005,Wales Warehouse,Cardiff,Wales,190,162.0,259.18,0.0,190.0,sufficient
22739,PROD001871,WH001,Central Warehouse,London,South East,407,184.0,300.72,1.0,406.0,sufficient
22739,PROD001871,WH002,North Warehouse,Manchester,North West,709,94.0,162.5,1.0,708.0,sufficient
22739,PROD001871,WH003,Midlands Warehouse,Birmingham,West Midlands,756,88.0,198.59,5.0,751.0,sufficient
22739,PROD001871,WH004,Scotland Warehouse,Glasgow,Scotland,397,25.0,44.53,0.0,397.0,sufficient
22739,PROD001871,WH005,Wales Warehouse,Cardiff,Wales,88,167.0,278.74,1.0,87.0,sufficient
22743,PROD001875,WH001,Central Warehouse,London,South East,1713,60.0,356.84,0.0,1713.0,sufficient
22743,PROD001875,WH002,North Warehouse,Manchester,North West,936,17.0,55.83,0.0,936.0,sufficient
22743,PROD001875,WH003,Midlands Warehouse,Birmingham,West Midlands,1046,30.0,100.34,0.0,1046.0,sufficient
22743,PROD001875,WH004,Scotland Warehouse,Glasgow,Scotland,1092,11.0,41.09,0.0,1092.0,sufficient
22743,PROD001875,WH005,Wales Warehouse,Cardiff,Wales,1530,31.0,74.41,6.0,1524.0,sufficient
22748,PROD001880,WH001,Central Warehouse,London,South East,508,53.0,114.6,0.0,508.0,sufficient
22748,PROD001880,WH002,North Warehouse,Manchester,North West,496,30.0,68.6,2.0,494.0,sufficient
22748,PROD001880,WH003,Midlands Warehouse,Birmingham,West Midlands,880,46.0,98.98,3.0,877.0,sufficient
22748,PROD001880,WH004,Scotland Warehouse,Glasgow,Scotland,973,72.0,155.42,0.0,973.0,sufficient
22748,PROD001880,WH005,Wales Warehouse,Cardiff,Wales,13,76.0,171.44,4.0,9.0,sufficient
22751,PROD001883,WH001,Central Warehouse,London,South East,69,29.0,108.75,0.0,69.0,sufficient
22751,PROD001883,WH002,North Warehouse,Manchester,North West,37,29.0,112.62,0.0,37.0,sufficient
22751,PROD001883,WH003,Midlands Warehouse,Birmingham,West Midlands,662,92.0,335.3,0.0,662.0,sufficient
22751,PROD001883,WH004,Scotland Warehouse,Glasgow,Scotland,915,29.0,108.75,0.0,915.0,sufficient
22751,PROD001883,WH005,Wales Warehouse,Cardiff,Wales,663,21.0,78.75,0.0,663.0,sufficient
22754,PROD001886,WH001,Central Warehouse,London,South East,799,16.0,13.6,0.0,799.0,sufficient
22754,PROD001886,WH002,North Warehouse,Manchester,North West,374,191.0,75.92999999999999,9.0,365.0,sufficient
22754,PROD001886,WH003,Midlands Warehouse,Birmingham,West Midlands,546,31.0,20.759999999999998,0.0,546.0,sufficient
22754,PROD001886,WH004,Scotland Warehouse,Glasgow,Scotland,447,52.0,50.589999999999996,0.0,447.0,sufficient
22754,PROD001886,WH005,Wales Warehouse,Cardiff,Wales,628,44.0,37.4,11.0,617.0,sufficient
22756,PROD001888,WH001,Central Warehouse,London,South East,465,3.0,4.96,0.0,465.0,sufficient
22756,PROD001888,WH002,North Warehouse,Manchester,North West,447,12.0,15.0,0.0,447.0,sufficient
22756,PROD001888,WH003,Midlands Warehouse,Birmingham,West Midlands,226,54.0,57.18,1.0,225.0,sufficient
22756,PROD001888,WH004,Scotland Warehouse,Glasgow,Scotland,651,26.0,32.5,0.0,651.0,sufficient
22756,PROD001888,WH005,Wales Warehouse,Cardiff,Wales,365,29.0,36.25,0.0,365.0,sufficient
22759,PROD001891,WH001,Central Warehouse,London,South East,289,223.0,375.34,1.0,288.0,sufficient
22759,PROD001891,WH002,North Warehouse,Manchester,North West,142,172.0,307.67,14.0,128.0,sufficient
22759,PROD001891,WH003,Midlands Warehouse,Birmingham,West Midlands,290,77.0,135.6,0.0,290.0,sufficient
22759,PROD001891,WH004,Scotland Warehouse,Glasgow,Scotland,30,124.0,206.24,0.0,30.0,sufficient
22759,PROD001891,WH005,Wales Warehouse,Cardiff,Wales,454,221.0,374.31,0.0,454.0,sufficient
22760,PROD001892,WH001,Central Warehouse,London,South East,543,7.0,78.45,0.0,543.0,sufficient
22760,PROD001892,WH002,North Warehouse,Manchester,North West,697,3.0,50.989999999999995,0.0,697.0,sufficient
22760,PROD001892,WH003,Midlands Warehouse,Birmingham,West Midlands,461,3.0,38.25,0.0,461.0,sufficient
22760,PROD001892,WH004,Scotland Warehouse,Glasgow,Scotland,496,5.0,63.75,0.0,496.0,sufficient
22760,PROD001892,WH005,Wales Warehouse,Cardiff,Wales,667,10.0,127.5,0.0,667.0,sufficient
22761,PROD001893,WH001,Central Warehouse,London,South East,459,2.0,49.9,0.0,459.0,sufficient
22761,PROD001893,WH002,North Warehouse,Manchester,North West,740,1.0,24.95,0.0,740.0,sufficient
22761,PROD001893,WH003,Midlands Warehouse,Birmingham,West Midlands,958,0.0,0.0,0.0,958.0,sufficient
22761,PROD001893,WH004,Scotland Warehouse,Glasgow,Scotland,34,0.0,0.0,0.0,34.0,sufficient
22761,PROD001893,WH005,Wales Warehouse,Cardiff,Wales,692,0.0,0.0,0.0,692.0,sufficient
22764,PROD001896,WH001,Central Warehouse,London,South East,751,0.0,0.0,0.0,751.0,sufficient
22764,PROD001896,WH002,North Warehouse,Manchester,North West,573,0.0,0.0,0.0,573.0,sufficient
22764,PROD001896,WH003,Midlands Warehouse,Birmingham,West Midlands,37,2.0,49.9,0.0,37.0,sufficient
22764,PROD001896,WH004,Scotland Warehouse,Glasgow,Scotland,794,0.0,0.0,0.0,794.0,sufficient
22764,PROD001896,WH005,Wales Warehouse,Cardiff,Wales,426,5.0,112.75,0.0,426.0,sufficient
22765,PROD001897,WH001,Central Warehouse,London,South East,952,0.0,0.0,0.0,952.0,sufficient
22765,PROD001897,WH002,North Warehouse,Manchester,North West,944,3.0,44.849999999999994,0.0,944.0,sufficient
22765,PROD001897,WH003,Midlands Warehouse,Birmingham,West Midlands,996,1.0,14.95,0.0,996.0,sufficient
22765,PROD001897,WH004,Scotland Warehouse,Glasgow,Scotland,613,1.0,29.79,0.0,613.0,sufficient
22765,PROD001897,WH005,Wales Warehouse,Cardiff,Wales,849,24.0,242.42,0.0,849.0,sufficient
22767,PROD001899,WH001,Central Warehouse,London,South East,834,145.0,1029.31,0.0,834.0,sufficient
22767,PROD001899,WH002,North Warehouse,Manchester,North West,717,17.0,179.57999999999998,0.0,717.0,sufficient
22767,PROD001899,WH003,Midlands Warehouse,Birmingham,West Midlands,158,23.0,228.85,0.0,158.0,sufficient
22767,PROD001899,WH004,Scotland Warehouse,Glasgow,Scotland,674,29.0,288.55,0.0,674.0,sufficient
22767,PROD001899,WH005,Wales Warehouse,Cardiff,Wales,760,34.0,338.29999999999995,0.0,760.0,sufficient
22768,PROD001900,WH001,Central Warehouse,London,South East,285,17.0,169.14999999999998,0.0,285.0,sufficient
22768,PROD001900,WH002,North Warehouse,Manchester,North West,743,12.0,129.41,0.0,743.0,sufficient
22768,PROD001900,WH003,Midlands Warehouse,Birmingham,West Midlands,86,16.0,159.2,0.0,86.0,sufficient
22768,PROD001900,WH004,Scotland Warehouse,Glasgow,Scotland,84,19.0,182.1,0.0,84.0,sufficient
22768,PROD001900,WH005,Wales Warehouse,Cardiff,Wales,437,6.0,69.71,0.0,437.0,sufficient
22769,PROD001901,WH001,Central Warehouse,London,South East,121,1.0,24.95,0.0,121.0,sufficient
22769,PROD001901,WH002,North Warehouse,Manchester,North West,562,2.0,49.9,0.0,562.0,sufficient
22769,PROD001901,WH003,Midlands Warehouse,Birmingham,West Midlands,543,0.0,0.0,0.0,543.0,sufficient
22769,PROD001901,WH004,Scotland Warehouse,Glasgow,Scotland,859,0.0,0.0,0.0,859.0,sufficient
22769,PROD001901,WH005,Wales Warehouse,Cardiff,Wales,14,1.0,51.02,0.0,14.0,sufficient
22773,PROD001905,WH001,Central Warehouse,London,South East,695,64.0,80.0,48.0,647.0,sufficient
22773,PROD001905,WH002,North Warehouse,Manchester,North West,275,53.0,67.50999999999999,0.0,275.0,sufficient
22773,PROD001905,WH003,Midlands Warehouse,Birmingham,West Midlands,934,47.0,71.15,0.0,934.0,sufficient
22773,PROD001905,WH004,Scotland Warehouse,Glasgow,Scotland,854,18.0,22.5,0.0,854.0,sufficient
22773,PROD001905,WH005,Wales Warehouse,Cardiff,Wales,757,38.0,49.92,0.0,757.0,sufficient
22780,PROD001912,WH001,Central Warehouse,London,South East,417,5.0,21.25,0.0,417.0,sufficient
22780,PROD001912,WH002,North Warehouse,Manchester,North West,716,4.0,17.0,0.0,716.0,sufficient
22780,PROD001912,WH003,Midlands Warehouse,Birmingham,West Midlands,633,24.0,102.0,0.0,633.0,sufficient
22780,PROD001912,WH004,Scotland Warehouse,Glasgow,Scotland,100,102.0,385.5,0.0,100.0,sufficient
22780,PROD001912,WH005,Wales Warehouse,Cardiff,Wales,17,16.0,68.0,0.0,17.0,sufficient
22782,PROD001914,WH001,Central Warehouse,London,South East,758,0.0,0.0,0.0,758.0,sufficient
22782,PROD001914,WH002,North Warehouse,Manchester,North West,981,4.0,39.8,0.0,981.0,sufficient
22782,PROD001914,WH003,Midlands Warehouse,Birmingham,West Midlands,527,1.0,24.95,0.0,527.0,sufficient
22782,PROD001914,WH004,Scotland Warehouse,Glasgow,Scotland,95,8.0,175.6,0.0,95.0,sufficient
22782,PROD001914,WH005,Wales Warehouse,Cardiff,Wales,527,5.0,64.75,0.0,527.0,sufficient
22783,PROD001915,WH001,Central Warehouse,London,South East,560,1.0,19.95,0.0,560.0,sufficient
22783,PROD001915,WH002,North Warehouse,Manchester,North West,195,4.0,67.8,0.0,195.0,sufficient
22783,PROD001915,WH003,Midlands Warehouse,Birmingham,West Midlands,747,1.0,19.95,0.0,747.0,sufficient
22783,PROD001915,WH004,Scotland Warehouse,Glasgow,Scotland,682,0.0,0.0,0.0,682.0,sufficient
22783,PROD001915,WH005,Wales Warehouse,Cardiff,Wales,675,2.0,39.9,0.0,675.0,sufficient
22784,PROD001916,WH001,Central Warehouse,London,South East,907,34.0,159.9,6.0,901.0,sufficient
22784,PROD001916,WH002,North Warehouse,Manchester,North West,681,28.0,167.8,0.0,681.0,sufficient
22784,PROD001916,WH003,Midlands Warehouse,Birmingham,West Midlands,790,42.0,191.1,0.0,790.0,sufficient
22784,PROD001916,WH004,Scotland Warehouse,Glasgow,Scotland,121,22.0,120.58,4.0,117.0,sufficient
22784,PROD001916,WH005,Wales Warehouse,Cardiff,Wales,782,17.0,84.15,0.0,782.0,sufficient
22785,PROD001917,WH001,Central Warehouse,London,South East,952,3.0,20.25,0.0,952.0,sufficient
22785,PROD001917,WH002,North Warehouse,Manchester,North West,7,4.0,27.0,2.0,5.0,sufficient
22785,PROD001917,WH003,Midlands Warehouse,Birmingham,West Midlands,988,11.0,75.67,0.0,988.0,sufficient
22785,PROD001917,WH004,Scotland Warehouse,Glasgow,Scotland,920,18.0,57.04,0.0,920.0,sufficient
22785,PROD001917,WH005,Wales Warehouse,Cardiff,Wales,954,3.0,20.25,0.0,954.0,sufficient
22789,PROD001920,WH001,Central Warehouse,London,South East,712,10.0,19.5,0.0,712.0,sufficient
22789,PROD001920,WH002,North Warehouse,Manchester,North West,359,8.0,15.6,0.0,359.0,sufficient
22789,PROD001920,WH003,Midlands Warehouse,Birmingham,West Midlands,137,35.0,70.51,0.0,137.0,sufficient
22789,PROD001920,WH004,Scotland Warehouse,Glasgow,Scotland,890,12.0,23.4,4.0,886.0,sufficient
22789,PROD001920,WH005,Wales Warehouse,Cardiff,Wales,510,30.0,63.019999999999996,0.0,510.0,sufficient
22799,PROD001928,WH001,Central Warehouse,London,South East,929,0.0,0.0,0.0,929.0,sufficient
22799,PROD001928,WH002,North Warehouse,Manchester,North West,914,6.0,51.0,0.0,914.0,sufficient
22799,PROD001928,WH003,Midlands Warehouse,Birmingham,West Midlands,157,5.0,50.629999999999995,0.0,157.0,sufficient
22799,PROD001928,WH004,Scotland Warehouse,Glasgow,Scotland,810,7.0,59.5,0.0,810.0,sufficient
22799,PROD001928,WH005,Wales Warehouse,Cardiff,Wales,672,15.0,60.9,0.0,672.0,sufficient
22800,PROD001929,WH001,Central Warehouse,London,South East,1077,19.0,71.25,0.0,1077.0,sufficient
22800,PROD001929,WH002,North Warehouse,Manchester,North West,1104,24.0,112.42,0.0,1104.0,sufficient
22800,PROD001929,WH003,Midlands Warehouse,Birmingham,West Midlands,1032,11.0,63.83,0.0,1032.0,sufficient
22800,PROD001929,WH004,Scotland Warehouse,Glasgow,Scotland,486,33.0,146.17,3.0,483.0,sufficient
22800,PROD001929,WH005,Wales Warehouse,Cardiff,Wales,415,17.0,82.62,2.0,413.0,sufficient
22801,PROD001930,WH001,Central Warehouse,London,South East,185,9.0,33.75,0.0,185.0,sufficient
22801,PROD001930,WH002,North Warehouse,Manchester,North West,213,23.0,93.99000000000001,0.0,213.0,sufficient
22801,PROD001930,WH003,Midlands Warehouse,Birmingham,West Midlands,137,5.0,22.46,0.0,137.0,sufficient
22801,PROD001930,WH004,Scotland Warehouse,Glasgow,Scotland,829,22.0,82.5,0.0,829.0,sufficient
22801,PROD001930,WH005,Wales Warehouse,Cardiff,Wales,30,8.0,37.42,0.0,30.0,sufficient
22807,PROD001936,WH001,Central Warehouse,London,South East,588,9.0,32.230000000000004,0.0,588.0,sufficient
22807,PROD001936,WH002,North Warehouse,Manchester,North West,115,20.0,58.51,0.0,115.0,sufficient
22807,PROD001936,WH003,Midlands Warehouse,Birmingham,West Midlands,122,14.0,41.3,0.0,122.0,sufficient
22807,PROD001936,WH004,Scotland Warehouse,Glasgow,Scotland,20,27.0,85.33,0.0,20.0,sufficient
22807,PROD001936,WH005,Wales Warehouse,Cardiff,Wales,243,17.0,55.95,0.0,243.0,sufficient
22810,PROD001939,WH001,Central Warehouse,London,South East,920,96.0,299.04,0.0,920.0,sufficient
22810,PROD001939,WH002,North Warehouse,Manchester,North West,364,48.0,221.6,0.0,364.0,sufficient
22810,PROD001939,WH003,Midlands Warehouse,Birmingham,West Midlands,173,90.0,249.26,0.0,173.0,sufficient
22810,PROD001939,WH004,Scotland Warehouse,Glasgow,Scotland,162,10.0,40.980000000000004,0.0,162.0,sufficient
22810,PROD001939,WH005,Wales Warehouse,Cardiff,Wales,746,19.0,59.01,0.0,746.0,sufficient
22811,PROD001940,WH001,Central Warehouse,London,South East,352,0.0,0.0,0.0,352.0,sufficient
22811,PROD001940,WH002,North Warehouse,Manchester,North West,801,8.0,26.56,0.0,801.0,sufficient
22811,PROD001940,WH003,Midlands Warehouse,Birmingham,West Midlands,973,0.0,0.0,0.0,973.0,sufficient
22811,PROD001940,WH004,Scotland Warehouse,Glasgow,Scotland,97,14.0,40.32,0.0,97.0,sufficient
22811,PROD001940,WH005,Wales Warehouse,Cardiff,Wales,695,12.0,39.18,0.0,695.0,sufficient
22812,PROD001941,WH001,Central Warehouse,London,South East,909,98.0,227.89,0.0,909.0,sufficient
22812,PROD001941,WH002,North Warehouse,Manchester,North West,49,115.0,297.33,0.0,49.0,sufficient
22812,PROD001941,WH003,Midlands Warehouse,Birmingham,West Midlands,593,148.0,290.78,0.0,593.0,sufficient
22812,PROD001941,WH004,Scotland Warehouse,Glasgow,Scotland,319,136.0,274.24,0.0,319.0,sufficient
22812,PROD001941,WH005,Wales Warehouse,Cardiff,Wales,684,73.0,153.41,1.0,683.0,sufficient
22815,PROD001944,WH001,Central Warehouse,London,South East,604,28.0,12.99,0.0,604.0,sufficient
22815,PROD001944,WH002,North Warehouse,Manchester,North West,87,59.0,25.6,0.0,87.0,sufficient
22815,PROD001944,WH003,Midlands Warehouse,Birmingham,West Midlands,44,143.0,56.56,0.0,44.0,sufficient
22815,PROD001944,WH004,Scotland Warehouse,Glasgow,Scotland,627,58.0,26.9,0.0,627.0,sufficient
22815,PROD001944,WH005,Wales Warehouse,Cardiff,Wales,244,51.0,21.85,12.0,232.0,sufficient
22816,PROD001945,WH001,Central Warehouse,London,South East,536,140.0,54.480000000000004,0.0,536.0,sufficient
22816,PROD001945,WH002,North Warehouse,Manchester,North West,462,168.0,70.56,0.0,462.0,sufficient
22816,PROD001945,WH003,Midlands Warehouse,Birmingham,West Midlands,271,104.0,44.11,0.0,271.0,sufficient
22816,PROD001945,WH004,Scotland Warehouse,Glasgow,Scotland,562,195.0,84.91,0.0,562.0,sufficient
22816,PROD001945,WH005,Wales Warehouse,Cardiff,Wales,226,122.0,52.1,0.0,226.0,sufficient
22818,PROD001947,WH001,Central Warehouse,London,South East,750,139.0,57.01,72.0,678.0,sufficient
22818,PROD001947,WH002,North Warehouse,Manchester,North West,218,96.0,40.75,0.0,218.0,sufficient
22818,PROD001947,WH003,Midlands Warehouse,Birmingham,West Midlands,26,133.0,55.86,0.0,26.0,sufficient
22818,PROD001947,WH004,Scotland Warehouse,Glasgow,Scotland,621,27.0,12.629999999999999,3.0,618.0,sufficient
22818,PROD001947,WH005,Wales Warehouse,Cardiff,Wales,384,153.0,64.26,16.0,368.0,sufficient
22821,PROD001950,WH001,Central Warehouse,London,South East,893,28.0,17.06,0.0,893.0,sufficient
22821,PROD001950,WH002,North Warehouse,Manchester,North West,826,12.0,7.8,0.0,826.0,sufficient
22821,PROD001950,WH003,Midlands Warehouse,Birmingham,West Midlands,819,25.0,16.43,0.0,819.0,sufficient
22821,PROD001950,WH004,Scotland Warehouse,Glasgow,Scotland,654,21.0,11.58,0.0,654.0,sufficient
22821,PROD001950,WH005,Wales Warehouse,Cardiff,Wales,785,64.0,42.74,0.0,785.0,sufficient
22832,PROD001961,WH001,Central Warehouse,London,South East,173,8.0,86.0,0.0,173.0,sufficient
22832,PROD001961,WH002,North Warehouse,Manchester,North West,862,0.0,0.0,0.0,862.0,sufficient
22832,PROD001961,WH003,Midlands Warehouse,Birmingham,West Midlands,821,2.0,21.5,0.0,821.0,sufficient
22832,PROD001961,WH004,Scotland Warehouse,Glasgow,Scotland,60,4.0,43.0,0.0,60.0,sufficient
22832,PROD001961,WH005,Wales Warehouse,Cardiff,Wales,378,9.0,106.78999999999999,2.0,376.0,sufficient
22835,PROD001964,WH001,Central Warehouse,London,South East,501,121.0,646.94,0.0,501.0,sufficient
22835,PROD001964,WH002,North Warehouse,Manchester,North West,14,82.0,411.94,4.0,10.0,sufficient
22835,PROD001964,WH003,Midlands Warehouse,Birmingham,West Midlands,726,50.0,249.91000000000003,0.0,726.0,sufficient
22835,PROD001964,WH004,Scotland Warehouse,Glasgow,Scotland,434,151.0,747.76,24.0,410.0,sufficient
22835,PROD001964,WH005,Wales Warehouse,Cardiff,Wales,630,80.0,424.24,0.0,630.0,sufficient
22837,PROD001965,WH001,Central Warehouse,London,South East,464,33.0,153.45,0.0,464.0,sufficient
22837,PROD001965,WH002,North Warehouse,Manchester,North West,596,68.0,386.25,1.0,595.0,sufficient
22837,PROD001965,WH003,Midlands Warehouse,Birmingham,West Midlands,1,61.0,302.33,0.0,1.0,sufficient
22837,PROD001965,WH004,Scotland Warehouse,Glasgow,Scotland,661,21.0,106.99000000000001,0.0,661.0,sufficient
22837,PROD001965,WH005,Wales Warehouse,Cardiff,Wales,58,24.0,130.28,0.0,58.0,sufficient
22838,PROD001966,WH001,Central Warehouse,London,South East,99,5.0,74.75,1.0,98.0,sufficient
22838,PROD001966,WH002,North Warehouse,Manchester,North West,425,34.0,455.5,5.0,420.0,sufficient
22838,PROD001966,WH003,Midlands Warehouse,Birmingham,West Midlands,486,18.0,283.94,1.0,485.0,sufficient
22838,PROD001966,WH004,Scotland Warehouse,Glasgow,Scotland,405,53.0,686.75,0.0,405.0,sufficient
22838,PROD001966,WH005,Wales Warehouse,Cardiff,Wales,127,10.0,149.5,0.0,127.0,sufficient
22848,PROD001976,WH001,Central Warehouse,London,South East,1624,7.0,110.65,0.0,1624.0,sufficient
22848,PROD001976,WH002,North Warehouse,Manchester,North West,1195,6.0,93.69999999999999,0.0,1195.0,sufficient
22848,PROD001976,WH003,Midlands Warehouse,Birmingham,West Midlands,1490,7.0,110.64999999999999,0.0,1490.0,sufficient
22848,PROD001976,WH004,Scotland Warehouse,Glasgow,Scotland,1618,12.0,179.39999999999998,0.0,1618.0,sufficient
22848,PROD001976,WH005,Wales Warehouse,Cardiff,Wales,1043,4.0,84.85,0.0,1043.0,sufficient
22851,PROD001978,WH001,Central Warehouse,London,South East,65,25.0,22.029999999999998,1.0,64.0,sufficient
22851,PROD001978,WH002,North Warehouse,Manchester,North West,892,43.0,38.11,26.0,866.0,sufficient
22851,PROD001978,WH003,Midlands Warehouse,Birmingham,West Midlands,173,269.0,199.91,0.0,173.0,sufficient
22851,PROD001978,WH004,Scotland Warehouse,Glasgow,Scotland,990,85.0,79.36,0.0,990.0,sufficient
22851,PROD001978,WH005,Wales Warehouse,Cardiff,Wales,839,56.0,50.03,0.0,839.0,sufficient
22852,PROD001979,WH001,Central Warehouse,London,South East,1119,13.0,52.75,0.0,1119.0,sufficient
22852,PROD001979,WH002,North Warehouse,Manchester,North West,1139,25.0,112.17,0.0,1139.0,sufficient
22852,PROD001979,WH003,Midlands Warehouse,Birmingham,West Midlands,1012,56.0,214.0,0.0,1012.0,sufficient
22852,PROD001979,WH004,Scotland Warehouse,Glasgow,Scotland,653,11.0,50.79,0.0,653.0,sufficient
22852,PROD001979,WH005,Wales Warehouse,Cardiff,Wales,312,34.0,132.5,0.0,312.0,sufficient
22853,PROD001980,WH001,Central Warehouse,London,South East,351,13.0,45.629999999999995,0.0,351.0,sufficient
22853,PROD001980,WH002,North Warehouse,Manchester,North West,981,34.0,181.48,0.0,981.0,sufficient
22853,PROD001980,WH003,Midlands Warehouse,Birmingham,West Midlands,333,10.0,32.5,0.0,333.0,sufficient
22853,PROD001980,WH004,Scotland Warehouse,Glasgow,Scotland,888,22.0,64.5,6.0,882.0,sufficient
22853,PROD001980,WH005,Wales Warehouse,Cardiff,Wales,441,6.0,19.5,0.0,441.0,sufficient
22854,PROD001981,WH001,Central Warehouse,London,South East,1465,17.0,90.22,0.0,1465.0,sufficient
22854,PROD001981,WH002,North Warehouse,Manchester,North West,1345,4.0,19.8,0.0,1345.0,sufficient
22854,PROD001981,WH003,Midlands Warehouse,Birmingham,West Midlands,393,15.0,74.25,0.0,393.0,sufficient
22854,PROD001981,WH004,Scotland Warehouse,Glasgow,Scotland,1077,22.0,114.97,4.0,1073.0,sufficient
22854,PROD001981,WH005,Wales Warehouse,Cardiff,Wales,1450,24.0,118.8,0.0,1450.0,sufficient
22855,PROD001982,WH001,Central Warehouse,London,South East,755,55.0,74.85,5.0,750.0,sufficient
22855,PROD001982,WH002,North Warehouse,Manchester,North West,258,98.0,122.5,0.0,258.0,sufficient
22855,PROD001982,WH003,Midlands Warehouse,Birmingham,West Midlands,641,103.0,129.96,12.0,629.0,sufficient
22855,PROD001982,WH004,Scotland Warehouse,Glasgow,Scotland,920,220.0,247.64000000000001,0.0,920.0,sufficient
22855,PROD001982,WH005,Wales Warehouse,Cardiff,Wales,659,94.0,129.65,36.0,623.0,sufficient
22858,PROD001985,WH001,Central Warehouse,London,South East,395,9.0,14.85,0.0,395.0,sufficient
22858,PROD001985,WH002,North Warehouse,Manchester,North West,106,7.0,11.55,0.0,106.0,sufficient
22858,PROD001985,WH003,Midlands Warehouse,Birmingham,West Midlands,801,6.0,9.9,0.0,801.0,sufficient
22858,PROD001985,WH004,Scotland Warehouse,Glasgow,Scotland,284,7.0,11.55,0.0,284.0,sufficient
22858,PROD001985,WH005,Wales Warehouse,Cardiff,Wales,7,24.0,39.6,0.0,7.0,sufficient
22866,PROD001992,WH001,Central Warehouse,London,South East,400,185.0,394.95,4.0,396.0,sufficient
22866,PROD001992,WH002,North Warehouse,Manchester,North West,396,258.0,541.01,1.0,395.0,sufficient
22866,PROD001992,WH003,Midlands Warehouse,Birmingham,West Midlands,655,252.0,573.39,1.0,654.0,sufficient
22866,PROD001992,WH004,Scotland Warehouse,Glasgow,Scotland,580,336.0,681.6,4.0,576.0,sufficient
22866,PROD001992,WH005,Wales Warehouse,Cardiff,Wales,785,121.0,254.10000000000002,0.0,785.0,sufficient
22868,PROD001994,WH001,Central Warehouse,London,South East,555,1.0,1.95,0.0,555.0,sufficient
22868,PROD001994,WH002,North Warehouse,Manchester,North West,51,2.0,6.16,0.0,51.0,sufficient
22868,PROD001994,WH003,Midlands Warehouse,Birmingham,West Midlands,653,2.0,3.9,0.0,653.0,sufficient
22868,PROD001994,WH004,Scotland Warehouse,Glasgow,Scotland,644,0.0,0.0,0.0,644.0,sufficient
22868,PROD001994,WH005,Wales Warehouse,Cardiff,Wales,144,0.0,0.0,0.0,144.0,sufficient
22869,PROD001995,WH001,Central Warehouse,London,South East,108,0.0,0.0,0.0,108.0,sufficient
22869,PROD001995,WH002,North Warehouse,Manchester,North West,189,2.0,6.08,0.0,189.0,sufficient
22869,PROD001995,WH003,Midlands Warehouse,Birmingham,West Midlands,885,48.0,93.6,0.0,885.0,sufficient
22869,PROD001995,WH004,Scotland Warehouse,Glasgow,Scotland,679,1.0,4.13,0.0,679.0,sufficient
22869,PROD001995,WH005,Wales Warehouse,Cardiff,Wales,649,2.0,3.9,0.0,649.0,sufficient
22870,PROD001996,WH001,Central Warehouse,London,South East,752,0.0,0.0,0.0,752.0,sufficient
22870,PROD001996,WH002,North Warehouse,Manchester,North West,976,4.0,7.8,0.0,976.0,sufficient
22870,PROD001996,WH003,Midlands Warehouse,Birmingham,West Midlands,852,0.0,0.0,0.0,852.0,sufficient
22870,PROD001996,WH004,Scotland Warehouse,Glasgow,Scotland,1522,5.0,14.190000000000001,0.0,1522.0,sufficient
22870,PROD001996,WH005,Wales Warehouse,Cardiff,Wales,991,0.0,0.0,0.0,991.0,sufficient
22872,PROD001998,WH001,Central Warehouse,London,South East,389,3.0,8.11,0.0,389.0,sufficient
22872,PROD001998,WH002,North Warehouse,Manchester,North West,389,4.0,7.8,0.0,389.0,sufficient
22872,PROD001998,WH003,Midlands Warehouse,Birmingham,West Midlands,24,0.0,0.0,0.0,24.0,sufficient
22872,PROD001998,WH004,Scotland Warehouse,Glasgow,Scotland,515,2.0,8.34,0.0,515.0,sufficient
22872,PROD001998,WH005,Wales Warehouse,Cardiff,Wales,545,0.0,0.0,0.0,545.0,sufficient
22873,PROD001999,WH001,Central Warehouse,London,South East,602,0.0,0.0,0.0,602.0,sufficient
22873,PROD001999,WH002,North Warehouse,Manchester,North West,31,0.0,0.0,0.0,31.0,sufficient
22873,PROD001999,WH003,Midlands Warehouse,Birmingham,West Midlands,743,0.0,0.0,0.0,743.0,sufficient
22873,PROD001999,WH004,Scotland Warehouse,Glasgow,Scotland,53,8.0,15.6,0.0,53.0,sufficient
22873,PROD001999,WH005,Wales Warehouse,Cardiff,Wales,351,0.0,0.0,0.0,351.0,sufficient
22877,PROD002003,WH001,Central Warehouse,London,South East,566,0.0,0.0,0.0,566.0,sufficient
22877,PROD002003,WH002,North Warehouse,Manchester,North West,132,4.0,12.32,2.0,130.0,sufficient
22877,PROD002003,WH003,Midlands Warehouse,Birmingham,West Midlands,227,0.0,0.0,0.0,227.0,sufficient
22877,PROD002003,WH004,Scotland Warehouse,Glasgow,Scotland,941,0.0,0.0,0.0,941.0,sufficient
22877,PROD002003,WH005,Wales Warehouse,Cardiff,Wales,614,0.0,0.0,0.0,614.0,sufficient
22881,PROD002007,WH001,Central Warehouse,London,South East,524,0.0,0.0,0.0,524.0,sufficient
22881,PROD002007,WH002,North Warehouse,Manchester,North West,121,0.0,0.0,0.0,121.0,sufficient
22881,PROD002007,WH003,Midlands Warehouse,Birmingham,West Midlands,426,0.0,0.0,0.0,426.0,sufficient
22881,PROD002007,WH004,Scotland Warehouse,Glasgow,Scotland,593,2.0,3.9,0.0,593.0,sufficient
22881,PROD002007,WH005,Wales Warehouse,Cardiff,Wales,414,0.0,0.0,0.0,414.0,sufficient
22889,PROD002014,WH001,Central Warehouse,London,South East,100,2.0,4.2,0.0,100.0,sufficient
22889,PROD002014,WH002,North Warehouse,Manchester,North West,713,0.0,0.0,0.0,713.0,sufficient
22889,PROD002014,WH003,Midlands Warehouse,Birmingham,West Midlands,268,0.0,0.0,0.0,268.0,sufficient
22889,PROD002014,WH004,Scotland Warehouse,Glasgow,Scotland,954,96.0,72.0,0.0,954.0,sufficient
22889,PROD002014,WH005,Wales Warehouse,Cardiff,Wales,169,1.0,4.13,0.0,169.0,sufficient
22890,PROD002015,WH001,Central Warehouse,London,South East,817,29.0,263.76,24.0,793.0,sufficient
22890,PROD002015,WH002,North Warehouse,Manchester,North West,194,9.0,99.56,0.0,194.0,sufficient
22890,PROD002015,WH003,Midlands Warehouse,Birmingham,West Midlands,867,13.0,129.35,0.0,867.0,sufficient
22890,PROD002015,WH004,Scotland Warehouse,Glasgow,Scotland,496,7.0,90.50999999999999,0.0,496.0,sufficient
22890,PROD002015,WH005,Wales Warehouse,Cardiff,Wales,656,18.0,199.54,0.0,656.0,sufficient
22893,PROD002018,WH001,Central Warehouse,London,South East,681,58.0,30.3,0.0,681.0,sufficient
22893,PROD002018,WH002,North Warehouse,Manchester,North West,767,0.0,0.0,0.0,767.0,sufficient
22893,PROD002018,WH003,Midlands Warehouse,Birmingham,West Midlands,973,46.0,28.42,0.0,973.0,sufficient
22893,PROD002018,WH004,Scotland Warehouse,Glasgow,Scotland,776,42.0,23.01,0.0,776.0,sufficient
22893,PROD002018,WH005,Wales Warehouse,Cardiff,Wales,390,43.0,21.5,0.0,390.0,sufficient
22895,PROD002020,WH001,Central Warehouse,London,South East,1093,125.0,333.63,0.0,1093.0,sufficient
22895,PROD002020,WH002,North Warehouse,Manchester,North West,1292,13.0,44.91,0.0,1292.0,sufficient
22895,PROD002020,WH003,Midlands Warehouse,Birmingham,West Midlands,1460,42.0,128.4,6.0,1454.0,sufficient
22895,PROD002020,WH004,Scotland Warehouse,Glasgow,Scotland,1283,53.0,162.35,10.0,1273.0,sufficient
22895,PROD002020,WH005,Wales Warehouse,Cardiff,Wales,913,188.0,271.56,0.0,913.0,sufficient
22896,PROD002021,WH001,Central Warehouse,London,South East,1213,26.0,66.3,0.0,1213.0,sufficient
22896,PROD002021,WH002,North Warehouse,Manchester,North West,1394,25.0,63.75,0.0,1394.0,sufficient
22896,PROD002021,WH003,Midlands Warehouse,Birmingham,West Midlands,1498,18.0,48.41,6.0,1492.0,sufficient
22896,PROD002021,WH004,Scotland Warehouse,Glasgow,Scotland,1531,50.0,137.44,0.0,1531.0,sufficient
22896,PROD002021,WH005,Wales Warehouse,Cardiff,Wales,1216,12.0,30.6,0.0,1216.0,sufficient
22898,PROD002023,WH001,Central Warehouse,London,South East,643,32.0,70.6,0.0,643.0,sufficient
22898,PROD002023,WH002,North Warehouse,Manchester,North West,511,33.0,64.35,0.0,511.0,sufficient
22898,PROD002023,WH003,Midlands Warehouse,Birmingham,West Midlands,972,24.0,48.98,0.0,972.0,sufficient
22898,PROD002023,WH004,Scotland Warehouse,Glasgow,Scotland,21,93.0,168.53,8.0,13.0,sufficient
22898,PROD002023,WH005,Wales Warehouse,Cardiff,Wales,58,77.0,164.42000000000002,0.0,58.0,sufficient
22900,PROD002025,WH001,Central Warehouse,London,South East,75,61.0,197.19,18.0,57.0,sufficient
22900,PROD002025,WH002,North Warehouse,Manchester,North West,945,67.0,228.53,3.0,942.0,sufficient
22900,PROD002025,WH003,Midlands Warehouse,Birmingham,West Midlands,569,54.0,175.54,0.0,569.0,sufficient
22900,PROD002025,WH004,Scotland Warehouse,Glasgow,Scotland,910,158.0,430.0,0.0,910.0,sufficient
22900,PROD002025,WH005,Wales Warehouse,Cardiff,Wales,158,174.0,503.98,0.0,158.0,sufficient
22902,PROD002026,WH001,Central Warehouse,London,South East,669,17.0,37.73,0.0,669.0,sufficient
22902,PROD002026,WH002,North Warehouse,Manchester,North West,642,37.0,79.73,0.0,642.0,sufficient
22902,PROD002026,WH003,Midlands Warehouse,Birmingham,West Midlands,102,40.0,82.36,0.0,102.0,sufficient
22902,PROD002026,WH004,Scotland Warehouse,Glasgow,Scotland,927,58.0,103.33,0.0,927.0,sufficient
22902,PROD002026,WH005,Wales Warehouse,Cardiff,Wales,400,64.0,113.9,0.0,400.0,sufficient
22905,PROD002029,WH001,Central Warehouse,London,South East,1337,86.0,221.7,0.0,1337.0,sufficient
22905,PROD002029,WH002,North Warehouse,Manchester,North West,1146,95.0,245.97000000000003,0.0,1146.0,sufficient
22905,PROD002029,WH003,Midlands Warehouse,Birmingham,West Midlands,1271,22.0,67.37,3.0,1268.0,sufficient
22905,PROD002029,WH004,Scotland Warehouse,Glasgow,Scotland,1500,6.0,17.21,0.0,1500.0,sufficient
22905,PROD002029,WH005,Wales Warehouse,Cardiff,Wales,1316,22.0,63.92,0.0,1316.0,sufficient
22908,PROD002032,WH001,Central Warehouse,London,South East,34,94.0,81.46,0.0,34.0,sufficient
22908,PROD002032,WH002,North Warehouse,Manchester,North West,687,66.0,57.66,0.0,687.0,sufficient
22908,PROD002032,WH003,Midlands Warehouse,Birmingham,West Midlands,377,34.0,30.519999999999996,0.0,377.0,sufficient
22908,PROD002032,WH004,Scotland Warehouse,Glasgow,Scotland,235,90.0,78.83999999999999,2.0,233.0,sufficient
22908,PROD002032,WH005,Wales Warehouse,Cardiff,Wales,975,227.0,160.31,4.0,971.0,sufficient
22909,PROD002033,WH001,Central Warehouse,London,South East,793,185.0,165.05,14.0,779.0,sufficient
22909,PROD002033,WH002,North Warehouse,Manchester,North West,140,465.0,364.67999999999995,0.0,140.0,sufficient
22909,PROD002033,WH003,Midlands Warehouse,Birmingham,West Midlands,199,152.0,155.48,3.0,196.0,sufficient
22909,PROD002033,WH004,Scotland Warehouse,Glasgow,Scotland,837,341.0,503.25,0.0,837.0,sufficient
22909,PROD002033,WH005,Wales Warehouse,Cardiff,Wales,303,215.0,194.78,1.0,302.0,sufficient
22911,PROD002035,WH001,Central Warehouse,London,South East,562,2.0,5.9,0.0,562.0,sufficient
22911,PROD002035,WH002,North Warehouse,Manchester,North West,371,21.0,61.95,1.0,370.0,sufficient
22911,PROD002035,WH003,Midlands Warehouse,Birmingham,West Midlands,46,94.0,245.3,0.0,46.0,sufficient
22911,PROD002035,WH004,Scotland Warehouse,Glasgow,Scotland,944,8.0,23.6,6.0,938.0,sufficient
22911,PROD002035,WH005,Wales Warehouse,Cardiff,Wales,837,16.0,50.04,0.0,837.0,sufficient
22916,PROD002040,WH001,Central Warehouse,London,South East,335,61.0,40.629999999999995,0.0,335.0,sufficient
22916,PROD002040,WH002,North Warehouse,Manchester,North West,706,29.0,19.83,0.0,706.0,sufficient
22916,PROD002040,WH003,Midlands Warehouse,Birmingham,West Midlands,358,134.0,77.06,0.0,358.0,sufficient
22916,PROD002040,WH004,Scotland Warehouse,Glasgow,Scotland,136,47.0,31.53,1.0,135.0,sufficient
22916,PROD002040,WH005,Wales Warehouse,Cardiff,Wales,427,56.0,36.4,0.0,427.0,sufficient
22917,PROD002041,WH001,Central Warehouse,London,South East,810,27.0,17.55,0.0,810.0,sufficient
22917,PROD002041,WH002,North Warehouse,Manchester,North West,636,68.0,45.21,0.0,636.0,sufficient
22917,PROD002041,WH003,Midlands Warehouse,Birmingham,West Midlands,301,224.0,145.6,0.0,301.0,sufficient
22917,PROD002041,WH004,Scotland Warehouse,Glasgow,Scotland,135,13.0,9.43,0.0,135.0,sufficient
22917,PROD002041,WH005,Wales Warehouse,Cardiff,Wales,858,26.0,18.86,0.0,858.0,sufficient
22921,PROD002045,WH001,Central Warehouse,London,South East,546,22.0,15.28,0.0,546.0,sufficient
22921,PROD002045,WH002,North Warehouse,Manchester,North West,1125,2.0,3.26,0.0,1125.0,sufficient
22921,PROD002045,WH003,Midlands Warehouse,Birmingham,West Midlands,947,9.0,6.83,6.0,941.0,sufficient
22921,PROD002045,WH004,Scotland Warehouse,Glasgow,Scotland,689,24.0,15.6,0.0,689.0,sufficient
22921,PROD002045,WH005,Wales Warehouse,Cardiff,Wales,1217,19.0,13.36,0.0,1217.0,sufficient
22922,PROD002046,WH001,Central Warehouse,London,South East,138,84.0,63.6,0.0,138.0,sufficient
22922,PROD002046,WH002,North Warehouse,Manchester,North West,751,60.0,51.0,0.0,751.0,sufficient
22922,PROD002046,WH003,Midlands Warehouse,Birmingham,West Midlands,233,12.0,10.2,0.0,233.0,sufficient
22922,PROD002046,WH004,Scotland Warehouse,Glasgow,Scotland,938,24.0,20.4,0.0,938.0,sufficient
22922,PROD002046,WH005,Wales Warehouse,Cardiff,Wales,319,80.0,88.11,60.0,259.0,sufficient
22930,PROD002054,WH001,Central Warehouse,London,South East,484,15.0,35.26,0.0,484.0,sufficient
22930,PROD002054,WH002,North Warehouse,Manchester,North West,1250,20.0,51.0,1.0,1249.0,sufficient
22930,PROD002054,WH003,Midlands Warehouse,Birmingham,West Midlands,754,21.0,55.96,0.0,754.0,sufficient
22930,PROD002054,WH004,Scotland Warehouse,Glasgow,Scotland,1206,35.0,89.25,0.0,1206.0,sufficient
22930,PROD002054,WH005,Wales Warehouse,Cardiff,Wales,1462,1.0,4.96,0.0,1462.0,sufficient
22931,PROD002055,WH001,Central Warehouse,London,South East,12,1.0,4.96,0.0,12.0,sufficient
22931,PROD002055,WH002,North Warehouse,Manchester,North West,106,5.0,12.75,0.0,106.0,sufficient
22931,PROD002055,WH003,Midlands Warehouse,Birmingham,West Midlands,785,8.0,22.799999999999997,0.0,785.0,sufficient
22931,PROD002055,WH004,Scotland Warehouse,Glasgow,Scotland,496,10.0,25.5,0.0,496.0,sufficient
22931,PROD002055,WH005,Wales Warehouse,Cardiff,Wales,278,8.0,20.4,0.0,278.0,sufficient
22933,PROD002057,WH001,Central Warehouse,London,South East,946,16.0,50.04,0.0,946.0,sufficient
22933,PROD002057,WH002,North Warehouse,Manchester,North West,691,0.0,0.0,0.0,691.0,sufficient
22933,PROD002057,WH003,Midlands Warehouse,Birmingham,West Midlands,926,18.0,53.1,0.0,926.0,sufficient
22933,PROD002057,WH004,Scotland Warehouse,Glasgow,Scotland,491,26.0,108.7,6.0,485.0,sufficient
22933,PROD002057,WH005,Wales Warehouse,Cardiff,Wales,619,14.0,41.3,0.0,619.0,sufficient
22937,PROD002061,WH001,Central Warehouse,London,South East,877,12.0,30.6,0.0,877.0,sufficient
22937,PROD002061,WH002,North Warehouse,Manchester,North West,403,6.0,15.3,0.0,403.0,sufficient
22937,PROD002061,WH003,Midlands Warehouse,Birmingham,West Midlands,791,14.0,35.7,0.0,791.0,sufficient
22937,PROD002061,WH004,Scotland Warehouse,Glasgow,Scotland,260,56.0,142.8,0.0,260.0,sufficient
22937,PROD002061,WH005,Wales Warehouse,Cardiff,Wales,290,9.0,22.95,0.0,290.0,sufficient
22940,PROD002064,WH001,Central Warehouse,London,South East,1004,86.0,345.5,32.0,972.0,sufficient
22940,PROD002064,WH002,North Warehouse,Manchester,North West,695,49.0,220.37,4.0,691.0,sufficient
22940,PROD002064,WH003,Midlands Warehouse,Birmingham,West Midlands,1635,41.0,186.91,0.0,1635.0,sufficient
22940,PROD002064,WH004,Scotland Warehouse,Glasgow,Scotland,583,49.0,208.25,8.0,575.0,sufficient
22940,PROD002064,WH005,Wales Warehouse,Cardiff,Wales,1131,26.0,118.94,3.0,1128.0,sufficient
22941,PROD002065,WH001,Central Warehouse,London,South East,78,95.0,808.05,0.0,78.0,sufficient
22941,PROD002065,WH002,North Warehouse,Manchester,North West,171,23.0,195.5,0.0,171.0,sufficient
22941,PROD002065,WH003,Midlands Warehouse,Birmingham,West Midlands,17,47.0,387.58,0.0,17.0,sufficient
22941,PROD002065,WH004,Scotland Warehouse,Glasgow,Scotland,284,37.0,310.71000000000004,0.0,284.0,sufficient
22941,PROD002065,WH005,Wales Warehouse,Cardiff,Wales,875,22.0,195.13,0.0,875.0,sufficient
22942,PROD002066,WH001,Central Warehouse,London,South East,602,6.0,34.32,0.0,602.0,sufficient
22942,PROD002066,WH002,North Warehouse,Manchester,North West,75,18.0,153.0,4.0,71.0,sufficient
22942,PROD002066,WH003,Midlands Warehouse,Birmingham,West Midlands,590,13.0,110.5,0.0,590.0,sufficient
22942,PROD002066,WH004,Scotland Warehouse,Glasgow,Scotland,805,33.0,297.11,0.0,805.0,sufficient
22942,PROD002066,WH005,Wales Warehouse,Cardiff,Wales,809,9.0,76.5,0.0,809.0,sufficient
22945,PROD002069,WH001,Central Warehouse,London,South East,101,66.0,56.099999999999994,0.0,101.0,sufficient
22945,PROD002069,WH002,North Warehouse,Manchester,North West,577,41.0,91.4,0.0,577.0,sufficient
22945,PROD002069,WH003,Midlands Warehouse,Birmingham,West Midlands,660,48.0,46.5,0.0,660.0,sufficient
22945,PROD002069,WH004,Scotland Warehouse,Glasgow,Scotland,890,105.0,119.75999999999999,50.0,840.0,sufficient
22945,PROD002069,WH005,Wales Warehouse,Cardiff,Wales,442,222.0,200.49,0.0,442.0,sufficient
22948,PROD002072,WH001,Central Warehouse,London,South East,1435,7.0,5.949999999999999,0.0,1435.0,sufficient
22948,PROD002072,WH002,North Warehouse,Manchester,North West,1548,56.0,54.08,0.0,1548.0,sufficient
22948,PROD002072,WH003,Midlands Warehouse,Birmingham,West Midlands,1147,51.0,60.97,0.0,1147.0,sufficient
22948,PROD002072,WH004,Scotland Warehouse,Glasgow,Scotland,1659,35.0,38.91,0.0,1659.0,sufficient
22948,PROD002072,WH005,Wales Warehouse,Cardiff,Wales,1176,21.0,57.03,0.0,1176.0,sufficient
22950,PROD002074,WH001,Central Warehouse,London,South East,486,391.0,512.35,288.0,198.0,low
22950,PROD002074,WH002,North Warehouse,Manchester,North West,61,41.0,65.50999999999999,1.0,60.0,sufficient
22950,PROD002074,WH003,Midlands Warehouse,Birmingham,West Midlands,293,532.0,685.0,432.0,-139.0,critical
22950,PROD002074,WH004,Scotland Warehouse,Glasgow,Scotland,850,71.0,105.89,0.0,850.0,sufficient
22950,PROD002074,WH005,Wales Warehouse,Cardiff,Wales,793,80.0,116.0,0.0,793.0,sufficient
22954,PROD002078,WH001,Central Warehouse,London,South East,67,5.0,7.51,0.0,67.0,sufficient
22954,PROD002078,WH002,North Warehouse,Manchester,North West,383,0.0,0.0,0.0,383.0,sufficient
22954,PROD002078,WH003,Midlands Warehouse,Birmingham,West Midlands,409,0.0,0.0,0.0,409.0,sufficient
22954,PROD002078,WH004,Scotland Warehouse,Glasgow,Scotland,604,0.0,0.0,0.0,604.0,sufficient
22954,PROD002078,WH005,Wales Warehouse,Cardiff,Wales,333,4.0,5.0,0.0,333.0,sufficient
22955,PROD002079,WH001,Central Warehouse,London,South East,625,2.0,6.3100000000000005,0.0,625.0,sufficient
22955,PROD002079,WH002,North Warehouse,Manchester,North West,419,85.0,163.5,0.0,419.0,sufficient
22955,PROD002079,WH003,Midlands Warehouse,Birmingham,West Midlands,655,5.0,14.559999999999999,0.0,655.0,sufficient
22955,PROD002079,WH004,Scotland Warehouse,Glasgow,Scotland,248,17.0,35.7,0.0,248.0,sufficient
22955,PROD002079,WH005,Wales Warehouse,Cardiff,Wales,950,45.0,94.5,30.0,920.0,sufficient
22962,PROD002085,WH001,Central Warehouse,London,South East,598,135.0,114.0,0.0,598.0,sufficient
22962,PROD002085,WH002,North Warehouse,Manchester,North West,65,26.0,33.38,0.0,65.0,sufficient
22962,PROD002085,WH003,Midlands Warehouse,Birmingham,West Midlands,771,74.0,62.330000000000005,0.0,771.0,sufficient
22962,PROD002085,WH004,Scotland Warehouse,Glasgow,Scotland,956,42.0,44.28,0.0,956.0,sufficient
22962,PROD002085,WH005,Wales Warehouse,Cardiff,Wales,914,67.0,62.41,0.0,914.0,sufficient
22963,PROD002086,WH001,Central Warehouse,London,South East,660,76.0,61.540000000000006,0.0,660.0,sufficient
22963,PROD002086,WH002,North Warehouse,Manchester,North West,523,27.0,26.16,3.0,520.0,sufficient
22963,PROD002086,WH003,Midlands Warehouse,Birmingham,West Midlands,508,211.0,166.09,12.0,496.0,sufficient
22963,PROD002086,WH004,Scotland Warehouse,Glasgow,Scotland,907,24.0,20.4,0.0,907.0,sufficient
22963,PROD002086,WH005,Wales Warehouse,Cardiff,Wales,108,114.0,13.459999999999999,0.0,108.0,sufficient
22969,PROD002092,WH001,Central Warehouse,London,South East,281,469.0,624.36,0.0,281.0,sufficient
22969,PROD002092,WH002,North Warehouse,Manchester,North West,1322,124.0,187.15999999999997,0.0,1322.0,sufficient
22969,PROD002092,WH003,Midlands Warehouse,Birmingham,West Midlands,688,157.0,229.48999999999998,0.0,688.0,sufficient
22969,PROD002092,WH004,Scotland Warehouse,Glasgow,Scotland,1480,123.0,184.01,1.0,1479.0,sufficient
22969,PROD002092,WH005,Wales Warehouse,Cardiff,Wales,122,119.0,193.42,13.0,109.0,sufficient
22970,PROD002093,WH001,Central Warehouse,London,South East,544,8.0,22.810000000000002,0.0,544.0,sufficient
22970,PROD002093,WH002,North Warehouse,Manchester,North West,635,134.0,293.09999999999997,0.0,635.0,sufficient
22970,PROD002093,WH003,Midlands Warehouse,Birmingham,West Midlands,139,61.0,141.76,0.0,139.0,sufficient
22970,PROD002093,WH004,Scotland Warehouse,Glasgow,Scotland,118,331.0,722.26,6.0,112.0,sufficient
22970,PROD002093,WH005,Wales Warehouse,Cardiff,Wales,554,31.0,81.46,0.0,554.0,sufficient
22972,PROD002095,WH001,Central Warehouse,London,South East,104,53.0,77.85,0.0,104.0,sufficient
22972,PROD002095,WH002,North Warehouse,Manchester,North West,570,33.0,59.58,0.0,570.0,sufficient
22972,PROD002095,WH003,Midlands Warehouse,Birmingham,West Midlands,818,22.0,39.58,0.0,818.0,sufficient
22972,PROD002095,WH004,Scotland Warehouse,Glasgow,Scotland,982,50.0,84.14,12.0,970.0,sufficient
22972,PROD002095,WH005,Wales Warehouse,Cardiff,Wales,684,65.0,112.17,0.0,684.0,sufficient
22974,PROD002097,WH001,Central Warehouse,London,South East,947,0.0,0.0,0.0,947.0,sufficient
22974,PROD002097,WH002,North Warehouse,Manchester,North West,705,10.0,19.78,0.0,705.0,sufficient
22974,PROD002097,WH003,Midlands Warehouse,Birmingham,West Midlands,947,36.0,59.400000000000006,0.0,947.0,sufficient
22974,PROD002097,WH004,Scotland Warehouse,Glasgow,Scotland,941,27.0,49.68,0.0,941.0,sufficient
22974,PROD002097,WH005,Wales Warehouse,Cardiff,Wales,341,13.0,21.45,0.0,341.0,sufficient
22975,PROD002098,WH001,Central Warehouse,London,South East,569,28.0,36.21,0.0,569.0,sufficient
22975,PROD002098,WH002,North Warehouse,Manchester,North West,261,16.0,20.0,0.0,261.0,sufficient
22975,PROD002098,WH003,Midlands Warehouse,Birmingham,West Midlands,284,47.0,58.75,0.0,284.0,sufficient
22975,PROD002098,WH004,Scotland Warehouse,Glasgow,Scotland,773,26.0,32.5,0.0,773.0,sufficient
22975,PROD002098,WH005,Wales Warehouse,Cardiff,Wales,226,17.0,21.25,0.0,226.0,sufficient
22978,PROD002101,WH001,Central Warehouse,London,South East,98,13.0,52.46,0.0,98.0,sufficient
22978,PROD002101,WH002,North Warehouse,Manchester,North West,549,13.0,52.46,0.0,549.0,sufficient
22978,PROD002101,WH003,Midlands Warehouse,Birmingham,West Midlands,301,15.0,59.96,0.0,301.0,sufficient
22978,PROD002101,WH004,Scotland Warehouse,Glasgow,Scotland,244,25.0,97.46000000000001,0.0,244.0,sufficient
22978,PROD002101,WH005,Wales Warehouse,Cardiff,Wales,343,14.0,56.21,1.0,342.0,sufficient
22980,PROD002103,WH001,Central Warehouse,London,South East,999,46.0,77.54,0.0,999.0,sufficient
22980,PROD002103,WH002,North Warehouse,Manchester,North West,908,28.0,46.2,0.0,908.0,sufficient
22980,PROD002103,WH003,Midlands Warehouse,Birmingham,West Midlands,34,61.0,105.57000000000001,0.0,34.0,sufficient
22980,PROD002103,WH004,Scotland Warehouse,Glasgow,Scotland,489,103.0,161.99,0.0,489.0,sufficient
22980,PROD002103,WH005,Wales Warehouse,Cardiff,Wales,680,63.0,107.23,0.0,680.0,sufficient
22985,PROD002108,WH001,Central Warehouse,London,South East,113,100.0,42.0,0.0,113.0,sufficient
22985,PROD002108,WH002,North Warehouse,Manchester,North West,728,25.0,10.5,0.0,728.0,sufficient
22985,PROD002108,WH003,Midlands Warehouse,Birmingham,West Midlands,969,100.0,42.0,25.0,944.0,sufficient
22985,PROD002108,WH004,Scotland Warehouse,Glasgow,Scotland,823,25.0,10.5,0.0,823.0,sufficient
22985,PROD002108,WH005,Wales Warehouse,Cardiff,Wales,449,950.0,335.0,0.0,449.0,sufficient
22989,PROD002112,WH001,Central Warehouse,London,South East,675,27.0,89.33,0.0,675.0,sufficient
22989,PROD002112,WH002,North Warehouse,Manchester,North West,843,51.0,165.75,0.0,843.0,sufficient
22989,PROD002112,WH003,Midlands Warehouse,Birmingham,West Midlands,550,5.0,19.63,0.0,550.0,sufficient
22989,PROD002112,WH004,Scotland Warehouse,Glasgow,Scotland,107,25.0,81.25,6.0,101.0,sufficient
22989,PROD002112,WH005,Wales Warehouse,Cardiff,Wales,906,27.0,85.95,0.0,906.0,sufficient
22991,PROD002114,WH001,Central Warehouse,London,South East,280,37.0,74.33,0.0,280.0,sufficient
22991,PROD002114,WH002,North Warehouse,Manchester,North West,245,25.0,48.75,0.0,245.0,sufficient
22991,PROD002114,WH003,Midlands Warehouse,Birmingham,West Midlands,381,15.0,31.049999999999997,0.0,381.0,sufficient
22991,PROD002114,WH004,Scotland Warehouse,Glasgow,Scotland,555,449.0,748.13,0.0,555.0,sufficient
22991,PROD002114,WH005,Wales Warehouse,Cardiff,Wales,146,45.0,91.73,12.0,134.0,sufficient
22994,PROD002117,WH001,Central Warehouse,London,South East,161,30.0,14.24,0.0,161.0,sufficient
22994,PROD002117,WH002,North Warehouse,Manchester,North West,572,32.0,13.85,0.0,572.0,sufficient
22994,PROD002117,WH003,Midlands Warehouse,Birmingham,West Midlands,308,19.0,9.620000000000001,0.0,308.0,sufficient
22994,PROD002117,WH004,Scotland Warehouse,Glasgow,Scotland,706,32.0,14.26,0.0,706.0,sufficient
22994,PROD002117,WH005,Wales Warehouse,Cardiff,Wales,746,0.0,0.0,0.0,746.0,sufficient
22995,PROD002118,WH001,Central Warehouse,London,South East,138,31.0,13.43,0.0,138.0,sufficient
22995,PROD002118,WH002,North Warehouse,Manchester,North West,376,79.0,34.41,11.0,365.0,sufficient
22995,PROD002118,WH003,Midlands Warehouse,Birmingham,West Midlands,85,5.0,3.7399999999999998,0.0,85.0,sufficient
22995,PROD002118,WH004,Scotland Warehouse,Glasgow,Scotland,23,40.0,16.8,0.0,23.0,sufficient
22995,PROD002118,WH005,Wales Warehouse,Cardiff,Wales,618,13.0,8.74,0.0,618.0,sufficient
22998,PROD002121,WH001,Central Warehouse,London,South East,366,87.0,36.95,0.0,366.0,sufficient
22998,PROD002121,WH002,North Warehouse,Manchester,North West,395,134.0,56.69,0.0,395.0,sufficient
22998,PROD002121,WH003,Midlands Warehouse,Birmingham,West Midlands,132,649.0,244.60000000000002,24.0,108.0,sufficient
22998,PROD002121,WH004,Scotland Warehouse,Glasgow,Scotland,221,410.0,174.25,9.0,212.0,sufficient
22998,PROD002121,WH005,Wales Warehouse,Cardiff,Wales,109,24.0,10.08,0.0,109.0,sufficient
23000,PROD002123,WH001,Central Warehouse,London,South East,99,26.0,10.92,0.0,99.0,sufficient
23000,PROD002123,WH002,North Warehouse,Manchester,North West,684,34.0,14.280000000000001,0.0,684.0,sufficient
23000,PROD002123,WH003,Midlands Warehouse,Birmingham,West Midlands,798,24.0,12.54,1.0,797.0,sufficient
23000,PROD002123,WH004,Scotland Warehouse,Glasgow,Scotland,336,25.0,10.5,0.0,336.0,sufficient
23000,PROD002123,WH005,Wales Warehouse,Cardiff,Wales,906,73.0,31.07,0.0,906.0,sufficient
23002,PROD002124,WH001,Central Warehouse,London,South East,565,9.0,4.1899999999999995,0.0,565.0,sufficient
23002,PROD002124,WH002,North Warehouse,Manchester,North West,146,50.0,21.41,0.0,146.0,sufficient
23002,PROD002124,WH003,Midlands Warehouse,Birmingham,West Midlands,685,41.0,17.22,0.0,685.0,sufficient
23002,PROD002124,WH004,Scotland Warehouse,Glasgow,Scotland,20,30.0,13.42,2.0,18.0,sufficient
23002,PROD002124,WH005,Wales Warehouse,Cardiff,Wales,423,28.0,12.99,0.0,423.0,sufficient
23006,PROD002128,WH001,Central Warehouse,London,South East,108,55.0,24.33,0.0,108.0,sufficient
23006,PROD002128,WH002,North Warehouse,Manchester,North West,17,50.0,21.0,0.0,17.0,sufficient
23006,PROD002128,WH003,Midlands Warehouse,Birmingham,West Midlands,229,32.0,13.85,0.0,229.0,sufficient
23006,PROD002128,WH004,Scotland Warehouse,Glasgow,Scotland,267,60.0,25.2,0.0,267.0,sufficient
23006,PROD002128,WH005,Wales Warehouse,Cardiff,Wales,529,24.0,10.08,0.0,529.0,sufficient
23007,PROD002129,WH001,Central Warehouse,London,South East,777,8.0,117.12,0.0,777.0,sufficient
23007,PROD002129,WH002,North Warehouse,Manchester,North West,737,12.0,184.92,0.0,737.0,sufficient
23007,PROD002129,WH003,Midlands Warehouse,Birmingham,West Midlands,91,12.0,185.24,0.0,91.0,sufficient
23007,PROD002129,WH004,Scotland Warehouse,Glasgow,Scotland,884,23.0,365.85,0.0,884.0,sufficient
23007,PROD002129,WH005,Wales Warehouse,Cardiff,Wales,848,4.0,75.81,0.0,848.0,sufficient
23008,PROD002130,WH001,Central Warehouse,London,South East,210,17.0,296.16,0.0,210.0,sufficient
23008,PROD002130,WH002,North Warehouse,Manchester,North West,37,1.0,16.95,0.0,37.0,sufficient
23008,PROD002130,WH003,Midlands Warehouse,Birmingham,West Midlands,174,2.0,33.9,0.0,174.0,sufficient
23008,PROD002130,WH004,Scotland Warehouse,Glasgow,Scotland,583,10.0,157.5,0.0,583.0,sufficient
23008,PROD002130,WH005,Wales Warehouse,Cardiff,Wales,365,6.0,101.69999999999999,0.0,365.0,sufficient
23010,PROD002132,WH001,Central Warehouse,London,South East,871,1.0,16.95,0.0,871.0,sufficient
23010,PROD002132,WH002,North Warehouse,Manchester,North West,615,38.0,572.1,0.0,615.0,sufficient
23010,PROD002132,WH003,Midlands Warehouse,Birmingham,West Midlands,185,2.0,33.9,0.0,185.0,sufficient
23010,PROD002132,WH004,Scotland Warehouse,Glasgow,Scotland,318,0.0,0.0,0.0,318.0,sufficient
23010,PROD002132,WH005,Wales Warehouse,Cardiff,Wales,200,24.0,358.8,0.0,200.0,sufficient
23012,PROD002133,WH001,Central Warehouse,London,South East,970,10.0,43.84,0.0,970.0,sufficient
23012,PROD002133,WH002,North Warehouse,Manchester,North West,988,46.0,172.38,1.0,987.0,sufficient
23012,PROD002133,WH003,Midlands Warehouse,Birmingham,West Midlands,154,9.0,39.89,0.0,154.0,sufficient
23012,PROD002133,WH004,Scotland Warehouse,Glasgow,Scotland,693,26.0,101.04,0.0,693.0,sufficient
23012,PROD002133,WH005,Wales Warehouse,Cardiff,Wales,850,29.0,106.88999999999999,0.0,850.0,sufficient
23013,PROD002134,WH001,Central Warehouse,London,South East,148,10.0,39.5,0.0,148.0,sufficient
23013,PROD002134,WH002,North Warehouse,Manchester,North West,886,8.0,31.6,0.0,886.0,sufficient
23013,PROD002134,WH003,Midlands Warehouse,Birmingham,West Midlands,724,9.0,39.89,0.0,724.0,sufficient
23013,PROD002134,WH004,Scotland Warehouse,Glasgow,Scotland,304,47.0,167.65,0.0,304.0,sufficient
23013,PROD002134,WH005,Wales Warehouse,Cardiff,Wales,82,26.0,96.7,0.0,82.0,sufficient
23018,PROD002138,WH001,Central Warehouse,London,South East,316,1.0,12.5,0.0,316.0,sufficient
23018,PROD002138,WH002,North Warehouse,Manchester,North West,387,0.0,0.0,0.0,387.0,sufficient
23018,PROD002138,WH003,Midlands Warehouse,Birmingham,West Midlands,759,2.0,25.0,0.0,759.0,sufficient
23018,PROD002138,WH004,Scotland Warehouse,Glasgow,Scotland,317,0.0,0.0,0.0,317.0,sufficient
23018,PROD002138,WH005,Wales Warehouse,Cardiff,Wales,785,0.0,0.0,0.0,785.0,sufficient
23019,PROD002139,WH001,Central Warehouse,London,South East,210,0.0,0.0,0.0,210.0,sufficient
23019,PROD002139,WH002,North Warehouse,Manchester,North West,18,13.0,96.85,0.0,18.0,sufficient
23019,PROD002139,WH003,Midlands Warehouse,Birmingham,West Midlands,250,4.0,33.0,0.0,250.0,sufficient
23019,PROD002139,WH004,Scotland Warehouse,Glasgow,Scotland,171,0.0,0.0,0.0,171.0,sufficient
23019,PROD002139,WH005,Wales Warehouse,Cardiff,Wales,540,0.0,0.0,0.0,540.0,sufficient
23020,PROD002140,WH001,Central Warehouse,London,South East,365,1.0,12.5,0.0,365.0,sufficient
23020,PROD002140,WH002,North Warehouse,Manchester,North West,945,1.0,12.5,0.0,945.0,sufficient
23020,PROD002140,WH003,Midlands Warehouse,Birmingham,West Midlands,479,1.0,12.5,0.0,479.0,sufficient
23020,PROD002140,WH004,Scotland Warehouse,Glasgow,Scotland,171,1.0,12.5,0.0,171.0,sufficient
23020,PROD002140,WH005,Wales Warehouse,Cardiff,Wales,939,10.0,114.2,0.0,939.0,sufficient
23026,PROD002143,WH001,Central Warehouse,London,South East,464,6.0,12.48,0.0,464.0,sufficient
23026,PROD002143,WH002,North Warehouse,Manchester,North West,486,8.0,33.04,0.0,486.0,sufficient
23026,PROD002143,WH003,Midlands Warehouse,Birmingham,West Midlands,64,9.0,37.17,0.0,64.0,sufficient
23026,PROD002143,WH004,Scotland Warehouse,Glasgow,Scotland,374,1.0,2.08,0.0,374.0,sufficient
23026,PROD002143,WH005,Wales Warehouse,Cardiff,Wales,40,24.0,49.92,0.0,40.0,sufficient
23028,PROD002145,WH001,Central Warehouse,London,South East,222,29.0,75.73,0.0,222.0,sufficient
23028,PROD002145,WH002,North Warehouse,Manchester,North West,101,7.0,11.55,0.0,101.0,sufficient
23028,PROD002145,WH003,Midlands Warehouse,Birmingham,West Midlands,251,27.0,54.39,0.0,251.0,sufficient
23028,PROD002145,WH004,Scotland Warehouse,Glasgow,Scotland,15,9.0,21.41,0.0,15.0,sufficient
23028,PROD002145,WH005,Wales Warehouse,Cardiff,Wales,335,8.0,13.2,0.0,335.0,sufficient
23029,PROD002146,WH001,Central Warehouse,London,South East,394,16.0,26.4,0.0,394.0,sufficient
23029,PROD002146,WH002,North Warehouse,Manchester,North West,147,13.0,39.489999999999995,0.0,147.0,sufficient
23029,PROD002146,WH003,Midlands Warehouse,Birmingham,West Midlands,925,36.0,59.400000000000006,0.0,925.0,sufficient
23029,PROD002146,WH004,Scotland Warehouse,Glasgow,Scotland,364,13.0,23.09,0.0,364.0,sufficient
23029,PROD002146,WH005,Wales Warehouse,Cardiff,Wales,805,26.0,42.900000000000006,0.0,805.0,sufficient
23031,PROD002147,WH001,Central Warehouse,London,South East,748,30.0,49.5,0.0,748.0,sufficient
23031,PROD002147,WH002,North Warehouse,Manchester,North West,308,12.0,36.199999999999996,0.0,308.0,sufficient
23031,PROD002147,WH003,Midlands Warehouse,Birmingham,West Midlands,694,20.0,33.0,0.0,694.0,sufficient
23031,PROD002147,WH004,Scotland Warehouse,Glasgow,Scotland,532,6.0,9.9,0.0,532.0,sufficient
23031,PROD002147,WH005,Wales Warehouse,Cardiff,Wales,409,42.0,69.3,0.0,409.0,sufficient
23032,PROD002148,WH001,Central Warehouse,London,South East,321,120.0,178.79999999999998,0.0,321.0,sufficient
23032,PROD002148,WH002,North Warehouse,Manchester,North West,867,30.0,49.5,0.0,867.0,sufficient
23032,PROD002148,WH003,Midlands Warehouse,Birmingham,West Midlands,223,12.0,19.8,0.0,223.0,sufficient
23032,PROD002148,WH004,Scotland Warehouse,Glasgow,Scotland,30,6.0,9.9,0.0,30.0,sufficient
23032,PROD002148,WH005,Wales Warehouse,Cardiff,Wales,563,96.0,139.2,0.0,563.0,sufficient
23041,PROD002156,WH001,Central Warehouse,London,South East,843,4.0,16.6,0.0,843.0,sufficient
23041,PROD002156,WH002,North Warehouse,Manchester,North West,406,0.0,0.0,0.0,406.0,sufficient
23041,PROD002156,WH003,Midlands Warehouse,Birmingham,West Midlands,500,0.0,0.0,0.0,500.0,sufficient
23041,PROD002156,WH004,Scotland Warehouse,Glasgow,Scotland,978,1.0,8.29,0.0,978.0,sufficient
23041,PROD002156,WH005,Wales Warehouse,Cardiff,Wales,990,15.0,62.25,0.0,990.0,sufficient
23047,PROD002162,WH001,Central Warehouse,London,South East,369,2.0,11.5,0.0,369.0,sufficient
23047,PROD002162,WH002,North Warehouse,Manchester,North West,528,0.0,0.0,0.0,528.0,sufficient
23047,PROD002162,WH003,Midlands Warehouse,Birmingham,West Midlands,869,1.0,5.75,0.0,869.0,sufficient
23047,PROD002162,WH004,Scotland Warehouse,Glasgow,Scotland,879,3.0,17.25,0.0,879.0,sufficient
23047,PROD002162,WH005,Wales Warehouse,Cardiff,Wales,325,0.0,0.0,0.0,325.0,sufficient
23049,PROD002164,WH001,Central Warehouse,London,South East,558,9.0,74.25,0.0,558.0,sufficient
23049,PROD002164,WH002,North Warehouse,Manchester,North West,929,13.0,115.63,6.0,923.0,sufficient
23049,PROD002164,WH003,Midlands Warehouse,Birmingham,West Midlands,413,0.0,0.0,0.0,413.0,sufficient
23049,PROD002164,WH004,Scotland Warehouse,Glasgow,Scotland,32,11.0,90.75,0.0,32.0,sufficient
23049,PROD002164,WH005,Wales Warehouse,Cardiff,Wales,33,8.0,74.38,0.0,33.0,sufficient
23051,PROD002166,WH001,Central Warehouse,London,South East,640,10.0,82.5,0.0,640.0,sufficient
23051,PROD002166,WH002,North Warehouse,Manchester,North West,915,29.0,231.63,0.0,915.0,sufficient
23051,PROD002166,WH003,Midlands Warehouse,Birmingham,West Midlands,962,2.0,16.5,0.0,962.0,sufficient
23051,PROD002166,WH004,Scotland Warehouse,Glasgow,Scotland,560,11.0,107.50999999999999,2.0,558.0,sufficient
23051,PROD002166,WH005,Wales Warehouse,Cardiff,Wales,439,5.0,41.25,0.0,439.0,sufficient
23056,PROD002171,WH001,Central Warehouse,London,South East,853,99.0,114.75,0.0,853.0,sufficient
23056,PROD002171,WH002,North Warehouse,Manchester,North West,509,53.0,79.25,0.0,509.0,sufficient
23056,PROD002171,WH003,Midlands Warehouse,Birmingham,West Midlands,44,0.0,0.0,0.0,44.0,sufficient
23056,PROD002171,WH004,Scotland Warehouse,Glasgow,Scotland,262,12.0,75.0,0.0,262.0,sufficient
23056,PROD002171,WH005,Wales Warehouse,Cardiff,Wales,192,1.0,6.25,0.0,192.0,sufficient
23064,PROD002176,WH001,Central Warehouse,London,South East,953,0.0,0.0,0.0,953.0,sufficient
23064,PROD002176,WH002,North Warehouse,Manchester,North West,1025,0.0,0.0,0.0,1025.0,sufficient
23064,PROD002176,WH003,Midlands Warehouse,Birmingham,West Midlands,740,0.0,0.0,0.0,740.0,sufficient
23064,PROD002176,WH004,Scotland Warehouse,Glasgow,Scotland,469,0.0,0.0,0.0,469.0,sufficient
23064,PROD002176,WH005,Wales Warehouse,Cardiff,Wales,961,0.0,0.0,0.0,961.0,sufficient
23066,PROD002178,WH001,Central Warehouse,London,South East,429,1.0,8.25,0.0,429.0,sufficient
23066,PROD002178,WH002,North Warehouse,Manchester,North West,705,2.0,16.5,0.0,705.0,sufficient
23066,PROD002178,WH003,Midlands Warehouse,Birmingham,West Midlands,531,4.0,33.0,0.0,531.0,sufficient
23066,PROD002178,WH004,Scotland Warehouse,Glasgow,Scotland,101,48.0,357.6,0.0,101.0,sufficient
23066,PROD002178,WH005,Wales Warehouse,Cardiff,Wales,369,8.0,66.0,0.0,369.0,sufficient
23067,PROD002179,WH001,Central Warehouse,London,South East,597,1.0,4.15,0.0,597.0,sufficient
23067,PROD002179,WH002,North Warehouse,Manchester,North West,686,10.0,41.5,0.0,686.0,sufficient
23067,PROD002179,WH003,Midlands Warehouse,Birmingham,West Midlands,751,8.0,33.2,0.0,751.0,sufficient
23067,PROD002179,WH004,Scotland Warehouse,Glasgow,Scotland,492,7.0,29.05,0.0,492.0,sufficient
23067,PROD002179,WH005,Wales Warehouse,Cardiff,Wales,911,12.0,49.8,0.0,911.0,sufficient
23068,PROD002180,WH001,Central Warehouse,London,South East,414,11.0,29.860000000000003,0.0,414.0,sufficient
23068,PROD002180,WH002,North Warehouse,Manchester,North West,237,4.0,9.96,0.0,237.0,sufficient
23068,PROD002180,WH003,Midlands Warehouse,Birmingham,West Midlands,545,0.0,0.0,0.0,545.0,sufficient
23068,PROD002180,WH004,Scotland Warehouse,Glasgow,Scotland,1132,23.0,56.46000000000001,2.0,1130.0,sufficient
23068,PROD002180,WH005,Wales Warehouse,Cardiff,Wales,957,26.0,64.74,0.0,957.0,sufficient
23070,PROD002182,WH001,Central Warehouse,London,South East,403,1.0,8.29,0.0,403.0,sufficient
23070,PROD002182,WH002,North Warehouse,Manchester,North West,333,0.0,0.0,0.0,333.0,sufficient
23070,PROD002182,WH003,Midlands Warehouse,Birmingham,West Midlands,27,10.0,41.5,0.0,27.0,sufficient
23070,PROD002182,WH004,Scotland Warehouse,Glasgow,Scotland,457,4.0,16.6,0.0,457.0,sufficient
23070,PROD002182,WH005,Wales Warehouse,Cardiff,Wales,220,0.0,0.0,0.0,220.0,sufficient
23073,PROD002185,WH001,Central Warehouse,London,South East,1463,6.0,75.0,0.0,1463.0,sufficient
23073,PROD002185,WH002,North Warehouse,Manchester,North West,921,3.0,37.5,1.0,920.0,sufficient
23073,PROD002185,WH003,Midlands Warehouse,Birmingham,West Midlands,1479,0.0,0.0,0.0,1479.0,sufficient
23073,PROD002185,WH004,Scotland Warehouse,Glasgow,Scotland,1220,0.0,0.0,0.0,1220.0,sufficient
23073,PROD002185,WH005,Wales Warehouse,Cardiff,Wales,994,1.0,12.5,0.0,994.0,sufficient
23074,PROD002186,WH001,Central Warehouse,London,South East,1388,0.0,0.0,0.0,1388.0,sufficient
23074,PROD002186,WH002,North Warehouse,Manchester,North West,513,0.0,0.0,0.0,513.0,sufficient
23074,PROD002186,WH003,Midlands Warehouse,Birmingham,West Midlands,1027,12.0,24.96,0.0,1027.0,sufficient
23074,PROD002186,WH004,Scotland Warehouse,Glasgow,Scotland,873,0.0,0.0,0.0,873.0,sufficient
23074,PROD002186,WH005,Wales Warehouse,Cardiff,Wales,1170,3.0,12.39,0.0,1170.0,sufficient
23075,PROD002187,WH001,Central Warehouse,London,South East,256,35.0,145.25,0.0,256.0,sufficient
23075,PROD002187,WH002,North Warehouse,Manchester,North West,620,4.0,16.6,0.0,620.0,sufficient
23075,PROD002187,WH003,Midlands Warehouse,Birmingham,West Midlands,872,12.0,49.8,0.0,872.0,sufficient
23075,PROD002187,WH004,Scotland Warehouse,Glasgow,Scotland,316,0.0,0.0,0.0,316.0,sufficient
23075,PROD002187,WH005,Wales Warehouse,Cardiff,Wales,402,1.0,4.15,0.0,402.0,sufficient
23078,PROD002190,WH001,Central Warehouse,London,South East,1624,140.0,175.0,0.0,1624.0,sufficient
23078,PROD002190,WH002,North Warehouse,Manchester,North West,739,230.0,289.92,0.0,739.0,sufficient
23078,PROD002190,WH003,Midlands Warehouse,Birmingham,West Midlands,1388,425.0,482.06,72.0,1316.0,sufficient
23078,PROD002190,WH004,Scotland Warehouse,Glasgow,Scotland,1216,360.0,399.6,0.0,1216.0,sufficient
23078,PROD002190,WH005,Wales Warehouse,Cardiff,Wales,1242,24.0,30.0,0.0,1242.0,sufficient
23080,PROD002192,WH001,Central Warehouse,London,South East,267,41.0,339.39,0.0,267.0,sufficient
23080,PROD002192,WH002,North Warehouse,Manchester,North West,970,5.0,41.25,3.0,967.0,sufficient
23080,PROD002192,WH003,Midlands Warehouse,Birmingham,West Midlands,730,2.0,16.5,0.0,730.0,sufficient
23080,PROD002192,WH004,Scotland Warehouse,Glasgow,Scotland,819,1.0,8.25,0.0,819.0,sufficient
23080,PROD002192,WH005,Wales Warehouse,Cardiff,Wales,1185,17.0,148.63,1.0,1184.0,sufficient
23082,PROD002194,WH001,Central Warehouse,London,South East,270,32.0,120.0,2.0,268.0,sufficient
23082,PROD002194,WH002,North Warehouse,Manchester,North West,768,6.0,22.5,0.0,768.0,sufficient
23082,PROD002194,WH003,Midlands Warehouse,Birmingham,West Midlands,9,30.0,112.5,0.0,9.0,sufficient
23082,PROD002194,WH004,Scotland Warehouse,Glasgow,Scotland,494,69.0,240.38,48.0,446.0,sufficient
23082,PROD002194,WH005,Wales Warehouse,Cardiff,Wales,66,25.0,91.94,6.0,60.0,sufficient
23084,PROD002196,WH001,Central Warehouse,London,South East,468,1149.0,2089.02,37.0,431.0,sufficient
23084,PROD002196,WH002,North Warehouse,Manchester,North West,322,310.0,663.84,0.0,322.0,sufficient
23084,PROD002196,WH003,Midlands Warehouse,Birmingham,West Midlands,957,1089.0,2037.16,0.0,957.0,sufficient
23084,PROD002196,WH004,Scotland Warehouse,Glasgow,Scotland,473,171.0,320.07,0.0,473.0,sufficient
23084,PROD002196,WH005,Wales Warehouse,Cardiff,Wales,777,454.0,960.17,40.0,737.0,sufficient
23087,PROD002199,WH001,Central Warehouse,London,South East,46,0.0,0.0,0.0,46.0,sufficient
23087,PROD002199,WH002,North Warehouse,Manchester,North West,245,16.0,20.0,0.0,245.0,sufficient
23087,PROD002199,WH003,Midlands Warehouse,Birmingham,West Midlands,146,32.0,40.0,0.0,146.0,sufficient
23087,PROD002199,WH004,Scotland Warehouse,Glasgow,Scotland,654,2.0,2.5,0.0,654.0,sufficient
23087,PROD002199,WH005,Wales Warehouse,Cardiff,Wales,608,0.0,0.0,0.0,608.0,sufficient
23088,PROD002200,WH001,Central Warehouse,London,South East,26,0.0,0.0,0.0,26.0,sufficient
23088,PROD002200,WH002,North Warehouse,Manchester,North West,492,48.0,53.28,0.0,492.0,sufficient
23088,PROD002200,WH003,Midlands Warehouse,Birmingham,West Midlands,217,16.0,20.0,0.0,217.0,sufficient
23088,PROD002200,WH004,Scotland Warehouse,Glasgow,Scotland,139,16.0,20.0,0.0,139.0,sufficient
23088,PROD002200,WH005,Wales Warehouse,Cardiff,Wales,285,17.0,22.46,0.0,285.0,sufficient
23094,PROD002206,WH001,Central Warehouse,London,South East,689,0.0,0.0,0.0,689.0,sufficient
23094,PROD002206,WH002,North Warehouse,Manchester,North West,198,0.0,0.0,0.0,198.0,sufficient
23094,PROD002206,WH003,Midlands Warehouse,Birmingham,West Midlands,671,0.0,0.0,0.0,671.0,sufficient
23094,PROD002206,WH004,Scotland Warehouse,Glasgow,Scotland,284,5.0,62.5,0.0,284.0,sufficient
23094,PROD002206,WH005,Wales Warehouse,Cardiff,Wales,785,1.0,12.5,0.0,785.0,sufficient
23099,PROD002208,WH001,Central Warehouse,London,South East,482,0.0,0.0,0.0,482.0,sufficient
23099,PROD002208,WH002,North Warehouse,Manchester,North West,656,1.0,6.65,0.0,656.0,sufficient
23099,PROD002208,WH003,Midlands Warehouse,Birmingham,West Midlands,236,1.0,13.29,2.0,234.0,sufficient
23099,PROD002208,WH004,Scotland Warehouse,Glasgow,Scotland,781,4.0,26.6,1.0,780.0,sufficient
23099,PROD002208,WH005,Wales Warehouse,Cardiff,Wales,747,0.0,0.0,0.0,747.0,sufficient
23100,PROD002209,WH001,Central Warehouse,London,South East,84,2.0,2.5,0.0,84.0,sufficient
23100,PROD002209,WH002,North Warehouse,Manchester,North West,982,6.0,8.71,0.0,982.0,sufficient
23100,PROD002209,WH003,Midlands Warehouse,Birmingham,West Midlands,411,99.0,127.38,13.0,398.0,sufficient
23100,PROD002209,WH004,Scotland Warehouse,Glasgow,Scotland,810,52.0,66.21000000000001,0.0,810.0,sufficient
23100,PROD002209,WH005,Wales Warehouse,Cardiff,Wales,309,50.0,63.71,0.0,309.0,sufficient
23101,PROD002210,WH001,Central Warehouse,London,South East,489,44.0,41.410000000000004,12.0,477.0,sufficient
23101,PROD002210,WH002,North Warehouse,Manchester,North West,118,120.0,93.31,0.0,118.0,sufficient
23101,PROD002210,WH003,Midlands Warehouse,Birmingham,West Midlands,315,40.0,34.83,0.0,315.0,sufficient
23101,PROD002210,WH004,Scotland Warehouse,Glasgow,Scotland,809,25.0,22.380000000000003,0.0,809.0,sufficient
23101,PROD002210,WH005,Wales Warehouse,Cardiff,Wales,680,30.0,31.42,2.0,678.0,sufficient
23107,PROD002215,WH001,Central Warehouse,London,South East,435,1.0,5.79,0.0,435.0,sufficient
23107,PROD002215,WH002,North Warehouse,Manchester,North West,433,8.0,23.12,0.0,433.0,sufficient
23107,PROD002215,WH003,Midlands Warehouse,Birmingham,West Midlands,195,9.0,26.01,0.0,195.0,sufficient
23107,PROD002215,WH004,Scotland Warehouse,Glasgow,Scotland,407,9.0,12.11,0.0,407.0,sufficient
23107,PROD002215,WH005,Wales Warehouse,Cardiff,Wales,483,0.0,0.0,0.0,483.0,sufficient
23110,PROD002218,WH001,Central Warehouse,London,South East,141,30.0,159.7,0.0,141.0,sufficient
23110,PROD002218,WH002,North Warehouse,Manchester,North West,797,13.0,81.46000000000001,0.0,797.0,sufficient
23110,PROD002218,WH003,Midlands Warehouse,Birmingham,West Midlands,966,4.0,23.0,0.0,966.0,sufficient
23110,PROD002218,WH004,Scotland Warehouse,Glasgow,Scotland,369,18.0,103.5,0.0,369.0,sufficient
23110,PROD002218,WH005,Wales Warehouse,Cardiff,Wales,8,2.0,18.21,0.0,8.0,sufficient
23116,PROD002224,WH001,Central Warehouse,London,South East,569,1.0,4.95,0.0,569.0,sufficient
23116,PROD002224,WH002,North Warehouse,Manchester,North West,213,0.0,0.0,0.0,213.0,sufficient
23116,PROD002224,WH003,Midlands Warehouse,Birmingham,West Midlands,339,1.0,4.95,0.0,339.0,sufficient
23116,PROD002224,WH004,Scotland Warehouse,Glasgow,Scotland,292,0.0,0.0,0.0,292.0,sufficient
23116,PROD002224,WH005,Wales Warehouse,Cardiff,Wales,732,0.0,0.0,0.0,732.0,sufficient
23117,PROD002225,WH001,Central Warehouse,London,South East,750,1.0,4.95,0.0,750.0,sufficient
23117,PROD002225,WH002,North Warehouse,Manchester,North West,928,0.0,0.0,0.0,928.0,sufficient
23117,PROD002225,WH003,Midlands Warehouse,Birmingham,West Midlands,255,1.0,10.79,0.0,255.0,sufficient
23117,PROD002225,WH004,Scotland Warehouse,Glasgow,Scotland,839,0.0,0.0,0.0,839.0,sufficient
23117,PROD002225,WH005,Wales Warehouse,Cardiff,Wales,548,6.0,29.7,0.0,548.0,sufficient
23119,PROD002227,WH001,Central Warehouse,London,South East,1053,14.0,8.68,12.0,1041.0,sufficient
23119,PROD002227,WH002,North Warehouse,Manchester,North West,734,12.0,7.44,0.0,734.0,sufficient
23119,PROD002227,WH003,Midlands Warehouse,Birmingham,West Midlands,1290,29.0,21.130000000000003,0.0,1290.0,sufficient
23119,PROD002227,WH004,Scotland Warehouse,Glasgow,Scotland,816,40.0,24.800000000000004,24.0,792.0,sufficient
23119,PROD002227,WH005,Wales Warehouse,Cardiff,Wales,744,160.0,88.75999999999999,0.0,744.0,sufficient
23125,PROD002233,WH001,Central Warehouse,London,South East,682,6.0,7.5,0.0,682.0,sufficient
23125,PROD002233,WH002,North Warehouse,Manchester,North West,453,1.0,2.46,0.0,453.0,sufficient
23125,PROD002233,WH003,Midlands Warehouse,Birmingham,West Midlands,897,2.0,4.92,0.0,897.0,sufficient
23125,PROD002233,WH004,Scotland Warehouse,Glasgow,Scotland,153,0.0,0.0,0.0,153.0,sufficient
23125,PROD002233,WH005,Wales Warehouse,Cardiff,Wales,88,0.0,0.0,0.0,88.0,sufficient
23126,PROD002234,WH001,Central Warehouse,London,South East,64,8.0,39.6,0.0,64.0,sufficient
23126,PROD002234,WH002,North Warehouse,Manchester,North West,218,9.0,44.55,0.0,218.0,sufficient
23126,PROD002234,WH003,Midlands Warehouse,Birmingham,West Midlands,519,7.0,34.65,0.0,519.0,sufficient
23126,PROD002234,WH004,Scotland Warehouse,Glasgow,Scotland,298,20.0,99.0,0.0,298.0,sufficient
23126,PROD002234,WH005,Wales Warehouse,Cardiff,Wales,101,23.0,113.85000000000001,0.0,101.0,sufficient
23127,PROD002235,WH001,Central Warehouse,London,South East,493,32.0,158.4,0.0,493.0,sufficient
23127,PROD002235,WH002,North Warehouse,Manchester,North West,40,16.0,79.2,4.0,36.0,sufficient
23127,PROD002235,WH003,Midlands Warehouse,Birmingham,West Midlands,461,28.0,138.6,0.0,461.0,sufficient
23127,PROD002235,WH004,Scotland Warehouse,Glasgow,Scotland,623,8.0,39.6,0.0,623.0,sufficient
23127,PROD002235,WH005,Wales Warehouse,Cardiff,Wales,705,0.0,0.0,0.0,705.0,sufficient
23128,PROD002236,WH001,Central Warehouse,London,South East,7,11.0,54.449999999999996,3.0,4.0,sufficient
23128,PROD002236,WH002,North Warehouse,Manchester,North West,956,14.0,80.15,0.0,956.0,sufficient
23128,PROD002236,WH003,Midlands Warehouse,Birmingham,West Midlands,365,5.0,24.75,0.0,365.0,sufficient
23128,PROD002236,WH004,Scotland Warehouse,Glasgow,Scotland,607,5.0,24.75,0.0,607.0,sufficient
23128,PROD002236,WH005,Wales Warehouse,Cardiff,Wales,61,4.0,19.8,0.0,61.0,sufficient
23129,PROD002237,WH001,Central Warehouse,London,South East,829,8.0,33.2,0.0,829.0,sufficient
23129,PROD002237,WH002,North Warehouse,Manchester,North West,369,42.0,174.3,0.0,369.0,sufficient
23129,PROD002237,WH003,Midlands Warehouse,Birmingham,West Midlands,853,33.0,136.95,0.0,853.0,sufficient
23129,PROD002237,WH004,Scotland Warehouse,Glasgow,Scotland,47,30.0,114.9,0.0,47.0,sufficient
23129,PROD002237,WH005,Wales Warehouse,Cardiff,Wales,998,8.0,49.76,0.0,998.0,sufficient
23131,PROD002239,WH001,Central Warehouse,London,South East,894,8.0,33.2,0.0,894.0,sufficient
23131,PROD002239,WH002,North Warehouse,Manchester,North West,2666,1.0,4.15,0.0,2666.0,sufficient
23131,PROD002239,WH003,Midlands Warehouse,Birmingham,West Midlands,1823,16.0,66.4,0.0,1823.0,sufficient
23131,PROD002239,WH004,Scotland Warehouse,Glasgow,Scotland,1792,17.0,70.55,0.0,1792.0,sufficient
23131,PROD002239,WH005,Wales Warehouse,Cardiff,Wales,2535,18.0,74.69999999999999,0.0,2535.0,sufficient
23134,PROD002242,WH001,Central Warehouse,London,South East,596,0.0,0.0,0.0,596.0,sufficient
23134,PROD002242,WH002,North Warehouse,Manchester,North West,709,88.0,528.19,0.0,709.0,sufficient
23134,PROD002242,WH003,Midlands Warehouse,Birmingham,West Midlands,216,2.0,16.5,0.0,216.0,sufficient
23134,PROD002242,WH004,Scotland Warehouse,Glasgow,Scotland,144,0.0,0.0,0.0,144.0,sufficient
23134,PROD002242,WH005,Wales Warehouse,Cardiff,Wales,941,2.0,16.5,0.0,941.0,sufficient
23138,PROD002246,WH001,Central Warehouse,London,South East,805,3.0,4.35,0.0,805.0,sufficient
23138,PROD002246,WH002,North Warehouse,Manchester,North West,176,4.0,5.8,0.0,176.0,sufficient
23138,PROD002246,WH003,Midlands Warehouse,Birmingham,West Midlands,899,6.0,8.7,0.0,899.0,sufficient
23138,PROD002246,WH004,Scotland Warehouse,Glasgow,Scotland,559,12.0,17.4,0.0,559.0,sufficient
23138,PROD002246,WH005,Wales Warehouse,Cardiff,Wales,587,0.0,0.0,0.0,587.0,sufficient
23145,PROD002253,WH001,Central Warehouse,London,South East,732,42.0,39.900000000000006,0.0,732.0,sufficient
23145,PROD002253,WH002,North Warehouse,Manchester,North West,429,24.0,22.8,0.0,429.0,sufficient
23145,PROD002253,WH003,Midlands Warehouse,Birmingham,West Midlands,165,63.0,59.85,0.0,165.0,sufficient
23145,PROD002253,WH004,Scotland Warehouse,Glasgow,Scotland,942,96.0,89.28,12.0,930.0,sufficient
23145,PROD002253,WH005,Wales Warehouse,Cardiff,Wales,334,27.0,29.04,12.0,322.0,sufficient
23148,PROD002256,WH001,Central Warehouse,London,South East,572,32.0,26.560000000000002,0.0,572.0,sufficient
23148,PROD002256,WH002,North Warehouse,Manchester,North West,599,56.0,48.11000000000001,0.0,599.0,sufficient
23148,PROD002256,WH003,Midlands Warehouse,Birmingham,West Midlands,414,91.0,75.53,0.0,414.0,sufficient
23148,PROD002256,WH004,Scotland Warehouse,Glasgow,Scotland,446,44.0,36.52,0.0,446.0,sufficient
23148,PROD002256,WH005,Wales Warehouse,Cardiff,Wales,842,16.0,13.280000000000001,12.0,830.0,sufficient
23150,PROD002258,WH001,Central Warehouse,London,South East,526,2.0,4.98,0.0,526.0,sufficient
23150,PROD002258,WH002,North Warehouse,Manchester,North West,517,0.0,0.0,0.0,517.0,sufficient
23150,PROD002258,WH003,Midlands Warehouse,Birmingham,West Midlands,585,1.0,2.49,0.0,585.0,sufficient
23150,PROD002258,WH004,Scotland Warehouse,Glasgow,Scotland,105,0.0,0.0,0.0,105.0,sufficient
23150,PROD002258,WH005,Wales Warehouse,Cardiff,Wales,807,1.0,2.49,0.0,807.0,sufficient
23151,PROD002259,WH001,Central Warehouse,London,South East,1854,4.0,3.16,0.0,1854.0,sufficient
23151,PROD002259,WH002,North Warehouse,Manchester,North West,1373,0.0,0.0,0.0,1373.0,sufficient
23151,PROD002259,WH003,Midlands Warehouse,Birmingham,West Midlands,1453,0.0,0.0,0.0,1453.0,sufficient
23151,PROD002259,WH004,Scotland Warehouse,Glasgow,Scotland,332,0.0,0.0,0.0,332.0,sufficient
23151,PROD002259,WH005,Wales Warehouse,Cardiff,Wales,910,0.0,0.0,0.0,910.0,sufficient
23157,PROD002265,WH001,Central Warehouse,London,South East,330,37.0,79.01,0.0,330.0,sufficient
23157,PROD002265,WH002,North Warehouse,Manchester,North West,754,41.0,87.33,0.0,754.0,sufficient
23157,PROD002265,WH003,Midlands Warehouse,Birmingham,West Midlands,772,55.0,118.5,0.0,772.0,sufficient
23157,PROD002265,WH004,Scotland Warehouse,Glasgow,Scotland,758,56.0,116.48,0.0,758.0,sufficient
23157,PROD002265,WH005,Wales Warehouse,Cardiff,Wales,867,3.0,12.39,0.0,867.0,sufficient
23162,PROD002270,WH001,Central Warehouse,London,South East,129,34.0,160.89,0.0,129.0,sufficient
23162,PROD002270,WH002,North Warehouse,Manchester,North West,692,5.0,22.46,0.0,692.0,sufficient
23162,PROD002270,WH003,Midlands Warehouse,Birmingham,West Midlands,977,52.0,172.92,0.0,977.0,sufficient
23162,PROD002270,WH004,Scotland Warehouse,Glasgow,Scotland,873,15.0,74.8,2.0,871.0,sufficient
23162,PROD002270,WH005,Wales Warehouse,Cardiff,Wales,275,25.0,97.46000000000001,4.0,271.0,sufficient
23165,PROD002273,WH001,Central Warehouse,London,South East,534,99.0,175.07,12.0,522.0,sufficient
23165,PROD002273,WH002,North Warehouse,Manchester,North West,1143,57.0,95.69,0.0,1143.0,sufficient
23165,PROD002273,WH003,Midlands Warehouse,Birmingham,West Midlands,1189,22.0,36.300000000000004,0.0,1189.0,sufficient
23165,PROD002273,WH004,Scotland Warehouse,Glasgow,Scotland,333,60.0,89.39999999999999,0.0,333.0,sufficient
23165,PROD002273,WH005,Wales Warehouse,Cardiff,Wales,363,172.0,261.56,0.0,363.0,sufficient
23166,PROD002274,WH001,Central Warehouse,London,South East,100,115.0,134.88,240.0,-140.0,critical
23166,PROD002274,WH002,North Warehouse,Manchester,North West,492,32.0,40.0,1.0,491.0,sufficient
23166,PROD002274,WH003,Midlands Warehouse,Birmingham,West Midlands,446,19.0,32.22,0.0,446.0,sufficient
23166,PROD002274,WH004,Scotland Warehouse,Glasgow,Scotland,579,13.0,17.46,0.0,579.0,sufficient
23166,PROD002274,WH005,Wales Warehouse,Cardiff,Wales,823,6.0,8.71,0.0,823.0,sufficient
23167,PROD002275,WH001,Central Warehouse,London,South East,936,127.0,91.97,0.0,936.0,sufficient
23167,PROD002275,WH002,North Warehouse,Manchester,North West,1075,63.0,61.09,0.0,1075.0,sufficient
23167,PROD002275,WH003,Midlands Warehouse,Birmingham,West Midlands,704,28.0,23.240000000000002,0.0,704.0,sufficient
23167,PROD002275,WH004,Scotland Warehouse,Glasgow,Scotland,1031,35.0,29.05,0.0,1031.0,sufficient
23167,PROD002275,WH005,Wales Warehouse,Cardiff,Wales,806,40.0,35.6,0.0,806.0,sufficient
23168,PROD002276,WH001,Central Warehouse,London,South East,1131,124.0,136.78,0.0,1131.0,sufficient
23168,PROD002276,WH002,North Warehouse,Manchester,North West,1030,41.0,101.72999999999999,0.0,1030.0,sufficient
23168,PROD002276,WH003,Midlands Warehouse,Birmingham,West Midlands,406,92.0,161.69,0.0,406.0,sufficient
23168,PROD002276,WH004,Scotland Warehouse,Glasgow,Scotland,898,31.0,59.91,2.0,896.0,sufficient
23168,PROD002276,WH005,Wales Warehouse,Cardiff,Wales,970,65.0,105.88,14.0,956.0,sufficient
23169,PROD002277,WH001,Central Warehouse,London,South East,943,33.0,129.75,0.0,943.0,sufficient
23169,PROD002277,WH002,North Warehouse,Manchester,North West,706,15.0,70.53,6.0,700.0,sufficient
23169,PROD002277,WH003,Midlands Warehouse,Birmingham,West Midlands,279,26.0,128.6,0.0,279.0,sufficient
23169,PROD002277,WH004,Scotland Warehouse,Glasgow,Scotland,993,11.0,66.35,0.0,993.0,sufficient
23169,PROD002277,WH005,Wales Warehouse,Cardiff,Wales,260,25.0,96.55,2.0,258.0,sufficient
23171,PROD002279,WH001,Central Warehouse,London,South East,724,111.0,178.47,0.0,724.0,sufficient
23171,PROD002279,WH002,North Warehouse,Manchester,North West,807,53.0,95.65,0.0,807.0,sufficient
23171,PROD002279,WH003,Midlands Warehouse,Birmingham,West Midlands,776,506.0,751.78,2.0,774.0,sufficient
23171,PROD002279,WH004,Scotland Warehouse,Glasgow,Scotland,531,145.0,237.85,0.0,531.0,sufficient
23171,PROD002279,WH005,Wales Warehouse,Cardiff,Wales,413,100.0,161.96,0.0,413.0,sufficient
23175,PROD002283,WH001,Central Warehouse,London,South East,755,26.0,84.5,0.0,755.0,sufficient
23175,PROD002283,WH002,North Warehouse,Manchester,North West,52,718.0,1998.13,696.0,-644.0,critical
23175,PROD002283,WH003,Midlands Warehouse,Birmingham,West Midlands,17,502.0,1407.71,0.0,17.0,sufficient
23175,PROD002283,WH004,Scotland Warehouse,Glasgow,Scotland,160,74.0,224.92000000000002,0.0,160.0,sufficient
23175,PROD002283,WH005,Wales Warehouse,Cardiff,Wales,462,54.0,171.92000000000002,4.0,458.0,sufficient
23180,PROD002288,WH001,Central Warehouse,London,South East,585,0.0,0.0,0.0,585.0,sufficient
23180,PROD002288,WH002,North Warehouse,Manchester,North West,1621,0.0,0.0,0.0,1621.0,sufficient
23180,PROD002288,WH003,Midlands Warehouse,Birmingham,West Midlands,752,1.0,10.79,0.0,752.0,sufficient
23180,PROD002288,WH004,Scotland Warehouse,Glasgow,Scotland,1888,1.0,4.95,1.0,1887.0,sufficient
23180,PROD002288,WH005,Wales Warehouse,Cardiff,Wales,829,0.0,0.0,0.0,829.0,sufficient
23182,PROD002290,WH001,Central Warehouse,London,South East,859,64.0,59.760000000000005,0.0,859.0,sufficient
23182,PROD002290,WH002,North Warehouse,Manchester,North West,405,29.0,30.630000000000003,0.0,405.0,sufficient
23182,PROD002290,WH003,Midlands Warehouse,Birmingham,West Midlands,791,73.0,65.48,0.0,791.0,sufficient
23182,PROD002290,WH004,Scotland Warehouse,Glasgow,Scotland,725,66.0,64.56,0.0,725.0,sufficient
23182,PROD002290,WH005,Wales Warehouse,Cardiff,Wales,434,85.0,80.45,0.0,434.0,sufficient
23185,PROD002293,WH001,Central Warehouse,London,South East,674,42.0,12.18,0.0,674.0,sufficient
23185,PROD002293,WH002,North Warehouse,Manchester,North West,83,12.0,15.0,0.0,83.0,sufficient
23185,PROD002293,WH003,Midlands Warehouse,Birmingham,West Midlands,141,0.0,0.0,0.0,141.0,sufficient
23185,PROD002293,WH004,Scotland Warehouse,Glasgow,Scotland,930,0.0,0.0,0.0,930.0,sufficient
23185,PROD002293,WH005,Wales Warehouse,Cardiff,Wales,277,0.0,0.0,0.0,277.0,sufficient
23188,PROD002296,WH001,Central Warehouse,London,South East,197,82.0,136.94,0.0,197.0,sufficient
23188,PROD002296,WH002,North Warehouse,Manchester,North West,599,39.0,64.35,0.0,599.0,sufficient
23188,PROD002296,WH003,Midlands Warehouse,Birmingham,West Midlands,923,32.0,61.0,12.0,911.0,sufficient
23188,PROD002296,WH004,Scotland Warehouse,Glasgow,Scotland,263,43.0,74.23,0.0,263.0,sufficient
23188,PROD002296,WH005,Wales Warehouse,Cardiff,Wales,714,45.0,79.17,2.0,712.0,sufficient
23191,PROD002299,WH001,Central Warehouse,London,South East,110,67.0,100.95,6.0,104.0,sufficient
23191,PROD002299,WH002,North Warehouse,Manchester,North West,574,53.0,87.45,0.0,574.0,sufficient
23191,PROD002299,WH003,Midlands Warehouse,Birmingham,West Midlands,169,31.0,54.43,0.0,169.0,sufficient
23191,PROD002299,WH004,Scotland Warehouse,Glasgow,Scotland,203,50.0,82.5,12.0,191.0,sufficient
23191,PROD002299,WH005,Wales Warehouse,Cardiff,Wales,366,63.0,103.95,1.0,365.0,sufficient
23192,PROD002300,WH001,Central Warehouse,London,South East,962,33.0,59.370000000000005,0.0,962.0,sufficient
23192,PROD002300,WH002,North Warehouse,Manchester,North West,593,137.0,206.85,60.0,533.0,sufficient
23192,PROD002300,WH003,Midlands Warehouse,Birmingham,West Midlands,787,30.0,49.5,0.0,787.0,sufficient
23192,PROD002300,WH004,Scotland Warehouse,Glasgow,Scotland,923,69.0,115.49000000000001,3.0,920.0,sufficient
23192,PROD002300,WH005,Wales Warehouse,Cardiff,Wales,223,27.0,46.19,0.0,223.0,sufficient
23198,PROD002305,WH001,Central Warehouse,London,South East,96,15.0,25.43,0.0,96.0,sufficient
23198,PROD002305,WH002,North Warehouse,Manchester,North West,153,53.0,76.85,15.0,138.0,sufficient
23198,PROD002305,WH003,Midlands Warehouse,Birmingham,West Midlands,731,44.0,84.03999999999999,1.0,730.0,sufficient
23198,PROD002305,WH004,Scotland Warehouse,Glasgow,Scotland,871,67.0,96.03,0.0,871.0,sufficient
23198,PROD002305,WH005,Wales Warehouse,Cardiff,Wales,295,48.0,78.8,0.0,295.0,sufficient
23202,PROD002309,WH001,Central Warehouse,London,South East,248,91.0,218.18,20.0,228.0,sufficient
23202,PROD002309,WH002,North Warehouse,Manchester,North West,310,187.0,370.31,13.0,297.0,sufficient
23202,PROD002309,WH003,Midlands Warehouse,Birmingham,West Midlands,198,327.0,620.3100000000001,0.0,198.0,sufficient
23202,PROD002309,WH004,Scotland Warehouse,Glasgow,Scotland,361,141.0,292.73,0.0,361.0,sufficient
23202,PROD002309,WH005,Wales Warehouse,Cardiff,Wales,821,243.0,478.49,12.0,809.0,sufficient
23204,PROD002311,WH001,Central Warehouse,London,South East,743,177.0,144.47,0.0,743.0,sufficient
23204,PROD002311,WH002,North Warehouse,Manchester,North West,959,68.0,68.19,0.0,959.0,sufficient
23204,PROD002311,WH003,Midlands Warehouse,Birmingham,West Midlands,667,145.0,110.25,0.0,667.0,sufficient
23204,PROD002311,WH004,Scotland Warehouse,Glasgow,Scotland,859,171.0,174.94,0.0,859.0,sufficient
23204,PROD002311,WH005,Wales Warehouse,Cardiff,Wales,945,80.0,119.42,0.0,945.0,sufficient
23206,PROD002313,WH001,Central Warehouse,London,South East,856,221.0,409.3,3.0,853.0,sufficient
23206,PROD002313,WH002,North Warehouse,Manchester,North West,1306,500.0,808.01,22.0,1284.0,sufficient
23206,PROD002313,WH003,Midlands Warehouse,Birmingham,West Midlands,284,241.0,380.13,30.0,254.0,sufficient
23206,PROD002313,WH004,Scotland Warehouse,Glasgow,Scotland,760,142.0,239.26,4.0,756.0,sufficient
23206,PROD002313,WH005,Wales Warehouse,Cardiff,Wales,1255,257.0,444.59,11.0,1244.0,sufficient
23207,PROD002314,WH001,Central Warehouse,London,South East,742,78.0,128.7,6.0,736.0,sufficient
23207,PROD002314,WH002,North Warehouse,Manchester,North West,400,113.0,191.41,10.0,390.0,sufficient
23207,PROD002314,WH003,Midlands Warehouse,Birmingham,West Midlands,741,67.0,117.17,10.0,731.0,sufficient
23207,PROD002314,WH004,Scotland Warehouse,Glasgow,Scotland,35,125.0,208.73,0.0,35.0,sufficient
23207,PROD002314,WH005,Wales Warehouse,Cardiff,Wales,180,159.0,253.99,0.0,180.0,sufficient
23211,PROD002318,WH001,Central Warehouse,London,South East,1188,50.0,63.71,0.0,1188.0,sufficient
23211,PROD002318,WH002,North Warehouse,Manchester,North West,653,177.0,191.01,24.0,629.0,sufficient
23211,PROD002318,WH003,Midlands Warehouse,Birmingham,West Midlands,475,25.0,39.72,3.0,472.0,sufficient
23211,PROD002318,WH004,Scotland Warehouse,Glasgow,Scotland,616,32.0,42.42,0.0,616.0,sufficient
23211,PROD002318,WH005,Wales Warehouse,Cardiff,Wales,1004,171.0,182.1,0.0,1004.0,sufficient
23217,PROD002324,WH001,Central Warehouse,London,South East,740,170.0,184.68,0.0,740.0,sufficient
23217,PROD002324,WH002,North Warehouse,Manchester,North West,208,24.0,30.0,0.0,208.0,sufficient
23217,PROD002324,WH003,Midlands Warehouse,Birmingham,West Midlands,976,0.0,0.0,0.0,976.0,sufficient
23217,PROD002324,WH004,Scotland Warehouse,Glasgow,Scotland,501,47.0,69.64,0.0,501.0,sufficient
23217,PROD002324,WH005,Wales Warehouse,Cardiff,Wales,905,24.0,24.96,0.0,905.0,sufficient
23219,PROD002326,WH001,Central Warehouse,London,South East,909,1.0,1.25,0.0,909.0,sufficient
23219,PROD002326,WH002,North Warehouse,Manchester,North West,278,0.0,0.0,0.0,278.0,sufficient
23219,PROD002326,WH003,Midlands Warehouse,Birmingham,West Midlands,351,1.0,2.46,0.0,351.0,sufficient
23219,PROD002326,WH004,Scotland Warehouse,Glasgow,Scotland,113,24.0,24.96,0.0,113.0,sufficient
23219,PROD002326,WH005,Wales Warehouse,Cardiff,Wales,480,0.0,0.0,0.0,480.0,sufficient
23220,PROD002327,WH001,Central Warehouse,London,South East,526,1.0,0.83,0.0,526.0,sufficient
23220,PROD002327,WH002,North Warehouse,Manchester,North West,483,36.0,29.880000000000003,0.0,483.0,sufficient
23220,PROD002327,WH003,Midlands Warehouse,Birmingham,West Midlands,375,24.0,19.92,0.0,375.0,sufficient
23220,PROD002327,WH004,Scotland Warehouse,Glasgow,Scotland,341,14.0,11.620000000000001,0.0,341.0,sufficient
23220,PROD002327,WH005,Wales Warehouse,Cardiff,Wales,528,12.0,9.96,0.0,528.0,sufficient
23224,PROD002331,WH001,Central Warehouse,London,South East,856,2.0,3.26,0.0,856.0,sufficient
23224,PROD002331,WH002,North Warehouse,Manchester,North West,284,0.0,0.0,0.0,284.0,sufficient
23224,PROD002331,WH003,Midlands Warehouse,Birmingham,West Midlands,509,0.0,0.0,0.0,509.0,sufficient
23224,PROD002331,WH004,Scotland Warehouse,Glasgow,Scotland,324,12.0,9.96,0.0,324.0,sufficient
23224,PROD002331,WH005,Wales Warehouse,Cardiff,Wales,403,28.0,26.44,0.0,403.0,sufficient
23229,PROD002336,WH001,Central Warehouse,London,South East,1350,51.0,178.29000000000002,0.0,1350.0,sufficient
23229,PROD002336,WH002,North Warehouse,Manchester,North West,787,11.0,44.96,0.0,787.0,sufficient
23229,PROD002336,WH003,Midlands Warehouse,Birmingham,West Midlands,1288,37.0,138.75,0.0,1288.0,sufficient
23229,PROD002336,WH004,Scotland Warehouse,Glasgow,Scotland,1453,32.0,120.0,12.0,1441.0,sufficient
23229,PROD002336,WH005,Wales Warehouse,Cardiff,Wales,1737,44.0,165.0,2.0,1735.0,sufficient
23233,PROD002340,WH001,Central Warehouse,London,South East,168,75.0,31.5,0.0,168.0,sufficient
23233,PROD002340,WH002,North Warehouse,Manchester,North West,423,75.0,31.5,0.0,423.0,sufficient
23233,PROD002340,WH003,Midlands Warehouse,Birmingham,West Midlands,357,100.0,42.0,0.0,357.0,sufficient
23233,PROD002340,WH004,Scotland Warehouse,Glasgow,Scotland,488,125.0,52.5,0.0,488.0,sufficient
23233,PROD002340,WH005,Wales Warehouse,Cardiff,Wales,50,100.0,42.0,25.0,25.0,sufficient
23237,PROD002344,WH001,Central Warehouse,London,South East,604,2.0,8.3,0.0,604.0,sufficient
23237,PROD002344,WH002,North Warehouse,Manchester,North West,865,4.0,16.6,0.0,865.0,sufficient
23237,PROD002344,WH003,Midlands Warehouse,Birmingham,West Midlands,162,2.0,8.3,0.0,162.0,sufficient
23237,PROD002344,WH004,Scotland Warehouse,Glasgow,Scotland,39,8.0,33.2,0.0,39.0,sufficient
23237,PROD002344,WH005,Wales Warehouse,Cardiff,Wales,906,30.0,124.5,12.0,894.0,sufficient
23238,PROD002345,WH001,Central Warehouse,London,South East,180,25.0,112.03,0.0,180.0,sufficient
23238,PROD002345,WH002,North Warehouse,Manchester,North West,423,24.0,99.6,0.0,423.0,sufficient
23238,PROD002345,WH003,Midlands Warehouse,Birmingham,West Midlands,651,5.0,33.17,2.0,649.0,sufficient
23238,PROD002345,WH004,Scotland Warehouse,Glasgow,Scotland,67,18.0,91.25999999999999,0.0,67.0,sufficient
23238,PROD002345,WH005,Wales Warehouse,Cardiff,Wales,433,21.0,87.15,0.0,433.0,sufficient
23240,PROD002347,WH001,Central Warehouse,London,South East,523,231.0,901.05,0.0,523.0,sufficient
23240,PROD002347,WH002,North Warehouse,Manchester,North West,673,90.0,379.14,12.0,661.0,sufficient
23240,PROD002347,WH003,Midlands Warehouse,Birmingham,West Midlands,507,45.0,186.75,0.0,507.0,sufficient
23240,PROD002347,WH004,Scotland Warehouse,Glasgow,Scotland,58,72.0,287.88,6.0,52.0,sufficient
23240,PROD002347,WH005,Wales Warehouse,Cardiff,Wales,542,61.0,253.14999999999998,12.0,530.0,sufficient
23242,PROD002349,WH001,Central Warehouse,London,South East,58,17.0,35.36,0.0,58.0,sufficient
23242,PROD002349,WH002,North Warehouse,Manchester,North West,351,14.0,29.12,0.0,351.0,sufficient
23242,PROD002349,WH003,Midlands Warehouse,Birmingham,West Midlands,899,14.0,29.12,0.0,899.0,sufficient
23242,PROD002349,WH004,Scotland Warehouse,Glasgow,Scotland,87,88.0,172.0,0.0,87.0,sufficient
23242,PROD002349,WH005,Wales Warehouse,Cardiff,Wales,746,151.0,280.96,0.0,746.0,sufficient
23244,PROD002351,WH001,Central Warehouse,London,South East,453,32.0,62.4,0.0,453.0,sufficient
23244,PROD002351,WH002,North Warehouse,Manchester,North West,423,109.0,185.93,0.0,423.0,sufficient
23244,PROD002351,WH003,Midlands Warehouse,Birmingham,West Midlands,944,14.0,31.659999999999997,0.0,944.0,sufficient
23244,PROD002351,WH004,Scotland Warehouse,Glasgow,Scotland,106,6.0,11.7,1.0,105.0,sufficient
23244,PROD002351,WH005,Wales Warehouse,Cardiff,Wales,153,20.0,39.0,6.0,147.0,sufficient
23256,PROD002361,WH001,Central Warehouse,London,South East,1077,5.0,20.75,0.0,1077.0,sufficient
23256,PROD002361,WH002,North Warehouse,Manchester,North West,1559,17.0,70.55000000000001,0.0,1559.0,sufficient
23256,PROD002361,WH003,Midlands Warehouse,Birmingham,West Midlands,1244,45.0,190.89000000000001,0.0,1244.0,sufficient
23256,PROD002361,WH004,Scotland Warehouse,Glasgow,Scotland,737,26.0,112.03999999999999,0.0,737.0,sufficient
23256,PROD002361,WH005,Wales Warehouse,Cardiff,Wales,325,52.0,219.94,0.0,325.0,sufficient
23283,PROD002378,WH001,Central Warehouse,London,South East,1673,16.0,126.64,0.0,1673.0,sufficient
23283,PROD002378,WH002,North Warehouse,Manchester,North West,2145,32.0,232.2,0.0,2145.0,sufficient
23283,PROD002378,WH003,Midlands Warehouse,Birmingham,West Midlands,987,14.0,121.84,0.0,987.0,sufficient
23283,PROD002378,WH004,Scotland Warehouse,Glasgow,Scotland,1218,7.0,65.28999999999999,0.0,1218.0,sufficient
23283,PROD002378,WH005,Wales Warehouse,Cardiff,Wales,458,13.0,95.25,0.0,458.0,sufficient
23284,PROD002379,WH001,Central Warehouse,London,South East,789,46.0,334.2,2.0,787.0,sufficient
23284,PROD002379,WH002,North Warehouse,Manchester,North West,1315,59.0,447.49,3.0,1312.0,sufficient
23284,PROD002379,WH003,Midlands Warehouse,Birmingham,West Midlands,621,125.0,955.89,4.0,617.0,sufficient
23284,PROD002379,WH004,Scotland Warehouse,Glasgow,Scotland,904,77.0,669.15,4.0,900.0,sufficient
23284,PROD002379,WH005,Wales Warehouse,Cardiff,Wales,1665,81.0,598.73,0.0,1665.0,sufficient
23285,PROD002380,WH001,Central Warehouse,London,South East,560,8.0,6.8,0.0,560.0,sufficient
23285,PROD002380,WH002,North Warehouse,Manchester,North West,30,3.0,4.89,0.0,30.0,sufficient
23285,PROD002380,WH003,Midlands Warehouse,Birmingham,West Midlands,162,19.0,16.15,0.0,162.0,sufficient
23285,PROD002380,WH004,Scotland Warehouse,Glasgow,Scotland,291,102.0,75.78,0.0,291.0,sufficient
23285,PROD002380,WH005,Wales Warehouse,Cardiff,Wales,491,24.0,20.4,0.0,491.0,sufficient
23289,PROD002384,WH001,Central Warehouse,London,South East,241,33.0,41.25,0.0,241.0,sufficient
23289,PROD002384,WH002,North Warehouse,Manchester,North West,549,17.0,21.25,0.0,549.0,sufficient
23289,PROD002384,WH003,Midlands Warehouse,Birmingham,West Midlands,348,17.0,22.46,1.0,347.0,sufficient
23289,PROD002384,WH004,Scotland Warehouse,Glasgow,Scotland,370,2.0,3.71,0.0,370.0,sufficient
23289,PROD002384,WH005,Wales Warehouse,Cardiff,Wales,404,158.0,168.7,8.0,396.0,sufficient
23292,PROD002387,WH001,Central Warehouse,London,South East,917,117.0,128.26,0.0,917.0,sufficient
23292,PROD002387,WH002,North Warehouse,Manchester,North West,370,17.0,21.25,0.0,370.0,sufficient
23292,PROD002387,WH003,Midlands Warehouse,Birmingham,West Midlands,687,35.0,47.379999999999995,0.0,687.0,sufficient
23292,PROD002387,WH004,Scotland Warehouse,Glasgow,Scotland,54,1.0,2.46,0.0,54.0,sufficient
23292,PROD002387,WH005,Wales Warehouse,Cardiff,Wales,926,9.0,12.46,0.0,926.0,sufficient
23293,PROD002388,WH001,Central Warehouse,London,South East,354,497.0,369.75,4.0,350.0,sufficient
23293,PROD002388,WH002,North Warehouse,Manchester,North West,271,144.0,119.52,0.0,271.0,sufficient
23293,PROD002388,WH003,Midlands Warehouse,Birmingham,West Midlands,506,245.0,196.31,0.0,506.0,sufficient
23293,PROD002388,WH004,Scotland Warehouse,Glasgow,Scotland,669,470.0,349.36,0.0,669.0,sufficient
23293,PROD002388,WH005,Wales Warehouse,Cardiff,Wales,170,431.0,318.75,0.0,170.0,sufficient
23299,PROD002394,WH001,Central Warehouse,London,South East,552,14.0,59.92,0.0,552.0,sufficient
23299,PROD002394,WH002,North Warehouse,Manchester,North West,405,1.0,7.46,0.0,405.0,sufficient
23299,PROD002394,WH003,Midlands Warehouse,Birmingham,West Midlands,200,6.0,29.92,0.0,200.0,sufficient
23299,PROD002394,WH004,Scotland Warehouse,Glasgow,Scotland,275,108.0,369.0,0.0,275.0,sufficient
23299,PROD002394,WH005,Wales Warehouse,Cardiff,Wales,25,0.0,0.0,0.0,25.0,sufficient
23306,PROD002400,WH001,Central Warehouse,London,South East,1024,24.0,34.8,12.0,1012.0,sufficient
23306,PROD002400,WH002,North Warehouse,Manchester,North West,1555,69.0,108.86999999999999,12.0,1543.0,sufficient
23306,PROD002400,WH003,Midlands Warehouse,Birmingham,West Midlands,1170,24.0,34.8,0.0,1170.0,sufficient
23306,PROD002400,WH004,Scotland Warehouse,Glasgow,Scotland,141,64.0,27.61,0.0,141.0,sufficient
23306,PROD002400,WH005,Wales Warehouse,Cardiff,Wales,1519,64.0,97.21,0.0,1519.0,sufficient
23307,PROD002401,WH001,Central Warehouse,London,South East,471,203.0,115.85,0.0,471.0,sufficient
23307,PROD002401,WH002,North Warehouse,Manchester,North West,264,191.0,105.75,0.0,264.0,sufficient
23307,PROD002401,WH003,Midlands Warehouse,Birmingham,West Midlands,13,237.0,131.04999999999998,48.0,-35.0,critical
23307,PROD002401,WH004,Scotland Warehouse,Glasgow,Scotland,9,89.0,49.65,0.0,9.0,sufficient
23307,PROD002401,WH005,Wales Warehouse,Cardiff,Wales,934,116.0,66.6,4.0,930.0,sufficient
23308,PROD002402,WH001,Central Warehouse,London,South East,893,41.0,24.65,3.0,890.0,sufficient
23308,PROD002402,WH002,North Warehouse,Manchester,North West,571,208.0,115.8,0.0,571.0,sufficient
23308,PROD002402,WH003,Midlands Warehouse,Birmingham,West Midlands,65,43.0,26.45,0.0,65.0,sufficient
23308,PROD002402,WH004,Scotland Warehouse,Glasgow,Scotland,780,74.0,45.6,0.0,780.0,sufficient
23308,PROD002402,WH005,Wales Warehouse,Cardiff,Wales,498,344.0,156.28,0.0,498.0,sufficient
23310,PROD002404,WH001,Central Warehouse,London,South East,270,220.0,94.04,0.0,270.0,sufficient
23310,PROD002404,WH002,North Warehouse,Manchester,North West,986,324.0,136.07999999999998,0.0,986.0,sufficient
23310,PROD002404,WH003,Midlands Warehouse,Birmingham,West Midlands,530,259.0,111.64999999999999,36.0,494.0,sufficient
23310,PROD002404,WH004,Scotland Warehouse,Glasgow,Scotland,75,72.0,30.24,0.0,75.0,sufficient
23310,PROD002404,WH005,Wales Warehouse,Cardiff,Wales,748,79.0,36.05,0.0,748.0,sufficient
23313,PROD002407,WH001,Central Warehouse,London,South East,354,53.0,268.19,0.0,354.0,sufficient
23313,PROD002407,WH002,North Warehouse,Manchester,North West,364,14.0,75.14,0.0,364.0,sufficient
23313,PROD002407,WH003,Midlands Warehouse,Birmingham,West Midlands,196,113.0,536.87,0.0,196.0,sufficient
23313,PROD002407,WH004,Scotland Warehouse,Glasgow,Scotland,318,65.0,325.43,10.0,308.0,sufficient
23313,PROD002407,WH005,Wales Warehouse,Cardiff,Wales,869,84.0,375.8,5.0,864.0,sufficient
23316,PROD002410,WH001,Central Warehouse,London,South East,797,0.0,0.0,0.0,797.0,sufficient
23316,PROD002410,WH002,North Warehouse,Manchester,North West,350,12.0,119.39999999999999,0.0,350.0,sufficient
23316,PROD002410,WH003,Midlands Warehouse,Birmingham,West Midlands,714,6.0,69.71,0.0,714.0,sufficient
23316,PROD002410,WH004,Scotland Warehouse,Glasgow,Scotland,462,1.0,9.95,0.0,462.0,sufficient
23316,PROD002410,WH005,Wales Warehouse,Cardiff,Wales,168,4.0,39.8,0.0,168.0,sufficient
23317,PROD002411,WH001,Central Warehouse,London,South East,1423,1.0,9.95,0.0,1423.0,sufficient
23317,PROD002411,WH002,North Warehouse,Manchester,North West,604,2.0,19.9,0.0,604.0,sufficient
23317,PROD002411,WH003,Midlands Warehouse,Birmingham,West Midlands,1544,2.0,19.9,1.0,1543.0,sufficient
23317,PROD002411,WH004,Scotland Warehouse,Glasgow,Scotland,1050,2.0,19.9,0.0,1050.0,sufficient
23317,PROD002411,WH005,Wales Warehouse,Cardiff,Wales,589,26.0,215.5,0.0,589.0,sufficient
23325,PROD002419,WH001,Central Warehouse,London,South East,580,16.0,26.4,0.0,580.0,sufficient
23325,PROD002419,WH002,North Warehouse,Manchester,North West,913,2.0,3.3,0.0,913.0,sufficient
23325,PROD002419,WH003,Midlands Warehouse,Birmingham,West Midlands,355,12.0,19.8,0.0,355.0,sufficient
23325,PROD002419,WH004,Scotland Warehouse,Glasgow,Scotland,507,8.0,13.2,0.0,507.0,sufficient
23325,PROD002419,WH005,Wales Warehouse,Cardiff,Wales,125,0.0,0.0,0.0,125.0,sufficient
23329,PROD002423,WH001,Central Warehouse,London,South East,485,28.0,46.2,0.0,485.0,sufficient
23329,PROD002423,WH002,North Warehouse,Manchester,North West,98,43.0,70.95,0.0,98.0,sufficient
23329,PROD002423,WH003,Midlands Warehouse,Birmingham,West Midlands,297,2.0,4.9399999999999995,0.0,297.0,sufficient
23329,PROD002423,WH004,Scotland Warehouse,Glasgow,Scotland,192,5.0,8.25,1.0,191.0,sufficient
23329,PROD002423,WH005,Wales Warehouse,Cardiff,Wales,612,51.0,84.15,0.0,612.0,sufficient
23332,PROD002426,WH001,Central Warehouse,London,South East,1397,29.0,47.85,0.0,1397.0,sufficient
23332,PROD002426,WH002,North Warehouse,Manchester,North West,1560,35.0,57.75000000000001,0.0,1560.0,sufficient
23332,PROD002426,WH003,Midlands Warehouse,Birmingham,West Midlands,1181,20.0,34.64,0.0,1181.0,sufficient
23332,PROD002426,WH004,Scotland Warehouse,Glasgow,Scotland,685,30.0,51.14,6.0,679.0,sufficient
23332,PROD002426,WH005,Wales Warehouse,Cardiff,Wales,1738,12.0,19.8,0.0,1738.0,sufficient
23336,PROD002430,WH001,Central Warehouse,London,South East,63,2.0,6.21,0.0,63.0,sufficient
23336,PROD002430,WH002,North Warehouse,Manchester,North West,836,4.0,8.32,0.0,836.0,sufficient
23336,PROD002430,WH003,Midlands Warehouse,Birmingham,West Midlands,839,6.0,12.48,0.0,839.0,sufficient
23336,PROD002430,WH004,Scotland Warehouse,Glasgow,Scotland,317,12.0,31.11,0.0,317.0,sufficient
23336,PROD002430,WH005,Wales Warehouse,Cardiff,Wales,824,14.0,33.22,0.0,824.0,sufficient
23339,PROD002433,WH001,Central Warehouse,London,South East,503,8.0,16.64,0.0,503.0,sufficient
23339,PROD002433,WH002,North Warehouse,Manchester,North West,229,0.0,0.0,0.0,229.0,sufficient
23339,PROD002433,WH003,Midlands Warehouse,Birmingham,West Midlands,831,8.0,16.64,0.0,831.0,sufficient
23339,PROD002433,WH004,Scotland Warehouse,Glasgow,Scotland,782,6.0,12.48,0.0,782.0,sufficient
23339,PROD002433,WH005,Wales Warehouse,Cardiff,Wales,853,0.0,0.0,0.0,853.0,sufficient
23340,PROD002434,WH001,Central Warehouse,London,South East,954,60.0,99.0,0.0,954.0,sufficient
23340,PROD002434,WH002,North Warehouse,Manchester,North West,1037,7.0,13.190000000000001,0.0,1037.0,sufficient
23340,PROD002434,WH003,Midlands Warehouse,Birmingham,West Midlands,935,20.0,36.28,2.0,933.0,sufficient
23340,PROD002434,WH004,Scotland Warehouse,Glasgow,Scotland,327,6.0,9.9,0.0,327.0,sufficient
23340,PROD002434,WH005,Wales Warehouse,Cardiff,Wales,1005,28.0,46.2,0.0,1005.0,sufficient
23341,PROD002435,WH001,Central Warehouse,London,South East,146,2.0,17.0,0.0,146.0,sufficient
23341,PROD002435,WH002,North Warehouse,Manchester,North West,831,21.0,192.69,2.0,829.0,sufficient
23341,PROD002435,WH003,Midlands Warehouse,Birmingham,West Midlands,398,38.0,292.4,0.0,398.0,sufficient
23341,PROD002435,WH004,Scotland Warehouse,Glasgow,Scotland,355,7.0,59.5,0.0,355.0,sufficient
23341,PROD002435,WH005,Wales Warehouse,Cardiff,Wales,518,3.0,33.629999999999995,0.0,518.0,sufficient
23343,PROD002437,WH001,Central Warehouse,London,South East,495,153.0,287.29,0.0,495.0,sufficient
23343,PROD002437,WH002,North Warehouse,Manchester,North West,141,85.0,174.25,0.0,141.0,sufficient
23343,PROD002437,WH003,Midlands Warehouse,Birmingham,West Midlands,167,94.0,199.62,0.0,167.0,sufficient
23343,PROD002437,WH004,Scotland Warehouse,Glasgow,Scotland,891,176.0,337.08,0.0,891.0,sufficient
23343,PROD002437,WH005,Wales Warehouse,Cardiff,Wales,108,83.0,232.09,0.0,108.0,sufficient
23351,PROD002445,WH001,Central Warehouse,London,South East,537,38.0,47.5,12.0,525.0,sufficient
23351,PROD002445,WH002,North Warehouse,Manchester,North West,407,32.0,40.0,0.0,407.0,sufficient
23351,PROD002445,WH003,Midlands Warehouse,Birmingham,West Midlands,966,38.0,71.7,0.0,966.0,sufficient
23351,PROD002445,WH004,Scotland Warehouse,Glasgow,Scotland,880,39.0,51.17,2.0,878.0,sufficient
23351,PROD002445,WH005,Wales Warehouse,Cardiff,Wales,632,51.0,63.75,12.0,620.0,sufficient
23353,PROD002447,WH001,Central Warehouse,London,South East,531,234.0,172.86,0.0,531.0,sufficient
23353,PROD002447,WH002,North Warehouse,Manchester,North West,266,67.0,58.010000000000005,0.0,266.0,sufficient
23353,PROD002447,WH003,Midlands Warehouse,Birmingham,West Midlands,661,33.0,29.790000000000003,12.0,649.0,sufficient
23353,PROD002447,WH004,Scotland Warehouse,Glasgow,Scotland,988,101.0,85.43,0.0,988.0,sufficient
23353,PROD002447,WH005,Wales Warehouse,Cardiff,Wales,327,45.0,39.75,0.0,327.0,sufficient
23354,PROD002448,WH001,Central Warehouse,London,South East,123,63.0,62.690000000000005,0.0,123.0,sufficient
23354,PROD002448,WH002,North Warehouse,Manchester,North West,977,99.0,85.37,0.0,977.0,sufficient
23354,PROD002448,WH003,Midlands Warehouse,Birmingham,West Midlands,339,90.0,74.7,12.0,327.0,sufficient
23354,PROD002448,WH004,Scotland Warehouse,Glasgow,Scotland,484,53.0,47.190000000000005,0.0,484.0,sufficient
23354,PROD002448,WH005,Wales Warehouse,Cardiff,Wales,849,55.0,55.25,0.0,849.0,sufficient
23358,PROD002452,WH001,Central Warehouse,London,South East,828,12.0,45.0,0.0,828.0,sufficient
23358,PROD002452,WH002,North Warehouse,Manchester,North West,781,3.0,11.25,0.0,781.0,sufficient
23358,PROD002452,WH003,Midlands Warehouse,Birmingham,West Midlands,52,48.0,163.44,36.0,16.0,low
23358,PROD002452,WH004,Scotland Warehouse,Glasgow,Scotland,163,8.0,34.08,36.0,127.0,sufficient
23358,PROD002452,WH005,Wales Warehouse,Cardiff,Wales,177,1.0,3.75,0.0,177.0,sufficient
23360,PROD002454,WH001,Central Warehouse,London,South East,465,18.0,35.1,0.0,465.0,sufficient
23360,PROD002454,WH002,North Warehouse,Manchester,North West,783,36.0,70.19999999999999,0.0,783.0,sufficient
23360,PROD002454,WH003,Midlands Warehouse,Birmingham,West Midlands,576,12.0,23.4,0.0,576.0,sufficient
23360,PROD002454,WH004,Scotland Warehouse,Glasgow,Scotland,210,31.0,60.449999999999996,0.0,210.0,sufficient
23360,PROD002454,WH005,Wales Warehouse,Cardiff,Wales,134,12.0,23.4,0.0,134.0,sufficient
23370,PROD002460,WH001,Central Warehouse,London,South East,670,18.0,22.5,0.0,670.0,sufficient
23370,PROD002460,WH002,North Warehouse,Manchester,North West,258,22.0,27.5,0.0,258.0,sufficient
23370,PROD002460,WH003,Midlands Warehouse,Birmingham,West Midlands,326,86.0,190.8,0.0,326.0,sufficient
23370,PROD002460,WH004,Scotland Warehouse,Glasgow,Scotland,961,18.0,23.71,0.0,961.0,sufficient
23370,PROD002460,WH005,Wales Warehouse,Cardiff,Wales,634,4.0,9.84,0.0,634.0,sufficient
23371,PROD002461,WH001,Central Warehouse,London,South East,558,37.0,46.25,0.0,558.0,sufficient
23371,PROD002461,WH002,North Warehouse,Manchester,North West,94,28.0,39.84,0.0,94.0,sufficient
23371,PROD002461,WH003,Midlands Warehouse,Birmingham,West Midlands,864,57.0,71.25,0.0,864.0,sufficient
23371,PROD002461,WH004,Scotland Warehouse,Glasgow,Scotland,209,20.0,25.0,0.0,209.0,sufficient
23371,PROD002461,WH005,Wales Warehouse,Cardiff,Wales,591,4.0,5.0,0.0,591.0,sufficient
23372,PROD002462,WH001,Central Warehouse,London,South East,326,148.0,164.31,0.0,326.0,sufficient
23372,PROD002462,WH002,North Warehouse,Manchester,North West,561,42.0,56.129999999999995,0.0,561.0,sufficient
23372,PROD002462,WH003,Midlands Warehouse,Birmingham,West Midlands,895,3.0,6.17,0.0,895.0,sufficient
23372,PROD002462,WH004,Scotland Warehouse,Glasgow,Scotland,451,2.0,2.5,0.0,451.0,sufficient
23372,PROD002462,WH005,Wales Warehouse,Cardiff,Wales,758,16.0,20.0,0.0,758.0,sufficient
23376,PROD002466,WH001,Central Warehouse,London,South East,765,1.0,0.83,0.0,765.0,sufficient
23376,PROD002466,WH002,North Warehouse,Manchester,North West,142,11.0,7.369999999999999,0.0,142.0,sufficient
23376,PROD002466,WH003,Midlands Warehouse,Birmingham,West Midlands,751,19.0,14.01,0.0,751.0,sufficient
23376,PROD002466,WH004,Scotland Warehouse,Glasgow,Scotland,450,50.0,20.38,0.0,450.0,sufficient
23376,PROD002466,WH005,Wales Warehouse,Cardiff,Wales,902,6.0,3.2199999999999998,0.0,902.0,sufficient
23377,PROD002467,WH001,Central Warehouse,London,South East,221,3.0,2.05,1.0,220.0,sufficient
23377,PROD002467,WH002,North Warehouse,Manchester,North West,435,10.0,8.299999999999999,0.0,435.0,sufficient
23377,PROD002467,WH003,Midlands Warehouse,Birmingham,West Midlands,409,41.0,16.43,0.0,409.0,sufficient
23377,PROD002467,WH004,Scotland Warehouse,Glasgow,Scotland,94,7.0,5.37,0.0,94.0,sufficient
23377,PROD002467,WH005,Wales Warehouse,Cardiff,Wales,893,4.0,2.0,0.0,893.0,sufficient
23381,PROD002471,WH001,Central Warehouse,London,South East,239,6.0,2.34,0.0,239.0,sufficient
23381,PROD002471,WH002,North Warehouse,Manchester,North West,567,0.0,0.0,0.0,567.0,sufficient
23381,PROD002471,WH003,Midlands Warehouse,Birmingham,West Midlands,249,27.0,11.85,0.0,249.0,sufficient
23381,PROD002471,WH004,Scotland Warehouse,Glasgow,Scotland,799,24.0,9.36,0.0,799.0,sufficient
23381,PROD002471,WH005,Wales Warehouse,Cardiff,Wales,213,14.0,5.8999999999999995,0.0,213.0,sufficient
23390,PROD002475,WH001,Central Warehouse,London,South East,709,5.0,24.89,0.0,709.0,sufficient
23390,PROD002475,WH002,North Warehouse,Manchester,North West,1252,19.0,82.99000000000001,0.0,1252.0,sufficient
23390,PROD002475,WH003,Midlands Warehouse,Birmingham,West Midlands,518,2.0,8.3,0.0,518.0,sufficient
23390,PROD002475,WH004,Scotland Warehouse,Glasgow,Scotland,1637,3.0,12.450000000000001,0.0,1637.0,sufficient
23390,PROD002475,WH005,Wales Warehouse,Cardiff,Wales,808,9.0,41.49,2.0,806.0,sufficient
23391,PROD002476,WH001,Central Warehouse,London,South East,417,9.0,37.35,0.0,417.0,sufficient
23391,PROD002476,WH002,North Warehouse,Manchester,North West,271,7.0,29.050000000000004,0.0,271.0,sufficient
23391,PROD002476,WH003,Midlands Warehouse,Birmingham,West Midlands,231,3.0,12.45,0.0,231.0,sufficient
23391,PROD002476,WH004,Scotland Warehouse,Glasgow,Scotland,252,3.0,12.450000000000001,2.0,250.0,sufficient
23391,PROD002476,WH005,Wales Warehouse,Cardiff,Wales,755,0.0,0.0,0.0,755.0,sufficient
23396,PROD002481,WH001,Central Warehouse,London,South East,1523,7.0,40.33,0.0,1523.0,sufficient
23396,PROD002481,WH002,North Warehouse,Manchester,North West,626,5.0,18.75,0.0,626.0,sufficient
23396,PROD002481,WH003,Midlands Warehouse,Birmingham,West Midlands,657,15.0,91.44999999999999,3.0,654.0,sufficient
23396,PROD002481,WH004,Scotland Warehouse,Glasgow,Scotland,291,8.0,30.0,0.0,291.0,sufficient
23396,PROD002481,WH005,Wales Warehouse,Cardiff,Wales,1079,5.0,18.75,0.0,1079.0,sufficient
23397,PROD002482,WH001,Central Warehouse,London,South East,151,5.0,49.75,0.0,151.0,sufficient
23397,PROD002482,WH002,North Warehouse,Manchester,North West,363,4.0,39.8,0.0,363.0,sufficient
23397,PROD002482,WH003,Midlands Warehouse,Birmingham,West Midlands,394,14.0,139.29999999999998,0.0,394.0,sufficient
23397,PROD002482,WH004,Scotland Warehouse,Glasgow,Scotland,585,11.0,109.44999999999999,0.0,585.0,sufficient
23397,PROD002482,WH005,Wales Warehouse,Cardiff,Wales,5,6.0,59.699999999999996,0.0,5.0,sufficient
23398,PROD002483,WH001,Central Warehouse,London,South East,834,10.0,8.5,0.0,834.0,sufficient
23398,PROD002483,WH002,North Warehouse,Manchester,North West,198,49.0,42.879999999999995,0.0,198.0,sufficient
23398,PROD002483,WH003,Midlands Warehouse,Birmingham,West Midlands,544,0.0,0.0,0.0,544.0,sufficient
23398,PROD002483,WH004,Scotland Warehouse,Glasgow,Scotland,283,0.0,0.0,0.0,283.0,sufficient
23398,PROD002483,WH005,Wales Warehouse,Cardiff,Wales,992,72.0,58.08,0.0,992.0,sufficient
23400,PROD002485,WH001,Central Warehouse,London,South East,928,8.0,50.0,0.0,928.0,sufficient
23400,PROD002485,WH002,North Warehouse,Manchester,North West,706,6.0,37.5,0.0,706.0,sufficient
23400,PROD002485,WH003,Midlands Warehouse,Birmingham,West Midlands,981,1.0,6.25,0.0,981.0,sufficient
23400,PROD002485,WH004,Scotland Warehouse,Glasgow,Scotland,101,16.0,66.4,0.0,101.0,sufficient
23400,PROD002485,WH005,Wales Warehouse,Cardiff,Wales,965,6.0,37.5,0.0,965.0,sufficient
23403,PROD002488,WH001,Central Warehouse,London,South East,120,6.0,22.5,0.0,120.0,sufficient
23403,PROD002488,WH002,North Warehouse,Manchester,North West,383,2.0,11.21,0.0,383.0,sufficient
23403,PROD002488,WH003,Midlands Warehouse,Birmingham,West Midlands,574,5.0,18.75,0.0,574.0,sufficient
23403,PROD002488,WH004,Scotland Warehouse,Glasgow,Scotland,600,23.0,77.28999999999999,0.0,600.0,sufficient
23403,PROD002488,WH005,Wales Warehouse,Cardiff,Wales,954,0.0,0.0,0.0,954.0,sufficient
23405,PROD002490,WH001,Central Warehouse,London,South East,440,11.0,71.97,0.0,440.0,sufficient
23405,PROD002490,WH002,North Warehouse,Manchester,North West,361,8.0,39.6,0.0,361.0,sufficient
23405,PROD002490,WH003,Midlands Warehouse,Birmingham,West Midlands,266,0.0,0.0,0.0,266.0,sufficient
23405,PROD002490,WH004,Scotland Warehouse,Glasgow,Scotland,468,4.0,19.8,0.0,468.0,sufficient
23405,PROD002490,WH005,Wales Warehouse,Cardiff,Wales,77,19.0,94.05,2.0,75.0,sufficient
23409,PROD002494,WH001,Central Warehouse,London,South East,909,0.0,0.0,0.0,909.0,sufficient
23409,PROD002494,WH002,North Warehouse,Manchester,North West,699,0.0,0.0,0.0,699.0,sufficient
23409,PROD002494,WH003,Midlands Warehouse,Birmingham,West Midlands,814,15.0,56.25,0.0,814.0,sufficient
23409,PROD002494,WH004,Scotland Warehouse,Glasgow,Scotland,580,0.0,0.0,0.0,580.0,sufficient
23409,PROD002494,WH005,Wales Warehouse,Cardiff,Wales,835,2.0,7.5,0.0,835.0,sufficient
23411,PROD002496,WH001,Central Warehouse,London,South East,836,0.0,0.0,0.0,836.0,sufficient
23411,PROD002496,WH002,North Warehouse,Manchester,North West,529,2.0,9.9,0.0,529.0,sufficient
23411,PROD002496,WH003,Midlands Warehouse,Birmingham,West Midlands,57,4.0,19.8,0.0,57.0,sufficient
23411,PROD002496,WH004,Scotland Warehouse,Glasgow,Scotland,167,0.0,0.0,0.0,167.0,sufficient
23411,PROD002496,WH005,Wales Warehouse,Cardiff,Wales,75,30.0,129.29999999999998,0.0,75.0,sufficient
23413,PROD002498,WH001,Central Warehouse,London,South East,784,3.0,14.85,0.0,784.0,sufficient
23413,PROD002498,WH002,North Warehouse,Manchester,North West,746,0.0,0.0,0.0,746.0,sufficient
23413,PROD002498,WH003,Midlands Warehouse,Birmingham,West Midlands,299,0.0,0.0,0.0,299.0,sufficient
23413,PROD002498,WH004,Scotland Warehouse,Glasgow,Scotland,377,1.0,10.79,0.0,377.0,sufficient
23413,PROD002498,WH005,Wales Warehouse,Cardiff,Wales,637,3.0,14.85,0.0,637.0,sufficient
23415,PROD002500,WH001,Central Warehouse,London,South East,790,24.0,9.36,0.0,790.0,sufficient
23415,PROD002500,WH002,North Warehouse,Manchester,North West,849,12.0,19.8,0.0,849.0,sufficient
23415,PROD002500,WH003,Midlands Warehouse,Birmingham,West Midlands,376,0.0,0.0,0.0,376.0,sufficient
23415,PROD002500,WH004,Scotland Warehouse,Glasgow,Scotland,193,0.0,0.0,0.0,193.0,sufficient
23415,PROD002500,WH005,Wales Warehouse,Cardiff,Wales,858,24.0,39.6,0.0,858.0,sufficient
23421,PROD002504,WH001,Central Warehouse,London,South East,249,1.0,2.08,0.0,249.0,sufficient
23421,PROD002504,WH002,North Warehouse,Manchester,North West,28,3.0,6.24,2.0,26.0,sufficient
23421,PROD002504,WH003,Midlands Warehouse,Birmingham,West Midlands,358,13.0,27.04,0.0,358.0,sufficient
23421,PROD002504,WH004,Scotland Warehouse,Glasgow,Scotland,638,2.0,6.21,0.0,638.0,sufficient
23421,PROD002504,WH005,Wales Warehouse,Cardiff,Wales,854,0.0,0.0,0.0,854.0,sufficient
23424,PROD002507,WH001,Central Warehouse,London,South East,469,13.0,70.19,0.0,469.0,sufficient
23424,PROD002507,WH002,North Warehouse,Manchester,North West,616,13.0,64.35000000000001,0.0,616.0,sufficient
23424,PROD002507,WH003,Midlands Warehouse,Birmingham,West Midlands,320,12.0,76.92,0.0,320.0,sufficient
23424,PROD002507,WH004,Scotland Warehouse,Glasgow,Scotland,963,11.0,71.97,0.0,963.0,sufficient
23424,PROD002507,WH005,Wales Warehouse,Cardiff,Wales,767,31.0,134.25,0.0,767.0,sufficient
23428,PROD002511,WH001,Central Warehouse,London,South East,678,0.0,0.0,0.0,678.0,sufficient
23428,PROD002511,WH002,North Warehouse,Manchester,North West,691,0.0,0.0,0.0,691.0,sufficient
23428,PROD002511,WH003,Midlands Warehouse,Birmingham,West Midlands,990,0.0,0.0,0.0,990.0,sufficient
23428,PROD002511,WH004,Scotland Warehouse,Glasgow,Scotland,114,2.0,24.78,0.0,114.0,sufficient
23428,PROD002511,WH005,Wales Warehouse,Cardiff,Wales,304,0.0,0.0,0.0,304.0,sufficient
23430,PROD002513,WH001,Central Warehouse,London,South East,958,0.0,0.0,0.0,958.0,sufficient
23430,PROD002513,WH002,North Warehouse,Manchester,North West,21,3.0,24.450000000000003,0.0,21.0,sufficient
23430,PROD002513,WH003,Midlands Warehouse,Birmingham,West Midlands,138,0.0,0.0,0.0,138.0,sufficient
23430,PROD002513,WH004,Scotland Warehouse,Glasgow,Scotland,704,2.0,16.3,0.0,704.0,sufficient
23430,PROD002513,WH005,Wales Warehouse,Cardiff,Wales,218,1.0,8.15,0.0,218.0,sufficient
23432,PROD002515,WH001,Central Warehouse,London,South East,310,12.0,9.96,0.0,310.0,sufficient
23432,PROD002515,WH002,North Warehouse,Manchester,North West,84,1.0,0.83,0.0,84.0,sufficient
23432,PROD002515,WH003,Midlands Warehouse,Birmingham,West Midlands,455,12.0,9.96,0.0,455.0,sufficient
23432,PROD002515,WH004,Scotland Warehouse,Glasgow,Scotland,605,120.0,99.6,0.0,605.0,sufficient
23432,PROD002515,WH005,Wales Warehouse,Cardiff,Wales,994,12.0,9.96,0.0,994.0,sufficient
23433,PROD002516,WH001,Central Warehouse,London,South East,116,29.0,24.07,5.0,111.0,sufficient
23433,PROD002516,WH002,North Warehouse,Manchester,North West,638,84.0,89.64,0.0,638.0,sufficient
23433,PROD002516,WH003,Midlands Warehouse,Birmingham,West Midlands,724,12.0,9.96,0.0,724.0,sufficient
23433,PROD002516,WH004,Scotland Warehouse,Glasgow,Scotland,462,72.0,59.760000000000005,0.0,462.0,sufficient
23433,PROD002516,WH005,Wales Warehouse,Cardiff,Wales,632,24.0,19.92,0.0,632.0,sufficient
23436,PROD002519,WH001,Central Warehouse,London,South East,438,1.0,2.46,0.0,438.0,sufficient
23436,PROD002519,WH002,North Warehouse,Manchester,North West,894,43.0,58.59,0.0,894.0,sufficient
23436,PROD002519,WH003,Midlands Warehouse,Birmingham,West Midlands,160,24.0,30.0,0.0,160.0,sufficient
23436,PROD002519,WH004,Scotland Warehouse,Glasgow,Scotland,56,12.0,15.0,0.0,56.0,sufficient
23436,PROD002519,WH005,Wales Warehouse,Cardiff,Wales,262,4.0,9.84,0.0,262.0,sufficient
23438,PROD002521,WH001,Central Warehouse,London,South East,1054,24.0,30.0,0.0,1054.0,sufficient
23438,PROD002521,WH002,North Warehouse,Manchester,North West,621,52.0,65.0,0.0,621.0,sufficient
23438,PROD002521,WH003,Midlands Warehouse,Birmingham,West Midlands,859,24.0,30.0,0.0,859.0,sufficient
23438,PROD002521,WH004,Scotland Warehouse,Glasgow,Scotland,441,36.0,45.0,0.0,441.0,sufficient
23438,PROD002521,WH005,Wales Warehouse,Cardiff,Wales,919,12.0,15.0,0.0,919.0,sufficient
23439,PROD002522,WH001,Central Warehouse,London,South East,589,39.0,81.9,0.0,589.0,sufficient
23439,PROD002522,WH002,North Warehouse,Manchester,North West,4,49.0,104.92999999999999,0.0,4.0,sufficient
23439,PROD002522,WH003,Midlands Warehouse,Birmingham,West Midlands,190,71.0,149.1,0.0,190.0,sufficient
23439,PROD002522,WH004,Scotland Warehouse,Glasgow,Scotland,678,33.0,69.3,3.0,675.0,sufficient
23439,PROD002522,WH005,Wales Warehouse,Cardiff,Wales,63,51.0,111.16,0.0,63.0,sufficient
23452,PROD002526,WH001,Central Warehouse,London,South East,613,12.0,23.4,0.0,613.0,sufficient
23452,PROD002526,WH002,North Warehouse,Manchester,North West,863,6.0,11.7,0.0,863.0,sufficient
23452,PROD002526,WH003,Midlands Warehouse,Birmingham,West Midlands,77,0.0,0.0,0.0,77.0,sufficient
23452,PROD002526,WH004,Scotland Warehouse,Glasgow,Scotland,355,18.0,35.099999999999994,0.0,355.0,sufficient
23452,PROD002526,WH005,Wales Warehouse,Cardiff,Wales,594,25.0,48.75,0.0,594.0,sufficient
23454,PROD002528,WH001,Central Warehouse,London,South East,359,1.0,8.29,0.0,359.0,sufficient
23454,PROD002528,WH002,North Warehouse,Manchester,North West,417,0.0,0.0,0.0,417.0,sufficient
23454,PROD002528,WH003,Midlands Warehouse,Birmingham,West Midlands,692,4.0,16.6,0.0,692.0,sufficient
23454,PROD002528,WH004,Scotland Warehouse,Glasgow,Scotland,899,4.0,16.6,0.0,899.0,sufficient
23454,PROD002528,WH005,Wales Warehouse,Cardiff,Wales,714,0.0,0.0,0.0,714.0,sufficient
23455,PROD002529,WH001,Central Warehouse,London,South East,252,7.0,20.23,0.0,252.0,sufficient
23455,PROD002529,WH002,North Warehouse,Manchester,North West,285,0.0,0.0,0.0,285.0,sufficient
23455,PROD002529,WH003,Midlands Warehouse,Birmingham,West Midlands,630,0.0,0.0,0.0,630.0,sufficient
23455,PROD002529,WH004,Scotland Warehouse,Glasgow,Scotland,486,1.0,2.89,0.0,486.0,sufficient
23455,PROD002529,WH005,Wales Warehouse,Cardiff,Wales,352,0.0,0.0,0.0,352.0,sufficient
23456,PROD002530,WH001,Central Warehouse,London,South East,213,3.0,12.450000000000001,0.0,213.0,sufficient
23456,PROD002530,WH002,North Warehouse,Manchester,North West,188,2.0,8.3,0.0,188.0,sufficient
23456,PROD002530,WH003,Midlands Warehouse,Birmingham,West Midlands,827,4.0,16.6,0.0,827.0,sufficient
23456,PROD002530,WH004,Scotland Warehouse,Glasgow,Scotland,109,0.0,0.0,0.0,109.0,sufficient
23456,PROD002530,WH005,Wales Warehouse,Cardiff,Wales,340,18.0,67.5,0.0,340.0,sufficient
23461,PROD002535,WH001,Central Warehouse,London,South East,416,2.0,8.3,0.0,416.0,sufficient
23461,PROD002535,WH002,North Warehouse,Manchester,North West,328,1.0,4.15,0.0,328.0,sufficient
23461,PROD002535,WH003,Midlands Warehouse,Birmingham,West Midlands,130,13.0,53.95,0.0,130.0,sufficient
23461,PROD002535,WH004,Scotland Warehouse,Glasgow,Scotland,13,8.0,33.2,0.0,13.0,sufficient
23461,PROD002535,WH005,Wales Warehouse,Cardiff,Wales,881,2.0,8.3,0.0,881.0,sufficient
23467,PROD002539,WH001,Central Warehouse,London,South East,966,0.0,0.0,0.0,966.0,sufficient
23467,PROD002539,WH002,North Warehouse,Manchester,North West,1118,0.0,0.0,0.0,1118.0,sufficient
23467,PROD002539,WH003,Midlands Warehouse,Birmingham,West Midlands,1248,0.0,0.0,0.0,1248.0,sufficient
23467,PROD002539,WH004,Scotland Warehouse,Glasgow,Scotland,374,6.0,19.74,0.0,374.0,sufficient
23467,PROD002539,WH005,Wales Warehouse,Cardiff,Wales,1549,0.0,0.0,0.0,1549.0,sufficient
23470,PROD002542,WH001,Central Warehouse,London,South East,817,0.0,0.0,0.0,817.0,sufficient
23470,PROD002542,WH002,North Warehouse,Manchester,North West,432,4.0,25.0,0.0,432.0,sufficient
23470,PROD002542,WH003,Midlands Warehouse,Birmingham,West Midlands,11,2.0,12.5,0.0,11.0,sufficient
23470,PROD002542,WH004,Scotland Warehouse,Glasgow,Scotland,721,4.0,25.0,0.0,721.0,sufficient
23470,PROD002542,WH005,Wales Warehouse,Cardiff,Wales,631,6.0,37.5,0.0,631.0,sufficient
23475,PROD002547,WH001,Central Warehouse,London,South East,487,1.0,0.83,0.0,487.0,sufficient
23475,PROD002547,WH002,North Warehouse,Manchester,North West,335,1.0,1.63,0.0,335.0,sufficient
23475,PROD002547,WH003,Midlands Warehouse,Birmingham,West Midlands,559,0.0,0.0,0.0,559.0,sufficient
23475,PROD002547,WH004,Scotland Warehouse,Glasgow,Scotland,865,0.0,0.0,0.0,865.0,sufficient
23475,PROD002547,WH005,Wales Warehouse,Cardiff,Wales,373,12.0,9.96,0.0,373.0,sufficient
23481,PROD002552,WH001,Central Warehouse,London,South East,836,3.0,3.75,0.0,836.0,sufficient
23481,PROD002552,WH002,North Warehouse,Manchester,North West,838,0.0,0.0,0.0,838.0,sufficient
23481,PROD002552,WH003,Midlands Warehouse,Birmingham,West Midlands,462,11.0,13.75,0.0,462.0,sufficient
23481,PROD002552,WH004,Scotland Warehouse,Glasgow,Scotland,667,0.0,0.0,0.0,667.0,sufficient
23481,PROD002552,WH005,Wales Warehouse,Cardiff,Wales,601,0.0,0.0,0.0,601.0,sufficient
23483,PROD002554,WH001,Central Warehouse,London,South East,1253,24.0,30.0,0.0,1253.0,sufficient
23483,PROD002554,WH002,North Warehouse,Manchester,North West,817,24.0,30.0,6.0,811.0,sufficient
23483,PROD002554,WH003,Midlands Warehouse,Birmingham,West Midlands,1081,54.0,67.5,0.0,1081.0,sufficient
23483,PROD002554,WH004,Scotland Warehouse,Glasgow,Scotland,1224,12.0,15.0,0.0,1224.0,sufficient
23483,PROD002554,WH005,Wales Warehouse,Cardiff,Wales,845,6.0,7.5,0.0,845.0,sufficient
23485,PROD002556,WH001,Central Warehouse,London,South East,726,0.0,0.0,0.0,726.0,sufficient
23485,PROD002556,WH002,North Warehouse,Manchester,North West,380,9.0,225.0,0.0,380.0,sufficient
23485,PROD002556,WH003,Midlands Warehouse,Birmingham,West Midlands,61,1.0,25.0,0.0,61.0,sufficient
23485,PROD002556,WH004,Scotland Warehouse,Glasgow,Scotland,841,5.0,108.2,0.0,841.0,sufficient
23485,PROD002556,WH005,Wales Warehouse,Cardiff,Wales,906,1.0,25.0,0.0,906.0,sufficient
23489,PROD002559,WH001,Central Warehouse,London,South East,100,5.0,14.450000000000001,0.0,100.0,sufficient
23489,PROD002559,WH002,North Warehouse,Manchester,North West,228,4.0,23.16,0.0,228.0,sufficient
23489,PROD002559,WH003,Midlands Warehouse,Birmingham,West Midlands,565,14.0,40.46,0.0,565.0,sufficient
23489,PROD002559,WH004,Scotland Warehouse,Glasgow,Scotland,292,29.0,83.81,0.0,292.0,sufficient
23489,PROD002559,WH005,Wales Warehouse,Cardiff,Wales,125,6.0,17.34,0.0,125.0,sufficient
23492,PROD002562,WH001,Central Warehouse,London,South East,543,0.0,0.0,0.0,543.0,sufficient
23492,PROD002562,WH002,North Warehouse,Manchester,North West,394,0.0,0.0,0.0,394.0,sufficient
23492,PROD002562,WH003,Midlands Warehouse,Birmingham,West Midlands,821,0.0,0.0,0.0,821.0,sufficient
23492,PROD002562,WH004,Scotland Warehouse,Glasgow,Scotland,973,6.0,49.5,0.0,973.0,sufficient
23492,PROD002562,WH005,Wales Warehouse,Cardiff,Wales,178,0.0,0.0,0.0,178.0,sufficient
23494,PROD002564,WH001,Central Warehouse,London,South East,920,4.0,23.8,0.0,920.0,sufficient
23494,PROD002564,WH002,North Warehouse,Manchester,North West,605,3.0,17.85,0.0,605.0,sufficient
23494,PROD002564,WH003,Midlands Warehouse,Birmingham,West Midlands,698,25.0,148.75,12.0,686.0,sufficient
23494,PROD002564,WH004,Scotland Warehouse,Glasgow,Scotland,178,48.0,285.59999999999997,0.0,178.0,sufficient
23494,PROD002564,WH005,Wales Warehouse,Cardiff,Wales,882,18.0,107.10000000000001,0.0,882.0,sufficient
23497,PROD002567,WH001,Central Warehouse,London,South East,313,49.0,71.05,0.0,313.0,sufficient
23497,PROD002567,WH002,North Warehouse,Manchester,North West,529,12.0,17.4,0.0,529.0,sufficient
23497,PROD002567,WH003,Midlands Warehouse,Birmingham,West Midlands,132,48.0,69.6,9.0,123.0,sufficient
23497,PROD002567,WH004,Scotland Warehouse,Glasgow,Scotland,748,36.0,57.71999999999999,0.0,748.0,sufficient
23497,PROD002567,WH005,Wales Warehouse,Cardiff,Wales,548,87.0,118.39,0.0,548.0,sufficient
23501,PROD002571,WH001,Central Warehouse,London,South East,413,10.0,12.5,6.0,407.0,sufficient
23501,PROD002571,WH002,North Warehouse,Manchester,North West,646,20.0,25.0,0.0,646.0,sufficient
23501,PROD002571,WH003,Midlands Warehouse,Birmingham,West Midlands,944,6.0,7.5,0.0,944.0,sufficient
23501,PROD002571,WH004,Scotland Warehouse,Glasgow,Scotland,309,57.0,71.25,0.0,309.0,sufficient
23501,PROD002571,WH005,Wales Warehouse,Cardiff,Wales,532,2.0,2.5,0.0,532.0,sufficient
23505,PROD002575,WH001,Central Warehouse,London,South East,1218,12.0,15.0,0.0,1218.0,sufficient
23505,PROD002575,WH002,North Warehouse,Manchester,North West,1034,12.0,15.0,0.0,1034.0,sufficient
23505,PROD002575,WH003,Midlands Warehouse,Birmingham,West Midlands,1504,23.0,28.75,0.0,1504.0,sufficient
23505,PROD002575,WH004,Scotland Warehouse,Glasgow,Scotland,1052,9.0,11.25,0.0,1052.0,sufficient
23505,PROD002575,WH005,Wales Warehouse,Cardiff,Wales,1110,49.0,62.46,0.0,1110.0,sufficient
23507,PROD002577,WH001,Central Warehouse,London,South East,532,40.0,16.8,0.0,532.0,sufficient
23507,PROD002577,WH002,North Warehouse,Manchester,North West,264,21.0,8.82,0.0,264.0,sufficient
23507,PROD002577,WH003,Midlands Warehouse,Birmingham,West Midlands,634,5.0,2.1,2.0,632.0,sufficient
23507,PROD002577,WH004,Scotland Warehouse,Glasgow,Scotland,330,21.0,9.23,20.0,310.0,sufficient
23507,PROD002577,WH005,Wales Warehouse,Cardiff,Wales,995,6.0,2.52,0.0,995.0,sufficient
23509,PROD002579,WH001,Central Warehouse,London,South East,610,0.0,0.0,0.0,610.0,sufficient
23509,PROD002579,WH002,North Warehouse,Manchester,North West,618,71.0,27.42,0.0,618.0,sufficient
23509,PROD002579,WH003,Midlands Warehouse,Birmingham,West Midlands,130,17.0,7.14,0.0,130.0,sufficient
23509,PROD002579,WH004,Scotland Warehouse,Glasgow,Scotland,516,2.0,0.84,0.0,516.0,sufficient
23509,PROD002579,WH005,Wales Warehouse,Cardiff,Wales,442,0.0,0.0,0.0,442.0,sufficient
23512,PROD002582,WH001,Central Warehouse,London,South East,903,12.0,24.96,0.0,903.0,sufficient
23512,PROD002582,WH002,North Warehouse,Manchester,North West,589,1.0,2.08,0.0,589.0,sufficient
23512,PROD002582,WH003,Midlands Warehouse,Birmingham,West Midlands,719,12.0,24.96,0.0,719.0,sufficient
23512,PROD002582,WH004,Scotland Warehouse,Glasgow,Scotland,52,0.0,0.0,0.0,52.0,sufficient
23512,PROD002582,WH005,Wales Warehouse,Cardiff,Wales,910,1.0,4.13,0.0,910.0,sufficient
23513,PROD002583,WH001,Central Warehouse,London,South East,732,14.0,29.12,2.0,730.0,sufficient
23513,PROD002583,WH002,North Warehouse,Manchester,North West,1630,13.0,27.04,6.0,1624.0,sufficient
23513,PROD002583,WH003,Midlands Warehouse,Birmingham,West Midlands,1077,152.0,274.40000000000003,0.0,1077.0,sufficient
23513,PROD002583,WH004,Scotland Warehouse,Glasgow,Scotland,851,12.0,24.96,0.0,851.0,sufficient
23513,PROD002583,WH005,Wales Warehouse,Cardiff,Wales,1259,6.0,12.48,0.0,1259.0,sufficient
23519,PROD002589,WH001,Central Warehouse,London,South East,625,0.0,0.0,0.0,625.0,sufficient
23519,PROD002589,WH002,North Warehouse,Manchester,North West,570,6.0,22.5,0.0,570.0,sufficient
23519,PROD002589,WH003,Midlands Warehouse,Birmingham,West Midlands,488,0.0,0.0,0.0,488.0,sufficient
23519,PROD002589,WH004,Scotland Warehouse,Glasgow,Scotland,640,0.0,0.0,0.0,640.0,sufficient
23519,PROD002589,WH005,Wales Warehouse,Cardiff,Wales,58,0.0,0.0,0.0,58.0,sufficient
23521,PROD002591,WH001,Central Warehouse,London,South East,380,0.0,0.0,0.0,380.0,sufficient
23521,PROD002591,WH002,North Warehouse,Manchester,North West,1073,1.0,2.89,0.0,1073.0,sufficient
23521,PROD002591,WH003,Midlands Warehouse,Birmingham,West Midlands,801,3.0,11.57,0.0,801.0,sufficient
23521,PROD002591,WH004,Scotland Warehouse,Glasgow,Scotland,848,0.0,0.0,0.0,848.0,sufficient
23521,PROD002591,WH005,Wales Warehouse,Cardiff,Wales,1099,0.0,0.0,0.0,1099.0,sufficient
23524,PROD002594,WH001,Central Warehouse,London,South East,921,0.0,0.0,0.0,921.0,sufficient
23524,PROD002594,WH002,North Warehouse,Manchester,North West,257,0.0,0.0,0.0,257.0,sufficient
23524,PROD002594,WH003,Midlands Warehouse,Birmingham,West Midlands,789,54.0,180.42,0.0,789.0,sufficient
23524,PROD002594,WH004,Scotland Warehouse,Glasgow,Scotland,939,0.0,0.0,0.0,939.0,sufficient
23524,PROD002594,WH005,Wales Warehouse,Cardiff,Wales,288,1.0,3.75,0.0,288.0,sufficient
23526,PROD002596,WH001,Central Warehouse,London,South East,359,6.0,35.7,0.0,359.0,sufficient
23526,PROD002596,WH002,North Warehouse,Manchester,North West,628,4.0,23.8,0.0,628.0,sufficient
23526,PROD002596,WH003,Midlands Warehouse,Birmingham,West Midlands,410,192.0,1034.4,12.0,398.0,sufficient
23526,PROD002596,WH004,Scotland Warehouse,Glasgow,Scotland,416,5.0,36.260000000000005,0.0,416.0,sufficient
23526,PROD002596,WH005,Wales Warehouse,Cardiff,Wales,757,13.0,109.89999999999999,0.0,757.0,sufficient
23527,PROD002597,WH001,Central Warehouse,London,South East,550,0.0,0.0,0.0,550.0,sufficient
23527,PROD002597,WH002,North Warehouse,Manchester,North West,607,120.0,394.8,0.0,607.0,sufficient
23527,PROD002597,WH003,Midlands Warehouse,Birmingham,West Midlands,654,0.0,0.0,0.0,654.0,sufficient
23527,PROD002597,WH004,Scotland Warehouse,Glasgow,Scotland,461,7.0,26.25,0.0,461.0,sufficient
23527,PROD002597,WH005,Wales Warehouse,Cardiff,Wales,838,0.0,0.0,0.0,838.0,sufficient
23529,PROD002598,WH001,Central Warehouse,London,South East,450,0.0,0.0,0.0,450.0,sufficient
23529,PROD002598,WH002,North Warehouse,Manchester,North West,375,0.0,0.0,0.0,375.0,sufficient
23529,PROD002598,WH003,Midlands Warehouse,Birmingham,West Midlands,100,0.0,0.0,0.0,100.0,sufficient
23529,PROD002598,WH004,Scotland Warehouse,Glasgow,Scotland,21,4.0,15.0,0.0,21.0,sufficient
23529,PROD002598,WH005,Wales Warehouse,Cardiff,Wales,331,25.0,85.47,0.0,331.0,sufficient
23534,PROD002602,WH001,Central Warehouse,London,South East,618,37.0,198.54999999999998,0.0,618.0,sufficient
23534,PROD002602,WH002,North Warehouse,Manchester,North West,919,130.0,556.45,0.0,919.0,sufficient
23534,PROD002602,WH003,Midlands Warehouse,Birmingham,West Midlands,842,11.0,78.47,0.0,842.0,sufficient
23534,PROD002602,WH004,Scotland Warehouse,Glasgow,Scotland,747,24.0,220.92000000000002,0.0,747.0,sufficient
23534,PROD002602,WH005,Wales Warehouse,Cardiff,Wales,860,37.0,241.9,1.0,859.0,sufficient
23537,PROD002605,WH001,Central Warehouse,London,South East,1227,6.0,29.7,0.0,1227.0,sufficient
23537,PROD002605,WH002,North Warehouse,Manchester,North West,1068,0.0,0.0,0.0,1068.0,sufficient
23537,PROD002605,WH003,Midlands Warehouse,Birmingham,West Midlands,940,0.0,0.0,0.0,940.0,sufficient
23537,PROD002605,WH004,Scotland Warehouse,Glasgow,Scotland,1823,1.0,4.95,0.0,1823.0,sufficient
23537,PROD002605,WH005,Wales Warehouse,Cardiff,Wales,609,2.0,9.9,0.0,609.0,sufficient
23539,PROD002607,WH001,Central Warehouse,London,South East,856,0.0,0.0,0.0,856.0,sufficient
23539,PROD002607,WH002,North Warehouse,Manchester,North West,824,4.0,23.8,0.0,824.0,sufficient
23539,PROD002607,WH003,Midlands Warehouse,Birmingham,West Midlands,555,0.0,0.0,0.0,555.0,sufficient
23539,PROD002607,WH004,Scotland Warehouse,Glasgow,Scotland,55,0.0,0.0,0.0,55.0,sufficient
23539,PROD002607,WH005,Wales Warehouse,Cardiff,Wales,915,1.0,12.46,0.0,915.0,sufficient
23541,PROD002608,WH001,Central Warehouse,London,South East,715,14.0,105.9,0.0,715.0,sufficient
23541,PROD002608,WH002,North Warehouse,Manchester,North West,311,4.0,33.0,0.0,311.0,sufficient
23541,PROD002608,WH003,Midlands Warehouse,Birmingham,West Midlands,559,2.0,16.5,0.0,559.0,sufficient
23541,PROD002608,WH004,Scotland Warehouse,Glasgow,Scotland,510,1.0,16.63,1.0,509.0,sufficient
23541,PROD002608,WH005,Wales Warehouse,Cardiff,Wales,90,3.0,24.75,0.0,90.0,sufficient
23542,PROD002609,WH001,Central Warehouse,London,South East,1328,4.0,33.0,0.0,1328.0,sufficient
23542,PROD002609,WH002,North Warehouse,Manchester,North West,1195,11.0,94.33,0.0,1195.0,sufficient
23542,PROD002609,WH003,Midlands Warehouse,Birmingham,West Midlands,1089,7.0,61.33,0.0,1089.0,sufficient
23542,PROD002609,WH004,Scotland Warehouse,Glasgow,Scotland,609,78.0,520.26,0.0,609.0,sufficient
23542,PROD002609,WH005,Wales Warehouse,Cardiff,Wales,1223,1.0,16.63,0.0,1223.0,sufficient
23543,PROD002610,WH001,Central Warehouse,London,South East,396,2.0,16.5,0.0,396.0,sufficient
23543,PROD002610,WH002,North Warehouse,Manchester,North West,462,6.0,57.879999999999995,0.0,462.0,sufficient
23543,PROD002610,WH003,Midlands Warehouse,Birmingham,West Midlands,619,8.0,61.2,0.0,619.0,sufficient
23543,PROD002610,WH004,Scotland Warehouse,Glasgow,Scotland,598,6.0,49.5,0.0,598.0,sufficient
23543,PROD002610,WH005,Wales Warehouse,Cardiff,Wales,403,1.0,8.25,1.0,402.0,sufficient
23546,PROD002613,WH001,Central Warehouse,London,South East,20,100.0,42.0,0.0,20.0,sufficient
23546,PROD002613,WH002,North Warehouse,Manchester,North West,151,75.0,31.5,0.0,151.0,sufficient
23546,PROD002613,WH003,Midlands Warehouse,Birmingham,West Midlands,921,25.0,10.5,0.0,921.0,sufficient
23546,PROD002613,WH004,Scotland Warehouse,Glasgow,Scotland,714,100.0,42.0,0.0,714.0,sufficient
23546,PROD002613,WH005,Wales Warehouse,Cardiff,Wales,219,25.0,10.5,0.0,219.0,sufficient
23549,PROD002616,WH001,Central Warehouse,London,South East,1333,0.0,0.0,0.0,1333.0,sufficient
23549,PROD002616,WH002,North Warehouse,Manchester,North West,988,50.0,21.0,0.0,988.0,sufficient
23549,PROD002616,WH003,Midlands Warehouse,Birmingham,West Midlands,234,25.0,10.5,0.0,234.0,sufficient
23549,PROD002616,WH004,Scotland Warehouse,Glasgow,Scotland,594,25.0,10.5,0.0,594.0,sufficient
23549,PROD002616,WH005,Wales Warehouse,Cardiff,Wales,1514,25.0,10.5,0.0,1514.0,sufficient
23554,PROD002621,WH001,Central Warehouse,London,South East,658,6.0,75.0,0.0,658.0,sufficient
23554,PROD002621,WH002,North Warehouse,Manchester,North West,902,1.0,12.5,0.0,902.0,sufficient
23554,PROD002621,WH003,Midlands Warehouse,Birmingham,West Midlands,105,3.0,37.5,0.0,105.0,sufficient
23554,PROD002621,WH004,Scotland Warehouse,Glasgow,Scotland,208,12.0,131.4,0.0,208.0,sufficient
23554,PROD002621,WH005,Wales Warehouse,Cardiff,Wales,979,4.0,50.0,0.0,979.0,sufficient
23562,PROD002627,WH001,Central Warehouse,London,South East,252,4.0,11.56,0.0,252.0,sufficient
23562,PROD002627,WH002,North Warehouse,Manchester,North West,380,1.0,5.79,0.0,380.0,sufficient
23562,PROD002627,WH003,Midlands Warehouse,Birmingham,West Midlands,13,0.0,0.0,0.0,13.0,sufficient
23562,PROD002627,WH004,Scotland Warehouse,Glasgow,Scotland,87,6.0,17.34,0.0,87.0,sufficient
23562,PROD002627,WH005,Wales Warehouse,Cardiff,Wales,112,1.0,5.79,0.0,112.0,sufficient
23564,PROD002628,WH001,Central Warehouse,London,South East,615,0.0,0.0,0.0,615.0,sufficient
23564,PROD002628,WH002,North Warehouse,Manchester,North West,760,1.0,2.46,0.0,760.0,sufficient
23564,PROD002628,WH003,Midlands Warehouse,Birmingham,West Midlands,661,2.0,2.5,0.0,661.0,sufficient
23564,PROD002628,WH004,Scotland Warehouse,Glasgow,Scotland,126,1.0,1.25,0.0,126.0,sufficient
23564,PROD002628,WH005,Wales Warehouse,Cardiff,Wales,475,24.0,30.0,0.0,475.0,sufficient
23565,PROD002629,WH001,Central Warehouse,London,South East,448,16.0,24.84,0.0,448.0,sufficient
23565,PROD002629,WH002,North Warehouse,Manchester,North West,150,25.0,32.46,0.0,150.0,sufficient
23565,PROD002629,WH003,Midlands Warehouse,Birmingham,West Midlands,634,4.0,9.84,0.0,634.0,sufficient
23565,PROD002629,WH004,Scotland Warehouse,Glasgow,Scotland,158,3.0,7.38,0.0,158.0,sufficient
23565,PROD002629,WH005,Wales Warehouse,Cardiff,Wales,873,17.0,27.3,0.0,873.0,sufficient
23566,PROD002630,WH001,Central Warehouse,London,South East,434,27.0,37.38,0.0,434.0,sufficient
23566,PROD002630,WH002,North Warehouse,Manchester,North West,573,0.0,0.0,0.0,573.0,sufficient
23566,PROD002630,WH003,Midlands Warehouse,Birmingham,West Midlands,175,0.0,0.0,0.0,175.0,sufficient
23566,PROD002630,WH004,Scotland Warehouse,Glasgow,Scotland,437,0.0,0.0,0.0,437.0,sufficient
23566,PROD002630,WH005,Wales Warehouse,Cardiff,Wales,404,4.0,5.0,0.0,404.0,sufficient
23567,PROD002631,WH001,Central Warehouse,London,South East,252,0.0,0.0,0.0,252.0,sufficient
23567,PROD002631,WH002,North Warehouse,Manchester,North West,191,1.0,2.46,0.0,191.0,sufficient
23567,PROD002631,WH003,Midlands Warehouse,Birmingham,West Midlands,279,1.0,1.25,0.0,279.0,sufficient
23567,PROD002631,WH004,Scotland Warehouse,Glasgow,Scotland,245,0.0,0.0,0.0,245.0,sufficient
23567,PROD002631,WH005,Wales Warehouse,Cardiff,Wales,457,0.0,0.0,0.0,457.0,sufficient
23568,PROD002632,WH001,Central Warehouse,London,South East,899,0.0,0.0,0.0,899.0,sufficient
23568,PROD002632,WH002,North Warehouse,Manchester,North West,637,0.0,0.0,0.0,637.0,sufficient
23568,PROD002632,WH003,Midlands Warehouse,Birmingham,West Midlands,111,1.0,2.46,0.0,111.0,sufficient
23568,PROD002632,WH004,Scotland Warehouse,Glasgow,Scotland,506,3.0,7.38,0.0,506.0,sufficient
23568,PROD002632,WH005,Wales Warehouse,Cardiff,Wales,158,3.0,7.38,0.0,158.0,sufficient
23569,PROD002633,WH001,Central Warehouse,London,South East,950,8.0,39.6,0.0,950.0,sufficient
23569,PROD002633,WH002,North Warehouse,Manchester,North West,1044,36.0,178.2,0.0,1044.0,sufficient
23569,PROD002633,WH003,Midlands Warehouse,Birmingham,West Midlands,1143,11.0,54.45,0.0,1143.0,sufficient
23569,PROD002633,WH004,Scotland Warehouse,Glasgow,Scotland,1429,26.0,128.7,0.0,1429.0,sufficient
23569,PROD002633,WH005,Wales Warehouse,Cardiff,Wales,1115,4.0,19.8,0.0,1115.0,sufficient
23576,PROD002638,WH001,Central Warehouse,London,South East,1860,0.0,0.0,0.0,1860.0,sufficient
23576,PROD002638,WH002,North Warehouse,Manchester,North West,1536,0.0,0.0,0.0,1536.0,sufficient
23576,PROD002638,WH003,Midlands Warehouse,Birmingham,West Midlands,888,9.0,17.55,0.0,888.0,sufficient
23576,PROD002638,WH004,Scotland Warehouse,Glasgow,Scotland,1406,8.0,15.6,0.0,1406.0,sufficient
23576,PROD002638,WH005,Wales Warehouse,Cardiff,Wales,2190,8.0,15.6,0.0,2190.0,sufficient
23580,PROD002641,WH001,Central Warehouse,London,South East,960,0.0,0.0,0.0,960.0,sufficient
23580,PROD002641,WH002,North Warehouse,Manchester,North West,273,0.0,0.0,0.0,273.0,sufficient
23580,PROD002641,WH003,Midlands Warehouse,Birmingham,West Midlands,972,0.0,0.0,0.0,972.0,sufficient
23580,PROD002641,WH004,Scotland Warehouse,Glasgow,Scotland,7,0.0,0.0,0.0,7.0,sufficient
23580,PROD002641,WH005,Wales Warehouse,Cardiff,Wales,2,11.0,21.45,0.0,2.0,sufficient
23603,PROD002647,WH001,Central Warehouse,London,South East,277,1.0,2.49,0.0,277.0,sufficient
23603,PROD002647,WH002,North Warehouse,Manchester,North West,543,0.0,0.0,0.0,543.0,sufficient
23603,PROD002647,WH003,Midlands Warehouse,Birmingham,West Midlands,932,2.0,4.98,0.0,932.0,sufficient
23603,PROD002647,WH004,Scotland Warehouse,Glasgow,Scotland,406,0.0,0.0,0.0,406.0,sufficient
23603,PROD002647,WH005,Wales Warehouse,Cardiff,Wales,228,1.0,2.49,0.0,228.0,sufficient
23614,PROD002653,WH001,Central Warehouse,London,South East,255,0.0,0.0,0.0,255.0,sufficient
23614,PROD002653,WH002,North Warehouse,Manchester,North West,561,1.0,3.33,0.0,561.0,sufficient
23614,PROD002653,WH003,Midlands Warehouse,Birmingham,West Midlands,54,3.0,9.99,0.0,54.0,sufficient
23614,PROD002653,WH004,Scotland Warehouse,Glasgow,Scotland,529,0.0,0.0,0.0,529.0,sufficient
23614,PROD002653,WH005,Wales Warehouse,Cardiff,Wales,548,0.0,0.0,0.0,548.0,sufficient
23636,PROD002658,WH001,Central Warehouse,London,South East,895,0.0,0.0,0.0,895.0,sufficient
23636,PROD002658,WH002,North Warehouse,Manchester,North West,1062,0.0,0.0,0.0,1062.0,sufficient
23636,PROD002658,WH003,Midlands Warehouse,Birmingham,West Midlands,1092,0.0,0.0,0.0,1092.0,sufficient
23636,PROD002658,WH004,Scotland Warehouse,Glasgow,Scotland,1366,2.0,5.82,0.0,1366.0,sufficient
23636,PROD002658,WH005,Wales Warehouse,Cardiff,Wales,778,0.0,0.0,0.0,778.0,sufficient
23660,PROD002663,WH001,Central Warehouse,London,South East,1542,5.0,15.69,0.0,1542.0,sufficient
23660,PROD002663,WH002,North Warehouse,Manchester,North West,956,0.0,0.0,0.0,956.0,sufficient
23660,PROD002663,WH003,Midlands Warehouse,Birmingham,West Midlands,1335,1.0,4.13,0.0,1335.0,sufficient
23660,PROD002663,WH004,Scotland Warehouse,Glasgow,Scotland,2026,0.0,0.0,0.0,2026.0,sufficient
23660,PROD002663,WH005,Wales Warehouse,Cardiff,Wales,2137,3.0,9.91,1.0,2136.0,sufficient
23694,PROD002667,WH001,Central Warehouse,London,South East,476,12.0,5.04,0.0,476.0,sufficient
23694,PROD002667,WH002,North Warehouse,Manchester,North West,334,12.0,5.04,0.0,334.0,sufficient
23694,PROD002667,WH003,Midlands Warehouse,Birmingham,West Midlands,180,2.0,1.66,0.0,180.0,sufficient
23694,PROD002667,WH004,Scotland Warehouse,Glasgow,Scotland,253,0.0,0.0,0.0,253.0,sufficient
23694,PROD002667,WH005,Wales Warehouse,Cardiff,Wales,285,6.0,4.98,0.0,285.0,sufficient
35001B,PROD002670,WH001,Central Warehouse,London,South East,145,0.0,0.0,0.0,145.0,sufficient
35001B,PROD002670,WH002,North Warehouse,Manchester,North West,432,0.0,0.0,0.0,432.0,sufficient
35001B,PROD002670,WH003,Midlands Warehouse,Birmingham,West Midlands,760,3.0,10.47,0.0,760.0,sufficient
35001B,PROD002670,WH004,Scotland Warehouse,Glasgow,Scotland,133,2.0,6.98,0.0,133.0,sufficient
35001B,PROD002670,WH005,Wales Warehouse,Cardiff,Wales,228,0.0,0.0,0.0,228.0,sufficient
35001G,PROD002672,WH001,Central Warehouse,London,South East,101,28.0,103.52000000000001,0.0,101.0,sufficient
35001G,PROD002672,WH002,North Warehouse,Manchester,North West,253,43.0,146.63,0.0,253.0,sufficient
35001G,PROD002672,WH003,Midlands Warehouse,Birmingham,West Midlands,517,15.0,63.75,0.0,517.0,sufficient
35001G,PROD002672,WH004,Scotland Warehouse,Glasgow,Scotland,163,16.0,66.44,0.0,163.0,sufficient
35001G,PROD002672,WH005,Wales Warehouse,Cardiff,Wales,971,39.0,76.55,1.0,970.0,sufficient
35004B,PROD002674,WH001,Central Warehouse,London,South East,536,65.0,321.61,0.0,536.0,sufficient
35004B,PROD002674,WH002,North Warehouse,Manchester,North West,607,54.0,134.32999999999998,0.0,607.0,sufficient
35004B,PROD002674,WH003,Midlands Warehouse,Birmingham,West Midlands,865,33.0,171.1,0.0,865.0,sufficient
35004B,PROD002674,WH004,Scotland Warehouse,Glasgow,Scotland,897,37.0,140.45,0.0,897.0,sufficient
35004B,PROD002674,WH005,Wales Warehouse,Cardiff,Wales,749,9.0,56.35,0.0,749.0,sufficient
35015,PROD002679,WH001,Central Warehouse,London,South East,596,20.0,1.2,20.0,576.0,sufficient
35015,PROD002679,WH002,North Warehouse,Manchester,North West,1286,0.0,0.0,0.0,1286.0,sufficient
35015,PROD002679,WH003,Midlands Warehouse,Birmingham,West Midlands,989,0.0,0.0,0.0,989.0,sufficient
35015,PROD002679,WH004,Scotland Warehouse,Glasgow,Scotland,820,0.0,0.0,0.0,820.0,sufficient
35015,PROD002679,WH005,Wales Warehouse,Cardiff,Wales,1040,94.0,5.640000000000001,0.0,1040.0,sufficient
35071,PROD002680,WH001,Central Warehouse,London,South East,656,0.0,0.0,0.0,656.0,sufficient
35071,PROD002680,WH002,North Warehouse,Manchester,North West,695,0.0,0.0,0.0,695.0,sufficient
35071,PROD002680,WH003,Midlands Warehouse,Birmingham,West Midlands,50,0.0,0.0,0.0,50.0,sufficient
35071,PROD002680,WH004,Scotland Warehouse,Glasgow,Scotland,475,1.0,5.17,0.0,475.0,sufficient
35071,PROD002680,WH005,Wales Warehouse,Cardiff,Wales,525,0.0,0.0,0.0,525.0,sufficient
35096B,PROD002684,WH001,Central Warehouse,London,South East,417,6.0,2.52,0.0,417.0,sufficient
35096B,PROD002684,WH002,North Warehouse,Manchester,North West,577,1.0,0.86,0.0,577.0,sufficient
35096B,PROD002684,WH003,Midlands Warehouse,Birmingham,West Midlands,681,0.0,0.0,0.0,681.0,sufficient
35096B,PROD002684,WH004,Scotland Warehouse,Glasgow,Scotland,892,0.0,0.0,0.0,892.0,sufficient
35096B,PROD002684,WH005,Wales Warehouse,Cardiff,Wales,917,0.0,0.0,0.0,917.0,sufficient
35240,PROD002687,WH001,Central Warehouse,London,South East,566,4.0,33.96,0.0,566.0,sufficient
35240,PROD002687,WH002,North Warehouse,Manchester,North West,83,0.0,0.0,0.0,83.0,sufficient
35240,PROD002687,WH003,Midlands Warehouse,Birmingham,West Midlands,383,1.0,8.49,0.0,383.0,sufficient
35240,PROD002687,WH004,Scotland Warehouse,Glasgow,Scotland,99,0.0,0.0,0.0,99.0,sufficient
35240,PROD002687,WH005,Wales Warehouse,Cardiff,Wales,531,2.0,16.98,0.0,531.0,sufficient
35271S,PROD002690,WH001,Central Warehouse,London,South East,26,36.0,6.84,0.0,26.0,sufficient
35271S,PROD002690,WH002,North Warehouse,Manchester,North West,221,0.0,0.0,0.0,221.0,sufficient
35271S,PROD002690,WH003,Midlands Warehouse,Birmingham,West Midlands,984,0.0,0.0,0.0,984.0,sufficient
35271S,PROD002690,WH004,Scotland Warehouse,Glasgow,Scotland,775,0.0,0.0,0.0,775.0,sufficient
35271S,PROD002690,WH005,Wales Warehouse,Cardiff,Wales,572,0.0,0.0,0.0,572.0,sufficient
35596,PROD002698,WH001,Central Warehouse,London,South East,832,0.0,0.0,0.0,832.0,sufficient
35596,PROD002698,WH002,North Warehouse,Manchester,North West,73,0.0,0.0,0.0,73.0,sufficient
35596,PROD002698,WH003,Midlands Warehouse,Birmingham,West Midlands,34,3.0,2.55,0.0,34.0,sufficient
35596,PROD002698,WH004,Scotland Warehouse,Glasgow,Scotland,496,0.0,0.0,0.0,496.0,sufficient
35596,PROD002698,WH005,Wales Warehouse,Cardiff,Wales,565,4.0,3.4,0.0,565.0,sufficient
35597A,PROD002699,WH001,Central Warehouse,London,South East,1463,0.0,0.0,0.0,1463.0,sufficient
35597A,PROD002699,WH002,North Warehouse,Manchester,North West,1649,0.0,0.0,0.0,1649.0,sufficient
35597A,PROD002699,WH003,Midlands Warehouse,Birmingham,West Midlands,676,1.0,1.25,0.0,676.0,sufficient
35597A,PROD002699,WH004,Scotland Warehouse,Glasgow,Scotland,1129,0.0,0.0,0.0,1129.0,sufficient
35597A,PROD002699,WH005,Wales Warehouse,Cardiff,Wales,756,0.0,0.0,0.0,756.0,sufficient
35597B,PROD002700,WH001,Central Warehouse,London,South East,630,2.0,2.5,0.0,630.0,sufficient
35597B,PROD002700,WH002,North Warehouse,Manchester,North West,193,0.0,0.0,0.0,193.0,sufficient
35597B,PROD002700,WH003,Midlands Warehouse,Birmingham,West Midlands,784,0.0,0.0,0.0,784.0,sufficient
35597B,PROD002700,WH004,Scotland Warehouse,Glasgow,Scotland,109,60.0,201.6,0.0,109.0,sufficient
35597B,PROD002700,WH005,Wales Warehouse,Cardiff,Wales,61,0.0,0.0,0.0,61.0,sufficient
35598B,PROD002702,WH001,Central Warehouse,London,South East,962,0.0,0.0,0.0,962.0,sufficient
35598B,PROD002702,WH002,North Warehouse,Manchester,North West,50,4.0,11.16,0.0,50.0,sufficient
35598B,PROD002702,WH003,Midlands Warehouse,Birmingham,West Midlands,849,241.0,158.95,0.0,849.0,sufficient
35598B,PROD002702,WH004,Scotland Warehouse,Glasgow,Scotland,323,25.0,18.55,0.0,323.0,sufficient
35598B,PROD002702,WH005,Wales Warehouse,Cardiff,Wales,651,1.0,6.77,0.0,651.0,sufficient
35603C,PROD002709,WH001,Central Warehouse,London,South East,780,1.0,0.42,0.0,780.0,sufficient
35603C,PROD002709,WH002,North Warehouse,Manchester,North West,652,0.0,0.0,0.0,652.0,sufficient
35603C,PROD002709,WH003,Midlands Warehouse,Birmingham,West Midlands,848,0.0,0.0,0.0,848.0,sufficient
35603C,PROD002709,WH004,Scotland Warehouse,Glasgow,Scotland,747,1.0,0.42,0.0,747.0,sufficient
35603C,PROD002709,WH005,Wales Warehouse,Cardiff,Wales,548,8.0,3.36,0.0,548.0,sufficient
35607B,PROD002711,WH001,Central Warehouse,London,South East,504,0.0,0.0,0.0,504.0,sufficient
35607B,PROD002711,WH002,North Warehouse,Manchester,North West,709,0.0,0.0,0.0,709.0,sufficient
35607B,PROD002711,WH003,Midlands Warehouse,Birmingham,West Midlands,712,0.0,0.0,0.0,712.0,sufficient
35607B,PROD002711,WH004,Scotland Warehouse,Glasgow,Scotland,391,0.0,0.0,0.0,391.0,sufficient
35607B,PROD002711,WH005,Wales Warehouse,Cardiff,Wales,983,0.0,0.0,0.0,983.0,sufficient
35610C,PROD002714,WH001,Central Warehouse,London,South East,495,0.0,0.0,0.0,495.0,sufficient
35610C,PROD002714,WH002,North Warehouse,Manchester,North West,111,0.0,0.0,0.0,111.0,sufficient
35610C,PROD002714,WH003,Midlands Warehouse,Birmingham,West Midlands,37,0.0,0.0,0.0,37.0,sufficient
35610C,PROD002714,WH004,Scotland Warehouse,Glasgow,Scotland,495,0.0,0.0,0.0,495.0,sufficient
35610C,PROD002714,WH005,Wales Warehouse,Cardiff,Wales,716,4.0,5.0,0.0,716.0,sufficient
35633B,PROD002715,WH001,Central Warehouse,London,South East,857,11.0,2.09,0.0,857.0,sufficient
35633B,PROD002715,WH002,North Warehouse,Manchester,North West,129,0.0,0.0,0.0,129.0,sufficient
35633B,PROD002715,WH003,Midlands Warehouse,Birmingham,West Midlands,535,0.0,0.0,0.0,535.0,sufficient
35633B,PROD002715,WH004,Scotland Warehouse,Glasgow,Scotland,391,4.0,0.76,0.0,391.0,sufficient
35633B,PROD002715,WH005,Wales Warehouse,Cardiff,Wales,318,5.0,0.95,5.0,313.0,sufficient
35638B,PROD002718,WH001,Central Warehouse,London,South East,954,0.0,0.0,0.0,954.0,sufficient
35638B,PROD002718,WH002,North Warehouse,Manchester,North West,753,0.0,0.0,0.0,753.0,sufficient
35638B,PROD002718,WH003,Midlands Warehouse,Birmingham,West Midlands,355,0.0,0.0,0.0,355.0,sufficient
35638B,PROD002718,WH004,Scotland Warehouse,Glasgow,Scotland,251,0.0,0.0,0.0,251.0,sufficient
35638B,PROD002718,WH005,Wales Warehouse,Cardiff,Wales,98,1.0,1.95,0.0,98.0,sufficient
35644,PROD002719,WH001,Central Warehouse,London,South East,752,0.0,0.0,0.0,752.0,sufficient
35644,PROD002719,WH002,North Warehouse,Manchester,North West,222,0.0,0.0,0.0,222.0,sufficient
35644,PROD002719,WH003,Midlands Warehouse,Birmingham,West Midlands,72,0.0,0.0,0.0,72.0,sufficient
35644,PROD002719,WH004,Scotland Warehouse,Glasgow,Scotland,395,0.0,0.0,0.0,395.0,sufficient
35644,PROD002719,WH005,Wales Warehouse,Cardiff,Wales,228,0.0,0.0,0.0,228.0,sufficient
35646,PROD002721,WH001,Central Warehouse,London,South East,175,10.0,12.5,0.0,175.0,sufficient
35646,PROD002721,WH002,North Warehouse,Manchester,North West,222,2.0,8.5,0.0,222.0,sufficient
35646,PROD002721,WH003,Midlands Warehouse,Birmingham,West Midlands,873,9.0,22.59,5.0,868.0,sufficient
35646,PROD002721,WH004,Scotland Warehouse,Glasgow,Scotland,862,5.0,12.3,0.0,862.0,sufficient
35646,PROD002721,WH005,Wales Warehouse,Cardiff,Wales,689,0.0,0.0,0.0,689.0,sufficient
35647,PROD002722,WH001,Central Warehouse,London,South East,869,1.0,2.51,0.0,869.0,sufficient
35647,PROD002722,WH002,North Warehouse,Manchester,North West,926,0.0,0.0,0.0,926.0,sufficient
35647,PROD002722,WH003,Midlands Warehouse,Birmingham,West Midlands,515,12.0,15.0,0.0,515.0,sufficient
35647,PROD002722,WH004,Scotland Warehouse,Glasgow,Scotland,446,19.0,27.53,12.0,434.0,sufficient
35647,PROD002722,WH005,Wales Warehouse,Cardiff,Wales,187,0.0,0.0,0.0,187.0,sufficient
35648,PROD002723,WH001,Central Warehouse,London,South East,631,38.0,42.74,0.0,631.0,sufficient
35648,PROD002723,WH002,North Warehouse,Manchester,North West,997,24.0,19.92,0.0,997.0,sufficient
35648,PROD002723,WH003,Midlands Warehouse,Birmingham,West Midlands,279,31.0,35.8,0.0,279.0,sufficient
35648,PROD002723,WH004,Scotland Warehouse,Glasgow,Scotland,831,28.0,26.44,0.0,831.0,sufficient
35648,PROD002723,WH005,Wales Warehouse,Cardiff,Wales,925,44.0,73.15,2.0,923.0,sufficient
35649,PROD002724,WH001,Central Warehouse,London,South East,765,6.0,20.1,0.0,765.0,sufficient
35649,PROD002724,WH002,North Warehouse,Manchester,North West,109,1.0,2.46,0.0,109.0,sufficient
35649,PROD002724,WH003,Midlands Warehouse,Birmingham,West Midlands,866,1.0,3.35,0.0,866.0,sufficient
35649,PROD002724,WH004,Scotland Warehouse,Glasgow,Scotland,206,2.0,6.7,0.0,206.0,sufficient
35649,PROD002724,WH005,Wales Warehouse,Cardiff,Wales,421,5.0,14.97,0.0,421.0,sufficient
35651,PROD002725,WH001,Central Warehouse,London,South East,374,6.0,11.54,0.0,374.0,sufficient
35651,PROD002725,WH002,North Warehouse,Manchester,North West,521,7.0,36.29,0.0,521.0,sufficient
35651,PROD002725,WH003,Midlands Warehouse,Birmingham,West Midlands,408,9.0,30.24,0.0,408.0,sufficient
35651,PROD002725,WH004,Scotland Warehouse,Glasgow,Scotland,446,0.0,0.0,0.0,446.0,sufficient
35651,PROD002725,WH005,Wales Warehouse,Cardiff,Wales,452,1.0,3.29,0.0,452.0,sufficient
35653,PROD002726,WH001,Central Warehouse,London,South East,386,4.0,17.72,0.0,386.0,sufficient
35653,PROD002726,WH002,North Warehouse,Manchester,North West,902,15.0,47.72,2.0,900.0,sufficient
35653,PROD002726,WH003,Midlands Warehouse,Birmingham,West Midlands,383,2.0,4.92,0.0,383.0,sufficient
35653,PROD002726,WH004,Scotland Warehouse,Glasgow,Scotland,518,3.0,11.32,0.0,518.0,sufficient
35653,PROD002726,WH005,Wales Warehouse,Cardiff,Wales,522,9.0,34.45,0.0,522.0,sufficient
35809A,PROD002728,WH001,Central Warehouse,London,South East,985,22.0,32.99,0.0,985.0,sufficient
35809A,PROD002728,WH002,North Warehouse,Manchester,North West,645,2.0,6.3100000000000005,0.0,645.0,sufficient
35809A,PROD002728,WH003,Midlands Warehouse,Birmingham,West Midlands,813,0.0,0.0,0.0,813.0,sufficient
35809A,PROD002728,WH004,Scotland Warehouse,Glasgow,Scotland,958,25.0,52.5,6.0,952.0,sufficient
35809A,PROD002728,WH005,Wales Warehouse,Cardiff,Wales,585,28.0,57.400000000000006,0.0,585.0,sufficient
35809B,PROD002729,WH001,Central Warehouse,London,South East,970,13.0,27.18,0.0,970.0,sufficient
35809B,PROD002729,WH002,North Warehouse,Manchester,North West,54,1.0,2.1,0.0,54.0,sufficient
35809B,PROD002729,WH003,Midlands Warehouse,Birmingham,West Midlands,436,6.0,12.6,0.0,436.0,sufficient
35809B,PROD002729,WH004,Scotland Warehouse,Glasgow,Scotland,48,2.0,4.2,0.0,48.0,sufficient
35809B,PROD002729,WH005,Wales Warehouse,Cardiff,Wales,287,1.0,2.1,0.0,287.0,sufficient
35832,PROD002740,WH001,Central Warehouse,London,South East,1222,49.0,144.54999999999998,12.0,1210.0,sufficient
35832,PROD002740,WH002,North Warehouse,Manchester,North West,799,95.0,280.25,60.0,739.0,sufficient
35832,PROD002740,WH003,Midlands Warehouse,Birmingham,West Midlands,884,60.0,177.0,12.0,872.0,sufficient
35832,PROD002740,WH004,Scotland Warehouse,Glasgow,Scotland,1688,47.0,161.71,0.0,1688.0,sufficient
35832,PROD002740,WH005,Wales Warehouse,Cardiff,Wales,824,42.0,123.9,0.0,824.0,sufficient
35833G,PROD002741,WH001,Central Warehouse,London,South East,11,0.0,0.0,0.0,11.0,sufficient
35833G,PROD002741,WH002,North Warehouse,Manchester,North West,710,3.0,5.859999999999999,0.0,710.0,sufficient
35833G,PROD002741,WH003,Midlands Warehouse,Birmingham,West Midlands,979,3.0,3.75,0.0,979.0,sufficient
35833G,PROD002741,WH004,Scotland Warehouse,Glasgow,Scotland,52,24.0,62.4,0.0,52.0,sufficient
35833G,PROD002741,WH005,Wales Warehouse,Cardiff,Wales,780,2.0,2.5,0.0,780.0,sufficient
35833P,PROD002742,WH001,Central Warehouse,London,South East,745,7.0,21.810000000000002,1.0,744.0,sufficient
35833P,PROD002742,WH002,North Warehouse,Manchester,North West,229,1.0,1.25,0.0,229.0,sufficient
35833P,PROD002742,WH003,Midlands Warehouse,Birmingham,West Midlands,285,2.0,4.609999999999999,0.0,285.0,sufficient
35833P,PROD002742,WH004,Scotland Warehouse,Glasgow,Scotland,470,9.0,15.469999999999999,0.0,470.0,sufficient
35833P,PROD002742,WH005,Wales Warehouse,Cardiff,Wales,281,0.0,0.0,0.0,281.0,sufficient
35838A,PROD002743,WH001,Central Warehouse,London,South East,307,48.0,60.0,0.0,307.0,sufficient
35838A,PROD002743,WH002,North Warehouse,Manchester,North West,2,0.0,0.0,0.0,2.0,sufficient
35838A,PROD002743,WH003,Midlands Warehouse,Birmingham,West Midlands,912,0.0,0.0,0.0,912.0,sufficient
35838A,PROD002743,WH004,Scotland Warehouse,Glasgow,Scotland,7,1.0,0.85,0.0,7.0,sufficient
35838A,PROD002743,WH005,Wales Warehouse,Cardiff,Wales,886,0.0,0.0,0.0,886.0,sufficient
35912B,PROD002748,WH001,Central Warehouse,London,South East,769,0.0,0.0,0.0,769.0,sufficient
35912B,PROD002748,WH002,North Warehouse,Manchester,North West,220,3.0,3.75,0.0,220.0,sufficient
35912B,PROD002748,WH003,Midlands Warehouse,Birmingham,West Midlands,71,0.0,0.0,0.0,71.0,sufficient
35912B,PROD002748,WH004,Scotland Warehouse,Glasgow,Scotland,169,0.0,0.0,0.0,169.0,sufficient
35912B,PROD002748,WH005,Wales Warehouse,Cardiff,Wales,219,0.0,0.0,0.0,219.0,sufficient
35915A,PROD002750,WH001,Central Warehouse,London,South East,1137,0.0,0.0,0.0,1137.0,sufficient
35915A,PROD002750,WH002,North Warehouse,Manchester,North West,1006,0.0,0.0,0.0,1006.0,sufficient
35915A,PROD002750,WH003,Midlands Warehouse,Birmingham,West Midlands,875,0.0,0.0,0.0,875.0,sufficient
35915A,PROD002750,WH004,Scotland Warehouse,Glasgow,Scotland,579,0.0,0.0,0.0,579.0,sufficient
35915A,PROD002750,WH005,Wales Warehouse,Cardiff,Wales,1303,0.0,0.0,0.0,1303.0,sufficient
35915B,PROD002751,WH001,Central Warehouse,London,South East,961,8.0,11.56,0.0,961.0,sufficient
35915B,PROD002751,WH002,North Warehouse,Manchester,North West,755,1.0,1.65,0.0,755.0,sufficient
35915B,PROD002751,WH003,Midlands Warehouse,Birmingham,West Midlands,201,0.0,0.0,0.0,201.0,sufficient
35915B,PROD002751,WH004,Scotland Warehouse,Glasgow,Scotland,172,19.0,25.61,0.0,172.0,sufficient
35915B,PROD002751,WH005,Wales Warehouse,Cardiff,Wales,277,0.0,0.0,0.0,277.0,sufficient
35916B,PROD002754,WH001,Central Warehouse,London,South East,674,1.0,0.63,0.0,674.0,sufficient
35916B,PROD002754,WH002,North Warehouse,Manchester,North West,742,0.0,0.0,0.0,742.0,sufficient
35916B,PROD002754,WH003,Midlands Warehouse,Birmingham,West Midlands,1,1.0,0.63,0.0,1.0,sufficient
35916B,PROD002754,WH004,Scotland Warehouse,Glasgow,Scotland,167,1.0,0.63,0.0,167.0,sufficient
35916B,PROD002754,WH005,Wales Warehouse,Cardiff,Wales,257,12.0,10.2,0.0,257.0,sufficient
35916C,PROD002755,WH001,Central Warehouse,London,South East,60,0.0,0.0,0.0,60.0,sufficient
35916C,PROD002755,WH002,North Warehouse,Manchester,North West,821,1.0,1.7,0.0,821.0,sufficient
35916C,PROD002755,WH003,Midlands Warehouse,Birmingham,West Midlands,251,1.0,1.66,0.0,251.0,sufficient
35916C,PROD002755,WH004,Scotland Warehouse,Glasgow,Scotland,761,2.0,3.4,0.0,761.0,sufficient
35916C,PROD002755,WH005,Wales Warehouse,Cardiff,Wales,597,12.0,10.2,0.0,597.0,sufficient
35922,PROD002759,WH001,Central Warehouse,London,South East,619,0.0,0.0,0.0,619.0,sufficient
35922,PROD002759,WH002,North Warehouse,Manchester,North West,985,4.0,25.02,0.0,985.0,sufficient
35922,PROD002759,WH003,Midlands Warehouse,Birmingham,West Midlands,145,2.0,9.9,0.0,145.0,sufficient
35922,PROD002759,WH004,Scotland Warehouse,Glasgow,Scotland,98,0.0,0.0,0.0,98.0,sufficient
35922,PROD002759,WH005,Wales Warehouse,Cardiff,Wales,959,0.0,0.0,0.0,959.0,sufficient
35924,PROD002761,WH001,Central Warehouse,London,South East,63,12.0,25.2,0.0,63.0,sufficient
35924,PROD002761,WH002,North Warehouse,Manchester,North West,878,88.0,163.72,6.0,872.0,sufficient
35924,PROD002761,WH003,Midlands Warehouse,Birmingham,West Midlands,719,2.0,8.42,0.0,719.0,sufficient
35924,PROD002761,WH004,Scotland Warehouse,Glasgow,Scotland,350,15.0,27.27,0.0,350.0,sufficient
35924,PROD002761,WH005,Wales Warehouse,Cardiff,Wales,485,0.0,0.0,0.0,485.0,sufficient
35933,PROD002764,WH001,Central Warehouse,London,South East,193,0.0,0.0,0.0,193.0,sufficient
35933,PROD002764,WH002,North Warehouse,Manchester,North West,270,13.0,8.77,0.0,270.0,sufficient
35933,PROD002764,WH003,Midlands Warehouse,Birmingham,West Midlands,267,5.0,1.9,0.0,267.0,sufficient
35933,PROD002764,WH004,Scotland Warehouse,Glasgow,Scotland,297,0.0,0.0,0.0,297.0,sufficient
35933,PROD002764,WH005,Wales Warehouse,Cardiff,Wales,15,10.0,3.8,0.0,15.0,sufficient
35936,PROD002765,WH001,Central Warehouse,London,South East,823,3.0,1.1400000000000001,0.0,823.0,sufficient
35936,PROD002765,WH002,North Warehouse,Manchester,North West,548,0.0,0.0,0.0,548.0,sufficient
35936,PROD002765,WH003,Midlands Warehouse,Birmingham,West Midlands,555,0.0,0.0,0.0,555.0,sufficient
35936,PROD002765,WH004,Scotland Warehouse,Glasgow,Scotland,41,0.0,0.0,0.0,41.0,sufficient
35936,PROD002765,WH005,Wales Warehouse,Cardiff,Wales,255,0.0,0.0,0.0,255.0,sufficient
35960,PROD002772,WH001,Central Warehouse,London,South East,776,0.0,0.0,0.0,776.0,sufficient
35960,PROD002772,WH002,North Warehouse,Manchester,North West,948,0.0,0.0,0.0,948.0,sufficient
35960,PROD002772,WH003,Midlands Warehouse,Birmingham,West Midlands,723,0.0,0.0,4.0,719.0,sufficient
35960,PROD002772,WH004,Scotland Warehouse,Glasgow,Scotland,630,0.0,0.0,0.0,630.0,sufficient
35960,PROD002772,WH005,Wales Warehouse,Cardiff,Wales,99,0.0,0.0,0.0,99.0,sufficient
35965,PROD002777,WH001,Central Warehouse,London,South East,992,25.0,22.25,0.0,992.0,sufficient
35965,PROD002777,WH002,North Warehouse,Manchester,North West,877,10.0,14.790000000000001,1.0,876.0,sufficient
35965,PROD002777,WH003,Midlands Warehouse,Birmingham,West Midlands,567,7.0,0.0,0.0,567.0,sufficient
35965,PROD002777,WH004,Scotland Warehouse,Glasgow,Scotland,971,6.0,6.04,0.0,971.0,sufficient
35965,PROD002777,WH005,Wales Warehouse,Cardiff,Wales,573,6.0,12.45,0.0,573.0,sufficient
35968,PROD002780,WH001,Central Warehouse,London,South East,526,0.0,0.0,0.0,526.0,sufficient
35968,PROD002780,WH002,North Warehouse,Manchester,North West,434,26.0,9.879999999999999,0.0,434.0,sufficient
35968,PROD002780,WH003,Midlands Warehouse,Birmingham,West Midlands,535,3.0,2.42,0.0,535.0,sufficient
35968,PROD002780,WH004,Scotland Warehouse,Glasgow,Scotland,819,12.0,4.56,0.0,819.0,sufficient
35968,PROD002780,WH005,Wales Warehouse,Cardiff,Wales,56,1.0,0.38,0.0,56.0,sufficient
35976B,PROD002785,WH001,Central Warehouse,London,South East,130,0.0,0.0,0.0,130.0,sufficient
35976B,PROD002785,WH002,North Warehouse,Manchester,North West,301,0.0,0.0,0.0,301.0,sufficient
35976B,PROD002785,WH003,Midlands Warehouse,Birmingham,West Midlands,196,0.0,0.0,0.0,196.0,sufficient
35976B,PROD002785,WH004,Scotland Warehouse,Glasgow,Scotland,697,0.0,0.0,0.0,697.0,sufficient
35976B,PROD002785,WH005,Wales Warehouse,Cardiff,Wales,355,0.0,0.0,0.0,355.0,sufficient
35978,PROD002786,WH001,Central Warehouse,London,South East,635,0.0,0.0,0.0,635.0,sufficient
35978,PROD002786,WH002,North Warehouse,Manchester,North West,386,0.0,0.0,0.0,386.0,sufficient
35978,PROD002786,WH003,Midlands Warehouse,Birmingham,West Midlands,817,0.0,0.0,0.0,817.0,sufficient
35978,PROD002786,WH004,Scotland Warehouse,Glasgow,Scotland,308,0.0,0.0,0.0,308.0,sufficient
35978,PROD002786,WH005,Wales Warehouse,Cardiff,Wales,955,0.0,0.0,0.0,955.0,sufficient
35979,PROD002787,WH001,Central Warehouse,London,South East,481,0.0,0.0,0.0,481.0,sufficient
35979,PROD002787,WH002,North Warehouse,Manchester,North West,715,0.0,0.0,0.0,715.0,sufficient
35979,PROD002787,WH003,Midlands Warehouse,Birmingham,West Midlands,640,0.0,0.0,0.0,640.0,sufficient
35979,PROD002787,WH004,Scotland Warehouse,Glasgow,Scotland,727,10.0,29.5,0.0,727.0,sufficient
35979,PROD002787,WH005,Wales Warehouse,Cardiff,Wales,848,1.0,2.95,0.0,848.0,sufficient
35991,PROD002790,WH001,Central Warehouse,London,South East,768,0.0,0.0,0.0,768.0,sufficient
35991,PROD002790,WH002,North Warehouse,Manchester,North West,616,12.0,5.04,0.0,616.0,sufficient
35991,PROD002790,WH003,Midlands Warehouse,Birmingham,West Midlands,901,0.0,0.0,0.0,901.0,sufficient
35991,PROD002790,WH004,Scotland Warehouse,Glasgow,Scotland,908,2.0,0.84,0.0,908.0,sufficient
35991,PROD002790,WH005,Wales Warehouse,Cardiff,Wales,483,6.0,2.52,0.0,483.0,sufficient
37340,PROD002795,WH001,Central Warehouse,London,South East,628,99.0,62.669999999999995,0.0,628.0,sufficient
37340,PROD002795,WH002,North Warehouse,Manchester,North West,856,18.0,24.84,0.0,856.0,sufficient
37340,PROD002795,WH003,Midlands Warehouse,Birmingham,West Midlands,835,109.0,75.85,6.0,829.0,sufficient
37340,PROD002795,WH004,Scotland Warehouse,Glasgow,Scotland,548,5017.0,548.99,0.0,548.0,sufficient
37340,PROD002795,WH005,Wales Warehouse,Cardiff,Wales,152,113.0,88.49,0.0,152.0,sufficient
37343,PROD002797,WH001,Central Warehouse,London,South East,468,0.0,0.0,0.0,468.0,sufficient
37343,PROD002797,WH002,North Warehouse,Manchester,North West,240,4.0,13.44,0.0,240.0,sufficient
37343,PROD002797,WH003,Midlands Warehouse,Birmingham,West Midlands,415,1.0,3.36,0.0,415.0,sufficient
37343,PROD002797,WH004,Scotland Warehouse,Glasgow,Scotland,731,54.0,70.86,0.0,731.0,sufficient
37343,PROD002797,WH005,Wales Warehouse,Cardiff,Wales,549,6.0,9.9,0.0,549.0,sufficient
37352,PROD002800,WH001,Central Warehouse,London,South East,630,0.0,0.0,0.0,630.0,sufficient
37352,PROD002800,WH002,North Warehouse,Manchester,North West,940,0.0,0.0,0.0,940.0,sufficient
37352,PROD002800,WH003,Midlands Warehouse,Birmingham,West Midlands,267,0.0,0.0,0.0,267.0,sufficient
37352,PROD002800,WH004,Scotland Warehouse,Glasgow,Scotland,809,1.0,1.25,0.0,809.0,sufficient
37352,PROD002800,WH005,Wales Warehouse,Cardiff,Wales,125,0.0,0.0,0.0,125.0,sufficient
37370,PROD002801,WH001,Central Warehouse,London,South East,140,273.0,339.83,24.0,116.0,sufficient
37370,PROD002801,WH002,North Warehouse,Manchester,North West,729,48.0,118.03999999999999,14.0,715.0,sufficient
37370,PROD002801,WH003,Midlands Warehouse,Birmingham,West Midlands,679,38.0,91.35,6.0,673.0,sufficient
37370,PROD002801,WH004,Scotland Warehouse,Glasgow,Scotland,577,270.0,379.97999999999996,0.0,577.0,sufficient
37370,PROD002801,WH005,Wales Warehouse,Cardiff,Wales,475,37.0,105.77,0.0,475.0,sufficient
37379B,PROD002803,WH001,Central Warehouse,London,South East,559,0.0,0.0,0.0,559.0,sufficient
37379B,PROD002803,WH002,North Warehouse,Manchester,North West,70,0.0,0.0,0.0,70.0,sufficient
37379B,PROD002803,WH003,Midlands Warehouse,Birmingham,West Midlands,736,6.0,7.5,0.0,736.0,sufficient
37379B,PROD002803,WH004,Scotland Warehouse,Glasgow,Scotland,107,0.0,0.0,0.0,107.0,sufficient
37379B,PROD002803,WH005,Wales Warehouse,Cardiff,Wales,917,0.0,0.0,0.0,917.0,sufficient
37410,PROD002805,WH001,Central Warehouse,London,South East,7,19153.0,1931.68,0.0,7.0,sufficient
37410,PROD002805,WH002,North Warehouse,Manchester,North West,808,0.0,0.0,0.0,808.0,sufficient
37410,PROD002805,WH003,Midlands Warehouse,Birmingham,West Midlands,336,13.0,16.25,0.0,336.0,sufficient
37410,PROD002805,WH004,Scotland Warehouse,Glasgow,Scotland,76,13.0,31.48,0.0,76.0,sufficient
37410,PROD002805,WH005,Wales Warehouse,Cardiff,Wales,703,1.0,16.48,0.0,703.0,sufficient
37444B,PROD002812,WH001,Central Warehouse,London,South East,904,0.0,0.0,0.0,904.0,sufficient
37444B,PROD002812,WH002,North Warehouse,Manchester,North West,1568,0.0,0.0,0.0,1568.0,sufficient
37444B,PROD002812,WH003,Midlands Warehouse,Birmingham,West Midlands,532,0.0,0.0,0.0,532.0,sufficient
37444B,PROD002812,WH004,Scotland Warehouse,Glasgow,Scotland,159,1.0,5.91,0.0,159.0,sufficient
37444B,PROD002812,WH005,Wales Warehouse,Cardiff,Wales,997,1.0,2.95,0.0,997.0,sufficient
37444C,PROD002813,WH001,Central Warehouse,London,South East,533,8.0,23.6,0.0,533.0,sufficient
37444C,PROD002813,WH002,North Warehouse,Manchester,North West,623,3.0,11.81,0.0,623.0,sufficient
37444C,PROD002813,WH003,Midlands Warehouse,Birmingham,West Midlands,883,2.0,11.82,0.0,883.0,sufficient
37444C,PROD002813,WH004,Scotland Warehouse,Glasgow,Scotland,393,0.0,0.0,0.0,393.0,sufficient
37444C,PROD002813,WH005,Wales Warehouse,Cardiff,Wales,986,1.0,5.91,0.0,986.0,sufficient
37448,PROD002816,WH001,Central Warehouse,London,South East,673,94.0,147.67999999999998,1.0,672.0,sufficient
37448,PROD002816,WH002,North Warehouse,Manchester,North West,1420,71.0,113.27,0.0,1420.0,sufficient
37448,PROD002816,WH003,Midlands Warehouse,Birmingham,West Midlands,1247,75.0,122.97,0.0,1247.0,sufficient
37448,PROD002816,WH004,Scotland Warehouse,Glasgow,Scotland,873,89.0,132.60999999999999,0.0,873.0,sufficient
37448,PROD002816,WH005,Wales Warehouse,Cardiff,Wales,1259,57.0,92.48,0.0,1259.0,sufficient
37461,PROD002819,WH001,Central Warehouse,London,South East,848,97.0,82.85,0.0,848.0,sufficient
37461,PROD002819,WH002,North Warehouse,Manchester,North West,608,1.0,1.25,0.0,608.0,sufficient
37461,PROD002819,WH003,Midlands Warehouse,Birmingham,West Midlands,51,5.0,7.51,0.0,51.0,sufficient
37461,PROD002819,WH004,Scotland Warehouse,Glasgow,Scotland,947,13.0,16.25,1.0,946.0,sufficient
37461,PROD002819,WH005,Wales Warehouse,Cardiff,Wales,434,1.0,2.51,0.0,434.0,sufficient
37471,PROD002825,WH001,Central Warehouse,London,South East,298,0.0,0.0,0.0,298.0,sufficient
37471,PROD002825,WH002,North Warehouse,Manchester,North West,153,0.0,0.0,0.0,153.0,sufficient
37471,PROD002825,WH003,Midlands Warehouse,Birmingham,West Midlands,456,1.0,6.77,0.0,456.0,sufficient
37471,PROD002825,WH004,Scotland Warehouse,Glasgow,Scotland,641,0.0,0.0,0.0,641.0,sufficient
37471,PROD002825,WH005,Wales Warehouse,Cardiff,Wales,407,0.0,0.0,0.0,407.0,sufficient
37475,PROD002827,WH001,Central Warehouse,London,South East,450,5.0,49.75,0.0,450.0,sufficient
37475,PROD002827,WH002,North Warehouse,Manchester,North West,116,7.0,69.65,0.0,116.0,sufficient
37475,PROD002827,WH003,Midlands Warehouse,Birmingham,West Midlands,3,2.0,18.24,0.0,3.0,sufficient
37475,PROD002827,WH004,Scotland Warehouse,Glasgow,Scotland,698,2.0,18.24,0.0,698.0,sufficient
37475,PROD002827,WH005,Wales Warehouse,Cardiff,Wales,822,4.0,46.85,0.0,822.0,sufficient
37476,PROD002828,WH001,Central Warehouse,London,South East,406,0.0,0.0,0.0,406.0,sufficient
37476,PROD002828,WH002,North Warehouse,Manchester,North West,845,1.0,9.95,0.0,845.0,sufficient
37476,PROD002828,WH003,Midlands Warehouse,Birmingham,West Midlands,387,2.0,16.94,0.0,387.0,sufficient
37476,PROD002828,WH004,Scotland Warehouse,Glasgow,Scotland,205,1.0,9.95,0.0,205.0,sufficient
37476,PROD002828,WH005,Wales Warehouse,Cardiff,Wales,671,1.0,9.95,0.0,671.0,sufficient
37479P,PROD002829,WH001,Central Warehouse,London,South East,20,0.0,0.0,0.0,20.0,sufficient
37479P,PROD002829,WH002,North Warehouse,Manchester,North West,935,8.0,7.4399999999999995,0.0,935.0,sufficient
37479P,PROD002829,WH003,Midlands Warehouse,Birmingham,West Midlands,855,0.0,0.0,0.0,855.0,sufficient
37479P,PROD002829,WH004,Scotland Warehouse,Glasgow,Scotland,773,1.0,5.79,0.0,773.0,sufficient
37479P,PROD002829,WH005,Wales Warehouse,Cardiff,Wales,737,6.0,2.34,6.0,731.0,sufficient
37482P,PROD002832,WH001,Central Warehouse,London,South East,368,0.0,0.0,0.0,368.0,sufficient
37482P,PROD002832,WH002,North Warehouse,Manchester,North West,151,19.0,24.0,0.0,151.0,sufficient
37482P,PROD002832,WH003,Midlands Warehouse,Birmingham,West Midlands,126,18.0,19.98,0.0,126.0,sufficient
37482P,PROD002832,WH004,Scotland Warehouse,Glasgow,Scotland,608,16.0,14.879999999999999,0.0,608.0,sufficient
37482P,PROD002832,WH005,Wales Warehouse,Cardiff,Wales,650,3.0,18.130000000000003,0.0,650.0,sufficient
37492D,PROD002846,WH001,Central Warehouse,London,South East,539,1.0,4.65,0.0,539.0,sufficient
37492D,PROD002846,WH002,North Warehouse,Manchester,North West,332,1.0,9.32,0.0,332.0,sufficient
37492D,PROD002846,WH003,Midlands Warehouse,Birmingham,West Midlands,677,0.0,0.0,0.0,677.0,sufficient
37492D,PROD002846,WH004,Scotland Warehouse,Glasgow,Scotland,499,0.0,0.0,0.0,499.0,sufficient
37492D,PROD002846,WH005,Wales Warehouse,Cardiff,Wales,686,0.0,0.0,0.0,686.0,sufficient
37493B,PROD002847,WH001,Central Warehouse,London,South East,414,0.0,0.0,0.0,414.0,sufficient
37493B,PROD002847,WH002,North Warehouse,Manchester,North West,232,0.0,0.0,0.0,232.0,sufficient
37493B,PROD002847,WH003,Midlands Warehouse,Birmingham,West Midlands,552,0.0,0.0,0.0,552.0,sufficient
37493B,PROD002847,WH004,Scotland Warehouse,Glasgow,Scotland,154,0.0,0.0,0.0,154.0,sufficient
37493B,PROD002847,WH005,Wales Warehouse,Cardiff,Wales,32,0.0,0.0,0.0,32.0,sufficient
37494A,PROD002848,WH001,Central Warehouse,London,South East,702,0.0,0.0,0.0,702.0,sufficient
37494A,PROD002848,WH002,North Warehouse,Manchester,North West,240,0.0,0.0,0.0,240.0,sufficient
37494A,PROD002848,WH003,Midlands Warehouse,Birmingham,West Midlands,782,3.0,8.85,0.0,782.0,sufficient
37494A,PROD002848,WH004,Scotland Warehouse,Glasgow,Scotland,683,0.0,0.0,0.0,683.0,sufficient
37494A,PROD002848,WH005,Wales Warehouse,Cardiff,Wales,647,40.0,115.69999999999999,0.0,647.0,sufficient
37501,PROD002851,WH001,Central Warehouse,London,South East,668,16.0,111.2,0.0,668.0,sufficient
37501,PROD002851,WH002,North Warehouse,Manchester,North West,851,4.0,27.8,0.0,851.0,sufficient
37501,PROD002851,WH003,Midlands Warehouse,Birmingham,West Midlands,40,6.0,41.7,0.0,40.0,sufficient
37501,PROD002851,WH004,Scotland Warehouse,Glasgow,Scotland,221,14.0,94.98,0.0,221.0,sufficient
37501,PROD002851,WH005,Wales Warehouse,Cardiff,Wales,331,6.0,41.7,0.0,331.0,sufficient
37502,PROD002852,WH001,Central Warehouse,London,South East,21,31.0,91.44999999999999,0.0,21.0,sufficient
37502,PROD002852,WH002,North Warehouse,Manchester,North West,841,9.0,26.55,0.0,841.0,sufficient
37502,PROD002852,WH003,Midlands Warehouse,Birmingham,West Midlands,981,1.0,6.04,0.0,981.0,sufficient
37502,PROD002852,WH004,Scotland Warehouse,Glasgow,Scotland,771,115.0,303.81,6.0,765.0,sufficient
37502,PROD002852,WH005,Wales Warehouse,Cardiff,Wales,758,35.0,103.25,0.0,758.0,sufficient
37506,PROD002854,WH001,Central Warehouse,London,South East,1543,6.0,35.7,0.0,1543.0,sufficient
37506,PROD002854,WH002,North Warehouse,Manchester,North West,1623,0.0,0.0,0.0,1623.0,sufficient
37506,PROD002854,WH003,Midlands Warehouse,Birmingham,West Midlands,1150,0.0,0.0,0.0,1150.0,sufficient
37506,PROD002854,WH004,Scotland Warehouse,Glasgow,Scotland,785,1.0,5.95,0.0,785.0,sufficient
37506,PROD002854,WH005,Wales Warehouse,Cardiff,Wales,1542,0.0,0.0,0.0,1542.0,sufficient
40005B,PROD002859,WH001,Central Warehouse,London,South East,605,0.0,0.0,0.0,605.0,sufficient
40005B,PROD002859,WH002,North Warehouse,Manchester,North West,778,0.0,0.0,0.0,778.0,sufficient
40005B,PROD002859,WH003,Midlands Warehouse,Birmingham,West Midlands,768,0.0,0.0,0.0,768.0,sufficient
40005B,PROD002859,WH004,Scotland Warehouse,Glasgow,Scotland,506,0.0,0.0,0.0,506.0,sufficient
40005B,PROD002859,WH005,Wales Warehouse,Cardiff,Wales,480,1.0,0.85,0.0,480.0,sufficient
40018E,PROD002861,WH001,Central Warehouse,London,South East,177,5.0,9.75,0.0,177.0,sufficient
40018E,PROD002861,WH002,North Warehouse,Manchester,North West,81,13.0,10.37,0.0,81.0,sufficient
40018E,PROD002861,WH003,Midlands Warehouse,Birmingham,West Midlands,872,0.0,0.0,0.0,872.0,sufficient
40018E,PROD002861,WH004,Scotland Warehouse,Glasgow,Scotland,832,20.0,39.0,0.0,832.0,sufficient
40018E,PROD002861,WH005,Wales Warehouse,Cardiff,Wales,674,14.0,36.52,0.0,674.0,sufficient
44234,PROD002869,WH001,Central Warehouse,London,South East,453,4.0,4.58,0.0,453.0,sufficient
44234,PROD002869,WH002,North Warehouse,Manchester,North West,1259,6.0,3.78,0.0,1259.0,sufficient
44234,PROD002869,WH003,Midlands Warehouse,Birmingham,West Midlands,816,16.0,7.71,0.0,816.0,sufficient
44234,PROD002869,WH004,Scotland Warehouse,Glasgow,Scotland,579,49.0,10.71,1.0,578.0,sufficient
44234,PROD002869,WH005,Wales Warehouse,Cardiff,Wales,1130,0.0,0.0,0.0,1130.0,sufficient
44236,PROD002871,WH001,Central Warehouse,London,South East,245,1.0,0.79,0.0,245.0,sufficient
44236,PROD002871,WH002,North Warehouse,Manchester,North West,925,3.0,13.95,0.0,925.0,sufficient
44236,PROD002871,WH003,Midlands Warehouse,Birmingham,West Midlands,949,0.0,0.0,0.0,949.0,sufficient
44236,PROD002871,WH004,Scotland Warehouse,Glasgow,Scotland,251,0.0,0.0,0.0,251.0,sufficient
44236,PROD002871,WH005,Wales Warehouse,Cardiff,Wales,339,0.0,0.0,0.0,339.0,sufficient
45016,PROD002876,WH001,Central Warehouse,London,South East,982,0.0,0.0,0.0,982.0,sufficient
45016,PROD002876,WH002,North Warehouse,Manchester,North West,119,0.0,0.0,0.0,119.0,sufficient
45016,PROD002876,WH003,Midlands Warehouse,Birmingham,West Midlands,775,0.0,0.0,0.0,775.0,sufficient
45016,PROD002876,WH004,Scotland Warehouse,Glasgow,Scotland,391,2.0,15.4,0.0,391.0,sufficient
45016,PROD002876,WH005,Wales Warehouse,Cardiff,Wales,438,0.0,0.0,0.0,438.0,sufficient
46000P,PROD002878,WH001,Central Warehouse,London,South East,710,0.0,0.0,0.0,710.0,sufficient
46000P,PROD002878,WH002,North Warehouse,Manchester,North West,3,0.0,0.0,0.0,3.0,sufficient
46000P,PROD002878,WH003,Midlands Warehouse,Birmingham,West Midlands,743,7.0,29.75,0.0,743.0,sufficient
46000P,PROD002878,WH004,Scotland Warehouse,Glasgow,Scotland,141,12.0,51.0,0.0,141.0,sufficient
46000P,PROD002878,WH005,Wales Warehouse,Cardiff,Wales,236,0.0,0.0,0.0,236.0,sufficient
46000R,PROD002879,WH001,Central Warehouse,London,South East,1509,13.0,18.85,0.0,1509.0,sufficient
46000R,PROD002879,WH002,North Warehouse,Manchester,North West,902,7.0,10.149999999999999,0.0,902.0,sufficient
46000R,PROD002879,WH003,Midlands Warehouse,Birmingham,West Midlands,927,0.0,0.0,0.0,927.0,sufficient
46000R,PROD002879,WH004,Scotland Warehouse,Glasgow,Scotland,1138,4.0,5.8,0.0,1138.0,sufficient
46000R,PROD002879,WH005,Wales Warehouse,Cardiff,Wales,1228,0.0,0.0,0.0,1228.0,sufficient
46000U,PROD002881,WH001,Central Warehouse,London,South East,77,8.0,10.0,0.0,77.0,sufficient
46000U,PROD002881,WH002,North Warehouse,Manchester,North West,164,0.0,0.0,0.0,164.0,sufficient
46000U,PROD002881,WH003,Midlands Warehouse,Birmingham,West Midlands,237,2.0,2.5,0.0,237.0,sufficient
46000U,PROD002881,WH004,Scotland Warehouse,Glasgow,Scotland,458,2.0,2.5,0.0,458.0,sufficient
46000U,PROD002881,WH005,Wales Warehouse,Cardiff,Wales,110,1.0,1.25,0.0,110.0,sufficient
46126A,PROD002884,WH001,Central Warehouse,London,South East,974,0.0,0.0,0.0,974.0,sufficient
46126A,PROD002884,WH002,North Warehouse,Manchester,North West,977,0.0,0.0,0.0,977.0,sufficient
46126A,PROD002884,WH003,Midlands Warehouse,Birmingham,West Midlands,253,0.0,0.0,0.0,253.0,sufficient
46126A,PROD002884,WH004,Scotland Warehouse,Glasgow,Scotland,346,0.0,0.0,0.0,346.0,sufficient
46126A,PROD002884,WH005,Wales Warehouse,Cardiff,Wales,872,10.0,12.5,0.0,872.0,sufficient
46775D,PROD002888,WH001,Central Warehouse,London,South East,156,2.0,22.04,0.0,156.0,sufficient
46775D,PROD002888,WH002,North Warehouse,Manchester,North West,727,8.0,123.74000000000001,2.0,725.0,sufficient
46775D,PROD002888,WH003,Midlands Warehouse,Birmingham,West Midlands,493,0.0,0.0,0.0,493.0,sufficient
46775D,PROD002888,WH004,Scotland Warehouse,Glasgow,Scotland,151,8.0,83.17,0.0,151.0,sufficient
46775D,PROD002888,WH005,Wales Warehouse,Cardiff,Wales,385,2.0,33.9,0.0,385.0,sufficient
46776A,PROD002890,WH001,Central Warehouse,London,South East,642,6.0,28.14,0.0,642.0,sufficient
46776A,PROD002890,WH002,North Warehouse,Manchester,North West,905,0.0,0.0,0.0,905.0,sufficient
46776A,PROD002890,WH003,Midlands Warehouse,Birmingham,West Midlands,876,3.0,13.55,0.0,876.0,sufficient
46776A,PROD002890,WH004,Scotland Warehouse,Glasgow,Scotland,206,6.0,24.78,0.0,206.0,sufficient
46776A,PROD002890,WH005,Wales Warehouse,Cardiff,Wales,396,0.0,0.0,0.0,396.0,sufficient
46776D,PROD002893,WH001,Central Warehouse,London,South East,1038,0.0,0.0,0.0,1038.0,sufficient
46776D,PROD002893,WH002,North Warehouse,Manchester,North West,570,2.0,8.34,0.0,570.0,sufficient
46776D,PROD002893,WH003,Midlands Warehouse,Birmingham,West Midlands,610,0.0,0.0,0.0,610.0,sufficient
46776D,PROD002893,WH004,Scotland Warehouse,Glasgow,Scotland,215,3.0,13.21,0.0,215.0,sufficient
46776D,PROD002893,WH005,Wales Warehouse,Cardiff,Wales,1050,2.0,8.26,0.0,1050.0,sufficient
46776E,PROD002894,WH001,Central Warehouse,London,South East,11,2.0,8.26,0.0,11.0,sufficient
46776E,PROD002894,WH002,North Warehouse,Manchester,North West,772,1.0,4.13,0.0,772.0,sufficient
46776E,PROD002894,WH003,Midlands Warehouse,Birmingham,West Midlands,223,2.0,8.26,0.0,223.0,sufficient
46776E,PROD002894,WH004,Scotland Warehouse,Glasgow,Scotland,256,3.0,12.629999999999999,0.0,256.0,sufficient
46776E,PROD002894,WH005,Wales Warehouse,Cardiff,Wales,651,7.0,30.549999999999997,0.0,651.0,sufficient
46776F,PROD002895,WH001,Central Warehouse,London,South East,60,11.0,45.59,0.0,60.0,sufficient
46776F,PROD002895,WH002,North Warehouse,Manchester,North West,846,11.0,47.07,0.0,846.0,sufficient
46776F,PROD002895,WH003,Midlands Warehouse,Birmingham,West Midlands,162,8.0,38.86,0.0,162.0,sufficient
46776F,PROD002895,WH004,Scotland Warehouse,Glasgow,Scotland,637,12.0,50.89,4.0,633.0,sufficient
46776F,PROD002895,WH005,Wales Warehouse,Cardiff,Wales,999,2.0,8.26,0.0,999.0,sufficient
47013C,PROD002897,WH001,Central Warehouse,London,South East,581,3.0,2.49,0.0,581.0,sufficient
47013C,PROD002897,WH002,North Warehouse,Manchester,North West,482,0.0,0.0,0.0,482.0,sufficient
47013C,PROD002897,WH003,Midlands Warehouse,Birmingham,West Midlands,19,0.0,0.0,0.0,19.0,sufficient
47013C,PROD002897,WH004,Scotland Warehouse,Glasgow,Scotland,279,0.0,0.0,0.0,279.0,sufficient
47013C,PROD002897,WH005,Wales Warehouse,Cardiff,Wales,697,0.0,0.0,0.0,697.0,sufficient
47310M,PROD002899,WH001,Central Warehouse,London,South East,441,4.0,6.52,1.0,440.0,sufficient
47310M,PROD002899,WH002,North Warehouse,Manchester,North West,810,7.0,11.059999999999999,0.0,810.0,sufficient
47310M,PROD002899,WH003,Midlands Warehouse,Birmingham,West Midlands,44,7.0,15.84,0.0,44.0,sufficient
47310M,PROD002899,WH004,Scotland Warehouse,Glasgow,Scotland,280,2.0,3.26,0.0,280.0,sufficient
47310M,PROD002899,WH005,Wales Warehouse,Cardiff,Wales,800,8.0,10.82,0.0,800.0,sufficient
47340A,PROD002900,WH001,Central Warehouse,London,South East,1105,0.0,0.0,1.0,1104.0,sufficient
47340A,PROD002900,WH002,North Warehouse,Manchester,North West,1568,0.0,0.0,0.0,1568.0,sufficient
47340A,PROD002900,WH003,Midlands Warehouse,Birmingham,West Midlands,1612,0.0,0.0,0.0,1612.0,sufficient
47340A,PROD002900,WH004,Scotland Warehouse,Glasgow,Scotland,1133,0.0,0.0,0.0,1133.0,sufficient
47340A,PROD002900,WH005,Wales Warehouse,Cardiff,Wales,935,0.0,0.0,0.0,935.0,sufficient
47369A,PROD002909,WH001,Central Warehouse,London,South East,481,0.0,0.0,0.0,481.0,sufficient
47369A,PROD002909,WH002,North Warehouse,Manchester,North West,708,1.0,1.63,0.0,708.0,sufficient
47369A,PROD002909,WH003,Midlands Warehouse,Birmingham,West Midlands,210,0.0,0.0,0.0,210.0,sufficient
47369A,PROD002909,WH004,Scotland Warehouse,Glasgow,Scotland,568,0.0,0.0,0.0,568.0,sufficient
47369A,PROD002909,WH005,Wales Warehouse,Cardiff,Wales,482,0.0,0.0,0.0,482.0,sufficient
47369B,PROD002910,WH001,Central Warehouse,London,South East,557,3.0,7.53,0.0,557.0,sufficient
47369B,PROD002910,WH002,North Warehouse,Manchester,North West,948,1.0,5.79,0.0,948.0,sufficient
47369B,PROD002910,WH003,Midlands Warehouse,Birmingham,West Midlands,149,0.0,0.0,0.0,149.0,sufficient
47369B,PROD002910,WH004,Scotland Warehouse,Glasgow,Scotland,922,3.0,6.21,0.0,922.0,sufficient
47369B,PROD002910,WH005,Wales Warehouse,Cardiff,Wales,217,0.0,0.0,0.0,217.0,sufficient
47480,PROD002916,WH001,Central Warehouse,London,South East,680,102.0,159.22,0.0,680.0,sufficient
47480,PROD002916,WH002,North Warehouse,Manchester,North West,207,6.0,11.54,0.0,207.0,sufficient
47480,PROD002916,WH003,Midlands Warehouse,Birmingham,West Midlands,1063,1.0,3.29,0.0,1063.0,sufficient
47480,PROD002916,WH004,Scotland Warehouse,Glasgow,Scotland,630,75.0,127.03,0.0,630.0,sufficient
47480,PROD002916,WH005,Wales Warehouse,Cardiff,Wales,847,0.0,0.0,0.0,847.0,sufficient
47481,PROD002917,WH001,Central Warehouse,London,South East,945,0.0,0.0,0.0,945.0,sufficient
47481,PROD002917,WH002,North Warehouse,Manchester,North West,1003,0.0,0.0,0.0,1003.0,sufficient
47481,PROD002917,WH003,Midlands Warehouse,Birmingham,West Midlands,466,5.0,4.25,0.0,466.0,sufficient
47481,PROD002917,WH004,Scotland Warehouse,Glasgow,Scotland,339,2.0,1.7,0.0,339.0,sufficient
47481,PROD002917,WH005,Wales Warehouse,Cardiff,Wales,373,0.0,0.0,0.0,373.0,sufficient
47503G,PROD002921,WH001,Central Warehouse,London,South East,881,0.0,0.0,0.0,881.0,sufficient
47503G,PROD002921,WH002,North Warehouse,Manchester,North West,621,0.0,0.0,0.0,621.0,sufficient
47503G,PROD002921,WH003,Midlands Warehouse,Birmingham,West Midlands,577,0.0,0.0,0.0,577.0,sufficient
47503G,PROD002921,WH004,Scotland Warehouse,Glasgow,Scotland,361,0.0,0.0,0.0,361.0,sufficient
47503G,PROD002921,WH005,Wales Warehouse,Cardiff,Wales,802,3.0,5.07,0.0,802.0,sufficient
47503J,PROD002923,WH001,Central Warehouse,London,South East,384,18.0,159.46,0.0,384.0,sufficient
47503J,PROD002923,WH002,North Warehouse,Manchester,North West,100,13.0,103.35000000000001,0.0,100.0,sufficient
47503J,PROD002923,WH003,Midlands Warehouse,Birmingham,West Midlands,547,1.0,7.95,0.0,547.0,sufficient
47503J,PROD002923,WH004,Scotland Warehouse,Glasgow,Scotland,825,7.0,55.650000000000006,0.0,825.0,sufficient
47503J,PROD002923,WH005,Wales Warehouse,Cardiff,Wales,196,30.0,238.5,0.0,196.0,sufficient
47504G,PROD002927,WH001,Central Warehouse,London,South East,767,8.0,13.92,1.0,766.0,sufficient
47504G,PROD002927,WH002,North Warehouse,Manchester,North West,921,0.0,0.0,0.0,921.0,sufficient
47504G,PROD002927,WH003,Midlands Warehouse,Birmingham,West Midlands,297,0.0,0.0,0.0,297.0,sufficient
47504G,PROD002927,WH004,Scotland Warehouse,Glasgow,Scotland,515,14.0,21.31,0.0,515.0,sufficient
47504G,PROD002927,WH005,Wales Warehouse,Cardiff,Wales,625,0.0,0.0,0.0,625.0,sufficient
47504H,PROD002928,WH001,Central Warehouse,London,South East,183,1.0,1.95,0.0,183.0,sufficient
47504H,PROD002928,WH002,North Warehouse,Manchester,North West,359,2.0,6.58,0.0,359.0,sufficient
47504H,PROD002928,WH003,Midlands Warehouse,Birmingham,West Midlands,118,160.0,132.38,0.0,118.0,sufficient
47504H,PROD002928,WH004,Scotland Warehouse,Glasgow,Scotland,730,15.0,29.959999999999997,1.0,729.0,sufficient
47504H,PROD002928,WH005,Wales Warehouse,Cardiff,Wales,697,27.0,40.07,0.0,697.0,sufficient
47518F,PROD002932,WH001,Central Warehouse,London,South East,544,4.0,0.48,0.0,544.0,sufficient
47518F,PROD002932,WH002,North Warehouse,Manchester,North West,614,24.0,2.88,0.0,614.0,sufficient
47518F,PROD002932,WH003,Midlands Warehouse,Birmingham,West Midlands,66,0.0,0.0,0.0,66.0,sufficient
47518F,PROD002932,WH004,Scotland Warehouse,Glasgow,Scotland,451,54.0,6.4799999999999995,0.0,451.0,sufficient
47518F,PROD002932,WH005,Wales Warehouse,Cardiff,Wales,734,0.0,0.0,0.0,734.0,sufficient
47518f,PROD002933,WH001,Central Warehouse,London,South East,828,0.0,0.0,0.0,828.0,sufficient
47518f,PROD002933,WH002,North Warehouse,Manchester,North West,663,0.0,0.0,0.0,663.0,sufficient
47518f,PROD002933,WH003,Midlands Warehouse,Birmingham,West Midlands,153,0.0,0.0,0.0,153.0,sufficient
47518f,PROD002933,WH004,Scotland Warehouse,Glasgow,Scotland,983,0.0,0.0,0.0,983.0,sufficient
47518f,PROD002933,WH005,Wales Warehouse,Cardiff,Wales,764,1.0,4.13,0.0,764.0,sufficient
47559B,PROD002936,WH001,Central Warehouse,London,South East,944,50.0,71.07,0.0,944.0,sufficient
47559B,PROD002936,WH002,North Warehouse,Manchester,North West,780,85.0,107.51,0.0,780.0,sufficient
47559B,PROD002936,WH003,Midlands Warehouse,Birmingham,West Midlands,935,51.0,67.53,0.0,935.0,sufficient
47559B,PROD002936,WH004,Scotland Warehouse,Glasgow,Scotland,645,116.0,135.5,0.0,645.0,sufficient
47559B,PROD002936,WH005,Wales Warehouse,Cardiff,Wales,431,62.0,77.5,10.0,421.0,sufficient
47559b,PROD002937,WH001,Central Warehouse,London,South East,730,0.0,0.0,0.0,730.0,sufficient
47559b,PROD002937,WH002,North Warehouse,Manchester,North West,519,3.0,9.870000000000001,0.0,519.0,sufficient
47559b,PROD002937,WH003,Midlands Warehouse,Birmingham,West Midlands,1029,5.0,16.8,0.0,1029.0,sufficient
47559b,PROD002937,WH004,Scotland Warehouse,Glasgow,Scotland,1752,11.0,36.11,0.0,1752.0,sufficient
47559b,PROD002937,WH005,Wales Warehouse,Cardiff,Wales,286,9.0,30.24,0.0,286.0,sufficient
47563A,PROD002939,WH001,Central Warehouse,London,South East,988,3.0,13.07,1.0,987.0,sufficient
47563A,PROD002939,WH002,North Warehouse,Manchester,North West,172,29.0,45.4,0.0,172.0,sufficient
47563A,PROD002939,WH003,Midlands Warehouse,Birmingham,West Midlands,737,10.0,19.15,1.0,736.0,sufficient
47563A,PROD002939,WH004,Scotland Warehouse,Glasgow,Scotland,69,10.0,38.72,0.0,69.0,sufficient
47563A,PROD002939,WH005,Wales Warehouse,Cardiff,Wales,533,1.0,5.91,0.0,533.0,sufficient
47563B,PROD002940,WH001,Central Warehouse,London,South East,1325,1.0,3.75,0.0,1325.0,sufficient
47563B,PROD002940,WH002,North Warehouse,Manchester,North West,930,0.0,0.0,0.0,930.0,sufficient
47563B,PROD002940,WH003,Midlands Warehouse,Birmingham,West Midlands,1431,0.0,0.0,0.0,1431.0,sufficient
47563B,PROD002940,WH004,Scotland Warehouse,Glasgow,Scotland,1661,0.0,0.0,0.0,1661.0,sufficient
47563B,PROD002940,WH005,Wales Warehouse,Cardiff,Wales,996,0.0,0.0,0.0,996.0,sufficient
47574B,PROD002950,WH001,Central Warehouse,London,South East,758,3.0,12.75,0.0,758.0,sufficient
47574B,PROD002950,WH002,North Warehouse,Manchester,North West,717,5.0,21.25,0.0,717.0,sufficient
47574B,PROD002950,WH003,Midlands Warehouse,Birmingham,West Midlands,344,2.0,8.5,0.0,344.0,sufficient
47574B,PROD002950,WH004,Scotland Warehouse,Glasgow,Scotland,203,6.0,25.5,0.0,203.0,sufficient
47574B,PROD002950,WH005,Wales Warehouse,Cardiff,Wales,915,0.0,0.0,0.0,915.0,sufficient
47580,PROD002953,WH001,Central Warehouse,London,South East,960,10.0,30.630000000000003,1.0,959.0,sufficient
47580,PROD002953,WH002,North Warehouse,Manchester,North West,343,39.0,109.53,6.0,337.0,sufficient
47580,PROD002953,WH003,Midlands Warehouse,Birmingham,West Midlands,117,5.0,15.370000000000001,1.0,116.0,sufficient
47580,PROD002953,WH004,Scotland Warehouse,Glasgow,Scotland,538,9.0,27.98,0.0,538.0,sufficient
47580,PROD002953,WH005,Wales Warehouse,Cardiff,Wales,877,10.0,25.5,0.0,877.0,sufficient
47586A,PROD002956,WH001,Central Warehouse,London,South East,1696,2.0,5.1,0.0,1696.0,sufficient
47586A,PROD002956,WH002,North Warehouse,Manchester,North West,775,0.0,0.0,0.0,775.0,sufficient
47586A,PROD002956,WH003,Midlands Warehouse,Birmingham,West Midlands,1405,0.0,0.0,0.0,1405.0,sufficient
47586A,PROD002956,WH004,Scotland Warehouse,Glasgow,Scotland,1744,12.0,10.2,0.0,1744.0,sufficient
47586A,PROD002956,WH005,Wales Warehouse,Cardiff,Wales,1352,1.0,2.55,0.0,1352.0,sufficient
47590A,PROD002959,WH001,Central Warehouse,London,South East,989,127.0,617.72,5.0,984.0,sufficient
47590A,PROD002959,WH002,North Warehouse,Manchester,North West,787,20.0,114.34,0.0,787.0,sufficient
47590A,PROD002959,WH003,Midlands Warehouse,Birmingham,West Midlands,778,132.0,639.4,9.0,769.0,sufficient
47590A,PROD002959,WH004,Scotland Warehouse,Glasgow,Scotland,623,104.0,478.14,9.0,614.0,sufficient
47590A,PROD002959,WH005,Wales Warehouse,Cardiff,Wales,989,193.0,977.67,0.0,989.0,sufficient
47591D,PROD002964,WH001,Central Warehouse,London,South East,1553,162.0,324.94,0.0,1553.0,sufficient
47591D,PROD002964,WH002,North Warehouse,Manchester,North West,321,231.0,437.06,0.0,321.0,sufficient
47591D,PROD002964,WH003,Midlands Warehouse,Birmingham,West Midlands,1603,223.0,409.37,0.0,1603.0,sufficient
47591D,PROD002964,WH004,Scotland Warehouse,Glasgow,Scotland,1684,224.0,408.98,0.0,1684.0,sufficient
47591D,PROD002964,WH005,Wales Warehouse,Cardiff,Wales,1164,139.0,271.78999999999996,11.0,1153.0,sufficient
47591d,PROD002965,WH001,Central Warehouse,London,South East,519,6.0,30.26,0.0,519.0,sufficient
47591d,PROD002965,WH002,North Warehouse,Manchester,North West,306,2.0,10.12,0.0,306.0,sufficient
47591d,PROD002965,WH003,Midlands Warehouse,Birmingham,West Midlands,814,2.0,10.02,1.0,813.0,sufficient
47591d,PROD002965,WH004,Scotland Warehouse,Glasgow,Scotland,856,0.0,0.0,0.0,856.0,sufficient
47591d,PROD002965,WH005,Wales Warehouse,Cardiff,Wales,255,1.0,4.96,0.0,255.0,sufficient
47593B,PROD002969,WH001,Central Warehouse,London,South East,419,26.0,27.24,2.0,417.0,sufficient
47593B,PROD002969,WH002,North Warehouse,Manchester,North West,298,11.0,9.25,0.0,298.0,sufficient
47593B,PROD002969,WH003,Midlands Warehouse,Birmingham,West Midlands,731,18.0,14.58,0.0,731.0,sufficient
47593B,PROD002969,WH004,Scotland Warehouse,Glasgow,Scotland,671,11.0,9.27,0.0,671.0,sufficient
47593B,PROD002969,WH005,Wales Warehouse,Cardiff,Wales,602,76.0,38.6,0.0,602.0,sufficient
47594B,PROD002971,WH001,Central Warehouse,London,South East,1136,0.0,0.0,0.0,1136.0,sufficient
47594B,PROD002971,WH002,North Warehouse,Manchester,North West,906,13.0,25.06,0.0,906.0,sufficient
47594B,PROD002971,WH003,Midlands Warehouse,Birmingham,West Midlands,408,18.0,35.099999999999994,0.0,408.0,sufficient
47594B,PROD002971,WH004,Scotland Warehouse,Glasgow,Scotland,823,5.0,8.3,0.0,823.0,sufficient
47594B,PROD002971,WH005,Wales Warehouse,Cardiff,Wales,1094,0.0,0.0,0.0,1094.0,sufficient
48111,PROD002977,WH001,Central Warehouse,London,South East,929,29.0,215.87,0.0,929.0,sufficient
48111,PROD002977,WH002,North Warehouse,Manchester,North West,546,54.0,370.84000000000003,2.0,544.0,sufficient
48111,PROD002977,WH003,Midlands Warehouse,Birmingham,West Midlands,902,38.0,263.72,0.0,902.0,sufficient
48111,PROD002977,WH004,Scotland Warehouse,Glasgow,Scotland,765,76.0,556.9,2.0,763.0,sufficient
48111,PROD002977,WH005,Wales Warehouse,Cardiff,Wales,417,48.0,324.04,0.0,417.0,sufficient
48138,PROD002980,WH001,Central Warehouse,London,South East,364,253.0,1706.51,51.0,313.0,sufficient
48138,PROD002980,WH002,North Warehouse,Manchester,North West,858,105.0,737.45,2.0,856.0,sufficient
48138,PROD002980,WH003,Midlands Warehouse,Birmingham,West Midlands,612,223.0,1525.05,0.0,612.0,sufficient
48138,PROD002980,WH004,Scotland Warehouse,Glasgow,Scotland,119,143.0,1058.89,4.0,115.0,sufficient
48138,PROD002980,WH005,Wales Warehouse,Cardiff,Wales,543,142.0,1027.26,8.0,535.0,sufficient
48173C,PROD002981,WH001,Central Warehouse,London,South East,960,30.0,218.1,4.0,956.0,sufficient
48173C,PROD002981,WH002,North Warehouse,Manchester,North West,637,39.0,280.09000000000003,0.0,637.0,sufficient
48173C,PROD002981,WH003,Midlands Warehouse,Birmingham,West Midlands,1335,37.0,178.32,0.0,1335.0,sufficient
48173C,PROD002981,WH004,Scotland Warehouse,Glasgow,Scotland,1080,17.0,158.13,0.0,1080.0,sufficient
48173C,PROD002981,WH005,Wales Warehouse,Cardiff,Wales,1607,39.0,287.73,0.0,1607.0,sufficient
48173c,PROD002982,WH001,Central Warehouse,London,South East,762,7.0,115.45,1.0,761.0,sufficient
48173c,PROD002982,WH002,North Warehouse,Manchester,North West,503,0.0,0.0,0.0,503.0,sufficient
48173c,PROD002982,WH003,Midlands Warehouse,Birmingham,West Midlands,693,0.0,0.0,0.0,693.0,sufficient
48173c,PROD002982,WH004,Scotland Warehouse,Glasgow,Scotland,758,1.0,13.57,0.0,758.0,sufficient
48173c,PROD002982,WH005,Wales Warehouse,Cardiff,Wales,596,1.0,16.98,0.0,596.0,sufficient
48179,PROD002983,WH001,Central Warehouse,London,South East,802,1.0,13.87,0.0,802.0,sufficient
48179,PROD002983,WH002,North Warehouse,Manchester,North West,510,0.0,0.0,0.0,510.0,sufficient
48179,PROD002983,WH003,Midlands Warehouse,Birmingham,West Midlands,185,0.0,0.0,0.0,185.0,sufficient
48179,PROD002983,WH004,Scotland Warehouse,Glasgow,Scotland,240,0.0,0.0,0.0,240.0,sufficient
48179,PROD002983,WH005,Wales Warehouse,Cardiff,Wales,135,0.0,0.0,0.0,135.0,sufficient
48185,PROD002985,WH001,Central Warehouse,London,South East,451,99.0,796.6600000000001,11.0,440.0,sufficient
48185,PROD002985,WH002,North Warehouse,Manchester,North West,20,107.0,834.66,4.0,16.0,sufficient
48185,PROD002985,WH003,Midlands Warehouse,Birmingham,West Midlands,223,68.0,650.1,0.0,223.0,sufficient
48185,PROD002985,WH004,Scotland Warehouse,Glasgow,Scotland,469,289.0,1567.23,10.0,459.0,sufficient
48185,PROD002985,WH005,Wales Warehouse,Cardiff,Wales,102,89.0,687.15,1.0,101.0,sufficient
48187,PROD002986,WH001,Central Warehouse,London,South East,382,121.0,875.73,11.0,371.0,sufficient
48187,PROD002986,WH002,North Warehouse,Manchester,North West,73,80.0,591.48,0.0,73.0,sufficient
48187,PROD002986,WH003,Midlands Warehouse,Birmingham,West Midlands,553,111.0,792.33,4.0,549.0,sufficient
48187,PROD002986,WH004,Scotland Warehouse,Glasgow,Scotland,928,54.0,436.87,4.0,924.0,sufficient
48187,PROD002986,WH005,Wales Warehouse,Cardiff,Wales,329,561.0,2745.41,10.0,319.0,sufficient
48188,PROD002987,WH001,Central Warehouse,London,South East,694,33.0,253.05,0.0,694.0,sufficient
48188,PROD002987,WH002,North Warehouse,Manchester,North West,214,26.0,195.22,0.0,214.0,sufficient
48188,PROD002987,WH003,Midlands Warehouse,Birmingham,West Midlands,185,39.0,299.03,0.0,185.0,sufficient
48188,PROD002987,WH004,Scotland Warehouse,Glasgow,Scotland,946,66.0,502.8,2.0,944.0,sufficient
48188,PROD002987,WH005,Wales Warehouse,Cardiff,Wales,212,33.0,236.35,0.0,212.0,sufficient
48194,PROD002989,WH001,Central Warehouse,London,South East,768,566.0,2779.76,4.0,764.0,sufficient
48194,PROD002989,WH002,North Warehouse,Manchester,North West,300,152.0,871.38,10.0,290.0,sufficient
48194,PROD002989,WH003,Midlands Warehouse,Birmingham,West Midlands,142,101.0,775.47,4.0,138.0,sufficient
48194,PROD002989,WH004,Scotland Warehouse,Glasgow,Scotland,923,108.0,774.92,3.0,920.0,sufficient
48194,PROD002989,WH005,Wales Warehouse,Cardiff,Wales,158,81.0,574.59,0.0,158.0,sufficient
51012C,PROD002993,WH001,Central Warehouse,London,South East,875,0.0,0.0,0.0,875.0,sufficient
51012C,PROD002993,WH002,North Warehouse,Manchester,North West,894,1.0,1.25,0.0,894.0,sufficient
51012C,PROD002993,WH003,Midlands Warehouse,Birmingham,West Midlands,590,13.0,16.25,12.0,578.0,sufficient
51012C,PROD002993,WH004,Scotland Warehouse,Glasgow,Scotland,445,3.0,3.75,0.0,445.0,sufficient
51012C,PROD002993,WH005,Wales Warehouse,Cardiff,Wales,457,19.0,23.75,12.0,445.0,sufficient
51012L,PROD002994,WH001,Central Warehouse,London,South East,750,0.0,0.0,0.0,750.0,sufficient
51012L,PROD002994,WH002,North Warehouse,Manchester,North West,923,0.0,0.0,0.0,923.0,sufficient
51012L,PROD002994,WH003,Midlands Warehouse,Birmingham,West Midlands,1406,0.0,0.0,0.0,1406.0,sufficient
51012L,PROD002994,WH004,Scotland Warehouse,Glasgow,Scotland,804,0.0,0.0,0.0,804.0,sufficient
51012L,PROD002994,WH005,Wales Warehouse,Cardiff,Wales,568,0.0,0.0,0.0,568.0,sufficient
51014A,PROD002995,WH001,Central Warehouse,London,South East,33,314.0,136.04,0.0,33.0,sufficient
51014A,PROD002995,WH002,North Warehouse,Manchester,North West,946,26.0,12.76,0.0,946.0,sufficient
51014A,PROD002995,WH003,Midlands Warehouse,Birmingham,West Midlands,682,219.0,113.85,0.0,682.0,sufficient
51014A,PROD002995,WH004,Scotland Warehouse,Glasgow,Scotland,425,29.0,25.419999999999998,0.0,425.0,sufficient
51014A,PROD002995,WH005,Wales Warehouse,Cardiff,Wales,833,69.0,48.48,13.0,820.0,sufficient
51020A,PROD002998,WH001,Central Warehouse,London,South East,942,50.0,16.42,0.0,942.0,sufficient
51020A,PROD002998,WH002,North Warehouse,Manchester,North West,33,241.0,70.85,0.0,33.0,sufficient
51020A,PROD002998,WH003,Midlands Warehouse,Birmingham,West Midlands,953,0.0,0.0,0.0,953.0,sufficient
51020A,PROD002998,WH004,Scotland Warehouse,Glasgow,Scotland,754,0.0,0.0,0.0,754.0,sufficient
51020A,PROD002998,WH005,Wales Warehouse,Cardiff,Wales,749,45.0,5.0,1.0,748.0,sufficient
51020B,PROD002999,WH001,Central Warehouse,London,South East,618,7.0,7.79,0.0,618.0,sufficient
51020B,PROD002999,WH002,North Warehouse,Manchester,North West,707,11.0,4.15,0.0,707.0,sufficient
51020B,PROD002999,WH003,Midlands Warehouse,Birmingham,West Midlands,397,0.0,0.0,0.0,397.0,sufficient
51020B,PROD002999,WH004,Scotland Warehouse,Glasgow,Scotland,28,0.0,0.0,0.0,28.0,sufficient
51020B,PROD002999,WH005,Wales Warehouse,Cardiff,Wales,832,0.0,0.0,0.0,832.0,sufficient
62018,PROD003000,WH001,Central Warehouse,London,South East,787,15.0,29.25,2.0,785.0,sufficient
62018,PROD003000,WH002,North Warehouse,Manchester,North West,472,14.0,27.299999999999997,0.0,472.0,sufficient
62018,PROD003000,WH003,Midlands Warehouse,Birmingham,West Midlands,907,19.0,37.05,0.0,907.0,sufficient
62018,PROD003000,WH004,Scotland Warehouse,Glasgow,Scotland,698,31.0,60.45,0.0,698.0,sufficient
62018,PROD003000,WH005,Wales Warehouse,Cardiff,Wales,1727,800.0,1000.0,0.0,1727.0,sufficient
62043B,PROD003001,WH001,Central Warehouse,London,South East,311,28.0,46.2,0.0,311.0,sufficient
62043B,PROD003001,WH002,North Warehouse,Manchester,North West,586,0.0,0.0,0.0,586.0,sufficient
62043B,PROD003001,WH003,Midlands Warehouse,Birmingham,West Midlands,901,0.0,0.0,0.0,901.0,sufficient
62043B,PROD003001,WH004,Scotland Warehouse,Glasgow,Scotland,229,7.0,0.0,0.0,229.0,sufficient
62043B,PROD003001,WH005,Wales Warehouse,Cardiff,Wales,692,0.0,0.0,0.0,692.0,sufficient
62074B,PROD003002,WH001,Central Warehouse,London,South East,762,0.0,0.0,0.0,762.0,sufficient
62074B,PROD003002,WH002,North Warehouse,Manchester,North West,235,0.0,0.0,0.0,235.0,sufficient
62074B,PROD003002,WH003,Midlands Warehouse,Birmingham,West Midlands,305,0.0,0.0,0.0,305.0,sufficient
62074B,PROD003002,WH004,Scotland Warehouse,Glasgow,Scotland,625,1.0,0.42,0.0,625.0,sufficient
62074B,PROD003002,WH005,Wales Warehouse,Cardiff,Wales,940,0.0,0.0,0.0,940.0,sufficient
62094B,PROD003004,WH001,Central Warehouse,London,South East,775,2.0,5.1,0.0,775.0,sufficient
62094B,PROD003004,WH002,North Warehouse,Manchester,North West,694,0.0,0.0,0.0,694.0,sufficient
62094B,PROD003004,WH003,Midlands Warehouse,Birmingham,West Midlands,66,1.0,5.06,0.0,66.0,sufficient
62094B,PROD003004,WH004,Scotland Warehouse,Glasgow,Scotland,37,53.0,57.68,25.0,12.0,low
62094B,PROD003004,WH005,Wales Warehouse,Cardiff,Wales,726,9.0,30.48,0.0,726.0,sufficient
70007,PROD003010,WH001,Central Warehouse,London,South East,16,4.0,6.699999999999999,0.0,16.0,sufficient
70007,PROD003010,WH002,North Warehouse,Manchester,North West,417,27.0,48.08,0.0,417.0,sufficient
70007,PROD003010,WH003,Midlands Warehouse,Birmingham,West Midlands,481,14.0,23.099999999999998,13.0,468.0,sufficient
70007,PROD003010,WH004,Scotland Warehouse,Glasgow,Scotland,571,2.0,6.72,0.0,571.0,sufficient
70007,PROD003010,WH005,Wales Warehouse,Cardiff,Wales,790,16.0,26.45,0.0,790.0,sufficient
71050,PROD003012,WH001,Central Warehouse,London,South East,468,12.0,4.2,0.0,468.0,sufficient
71050,PROD003012,WH002,North Warehouse,Manchester,North West,490,0.0,0.0,0.0,490.0,sufficient
71050,PROD003012,WH003,Midlands Warehouse,Birmingham,West Midlands,285,0.0,0.0,0.0,285.0,sufficient
71050,PROD003012,WH004,Scotland Warehouse,Glasgow,Scotland,647,0.0,0.0,0.0,647.0,sufficient
71050,PROD003012,WH005,Wales Warehouse,Cardiff,Wales,999,0.0,0.0,0.0,999.0,sufficient
71053,PROD003013,WH001,Central Warehouse,London,South East,849,98.0,360.24,36.0,813.0,sufficient
71053,PROD003013,WH002,North Warehouse,Manchester,North West,477,62.0,262.74,0.0,477.0,sufficient
71053,PROD003013,WH003,Midlands Warehouse,Birmingham,West Midlands,374,82.0,425.94,0.0,374.0,sufficient
71053,PROD003013,WH004,Scotland Warehouse,Glasgow,Scotland,874,96.0,366.0,28.0,846.0,sufficient
71053,PROD003013,WH005,Wales Warehouse,Cardiff,Wales,832,112.0,405.32,0.0,832.0,sufficient
71101E,PROD003014,WH001,Central Warehouse,London,South East,724,108.0,79.32000000000001,12.0,712.0,sufficient
71101E,PROD003014,WH002,North Warehouse,Manchester,North West,582,26.0,22.099999999999998,14.0,568.0,sufficient
71101E,PROD003014,WH003,Midlands Warehouse,Birmingham,West Midlands,726,6.0,5.1,0.0,726.0,sufficient
71101E,PROD003014,WH004,Scotland Warehouse,Glasgow,Scotland,635,24.0,20.4,0.0,635.0,sufficient
71101E,PROD003014,WH005,Wales Warehouse,Cardiff,Wales,43,0.0,0.0,0.0,43.0,sufficient
71143,PROD003015,WH001,Central Warehouse,London,South East,1696,6.0,15.059999999999999,0.0,1696.0,sufficient
71143,PROD003015,WH002,North Warehouse,Manchester,North West,515,0.0,0.0,0.0,515.0,sufficient
71143,PROD003015,WH003,Midlands Warehouse,Birmingham,West Midlands,1006,6.0,10.26,0.0,1006.0,sufficient
71143,PROD003015,WH004,Scotland Warehouse,Glasgow,Scotland,992,14.0,27.22,3.0,989.0,sufficient
71143,PROD003015,WH005,Wales Warehouse,Cardiff,Wales,1238,9.0,9.149999999999999,0.0,1238.0,sufficient
71270,PROD003017,WH001,Central Warehouse,London,South East,800,27.0,33.75,0.0,800.0,sufficient
71270,PROD003017,WH002,North Warehouse,Manchester,North West,58,8.0,11.21,0.0,58.0,sufficient
71270,PROD003017,WH003,Midlands Warehouse,Birmingham,West Midlands,16,7.0,11.27,0.0,16.0,sufficient
71270,PROD003017,WH004,Scotland Warehouse,Glasgow,Scotland,997,40.0,51.21,1.0,996.0,sufficient
71270,PROD003017,WH005,Wales Warehouse,Cardiff,Wales,341,5.0,11.09,4.0,337.0,sufficient
71406C,PROD003020,WH001,Central Warehouse,London,South East,1639,0.0,0.0,0.0,1639.0,sufficient
71406C,PROD003020,WH002,North Warehouse,Manchester,North West,772,0.0,0.0,0.0,772.0,sufficient
71406C,PROD003020,WH003,Midlands Warehouse,Birmingham,West Midlands,1038,12.0,5.04,0.0,1038.0,sufficient
71406C,PROD003020,WH004,Scotland Warehouse,Glasgow,Scotland,726,7.0,3.38,0.0,726.0,sufficient
71406C,PROD003020,WH005,Wales Warehouse,Cardiff,Wales,1033,0.0,0.0,0.0,1033.0,sufficient
71459,PROD003021,WH001,Central Warehouse,London,South East,77,289.0,244.01,12.0,65.0,sufficient
71459,PROD003021,WH002,North Warehouse,Manchester,North West,917,512.0,422.96,0.0,917.0,sufficient
71459,PROD003021,WH003,Midlands Warehouse,Birmingham,West Midlands,178,1136.0,907.0400000000001,120.0,58.0,low
71459,PROD003021,WH004,Scotland Warehouse,Glasgow,Scotland,527,228.0,193.79999999999998,0.0,527.0,sufficient
71459,PROD003021,WH005,Wales Warehouse,Cardiff,Wales,657,574.0,503.74,0.0,657.0,sufficient
71477,PROD003022,WH001,Central Warehouse,London,South East,1445,119.0,358.27,0.0,1445.0,sufficient
71477,PROD003022,WH002,North Warehouse,Manchester,North West,1241,1293.0,3599.63,24.0,1217.0,sufficient
71477,PROD003022,WH003,Midlands Warehouse,Birmingham,West Midlands,1734,129.0,412.53999999999996,0.0,1734.0,sufficient
71477,PROD003022,WH004,Scotland Warehouse,Glasgow,Scotland,1296,210.0,611.3199999999999,0.0,1296.0,sufficient
71477,PROD003022,WH005,Wales Warehouse,Cardiff,Wales,537,28.0,126.34,4.0,533.0,sufficient
71495A,PROD003023,WH001,Central Warehouse,London,South East,744,0.0,0.0,0.0,744.0,sufficient
71495A,PROD003023,WH002,North Warehouse,Manchester,North West,506,1.0,0.42,0.0,506.0,sufficient
71495A,PROD003023,WH003,Midlands Warehouse,Birmingham,West Midlands,985,0.0,0.0,0.0,985.0,sufficient
71495A,PROD003023,WH004,Scotland Warehouse,Glasgow,Scotland,446,0.0,0.0,0.0,446.0,sufficient
71495A,PROD003023,WH005,Wales Warehouse,Cardiff,Wales,678,0.0,0.0,0.0,678.0,sufficient
71510,PROD003026,WH001,Central Warehouse,London,South East,381,0.0,0.0,0.0,381.0,sufficient
71510,PROD003026,WH002,North Warehouse,Manchester,North West,168,0.0,0.0,0.0,168.0,sufficient
71510,PROD003026,WH003,Midlands Warehouse,Birmingham,West Midlands,579,0.0,0.0,0.0,579.0,sufficient
71510,PROD003026,WH004,Scotland Warehouse,Glasgow,Scotland,634,0.0,0.0,0.0,634.0,sufficient
71510,PROD003026,WH005,Wales Warehouse,Cardiff,Wales,21,2.0,1.7,0.0,21.0,sufficient
72008,PROD003027,WH001,Central Warehouse,London,South East,1355,16.0,6.72,0.0,1355.0,sufficient
72008,PROD003027,WH002,North Warehouse,Manchester,North West,2078,145.0,52.260000000000005,0.0,2078.0,sufficient
72008,PROD003027,WH003,Midlands Warehouse,Birmingham,West Midlands,481,73.0,31.1,0.0,481.0,sufficient
72008,PROD003027,WH004,Scotland Warehouse,Glasgow,Scotland,1294,90.0,37.8,0.0,1294.0,sufficient
72008,PROD003027,WH005,Wales Warehouse,Cardiff,Wales,1520,216.0,82.08,144.0,1376.0,sufficient
72023F,PROD003028,WH001,Central Warehouse,London,South East,511,3.0,5.01,0.0,511.0,sufficient
72023F,PROD003028,WH002,North Warehouse,Manchester,North West,688,2.0,2.5,0.0,688.0,sufficient
72023F,PROD003028,WH003,Midlands Warehouse,Birmingham,West Midlands,407,2.0,2.5,0.0,407.0,sufficient
72023F,PROD003028,WH004,Scotland Warehouse,Glasgow,Scotland,243,10.0,12.5,0.0,243.0,sufficient
72023F,PROD003028,WH005,Wales Warehouse,Cardiff,Wales,623,0.0,0.0,0.0,623.0,sufficient
72083A,PROD003032,WH001,Central Warehouse,London,South East,804,0.0,0.0,0.0,804.0,sufficient
72083A,PROD003032,WH002,North Warehouse,Manchester,North West,559,0.0,0.0,0.0,559.0,sufficient
72083A,PROD003032,WH003,Midlands Warehouse,Birmingham,West Midlands,331,2.0,4.2,0.0,331.0,sufficient
72083A,PROD003032,WH004,Scotland Warehouse,Glasgow,Scotland,492,0.0,0.0,0.0,492.0,sufficient
72083A,PROD003032,WH005,Wales Warehouse,Cardiff,Wales,992,0.0,0.0,0.0,992.0,sufficient
72122,PROD003033,WH001,Central Warehouse,London,South East,96,33.0,32.309999999999995,0.0,96.0,sufficient
72122,PROD003033,WH002,North Warehouse,Manchester,North West,203,11.0,10.45,0.0,203.0,sufficient
72122,PROD003033,WH003,Midlands Warehouse,Birmingham,West Midlands,854,12.0,11.399999999999999,4.0,850.0,sufficient
72122,PROD003033,WH004,Scotland Warehouse,Glasgow,Scotland,318,2.0,1.9,0.0,318.0,sufficient
72122,PROD003033,WH005,Wales Warehouse,Cardiff,Wales,565,19.0,23.63,0.0,565.0,sufficient
72130,PROD003037,WH001,Central Warehouse,London,South East,597,42.0,22.979999999999997,0.0,597.0,sufficient
72130,PROD003037,WH002,North Warehouse,Manchester,North West,255,36.0,19.08,0.0,255.0,sufficient
72130,PROD003037,WH003,Midlands Warehouse,Birmingham,West Midlands,642,0.0,0.0,0.0,642.0,sufficient
72130,PROD003037,WH004,Scotland Warehouse,Glasgow,Scotland,216,32.0,9.76,1.0,215.0,sufficient
72130,PROD003037,WH005,Wales Warehouse,Cardiff,Wales,187,0.0,0.0,0.0,187.0,sufficient
72132,PROD003039,WH001,Central Warehouse,London,South East,795,0.0,0.0,0.0,795.0,sufficient
72132,PROD003039,WH002,North Warehouse,Manchester,North West,2349,1.0,1.95,0.0,2349.0,sufficient
72132,PROD003039,WH003,Midlands Warehouse,Birmingham,West Midlands,1503,0.0,0.0,0.0,1503.0,sufficient
72132,PROD003039,WH004,Scotland Warehouse,Glasgow,Scotland,1156,0.0,0.0,0.0,1156.0,sufficient
72132,PROD003039,WH005,Wales Warehouse,Cardiff,Wales,1653,1.0,1.95,0.0,1653.0,sufficient
72133,PROD003040,WH001,Central Warehouse,London,South East,949,0.0,0.0,0.0,949.0,sufficient
72133,PROD003040,WH002,North Warehouse,Manchester,North West,619,0.0,0.0,0.0,619.0,sufficient
72133,PROD003040,WH003,Midlands Warehouse,Birmingham,West Midlands,418,1.0,1.25,0.0,418.0,sufficient
72133,PROD003040,WH004,Scotland Warehouse,Glasgow,Scotland,945,2.0,2.5,0.0,945.0,sufficient
72133,PROD003040,WH005,Wales Warehouse,Cardiff,Wales,637,2.0,2.5,0.0,637.0,sufficient
72134,PROD003041,WH001,Central Warehouse,London,South East,180,1.0,1.66,0.0,180.0,sufficient
72134,PROD003041,WH002,North Warehouse,Manchester,North West,745,6.0,5.1,0.0,745.0,sufficient
72134,PROD003041,WH003,Midlands Warehouse,Birmingham,West Midlands,195,96.0,18.24,0.0,195.0,sufficient
72134,PROD003041,WH004,Scotland Warehouse,Glasgow,Scotland,516,24.0,4.56,0.0,516.0,sufficient
72134,PROD003041,WH005,Wales Warehouse,Cardiff,Wales,477,0.0,0.0,0.0,477.0,sufficient
72225C,PROD003044,WH001,Central Warehouse,London,South East,964,0.0,0.0,0.0,964.0,sufficient
72225C,PROD003044,WH002,North Warehouse,Manchester,North West,79,0.0,0.0,0.0,79.0,sufficient
72225C,PROD003044,WH003,Midlands Warehouse,Birmingham,West Midlands,838,48.0,12.0,24.0,814.0,sufficient
72225C,PROD003044,WH004,Scotland Warehouse,Glasgow,Scotland,933,48.0,10.08,0.0,933.0,sufficient
72225C,PROD003044,WH005,Wales Warehouse,Cardiff,Wales,322,0.0,0.0,0.0,322.0,sufficient
72232,PROD003045,WH001,Central Warehouse,London,South East,37,4.0,0.76,4.0,33.0,sufficient
72232,PROD003045,WH002,North Warehouse,Manchester,North West,115,48.0,9.12,0.0,115.0,sufficient
72232,PROD003045,WH003,Midlands Warehouse,Birmingham,West Midlands,874,24.0,4.56,0.0,874.0,sufficient
72232,PROD003045,WH004,Scotland Warehouse,Glasgow,Scotland,381,65.0,12.349999999999998,0.0,381.0,sufficient
72232,PROD003045,WH005,Wales Warehouse,Cardiff,Wales,624,24.0,4.56,0.0,624.0,sufficient
72349B,PROD003047,WH001,Central Warehouse,London,South East,412,53.0,126.36,0.0,412.0,sufficient
72349B,PROD003047,WH002,North Warehouse,Manchester,North West,693,15.0,33.61,0.0,693.0,sufficient
72349B,PROD003047,WH003,Midlands Warehouse,Birmingham,West Midlands,791,73.0,141.9,1.0,790.0,sufficient
72349B,PROD003047,WH004,Scotland Warehouse,Glasgow,Scotland,268,35.0,77.64,8.0,260.0,sufficient
72349B,PROD003047,WH005,Wales Warehouse,Cardiff,Wales,939,164.0,287.39000000000004,2.0,937.0,sufficient
72351a,PROD003051,WH001,Central Warehouse,London,South East,960,0.0,0.0,0.0,960.0,sufficient
72351a,PROD003051,WH002,North Warehouse,Manchester,North West,137,0.0,0.0,0.0,137.0,sufficient
72351a,PROD003051,WH003,Midlands Warehouse,Birmingham,West Midlands,488,1.0,4.21,0.0,488.0,sufficient
72351a,PROD003051,WH004,Scotland Warehouse,Glasgow,Scotland,104,0.0,0.0,0.0,104.0,sufficient
72351a,PROD003051,WH005,Wales Warehouse,Cardiff,Wales,848,0.0,0.0,0.0,848.0,sufficient
72529W,PROD003055,WH001,Central Warehouse,London,South East,334,6.0,12.719999999999999,0.0,334.0,sufficient
72529W,PROD003055,WH002,North Warehouse,Manchester,North West,293,2.0,4.24,0.0,293.0,sufficient
72529W,PROD003055,WH003,Midlands Warehouse,Birmingham,West Midlands,731,0.0,0.0,0.0,731.0,sufficient
72529W,PROD003055,WH004,Scotland Warehouse,Glasgow,Scotland,956,31.0,2.12,0.0,956.0,sufficient
72529W,PROD003055,WH005,Wales Warehouse,Cardiff,Wales,326,5.0,12.690000000000001,0.0,326.0,sufficient
72598,PROD003057,WH001,Central Warehouse,London,South East,879,11.0,16.64,0.0,879.0,sufficient
72598,PROD003057,WH002,North Warehouse,Manchester,North West,135,0.0,0.0,0.0,135.0,sufficient
72598,PROD003057,WH003,Midlands Warehouse,Birmingham,West Midlands,632,2.0,2.51,0.0,632.0,sufficient
72598,PROD003057,WH004,Scotland Warehouse,Glasgow,Scotland,868,20.0,25.1,0.0,868.0,sufficient
72598,PROD003057,WH005,Wales Warehouse,Cardiff,Wales,665,26.0,17.06,0.0,665.0,sufficient
72709,PROD003059,WH001,Central Warehouse,London,South East,732,9.0,7.65,0.0,732.0,sufficient
72709,PROD003059,WH002,North Warehouse,Manchester,North West,609,0.0,0.0,0.0,609.0,sufficient
72709,PROD003059,WH003,Midlands Warehouse,Birmingham,West Midlands,432,0.0,0.0,0.0,432.0,sufficient
72709,PROD003059,WH004,Scotland Warehouse,Glasgow,Scotland,605,0.0,0.0,0.0,605.0,sufficient
72709,PROD003059,WH005,Wales Warehouse,Cardiff,Wales,298,0.0,0.0,0.0,298.0,sufficient
72715,PROD003060,WH001,Central Warehouse,London,South East,152,0.0,0.0,0.0,152.0,sufficient
72715,PROD003060,WH002,North Warehouse,Manchester,North West,730,0.0,0.0,0.0,730.0,sufficient
72715,PROD003060,WH003,Midlands Warehouse,Birmingham,West Midlands,280,0.0,0.0,0.0,280.0,sufficient
72715,PROD003060,WH004,Scotland Warehouse,Glasgow,Scotland,570,6.0,2.52,6.0,564.0,sufficient
72715,PROD003060,WH005,Wales Warehouse,Cardiff,Wales,444,0.0,0.0,0.0,444.0,sufficient
72739B,PROD003062,WH001,Central Warehouse,London,South East,273,0.0,0.0,0.0,273.0,sufficient
72739B,PROD003062,WH002,North Warehouse,Manchester,North West,393,1.0,2.51,0.0,393.0,sufficient
72739B,PROD003062,WH003,Midlands Warehouse,Birmingham,West Midlands,870,0.0,0.0,0.0,870.0,sufficient
72739B,PROD003062,WH004,Scotland Warehouse,Glasgow,Scotland,371,0.0,0.0,0.0,371.0,sufficient
72739B,PROD003062,WH005,Wales Warehouse,Cardiff,Wales,397,0.0,0.0,0.0,397.0,sufficient
72739C,PROD003063,WH001,Central Warehouse,London,South East,617,1.0,2.57,1.0,616.0,sufficient
72739C,PROD003063,WH002,North Warehouse,Manchester,North West,624,0.0,0.0,0.0,624.0,sufficient
72739C,PROD003063,WH003,Midlands Warehouse,Birmingham,West Midlands,183,16.0,20.0,0.0,183.0,sufficient
72739C,PROD003063,WH004,Scotland Warehouse,Glasgow,Scotland,976,0.0,0.0,0.0,976.0,sufficient
72739C,PROD003063,WH005,Wales Warehouse,Cardiff,Wales,648,36.0,23.4,0.0,648.0,sufficient
72741,PROD003064,WH001,Central Warehouse,London,South East,523,502.0,703.1800000000001,0.0,523.0,sufficient
72741,PROD003064,WH002,North Warehouse,Manchester,North West,607,223.0,336.97,18.0,589.0,sufficient
72741,PROD003064,WH003,Midlands Warehouse,Birmingham,West Midlands,139,371.0,530.75,0.0,139.0,sufficient
72741,PROD003064,WH004,Scotland Warehouse,Glasgow,Scotland,791,489.0,655.5600000000001,9.0,782.0,sufficient
72741,PROD003064,WH005,Wales Warehouse,Cardiff,Wales,655,423.0,584.55,36.0,619.0,sufficient
72750A,PROD003065,WH001,Central Warehouse,London,South East,219,8.0,15.6,0.0,219.0,sufficient
72750A,PROD003065,WH002,North Warehouse,Manchester,North West,501,16.0,31.2,0.0,501.0,sufficient
72750A,PROD003065,WH003,Midlands Warehouse,Birmingham,West Midlands,130,32.0,62.4,0.0,130.0,sufficient
72750A,PROD003065,WH004,Scotland Warehouse,Glasgow,Scotland,151,0.0,0.0,0.0,151.0,sufficient
72750A,PROD003065,WH005,Wales Warehouse,Cardiff,Wales,458,24.0,46.8,0.0,458.0,sufficient
72750C,PROD003067,WH001,Central Warehouse,London,South East,792,8.0,15.6,0.0,792.0,sufficient
72750C,PROD003067,WH002,North Warehouse,Manchester,North West,998,0.0,0.0,0.0,998.0,sufficient
72750C,PROD003067,WH003,Midlands Warehouse,Birmingham,West Midlands,838,0.0,0.0,0.0,838.0,sufficient
72750C,PROD003067,WH004,Scotland Warehouse,Glasgow,Scotland,187,8.0,15.6,0.0,187.0,sufficient
72750C,PROD003067,WH005,Wales Warehouse,Cardiff,Wales,379,2.0,11.9,0.0,379.0,sufficient
72752A,PROD003069,WH001,Central Warehouse,London,South East,408,0.0,0.0,0.0,408.0,sufficient
72752A,PROD003069,WH002,North Warehouse,Manchester,North West,869,0.0,0.0,0.0,869.0,sufficient
72752A,PROD003069,WH003,Midlands Warehouse,Birmingham,West Midlands,294,0.0,0.0,0.0,294.0,sufficient
72752A,PROD003069,WH004,Scotland Warehouse,Glasgow,Scotland,1796,0.0,0.0,0.0,1796.0,sufficient
72752A,PROD003069,WH005,Wales Warehouse,Cardiff,Wales,1000,0.0,0.0,0.0,1000.0,sufficient
72753B,PROD003071,WH001,Central Warehouse,London,South East,1048,16.0,33.6,0.0,1048.0,sufficient
72753B,PROD003071,WH002,North Warehouse,Manchester,North West,855,0.0,0.0,0.0,855.0,sufficient
72753B,PROD003071,WH003,Midlands Warehouse,Birmingham,West Midlands,1026,0.0,0.0,0.0,1026.0,sufficient
72753B,PROD003071,WH004,Scotland Warehouse,Glasgow,Scotland,1014,0.0,0.0,0.0,1014.0,sufficient
72753B,PROD003071,WH005,Wales Warehouse,Cardiff,Wales,210,0.0,0.0,0.0,210.0,sufficient
72771B,PROD003080,WH001,Central Warehouse,London,South East,100,6.0,2.52,0.0,100.0,sufficient
72771B,PROD003080,WH002,North Warehouse,Manchester,North West,152,0.0,0.0,0.0,152.0,sufficient
72771B,PROD003080,WH003,Midlands Warehouse,Birmingham,West Midlands,798,0.0,0.0,0.0,798.0,sufficient
72771B,PROD003080,WH004,Scotland Warehouse,Glasgow,Scotland,134,0.0,0.0,0.0,134.0,sufficient
72771B,PROD003080,WH005,Wales Warehouse,Cardiff,Wales,395,0.0,0.0,0.0,395.0,sufficient
72781,PROD003083,WH001,Central Warehouse,London,South East,558,0.0,0.0,0.0,558.0,sufficient
72781,PROD003083,WH002,North Warehouse,Manchester,North West,706,48.0,81.12,0.0,706.0,sufficient
72781,PROD003083,WH003,Midlands Warehouse,Birmingham,West Midlands,460,0.0,0.0,0.0,460.0,sufficient
72781,PROD003083,WH004,Scotland Warehouse,Glasgow,Scotland,444,13.0,22.380000000000003,0.0,444.0,sufficient
72781,PROD003083,WH005,Wales Warehouse,Cardiff,Wales,558,0.0,0.0,0.0,558.0,sufficient
72783,PROD003084,WH001,Central Warehouse,London,South East,436,12.0,25.2,0.0,436.0,sufficient
72783,PROD003084,WH002,North Warehouse,Manchester,North West,473,0.0,0.0,0.0,473.0,sufficient
72783,PROD003084,WH003,Midlands Warehouse,Birmingham,West Midlands,646,1.0,2.1,0.0,646.0,sufficient
72783,PROD003084,WH004,Scotland Warehouse,Glasgow,Scotland,506,5.0,10.5,0.0,506.0,sufficient
72783,PROD003084,WH005,Wales Warehouse,Cardiff,Wales,456,0.0,0.0,0.0,456.0,sufficient
72789,PROD003085,WH001,Central Warehouse,London,South East,381,2.0,7.5,0.0,381.0,sufficient
72789,PROD003085,WH002,North Warehouse,Manchester,North West,324,1.0,3.75,0.0,324.0,sufficient
72789,PROD003085,WH003,Midlands Warehouse,Birmingham,West Midlands,618,0.0,0.0,0.0,618.0,sufficient
72789,PROD003085,WH004,Scotland Warehouse,Glasgow,Scotland,461,0.0,0.0,0.0,461.0,sufficient
72789,PROD003085,WH005,Wales Warehouse,Cardiff,Wales,1186,0.0,0.0,0.0,1186.0,sufficient
72793,PROD003086,WH001,Central Warehouse,London,South East,878,0.0,0.0,0.0,878.0,sufficient
72793,PROD003086,WH002,North Warehouse,Manchester,North West,648,0.0,0.0,0.0,648.0,sufficient
72793,PROD003086,WH003,Midlands Warehouse,Birmingham,West Midlands,894,0.0,0.0,0.0,894.0,sufficient
72793,PROD003086,WH004,Scotland Warehouse,Glasgow,Scotland,347,0.0,0.0,0.0,347.0,sufficient
72793,PROD003086,WH005,Wales Warehouse,Cardiff,Wales,530,0.0,0.0,0.0,530.0,sufficient
72799B,PROD003091,WH001,Central Warehouse,London,South East,1274,0.0,0.0,0.0,1274.0,sufficient
72799B,PROD003091,WH002,North Warehouse,Manchester,North West,655,0.0,0.0,0.0,655.0,sufficient
72799B,PROD003091,WH003,Midlands Warehouse,Birmingham,West Midlands,1065,0.0,0.0,0.0,1065.0,sufficient
72799B,PROD003091,WH004,Scotland Warehouse,Glasgow,Scotland,479,2.0,5.9,0.0,479.0,sufficient
72799B,PROD003091,WH005,Wales Warehouse,Cardiff,Wales,1352,1.0,6.04,0.0,1352.0,sufficient
72799C,PROD003092,WH001,Central Warehouse,London,South East,174,0.0,0.0,0.0,174.0,sufficient
72799C,PROD003092,WH002,North Warehouse,Manchester,North West,301,14.0,20.9,0.0,301.0,sufficient
72799C,PROD003092,WH003,Midlands Warehouse,Birmingham,West Midlands,482,0.0,0.0,0.0,482.0,sufficient
72799C,PROD003092,WH004,Scotland Warehouse,Glasgow,Scotland,238,2.0,5.9,0.0,238.0,sufficient
72799C,PROD003092,WH005,Wales Warehouse,Cardiff,Wales,142,7.0,20.65,0.0,142.0,sufficient
72800D,PROD003098,WH001,Central Warehouse,London,South East,569,2.0,5.1,0.0,569.0,sufficient
72800D,PROD003098,WH002,North Warehouse,Manchester,North West,796,18.0,24.78,0.0,796.0,sufficient
72800D,PROD003098,WH003,Midlands Warehouse,Birmingham,West Midlands,825,8.0,20.4,0.0,825.0,sufficient
72800D,PROD003098,WH004,Scotland Warehouse,Glasgow,Scotland,996,9.0,22.95,0.0,996.0,sufficient
72800D,PROD003098,WH005,Wales Warehouse,Cardiff,Wales,911,15.0,43.27,0.0,911.0,sufficient
72800F,PROD003100,WH001,Central Warehouse,London,South East,994,15.0,38.25,0.0,994.0,sufficient
72800F,PROD003100,WH002,North Warehouse,Manchester,North West,623,10.0,25.5,0.0,623.0,sufficient
72800F,PROD003100,WH003,Midlands Warehouse,Birmingham,West Midlands,996,0.0,0.0,0.0,996.0,sufficient
72800F,PROD003100,WH004,Scotland Warehouse,Glasgow,Scotland,72,4.0,10.2,0.0,72.0,sufficient
72800F,PROD003100,WH005,Wales Warehouse,Cardiff,Wales,752,4.0,12.709999999999999,0.0,752.0,sufficient
72801D,PROD003102,WH001,Central Warehouse,London,South East,710,48.0,20.16,48.0,662.0,sufficient
72801D,PROD003102,WH002,North Warehouse,Manchester,North West,182,2.0,2.5,0.0,182.0,sufficient
72801D,PROD003102,WH003,Midlands Warehouse,Birmingham,West Midlands,206,1.0,1.25,0.0,206.0,sufficient
72801D,PROD003102,WH004,Scotland Warehouse,Glasgow,Scotland,20,15.0,18.75,0.0,20.0,sufficient
72801D,PROD003102,WH005,Wales Warehouse,Cardiff,Wales,571,10.0,12.5,0.0,571.0,sufficient
72801E,PROD003103,WH001,Central Warehouse,London,South East,858,12.0,15.0,0.0,858.0,sufficient
72801E,PROD003103,WH002,North Warehouse,Manchester,North West,317,578.0,244.42,0.0,317.0,sufficient
72801E,PROD003103,WH003,Midlands Warehouse,Birmingham,West Midlands,409,0.0,0.0,0.0,409.0,sufficient
72801E,PROD003103,WH004,Scotland Warehouse,Glasgow,Scotland,713,0.0,0.0,0.0,713.0,sufficient
72801E,PROD003103,WH005,Wales Warehouse,Cardiff,Wales,149,2.0,2.5,0.0,149.0,sufficient
72801d,PROD003106,WH001,Central Warehouse,London,South East,890,1.0,2.51,0.0,890.0,sufficient
72801d,PROD003106,WH002,North Warehouse,Manchester,North West,461,0.0,0.0,0.0,461.0,sufficient
72801d,PROD003106,WH003,Midlands Warehouse,Birmingham,West Midlands,268,4.0,9.89,0.0,268.0,sufficient
72801d,PROD003106,WH004,Scotland Warehouse,Glasgow,Scotland,504,0.0,0.0,0.0,504.0,sufficient
72801d,PROD003106,WH005,Wales Warehouse,Cardiff,Wales,672,0.0,0.0,0.0,672.0,sufficient
72802A,PROD003109,WH001,Central Warehouse,London,South East,526,45.0,175.41,3.0,523.0,sufficient
72802A,PROD003109,WH002,North Warehouse,Manchester,North West,316,6.0,29.72,0.0,316.0,sufficient
72802A,PROD003109,WH003,Midlands Warehouse,Birmingham,West Midlands,836,13.0,59.47,0.0,836.0,sufficient
72802A,PROD003109,WH004,Scotland Warehouse,Glasgow,Scotland,826,25.0,106.25,1.0,825.0,sufficient
72802A,PROD003109,WH005,Wales Warehouse,Cardiff,Wales,881,24.0,102.0,0.0,881.0,sufficient
72802B,PROD003110,WH001,Central Warehouse,London,South East,935,4.0,21.22,0.0,935.0,sufficient
72802B,PROD003110,WH002,North Warehouse,Manchester,North West,747,6.0,25.5,0.0,747.0,sufficient
72802B,PROD003110,WH003,Midlands Warehouse,Birmingham,West Midlands,742,89.0,112.28999999999999,0.0,742.0,sufficient
72802B,PROD003110,WH004,Scotland Warehouse,Glasgow,Scotland,965,9.0,38.25,0.0,965.0,sufficient
72802B,PROD003110,WH005,Wales Warehouse,Cardiff,Wales,498,15.0,63.75,0.0,498.0,sufficient
72802C,PROD003111,WH001,Central Warehouse,London,South East,481,21.0,89.77,0.0,481.0,sufficient
72802C,PROD003111,WH002,North Warehouse,Manchester,North West,424,573.0,436.97,0.0,424.0,sufficient
72802C,PROD003111,WH003,Midlands Warehouse,Birmingham,West Midlands,223,48.0,188.16,0.0,223.0,sufficient
72802C,PROD003111,WH004,Scotland Warehouse,Glasgow,Scotland,994,14.0,54.22,0.0,994.0,sufficient
72802C,PROD003111,WH005,Wales Warehouse,Cardiff,Wales,166,21.0,89.25,0.0,166.0,sufficient
72803B,PROD003114,WH001,Central Warehouse,London,South East,1375,0.0,0.0,0.0,1375.0,sufficient
72803B,PROD003114,WH002,North Warehouse,Manchester,North West,1419,0.0,0.0,0.0,1419.0,sufficient
72803B,PROD003114,WH003,Midlands Warehouse,Birmingham,West Midlands,1811,0.0,0.0,0.0,1811.0,sufficient
72803B,PROD003114,WH004,Scotland Warehouse,Glasgow,Scotland,2535,0.0,0.0,0.0,2535.0,sufficient
72803B,PROD003114,WH005,Wales Warehouse,Cardiff,Wales,2047,1.0,4.25,0.0,2047.0,sufficient
72807A,PROD003115,WH001,Central Warehouse,London,South East,100,7.0,46.45,0.0,100.0,sufficient
72807A,PROD003115,WH002,North Warehouse,Manchester,North West,747,33.0,152.55,0.0,747.0,sufficient
72807A,PROD003115,WH003,Midlands Warehouse,Birmingham,West Midlands,565,5.0,42.35,0.0,565.0,sufficient
72807A,PROD003115,WH004,Scotland Warehouse,Glasgow,Scotland,792,1.0,8.29,0.0,792.0,sufficient
72807A,PROD003115,WH005,Wales Warehouse,Cardiff,Wales,488,15.0,67.97,6.0,482.0,sufficient
72807a,PROD003118,WH001,Central Warehouse,London,South East,37,0.0,0.0,0.0,37.0,sufficient
72807a,PROD003118,WH002,North Warehouse,Manchester,North West,427,0.0,0.0,0.0,427.0,sufficient
72807a,PROD003118,WH003,Midlands Warehouse,Birmingham,West Midlands,936,0.0,0.0,0.0,936.0,sufficient
72807a,PROD003118,WH004,Scotland Warehouse,Glasgow,Scotland,876,1.0,8.29,0.0,876.0,sufficient
72807a,PROD003118,WH005,Wales Warehouse,Cardiff,Wales,632,1.0,8.29,0.0,632.0,sufficient
72807c,PROD003120,WH001,Central Warehouse,London,South East,855,1.0,8.47,0.0,855.0,sufficient
72807c,PROD003120,WH002,North Warehouse,Manchester,North West,958,1.0,8.29,0.0,958.0,sufficient
72807c,PROD003120,WH003,Midlands Warehouse,Birmingham,West Midlands,412,0.0,0.0,0.0,412.0,sufficient
72807c,PROD003120,WH004,Scotland Warehouse,Glasgow,Scotland,352,1.0,8.47,0.0,352.0,sufficient
72807c,PROD003120,WH005,Wales Warehouse,Cardiff,Wales,650,3.0,25.410000000000004,0.0,650.0,sufficient
72817,PROD003126,WH001,Central Warehouse,London,South East,75,16.0,15.71,0.0,75.0,sufficient
72817,PROD003126,WH002,North Warehouse,Manchester,North West,342,96.0,75.84,0.0,342.0,sufficient
72817,PROD003126,WH003,Midlands Warehouse,Birmingham,West Midlands,605,78.0,61.620000000000005,0.0,605.0,sufficient
72817,PROD003126,WH004,Scotland Warehouse,Glasgow,Scotland,344,40.0,37.7,0.0,344.0,sufficient
72817,PROD003126,WH005,Wales Warehouse,Cardiff,Wales,328,49.0,55.21,0.0,328.0,sufficient
72819,PROD003128,WH001,Central Warehouse,London,South East,450,132.0,117.0,0.0,450.0,sufficient
72819,PROD003128,WH002,North Warehouse,Manchester,North West,267,12.0,27.9,0.0,267.0,sufficient
72819,PROD003128,WH003,Midlands Warehouse,Birmingham,West Midlands,83,13.0,33.15,0.0,83.0,sufficient
72819,PROD003128,WH004,Scotland Warehouse,Glasgow,Scotland,396,6.0,15.3,0.0,396.0,sufficient
72819,PROD003128,WH005,Wales Warehouse,Cardiff,Wales,755,1.0,5.06,0.0,755.0,sufficient
72821,PROD003129,WH001,Central Warehouse,London,South East,320,0.0,0.0,0.0,320.0,sufficient
72821,PROD003129,WH002,North Warehouse,Manchester,North West,505,0.0,0.0,0.0,505.0,sufficient
72821,PROD003129,WH003,Midlands Warehouse,Birmingham,West Midlands,251,0.0,0.0,0.0,251.0,sufficient
72821,PROD003129,WH004,Scotland Warehouse,Glasgow,Scotland,243,0.0,0.0,0.0,243.0,sufficient
72821,PROD003129,WH005,Wales Warehouse,Cardiff,Wales,639,2.0,3.3,0.0,639.0,sufficient
75013B,PROD003131,WH001,Central Warehouse,London,South East,660,24.0,34.8,0.0,660.0,sufficient
75013B,PROD003131,WH002,North Warehouse,Manchester,North West,1323,6.0,9.9,0.0,1323.0,sufficient
75013B,PROD003131,WH003,Midlands Warehouse,Birmingham,West Midlands,512,2.0,3.3,0.0,512.0,sufficient
75013B,PROD003131,WH004,Scotland Warehouse,Glasgow,Scotland,510,3.0,4.95,0.0,510.0,sufficient
75013B,PROD003131,WH005,Wales Warehouse,Cardiff,Wales,1303,7.0,13.33,0.0,1303.0,sufficient
75049L,PROD003132,WH001,Central Warehouse,London,South East,884,33.0,55.769999999999996,9.0,875.0,sufficient
75049L,PROD003132,WH002,North Warehouse,Manchester,North West,557,6.0,12.34,0.0,557.0,sufficient
75049L,PROD003132,WH003,Midlands Warehouse,Birmingham,West Midlands,677,783.0,688.7099999999999,0.0,677.0,sufficient
75049L,PROD003132,WH004,Scotland Warehouse,Glasgow,Scotland,422,8.0,12.42,0.0,422.0,sufficient
75049L,PROD003132,WH005,Wales Warehouse,Cardiff,Wales,733,244.0,247.55999999999997,0.0,733.0,sufficient
75149N,PROD003134,WH001,Central Warehouse,London,South East,712,0.0,0.0,0.0,712.0,sufficient
75149N,PROD003134,WH002,North Warehouse,Manchester,North West,480,12.0,15.0,0.0,480.0,sufficient
75149N,PROD003134,WH003,Midlands Warehouse,Birmingham,West Midlands,840,0.0,0.0,0.0,840.0,sufficient
75149N,PROD003134,WH004,Scotland Warehouse,Glasgow,Scotland,284,0.0,0.0,0.0,284.0,sufficient
75149N,PROD003134,WH005,Wales Warehouse,Cardiff,Wales,155,0.0,0.0,0.0,155.0,sufficient
75178,PROD003136,WH001,Central Warehouse,London,South East,447,0.0,0.0,0.0,447.0,sufficient
75178,PROD003136,WH002,North Warehouse,Manchester,North West,629,0.0,0.0,0.0,629.0,sufficient
75178,PROD003136,WH003,Midlands Warehouse,Birmingham,West Midlands,1634,1.0,2.46,0.0,1634.0,sufficient
75178,PROD003136,WH004,Scotland Warehouse,Glasgow,Scotland,1353,0.0,0.0,0.0,1353.0,sufficient
75178,PROD003136,WH005,Wales Warehouse,Cardiff,Wales,856,1.0,1.25,0.0,856.0,sufficient
77101A,PROD003138,WH001,Central Warehouse,London,South East,417,2.0,3.76,0.0,417.0,sufficient
77101A,PROD003138,WH002,North Warehouse,Manchester,North West,708,29.0,36.25,0.0,708.0,sufficient
77101A,PROD003138,WH003,Midlands Warehouse,Birmingham,West Midlands,660,11.0,13.75,5.0,655.0,sufficient
77101A,PROD003138,WH004,Scotland Warehouse,Glasgow,Scotland,30,0.0,0.0,0.0,30.0,sufficient
77101A,PROD003138,WH005,Wales Warehouse,Cardiff,Wales,439,3.0,3.75,0.0,439.0,sufficient
78033,PROD003139,WH001,Central Warehouse,London,South East,707,0.0,0.0,0.0,707.0,sufficient
78033,PROD003139,WH002,North Warehouse,Manchester,North West,683,0.0,0.0,0.0,683.0,sufficient
78033,PROD003139,WH003,Midlands Warehouse,Birmingham,West Midlands,645,2.0,11.9,0.0,645.0,sufficient
78033,PROD003139,WH004,Scotland Warehouse,Glasgow,Scotland,209,2.0,11.9,0.0,209.0,sufficient
78033,PROD003139,WH005,Wales Warehouse,Cardiff,Wales,160,15.0,0.0,0.0,160.0,sufficient
78124,PROD003140,WH001,Central Warehouse,London,South East,94,0.0,0.0,0.0,94.0,sufficient
78124,PROD003140,WH002,North Warehouse,Manchester,North West,487,1.0,1.25,0.0,487.0,sufficient
78124,PROD003140,WH003,Midlands Warehouse,Birmingham,West Midlands,64,1.0,4.3,0.0,64.0,sufficient
78124,PROD003140,WH004,Scotland Warehouse,Glasgow,Scotland,370,6.0,16.5,0.0,370.0,sufficient
78124,PROD003140,WH005,Wales Warehouse,Cardiff,Wales,16,36.0,54.0,0.0,16.0,sufficient
79000,PROD003141,WH001,Central Warehouse,London,South East,114,78.0,81.78,0.0,114.0,sufficient
79000,PROD003141,WH002,North Warehouse,Manchester,North West,251,408.0,289.2,0.0,251.0,sufficient
79000,PROD003141,WH003,Midlands Warehouse,Birmingham,West Midlands,378,59.0,50.15,0.0,378.0,sufficient
79000,PROD003141,WH004,Scotland Warehouse,Glasgow,Scotland,781,99.0,92.2,0.0,781.0,sufficient
79000,PROD003141,WH005,Wales Warehouse,Cardiff,Wales,439,504.0,342.0,0.0,439.0,sufficient
79029,PROD003143,WH001,Central Warehouse,London,South East,457,60.0,104.86,0.0,457.0,sufficient
79029,PROD003143,WH002,North Warehouse,Manchester,North West,725,22.0,49.67999999999999,0.0,725.0,sufficient
79029,PROD003143,WH003,Midlands Warehouse,Birmingham,West Midlands,32,33.0,64.35,15.0,17.0,sufficient
79029,PROD003143,WH004,Scotland Warehouse,Glasgow,Scotland,883,20.0,43.519999999999996,0.0,883.0,sufficient
79029,PROD003143,WH005,Wales Warehouse,Cardiff,Wales,0,157.0,262.95,0.0,0.0,critical
79030A,PROD003144,WH001,Central Warehouse,London,South East,955,12.0,19.8,0.0,955.0,sufficient
79030A,PROD003144,WH002,North Warehouse,Manchester,North West,1075,0.0,0.0,0.0,1075.0,sufficient
79030A,PROD003144,WH003,Midlands Warehouse,Birmingham,West Midlands,682,0.0,0.0,0.0,682.0,sufficient
79030A,PROD003144,WH004,Scotland Warehouse,Glasgow,Scotland,668,0.0,0.0,0.0,668.0,sufficient
79030A,PROD003144,WH005,Wales Warehouse,Cardiff,Wales,1304,2.0,25.44,0.0,1304.0,sufficient
79030D,PROD003145,WH001,Central Warehouse,London,South East,801,24.0,9.36,0.0,801.0,sufficient
79030D,PROD003145,WH002,North Warehouse,Manchester,North West,773,13.0,17.43,0.0,773.0,sufficient
79030D,PROD003145,WH003,Midlands Warehouse,Birmingham,West Midlands,970,0.0,0.0,0.0,970.0,sufficient
79030D,PROD003145,WH004,Scotland Warehouse,Glasgow,Scotland,275,20.0,17.88,0.0,275.0,sufficient
79030D,PROD003145,WH005,Wales Warehouse,Cardiff,Wales,512,31.0,31.98,0.0,512.0,sufficient
79030G,PROD003146,WH001,Central Warehouse,London,South East,931,1.0,5.79,0.0,931.0,sufficient
79030G,PROD003146,WH002,North Warehouse,Manchester,North West,778,162.0,85.86,0.0,778.0,sufficient
79030G,PROD003146,WH003,Midlands Warehouse,Birmingham,West Midlands,325,24.0,9.36,0.0,325.0,sufficient
79030G,PROD003146,WH004,Scotland Warehouse,Glasgow,Scotland,894,25.0,22.08,0.0,894.0,sufficient
79030G,PROD003146,WH005,Wales Warehouse,Cardiff,Wales,704,66.0,48.42,24.0,680.0,sufficient
79051A,PROD003147,WH001,Central Warehouse,London,South East,960,4.0,2.6,0.0,960.0,sufficient
79051A,PROD003147,WH002,North Warehouse,Manchester,North West,965,0.0,0.0,0.0,965.0,sufficient
79051A,PROD003147,WH003,Midlands Warehouse,Birmingham,West Midlands,691,4.0,2.6,0.0,691.0,sufficient
79051A,PROD003147,WH004,Scotland Warehouse,Glasgow,Scotland,27,0.0,0.0,0.0,27.0,sufficient
79051A,PROD003147,WH005,Wales Warehouse,Cardiff,Wales,830,0.0,0.0,0.0,830.0,sufficient
79144B,PROD003156,WH001,Central Warehouse,London,South East,780,7.0,2.94,0.0,780.0,sufficient
79144B,PROD003156,WH002,North Warehouse,Manchester,North West,750,14.0,6.7,0.0,750.0,sufficient
79144B,PROD003156,WH003,Midlands Warehouse,Birmingham,West Midlands,2,7.0,4.2,0.0,2.0,sufficient
79144B,PROD003156,WH004,Scotland Warehouse,Glasgow,Scotland,946,12.0,9.96,0.0,946.0,sufficient
79144B,PROD003156,WH005,Wales Warehouse,Cardiff,Wales,644,6.0,4.98,0.0,644.0,sufficient
79160,PROD003160,WH001,Central Warehouse,London,South East,492,3.0,7.5600000000000005,1.0,491.0,sufficient
79160,PROD003160,WH002,North Warehouse,Manchester,North West,589,14.0,32.06,6.0,583.0,sufficient
79160,PROD003160,WH003,Midlands Warehouse,Birmingham,West Midlands,531,11.0,23.099999999999998,0.0,531.0,sufficient
79160,PROD003160,WH004,Scotland Warehouse,Glasgow,Scotland,279,56.0,103.24,1.0,278.0,sufficient
79160,PROD003160,WH005,Wales Warehouse,Cardiff,Wales,6,61.0,109.68,0.0,6.0,sufficient
79161A,PROD003161,WH001,Central Warehouse,London,South East,865,0.0,0.0,0.0,865.0,sufficient
79161A,PROD003161,WH002,North Warehouse,Manchester,North West,225,0.0,0.0,0.0,225.0,sufficient
79161A,PROD003161,WH003,Midlands Warehouse,Birmingham,West Midlands,420,0.0,0.0,0.0,420.0,sufficient
79161A,PROD003161,WH004,Scotland Warehouse,Glasgow,Scotland,1510,2.0,5.9,0.0,1510.0,sufficient
79161A,PROD003161,WH005,Wales Warehouse,Cardiff,Wales,840,0.0,0.0,0.0,840.0,sufficient
79163,PROD003162,WH001,Central Warehouse,London,South East,641,14.0,23.1,0.0,641.0,sufficient
79163,PROD003162,WH002,North Warehouse,Manchester,North West,81,0.0,0.0,0.0,81.0,sufficient
79163,PROD003162,WH003,Midlands Warehouse,Birmingham,West Midlands,820,6.0,2.34,0.0,820.0,sufficient
79163,PROD003162,WH004,Scotland Warehouse,Glasgow,Scotland,229,288.0,204.4,0.0,229.0,sufficient
79163,PROD003162,WH005,Wales Warehouse,Cardiff,Wales,79,66.0,33.3,6.0,73.0,sufficient
79164,PROD003163,WH001,Central Warehouse,London,South East,392,0.0,0.0,0.0,392.0,sufficient
79164,PROD003163,WH002,North Warehouse,Manchester,North West,626,6.0,9.9,0.0,626.0,sufficient
79164,PROD003163,WH003,Midlands Warehouse,Birmingham,West Midlands,676,36.0,54.599999999999994,24.0,652.0,sufficient
79164,PROD003163,WH004,Scotland Warehouse,Glasgow,Scotland,745,96.0,139.2,0.0,745.0,sufficient
79164,PROD003163,WH005,Wales Warehouse,Cardiff,Wales,172,56.0,71.08,0.0,172.0,sufficient
79172D,PROD003164,WH001,Central Warehouse,London,South East,481,0.0,0.0,0.0,481.0,sufficient
79172D,PROD003164,WH002,North Warehouse,Manchester,North West,252,0.0,0.0,0.0,252.0,sufficient
79172D,PROD003164,WH003,Midlands Warehouse,Birmingham,West Midlands,473,0.0,0.0,0.0,473.0,sufficient
79172D,PROD003164,WH004,Scotland Warehouse,Glasgow,Scotland,290,0.0,0.0,0.0,290.0,sufficient
79172D,PROD003164,WH005,Wales Warehouse,Cardiff,Wales,813,0.0,0.0,0.0,813.0,sufficient
79190B,PROD003166,WH001,Central Warehouse,London,South East,354,33.0,15.809999999999999,0.0,354.0,sufficient
79190B,PROD003166,WH002,North Warehouse,Manchester,North West,318,26.0,10.92,0.0,318.0,sufficient
79190B,PROD003166,WH003,Midlands Warehouse,Birmingham,West Midlands,679,16.0,7.13,0.0,679.0,sufficient
79190B,PROD003166,WH004,Scotland Warehouse,Glasgow,Scotland,498,3.0,2.55,0.0,498.0,sufficient
79190B,PROD003166,WH005,Wales Warehouse,Cardiff,Wales,662,7.0,5.949999999999999,0.0,662.0,sufficient
79191D,PROD003170,WH001,Central Warehouse,London,South East,812,21.0,17.85,0.0,812.0,sufficient
79191D,PROD003170,WH002,North Warehouse,Manchester,North West,770,13.0,11.829999999999998,0.0,770.0,sufficient
79191D,PROD003170,WH003,Midlands Warehouse,Birmingham,West Midlands,170,0.0,0.0,0.0,170.0,sufficient
79191D,PROD003170,WH004,Scotland Warehouse,Glasgow,Scotland,88,2.0,3.32,0.0,88.0,sufficient
79191D,PROD003170,WH005,Wales Warehouse,Cardiff,Wales,274,1.0,1.7,0.0,274.0,sufficient
79323W,PROD003188,WH001,Central Warehouse,London,South East,919,68.0,417.40000000000003,22.0,897.0,sufficient
79323W,PROD003188,WH002,North Warehouse,Manchester,North West,890,103.0,577.27,0.0,890.0,sufficient
79323W,PROD003188,WH003,Midlands Warehouse,Birmingham,West Midlands,583,62.0,356.1,0.0,583.0,sufficient
79323W,PROD003188,WH004,Scotland Warehouse,Glasgow,Scotland,28,33.0,191.55,0.0,28.0,sufficient
79323W,PROD003188,WH005,Wales Warehouse,Cardiff,Wales,103,68.0,391.40000000000003,0.0,103.0,sufficient
79337,PROD003192,WH001,Central Warehouse,London,South East,830,48.0,18.24,0.0,830.0,sufficient
79337,PROD003192,WH002,North Warehouse,Manchester,North West,326,289.0,112.8,0.0,326.0,sufficient
79337,PROD003192,WH003,Midlands Warehouse,Birmingham,West Midlands,262,96.0,36.48,0.0,262.0,sufficient
79337,PROD003192,WH004,Scotland Warehouse,Glasgow,Scotland,13,0.0,0.0,0.0,13.0,sufficient
79337,PROD003192,WH005,Wales Warehouse,Cardiff,Wales,977,0.0,0.0,0.0,977.0,sufficient
79338,PROD003193,WH001,Central Warehouse,London,South East,104,48.0,18.24,0.0,104.0,sufficient
79338,PROD003193,WH002,North Warehouse,Manchester,North West,680,48.0,18.24,0.0,680.0,sufficient
79338,PROD003193,WH003,Midlands Warehouse,Birmingham,West Midlands,982,0.0,0.0,0.0,982.0,sufficient
79338,PROD003193,WH004,Scotland Warehouse,Glasgow,Scotland,804,0.0,0.0,0.0,804.0,sufficient
79338,PROD003193,WH005,Wales Warehouse,Cardiff,Wales,144,0.0,0.0,0.0,144.0,sufficient
79342B,PROD003195,WH001,Central Warehouse,London,South East,777,8.0,54.0,0.0,777.0,sufficient
79342B,PROD003195,WH002,North Warehouse,Manchester,North West,869,0.0,0.0,0.0,869.0,sufficient
79342B,PROD003195,WH003,Midlands Warehouse,Birmingham,West Midlands,949,3.0,20.25,0.0,949.0,sufficient
79342B,PROD003195,WH004,Scotland Warehouse,Glasgow,Scotland,234,0.0,0.0,0.0,234.0,sufficient
79342B,PROD003195,WH005,Wales Warehouse,Cardiff,Wales,45,6.0,40.5,0.0,45.0,sufficient
79403,PROD003196,WH001,Central Warehouse,London,South East,904,11.0,10.129999999999999,10.0,894.0,sufficient
79403,PROD003196,WH002,North Warehouse,Manchester,North West,833,14.0,11.899999999999999,0.0,833.0,sufficient
79403,PROD003196,WH003,Midlands Warehouse,Birmingham,West Midlands,689,12.0,10.2,0.0,689.0,sufficient
79403,PROD003196,WH004,Scotland Warehouse,Glasgow,Scotland,531,4.0,3.4,0.0,531.0,sufficient
79403,PROD003196,WH005,Wales Warehouse,Cardiff,Wales,907,0.0,0.0,0.0,907.0,sufficient
79406,PROD003197,WH001,Central Warehouse,London,South East,740,0.0,0.0,0.0,740.0,sufficient
79406,PROD003197,WH002,North Warehouse,Manchester,North West,317,3.0,2.49,0.0,317.0,sufficient
79406,PROD003197,WH003,Midlands Warehouse,Birmingham,West Midlands,508,0.0,0.0,0.0,508.0,sufficient
79406,PROD003197,WH004,Scotland Warehouse,Glasgow,Scotland,387,12.0,2.64,0.0,387.0,sufficient
79406,PROD003197,WH005,Wales Warehouse,Cardiff,Wales,417,12.0,2.64,0.0,417.0,sufficient
79532,PROD003199,WH001,Central Warehouse,London,South East,600,6.0,7.5,0.0,600.0,sufficient
79532,PROD003199,WH002,North Warehouse,Manchester,North West,165,0.0,0.0,0.0,165.0,sufficient
79532,PROD003199,WH003,Midlands Warehouse,Birmingham,West Midlands,578,0.0,0.0,0.0,578.0,sufficient
79532,PROD003199,WH004,Scotland Warehouse,Glasgow,Scotland,72,0.0,0.0,0.0,72.0,sufficient
79532,PROD003199,WH005,Wales Warehouse,Cardiff,Wales,533,0.0,0.0,0.0,533.0,sufficient
81950B,PROD003201,WH001,Central Warehouse,London,South East,782,0.0,0.0,0.0,782.0,sufficient
81950B,PROD003201,WH002,North Warehouse,Manchester,North West,630,4.0,4.21,0.0,630.0,sufficient
81950B,PROD003201,WH003,Midlands Warehouse,Birmingham,West Midlands,484,10.0,8.5,0.0,484.0,sufficient
81950B,PROD003201,WH004,Scotland Warehouse,Glasgow,Scotland,520,7.0,5.39,0.0,520.0,sufficient
81950B,PROD003201,WH005,Wales Warehouse,Cardiff,Wales,471,1.0,0.29,0.0,471.0,sufficient
81950V,PROD003202,WH001,Central Warehouse,London,South East,375,0.0,0.0,0.0,375.0,sufficient
81950V,PROD003202,WH002,North Warehouse,Manchester,North West,659,0.0,0.0,0.0,659.0,sufficient
81950V,PROD003202,WH003,Midlands Warehouse,Birmingham,West Midlands,947,0.0,0.0,0.0,947.0,sufficient
81950V,PROD003202,WH004,Scotland Warehouse,Glasgow,Scotland,907,0.0,0.0,0.0,907.0,sufficient
81950V,PROD003202,WH005,Wales Warehouse,Cardiff,Wales,625,1.0,0.85,0.0,625.0,sufficient
81952B,PROD003203,WH001,Central Warehouse,London,South East,355,0.0,0.0,0.0,355.0,sufficient
81952B,PROD003203,WH002,North Warehouse,Manchester,North West,1148,20.0,12.8,0.0,1148.0,sufficient
81952B,PROD003203,WH003,Midlands Warehouse,Birmingham,West Midlands,1248,10.0,8.5,0.0,1248.0,sufficient
81952B,PROD003203,WH004,Scotland Warehouse,Glasgow,Scotland,977,0.0,0.0,0.0,977.0,sufficient
81952B,PROD003203,WH005,Wales Warehouse,Cardiff,Wales,1277,0.0,0.0,0.0,1277.0,sufficient
81985A,PROD003205,WH001,Central Warehouse,London,South East,550,0.0,0.0,0.0,550.0,sufficient
81985A,PROD003205,WH002,North Warehouse,Manchester,North West,850,0.0,0.0,0.0,850.0,sufficient
81985A,PROD003205,WH003,Midlands Warehouse,Birmingham,West Midlands,968,0.0,0.0,0.0,968.0,sufficient
81985A,PROD003205,WH004,Scotland Warehouse,Glasgow,Scotland,985,0.0,0.0,0.0,985.0,sufficient
81985A,PROD003205,WH005,Wales Warehouse,Cardiff,Wales,699,0.0,0.0,0.0,699.0,sufficient
82001s,PROD003207,WH001,Central Warehouse,London,South East,346,1.0,7.46,0.0,346.0,sufficient
82001s,PROD003207,WH002,North Warehouse,Manchester,North West,804,0.0,0.0,0.0,804.0,sufficient
82001s,PROD003207,WH003,Midlands Warehouse,Birmingham,West Midlands,542,0.0,0.0,0.0,542.0,sufficient
82001s,PROD003207,WH004,Scotland Warehouse,Glasgow,Scotland,228,3.0,22.38,0.0,228.0,sufficient
82001s,PROD003207,WH005,Wales Warehouse,Cardiff,Wales,726,0.0,0.0,0.0,726.0,sufficient
82011A,PROD003208,WH001,Central Warehouse,London,South East,37,0.0,0.0,0.0,37.0,sufficient
82011A,PROD003208,WH002,North Warehouse,Manchester,North West,348,1.0,3.75,0.0,348.0,sufficient
82011A,PROD003208,WH003,Midlands Warehouse,Birmingham,West Midlands,37,2.0,7.5,0.0,37.0,sufficient
82011A,PROD003208,WH004,Scotland Warehouse,Glasgow,Scotland,605,0.0,0.0,0.0,605.0,sufficient
82011A,PROD003208,WH005,Wales Warehouse,Cardiff,Wales,981,1.0,7.62,0.0,981.0,sufficient
82011C,PROD003210,WH001,Central Warehouse,London,South East,128,10.0,29.5,0.0,128.0,sufficient
82011C,PROD003210,WH002,North Warehouse,Manchester,North West,868,0.0,0.0,0.0,868.0,sufficient
82011C,PROD003210,WH003,Midlands Warehouse,Birmingham,West Midlands,569,1.0,3.75,0.0,569.0,sufficient
82011C,PROD003210,WH004,Scotland Warehouse,Glasgow,Scotland,612,0.0,0.0,0.0,612.0,sufficient
82011C,PROD003210,WH005,Wales Warehouse,Cardiff,Wales,987,4.0,15.0,0.0,987.0,sufficient
82095,PROD003213,WH001,Central Warehouse,London,South East,495,2.0,15.3,0.0,495.0,sufficient
82095,PROD003213,WH002,North Warehouse,Manchester,North West,142,2.0,9.92,0.0,142.0,sufficient
82095,PROD003213,WH003,Midlands Warehouse,Birmingham,West Midlands,596,3.0,20.26,0.0,596.0,sufficient
82095,PROD003213,WH004,Scotland Warehouse,Glasgow,Scotland,583,0.0,0.0,0.0,583.0,sufficient
82095,PROD003213,WH005,Wales Warehouse,Cardiff,Wales,31,1.0,4.96,0.0,31.0,sufficient
82483,PROD003215,WH001,Central Warehouse,London,South East,985,222.0,1305.46,0.0,985.0,sufficient
82483,PROD003215,WH002,North Warehouse,Manchester,North West,261,81.0,462.72,16.0,245.0,sufficient
82483,PROD003215,WH003,Midlands Warehouse,Birmingham,West Midlands,407,54.0,335.86,0.0,407.0,sufficient
82483,PROD003215,WH004,Scotland Warehouse,Glasgow,Scotland,746,88.0,545.14,1.0,745.0,sufficient
82483,PROD003215,WH005,Wales Warehouse,Cardiff,Wales,232,75.0,436.78000000000003,6.0,226.0,sufficient
82484,PROD003216,WH001,Central Warehouse,London,South East,850,64.0,441.22,2.0,848.0,sufficient
82484,PROD003216,WH002,North Warehouse,Manchester,North West,139,85.0,582.99,1.0,138.0,sufficient
82484,PROD003216,WH003,Midlands Warehouse,Birmingham,West Midlands,131,104.0,685.12,13.0,118.0,sufficient
82484,PROD003216,WH004,Scotland Warehouse,Glasgow,Scotland,19,685.0,3446.11,0.0,19.0,sufficient
82484,PROD003216,WH005,Wales Warehouse,Cardiff,Wales,851,93.0,593.53,2.0,849.0,sufficient
82494L,PROD003218,WH001,Central Warehouse,London,South East,426,145.0,438.62,4.0,422.0,sufficient
82494L,PROD003218,WH002,North Warehouse,Manchester,North West,748,276.0,806.97,5.0,743.0,sufficient
82494L,PROD003218,WH003,Midlands Warehouse,Birmingham,West Midlands,869,233.0,665.17,6.0,863.0,sufficient
82494L,PROD003218,WH004,Scotland Warehouse,Glasgow,Scotland,723,251.0,731.22,6.0,717.0,sufficient
82494L,PROD003218,WH005,Wales Warehouse,Cardiff,Wales,827,408.0,1109.45,24.0,803.0,sufficient
82578,PROD003224,WH001,Central Warehouse,London,South East,232,118.0,68.52,0.0,232.0,sufficient
82578,PROD003224,WH002,North Warehouse,Manchester,North West,1201,68.0,40.99,10.0,1191.0,sufficient
82578,PROD003224,WH003,Midlands Warehouse,Birmingham,West Midlands,797,91.0,54.3,0.0,797.0,sufficient
82578,PROD003224,WH004,Scotland Warehouse,Glasgow,Scotland,848,63.0,38.94,2.0,846.0,sufficient
82578,PROD003224,WH005,Wales Warehouse,Cardiff,Wales,806,60.0,36.53,0.0,806.0,sufficient
82580,PROD003225,WH001,Central Warehouse,London,South East,80,107.0,66.15,4.0,76.0,sufficient
82580,PROD003225,WH002,North Warehouse,Manchester,North West,78,415.0,237.47,20.0,58.0,sufficient
82580,PROD003225,WH003,Midlands Warehouse,Birmingham,West Midlands,392,340.0,166.09,0.0,392.0,sufficient
82580,PROD003225,WH004,Scotland Warehouse,Glasgow,Scotland,278,210.0,124.05,2.0,276.0,sufficient
82580,PROD003225,WH005,Wales Warehouse,Cardiff,Wales,636,222.0,133.45,4.0,632.0,sufficient
82581,PROD003226,WH001,Central Warehouse,London,South East,949,179.0,101.34,1.0,948.0,sufficient
82581,PROD003226,WH002,North Warehouse,Manchester,North West,518,241.0,161.33,0.0,518.0,sufficient
82581,PROD003226,WH003,Midlands Warehouse,Birmingham,West Midlands,959,338.0,157.02,2.0,957.0,sufficient
82581,PROD003226,WH004,Scotland Warehouse,Glasgow,Scotland,281,66.0,42.8,3.0,278.0,sufficient
82581,PROD003226,WH005,Wales Warehouse,Cardiff,Wales,961,111.0,65.4,24.0,937.0,sufficient
82587,PROD003230,WH001,Central Warehouse,London,South East,201,0.0,0.0,0.0,201.0,sufficient
82587,PROD003230,WH002,North Warehouse,Manchester,North West,730,0.0,0.0,0.0,730.0,sufficient
82587,PROD003230,WH003,Midlands Warehouse,Birmingham,West Midlands,421,4.0,5.0,0.0,421.0,sufficient
82587,PROD003230,WH004,Scotland Warehouse,Glasgow,Scotland,376,2.0,2.5,2.0,374.0,sufficient
82587,PROD003230,WH005,Wales Warehouse,Cardiff,Wales,75,12.0,15.0,0.0,75.0,sufficient
82597,PROD003231,WH001,Central Warehouse,London,South East,1289,26.0,58.82,0.0,1289.0,sufficient
82597,PROD003231,WH002,North Warehouse,Manchester,North West,1167,25.0,54.61,0.0,1167.0,sufficient
82597,PROD003231,WH003,Midlands Warehouse,Birmingham,West Midlands,597,33.0,69.3,0.0,597.0,sufficient
82597,PROD003231,WH004,Scotland Warehouse,Glasgow,Scotland,1532,13.0,29.41,0.0,1532.0,sufficient
82597,PROD003231,WH005,Wales Warehouse,Cardiff,Wales,1693,13.0,12.600000000000001,0.0,1693.0,sufficient
82599,PROD003232,WH001,Central Warehouse,London,South East,159,32.0,71.42,0.0,159.0,sufficient
82599,PROD003232,WH002,North Warehouse,Manchester,North West,852,24.0,71.42999999999999,0.0,852.0,sufficient
82599,PROD003232,WH003,Midlands Warehouse,Birmingham,West Midlands,531,31.0,73.63,12.0,519.0,sufficient
82599,PROD003232,WH004,Scotland Warehouse,Glasgow,Scotland,992,72.0,135.74,1.0,991.0,sufficient
82599,PROD003232,WH005,Wales Warehouse,Cardiff,Wales,99,23.0,54.63,0.0,99.0,sufficient
82605,PROD003234,WH001,Central Warehouse,London,South East,665,15.0,31.5,0.0,665.0,sufficient
82605,PROD003234,WH002,North Warehouse,Manchester,North West,510,3.0,6.300000000000001,0.0,510.0,sufficient
82605,PROD003234,WH003,Midlands Warehouse,Birmingham,West Midlands,232,4.0,7.960000000000001,0.0,232.0,sufficient
82605,PROD003234,WH004,Scotland Warehouse,Glasgow,Scotland,752,2.0,4.2,0.0,752.0,sufficient
82605,PROD003234,WH005,Wales Warehouse,Cardiff,Wales,586,4.0,9.309999999999999,0.0,586.0,sufficient
82613D,PROD003241,WH001,Central Warehouse,London,South East,684,49.0,28.05,0.0,684.0,sufficient
82613D,PROD003241,WH002,North Warehouse,Manchester,North West,778,5.0,7.569999999999999,0.0,778.0,sufficient
82613D,PROD003241,WH003,Midlands Warehouse,Birmingham,West Midlands,893,33.0,27.12,20.0,873.0,sufficient
82613D,PROD003241,WH004,Scotland Warehouse,Glasgow,Scotland,851,22.0,27.23,2.0,849.0,sufficient
82613D,PROD003241,WH005,Wales Warehouse,Cardiff,Wales,230,31.0,30.990000000000002,0.0,230.0,sufficient
82613c,PROD003242,WH001,Central Warehouse,London,South East,928,0.0,0.0,0.0,928.0,sufficient
82613c,PROD003242,WH002,North Warehouse,Manchester,North West,124,0.0,0.0,0.0,124.0,sufficient
82613c,PROD003242,WH003,Midlands Warehouse,Birmingham,West Midlands,591,1.0,2.51,0.0,591.0,sufficient
82613c,PROD003242,WH004,Scotland Warehouse,Glasgow,Scotland,106,0.0,0.0,0.0,106.0,sufficient
82613c,PROD003242,WH005,Wales Warehouse,Cardiff,Wales,260,1.0,2.51,0.0,260.0,sufficient
82616A,PROD003244,WH001,Central Warehouse,London,South East,975,0.0,0.0,0.0,975.0,sufficient
82616A,PROD003244,WH002,North Warehouse,Manchester,North West,844,0.0,0.0,0.0,844.0,sufficient
82616A,PROD003244,WH003,Midlands Warehouse,Birmingham,West Midlands,67,0.0,0.0,0.0,67.0,sufficient
82616A,PROD003244,WH004,Scotland Warehouse,Glasgow,Scotland,81,6.0,17.7,0.0,81.0,sufficient
82616A,PROD003244,WH005,Wales Warehouse,Cardiff,Wales,37,7.0,20.65,0.0,37.0,sufficient
84010,PROD003249,WH001,Central Warehouse,London,South East,56,0.0,0.0,0.0,56.0,sufficient
84010,PROD003249,WH002,North Warehouse,Manchester,North West,375,0.0,0.0,0.0,375.0,sufficient
84010,PROD003249,WH003,Midlands Warehouse,Birmingham,West Midlands,449,0.0,0.0,0.0,449.0,sufficient
84010,PROD003249,WH004,Scotland Warehouse,Glasgow,Scotland,398,0.0,0.0,0.0,398.0,sufficient
84010,PROD003249,WH005,Wales Warehouse,Cardiff,Wales,666,0.0,0.0,0.0,666.0,sufficient
84012,PROD003250,WH001,Central Warehouse,London,South East,809,2.0,1.7,0.0,809.0,sufficient
84012,PROD003250,WH002,North Warehouse,Manchester,North West,730,0.0,0.0,0.0,730.0,sufficient
84012,PROD003250,WH003,Midlands Warehouse,Birmingham,West Midlands,838,73.0,153.75,0.0,838.0,sufficient
84012,PROD003250,WH004,Scotland Warehouse,Glasgow,Scotland,787,21.0,52.28,0.0,787.0,sufficient
84012,PROD003250,WH005,Wales Warehouse,Cardiff,Wales,715,1.0,2.55,0.0,715.0,sufficient
84029D,PROD003253,WH001,Central Warehouse,London,South East,869,2.0,15.56,0.0,869.0,sufficient
84029D,PROD003253,WH002,North Warehouse,Manchester,North West,81,0.0,0.0,0.0,81.0,sufficient
84029D,PROD003253,WH003,Midlands Warehouse,Birmingham,West Midlands,310,0.0,0.0,0.0,310.0,sufficient
84029D,PROD003253,WH004,Scotland Warehouse,Glasgow,Scotland,709,0.0,0.0,0.0,709.0,sufficient
84029D,PROD003253,WH005,Wales Warehouse,Cardiff,Wales,552,1.0,3.75,1.0,551.0,sufficient
84029E,PROD003254,WH001,Central Warehouse,London,South East,199,133.0,496.3,5.0,194.0,sufficient
84029E,PROD003254,WH002,North Warehouse,Manchester,North West,115,365.0,1406.9,0.0,115.0,sufficient
84029E,PROD003254,WH003,Midlands Warehouse,Birmingham,West Midlands,309,146.0,582.89,0.0,309.0,sufficient
84029E,PROD003254,WH004,Scotland Warehouse,Glasgow,Scotland,5,137.0,543.32,28.0,-23.0,critical
84029E,PROD003254,WH005,Wales Warehouse,Cardiff,Wales,481,58.0,225.74,0.0,481.0,sufficient
84030B,PROD003256,WH001,Central Warehouse,London,South East,40,2.0,7.5,0.0,40.0,sufficient
84030B,PROD003256,WH002,North Warehouse,Manchester,North West,384,0.0,0.0,0.0,384.0,sufficient
84030B,PROD003256,WH003,Midlands Warehouse,Birmingham,West Midlands,294,0.0,0.0,0.0,294.0,sufficient
84030B,PROD003256,WH004,Scotland Warehouse,Glasgow,Scotland,612,0.0,0.0,0.0,612.0,sufficient
84030B,PROD003256,WH005,Wales Warehouse,Cardiff,Wales,729,0.0,0.0,0.0,729.0,sufficient
84030c,PROD003259,WH001,Central Warehouse,London,South East,668,0.0,0.0,0.0,668.0,sufficient
84030c,PROD003259,WH002,North Warehouse,Manchester,North West,442,2.0,15.56,0.0,442.0,sufficient
84030c,PROD003259,WH003,Midlands Warehouse,Birmingham,West Midlands,526,0.0,0.0,0.0,526.0,sufficient
84030c,PROD003259,WH004,Scotland Warehouse,Glasgow,Scotland,64,0.0,0.0,0.0,64.0,sufficient
84030c,PROD003259,WH005,Wales Warehouse,Cardiff,Wales,187,0.0,0.0,0.0,187.0,sufficient
84031B,PROD003262,WH001,Central Warehouse,London,South East,773,10.0,72.11,0.0,773.0,sufficient
84031B,PROD003262,WH002,North Warehouse,Manchester,North West,708,8.0,33.72,0.0,708.0,sufficient
84031B,PROD003262,WH003,Midlands Warehouse,Birmingham,West Midlands,43,8.0,38.12,0.0,43.0,sufficient
84031B,PROD003262,WH004,Scotland Warehouse,Glasgow,Scotland,11,43.0,165.48,0.0,11.0,sufficient
84031B,PROD003262,WH005,Wales Warehouse,Cardiff,Wales,115,7.0,29.669999999999998,0.0,115.0,sufficient
84031b,PROD003263,WH001,Central Warehouse,London,South East,756,0.0,0.0,0.0,756.0,sufficient
84031b,PROD003263,WH002,North Warehouse,Manchester,North West,112,1.0,16.63,0.0,112.0,sufficient
84031b,PROD003263,WH003,Midlands Warehouse,Birmingham,West Midlands,619,0.0,0.0,0.0,619.0,sufficient
84031b,PROD003263,WH004,Scotland Warehouse,Glasgow,Scotland,674,0.0,0.0,0.0,674.0,sufficient
84031b,PROD003263,WH005,Wales Warehouse,Cardiff,Wales,999,0.0,0.0,0.0,999.0,sufficient
84032B,PROD003265,WH001,Central Warehouse,London,South East,581,62.0,135.72,72.0,509.0,sufficient
84032B,PROD003265,WH002,North Warehouse,Manchester,North West,599,44.0,123.62,2.0,597.0,sufficient
84032B,PROD003265,WH003,Midlands Warehouse,Birmingham,West Midlands,186,26.0,87.56,0.0,186.0,sufficient
84032B,PROD003265,WH004,Scotland Warehouse,Glasgow,Scotland,844,51.0,95.18,0.0,844.0,sufficient
84032B,PROD003265,WH005,Wales Warehouse,Cardiff,Wales,747,61.0,102.53,1.0,746.0,sufficient
84033,PROD003266,WH001,Central Warehouse,London,South East,945,30.0,49.5,0.0,945.0,sufficient
84033,PROD003266,WH002,North Warehouse,Manchester,North West,281,12.0,19.8,0.0,281.0,sufficient
84033,PROD003266,WH003,Midlands Warehouse,Birmingham,West Midlands,797,0.0,0.0,0.0,797.0,sufficient
84033,PROD003266,WH004,Scotland Warehouse,Glasgow,Scotland,322,20.0,33.0,0.0,322.0,sufficient
84033,PROD003266,WH005,Wales Warehouse,Cardiff,Wales,342,30.0,49.5,0.0,342.0,sufficient
84051,PROD003268,WH001,Central Warehouse,London,South East,545,0.0,0.0,0.0,545.0,sufficient
84051,PROD003268,WH002,North Warehouse,Manchester,North West,508,2.0,1.7,0.0,508.0,sufficient
84051,PROD003268,WH003,Midlands Warehouse,Birmingham,West Midlands,128,10.0,8.5,0.0,128.0,sufficient
84051,PROD003268,WH004,Scotland Warehouse,Glasgow,Scotland,187,11.0,9.35,0.0,187.0,sufficient
84051,PROD003268,WH005,Wales Warehouse,Cardiff,Wales,649,5.0,8.3,0.0,649.0,sufficient
84192,PROD003273,WH001,Central Warehouse,London,South East,945,10.0,12.5,0.0,945.0,sufficient
84192,PROD003273,WH002,North Warehouse,Manchester,North West,838,1.0,1.25,0.0,838.0,sufficient
84192,PROD003273,WH003,Midlands Warehouse,Birmingham,West Midlands,1555,3.0,3.75,0.0,1555.0,sufficient
84192,PROD003273,WH004,Scotland Warehouse,Glasgow,Scotland,998,0.0,0.0,0.0,998.0,sufficient
84192,PROD003273,WH005,Wales Warehouse,Cardiff,Wales,1685,9.0,11.25,0.0,1685.0,sufficient
84199,PROD003274,WH001,Central Warehouse,London,South East,249,8.0,1.68,0.0,249.0,sufficient
84199,PROD003274,WH002,North Warehouse,Manchester,North West,678,2.0,0.42,0.0,678.0,sufficient
84199,PROD003274,WH003,Midlands Warehouse,Birmingham,West Midlands,306,5.0,1.05,0.0,306.0,sufficient
84199,PROD003274,WH004,Scotland Warehouse,Glasgow,Scotland,894,1.0,0.21,0.0,894.0,sufficient
84199,PROD003274,WH005,Wales Warehouse,Cardiff,Wales,581,480.0,0.0,0.0,581.0,sufficient
84206A,PROD003276,WH001,Central Warehouse,London,South East,1482,0.0,0.0,0.0,1482.0,sufficient
84206A,PROD003276,WH002,North Warehouse,Manchester,North West,1675,6.0,1.14,0.0,1675.0,sufficient
84206A,PROD003276,WH003,Midlands Warehouse,Birmingham,West Midlands,211,12.0,2.28,0.0,211.0,sufficient
84206A,PROD003276,WH004,Scotland Warehouse,Glasgow,Scotland,1124,0.0,0.0,0.0,1124.0,sufficient
84206A,PROD003276,WH005,Wales Warehouse,Cardiff,Wales,1070,0.0,0.0,0.0,1070.0,sufficient
84212,PROD003277,WH001,Central Warehouse,London,South East,690,181.0,122.05999999999999,0.0,690.0,sufficient
84212,PROD003277,WH002,North Warehouse,Manchester,North West,66,282.0,183.29999999999998,12.0,54.0,sufficient
84212,PROD003277,WH003,Midlands Warehouse,Birmingham,West Midlands,912,240.0,156.0,0.0,912.0,sufficient
84212,PROD003277,WH004,Scotland Warehouse,Glasgow,Scotland,225,192.0,124.8,48.0,177.0,sufficient
84212,PROD003277,WH005,Wales Warehouse,Cardiff,Wales,419,139.0,90.35,0.0,419.0,sufficient
84218,PROD003278,WH001,Central Warehouse,London,South East,202,0.0,0.0,0.0,202.0,sufficient
84218,PROD003278,WH002,North Warehouse,Manchester,North West,921,1.0,1.95,1.0,920.0,sufficient
84218,PROD003278,WH003,Midlands Warehouse,Birmingham,West Midlands,51,1.0,1.95,0.0,51.0,sufficient
84218,PROD003278,WH004,Scotland Warehouse,Glasgow,Scotland,912,0.0,0.0,1.0,911.0,sufficient
84218,PROD003278,WH005,Wales Warehouse,Cardiff,Wales,855,1.0,1.95,0.0,855.0,sufficient
84219,PROD003279,WH001,Central Warehouse,London,South East,492,3.0,5.1,1.0,491.0,sufficient
84219,PROD003279,WH002,North Warehouse,Manchester,North West,590,0.0,0.0,0.0,590.0,sufficient
84219,PROD003279,WH003,Midlands Warehouse,Birmingham,West Midlands,17,5.0,12.75,5.0,12.0,sufficient
84219,PROD003279,WH004,Scotland Warehouse,Glasgow,Scotland,690,0.0,0.0,0.0,690.0,sufficient
84219,PROD003279,WH005,Wales Warehouse,Cardiff,Wales,644,0.0,0.0,0.0,644.0,sufficient
84226,PROD003280,WH001,Central Warehouse,London,South East,971,0.0,0.0,0.0,971.0,sufficient
84226,PROD003280,WH002,North Warehouse,Manchester,North West,110,0.0,0.0,0.0,110.0,sufficient
84226,PROD003280,WH003,Midlands Warehouse,Birmingham,West Midlands,96,0.0,0.0,0.0,96.0,sufficient
84226,PROD003280,WH004,Scotland Warehouse,Glasgow,Scotland,813,0.0,0.0,0.0,813.0,sufficient
84226,PROD003280,WH005,Wales Warehouse,Cardiff,Wales,580,0.0,0.0,0.0,580.0,sufficient
84228,PROD003282,WH001,Central Warehouse,London,South East,976,2.0,1.72,0.0,976.0,sufficient
84228,PROD003282,WH002,North Warehouse,Manchester,North West,822,0.0,0.0,0.0,822.0,sufficient
84228,PROD003282,WH003,Midlands Warehouse,Birmingham,West Midlands,244,2.0,0.84,0.0,244.0,sufficient
84228,PROD003282,WH004,Scotland Warehouse,Glasgow,Scotland,774,0.0,0.0,0.0,774.0,sufficient
84228,PROD003282,WH005,Wales Warehouse,Cardiff,Wales,925,12.0,5.04,0.0,925.0,sufficient
84231,PROD003283,WH001,Central Warehouse,London,South East,486,2.0,1.3,0.0,486.0,sufficient
84231,PROD003283,WH002,North Warehouse,Manchester,North West,414,2.0,2.98,0.0,414.0,sufficient
84231,PROD003283,WH003,Midlands Warehouse,Birmingham,West Midlands,299,12.0,7.8,0.0,299.0,sufficient
84231,PROD003283,WH004,Scotland Warehouse,Glasgow,Scotland,111,12.0,7.8,0.0,111.0,sufficient
84231,PROD003283,WH005,Wales Warehouse,Cardiff,Wales,843,0.0,0.0,0.0,843.0,sufficient
84247G,PROD003286,WH001,Central Warehouse,London,South East,471,37.0,15.95,0.0,471.0,sufficient
84247G,PROD003286,WH002,North Warehouse,Manchester,North West,911,48.0,20.16,0.0,911.0,sufficient
84247G,PROD003286,WH003,Midlands Warehouse,Birmingham,West Midlands,482,72.0,30.240000000000002,0.0,482.0,sufficient
84247G,PROD003286,WH004,Scotland Warehouse,Glasgow,Scotland,277,24.0,10.08,0.0,277.0,sufficient
84247G,PROD003286,WH005,Wales Warehouse,Cardiff,Wales,195,84.0,30.24,0.0,195.0,sufficient
84247H,PROD003287,WH001,Central Warehouse,London,South East,682,0.0,0.0,0.0,682.0,sufficient
84247H,PROD003287,WH002,North Warehouse,Manchester,North West,612,0.0,0.0,0.0,612.0,sufficient
84247H,PROD003287,WH003,Midlands Warehouse,Birmingham,West Midlands,561,1.0,2.95,0.0,561.0,sufficient
84247H,PROD003287,WH004,Scotland Warehouse,Glasgow,Scotland,519,0.0,0.0,0.0,519.0,sufficient
84247H,PROD003287,WH005,Wales Warehouse,Cardiff,Wales,180,0.0,0.0,0.0,180.0,sufficient
84247L,PROD003289,WH001,Central Warehouse,London,South East,809,27.0,12.629999999999999,0.0,809.0,sufficient
84247L,PROD003289,WH002,North Warehouse,Manchester,North West,262,26.0,11.77,0.0,262.0,sufficient
84247L,PROD003289,WH003,Midlands Warehouse,Birmingham,West Midlands,62,37.0,15.969999999999999,0.0,62.0,sufficient
84247L,PROD003289,WH004,Scotland Warehouse,Glasgow,Scotland,776,24.0,10.08,0.0,776.0,sufficient
84247L,PROD003289,WH005,Wales Warehouse,Cardiff,Wales,696,40.0,18.48,0.0,696.0,sufficient
84247N,PROD003290,WH001,Central Warehouse,London,South East,738,3.0,4.63,0.0,738.0,sufficient
84247N,PROD003290,WH002,North Warehouse,Manchester,North West,789,0.0,0.0,0.0,789.0,sufficient
84247N,PROD003290,WH003,Midlands Warehouse,Birmingham,West Midlands,428,1.0,0.84,0.0,428.0,sufficient
84247N,PROD003290,WH004,Scotland Warehouse,Glasgow,Scotland,235,12.0,35.4,0.0,235.0,sufficient
84247N,PROD003290,WH005,Wales Warehouse,Cardiff,Wales,683,1.0,2.95,0.0,683.0,sufficient
84249A,PROD003291,WH001,Central Warehouse,London,South East,559,1.0,0.83,0.0,559.0,sufficient
84249A,PROD003291,WH002,North Warehouse,Manchester,North West,599,0.0,0.0,0.0,599.0,sufficient
84249A,PROD003291,WH003,Midlands Warehouse,Birmingham,West Midlands,996,1.0,0.83,0.0,996.0,sufficient
84249A,PROD003291,WH004,Scotland Warehouse,Glasgow,Scotland,486,0.0,0.0,0.0,486.0,sufficient
84249A,PROD003291,WH005,Wales Warehouse,Cardiff,Wales,675,12.0,5.04,12.0,663.0,sufficient
84249D,PROD003292,WH001,Central Warehouse,London,South East,719,12.0,5.04,0.0,719.0,sufficient
84249D,PROD003292,WH002,North Warehouse,Manchester,North West,37,0.0,0.0,0.0,37.0,sufficient
84249D,PROD003292,WH003,Midlands Warehouse,Birmingham,West Midlands,11,12.0,5.04,0.0,11.0,sufficient
84249D,PROD003292,WH004,Scotland Warehouse,Glasgow,Scotland,949,0.0,0.0,0.0,949.0,sufficient
84249D,PROD003292,WH005,Wales Warehouse,Cardiff,Wales,489,0.0,0.0,0.0,489.0,sufficient
84255B,PROD003299,WH001,Central Warehouse,London,South East,215,0.0,0.0,0.0,215.0,sufficient
84255B,PROD003299,WH002,North Warehouse,Manchester,North West,206,0.0,0.0,0.0,206.0,sufficient
84255B,PROD003299,WH003,Midlands Warehouse,Birmingham,West Midlands,593,0.0,0.0,0.0,593.0,sufficient
84255B,PROD003299,WH004,Scotland Warehouse,Glasgow,Scotland,241,1.0,13.0,0.0,241.0,sufficient
84255B,PROD003299,WH005,Wales Warehouse,Cardiff,Wales,240,0.0,0.0,0.0,240.0,sufficient
84279B,PROD003301,WH001,Central Warehouse,London,South East,763,13.0,48.75,0.0,763.0,sufficient
84279B,PROD003301,WH002,North Warehouse,Manchester,North West,771,18.0,67.5,0.0,771.0,sufficient
84279B,PROD003301,WH003,Midlands Warehouse,Birmingham,West Midlands,794,7.0,31.15,0.0,794.0,sufficient
84279B,PROD003301,WH004,Scotland Warehouse,Glasgow,Scotland,531,16.0,60.0,0.0,531.0,sufficient
84279B,PROD003301,WH005,Wales Warehouse,Cardiff,Wales,314,13.0,48.75,0.0,314.0,sufficient
84279P,PROD003302,WH001,Central Warehouse,London,South East,244,22.0,82.5,0.0,244.0,sufficient
84279P,PROD003302,WH002,North Warehouse,Manchester,North West,400,13.0,66.91,0.0,400.0,sufficient
84279P,PROD003302,WH003,Midlands Warehouse,Birmingham,West Midlands,767,33.0,128.51,0.0,767.0,sufficient
84279P,PROD003302,WH004,Scotland Warehouse,Glasgow,Scotland,399,6.0,22.5,5.0,394.0,sufficient
84279P,PROD003302,WH005,Wales Warehouse,Cardiff,Wales,795,11.0,41.25,0.0,795.0,sufficient
84288B,PROD003303,WH001,Central Warehouse,London,South East,465,0.0,0.0,0.0,465.0,sufficient
84288B,PROD003303,WH002,North Warehouse,Manchester,North West,366,1.0,1.95,0.0,366.0,sufficient
84288B,PROD003303,WH003,Midlands Warehouse,Birmingham,West Midlands,525,0.0,0.0,0.0,525.0,sufficient
84288B,PROD003303,WH004,Scotland Warehouse,Glasgow,Scotland,164,2.0,3.9,0.0,164.0,sufficient
84288B,PROD003303,WH005,Wales Warehouse,Cardiff,Wales,191,0.0,0.0,0.0,191.0,sufficient
84313A,PROD003306,WH001,Central Warehouse,London,South East,432,1.0,16.98,0.0,432.0,sufficient
84313A,PROD003306,WH002,North Warehouse,Manchester,North West,649,2.0,8.5,0.0,649.0,sufficient
84313A,PROD003306,WH003,Midlands Warehouse,Birmingham,West Midlands,581,0.0,0.0,0.0,581.0,sufficient
84313A,PROD003306,WH004,Scotland Warehouse,Glasgow,Scotland,549,0.0,0.0,0.0,549.0,sufficient
84313A,PROD003306,WH005,Wales Warehouse,Cardiff,Wales,709,0.0,0.0,0.0,709.0,sufficient
84313B,PROD003307,WH001,Central Warehouse,London,South East,417,1.0,16.98,0.0,417.0,sufficient
84313B,PROD003307,WH002,North Warehouse,Manchester,North West,123,6.0,65.97,0.0,123.0,sufficient
84313B,PROD003307,WH003,Midlands Warehouse,Birmingham,West Midlands,567,3.0,51.31,0.0,567.0,sufficient
84313B,PROD003307,WH004,Scotland Warehouse,Glasgow,Scotland,888,15.0,72.74,0.0,888.0,sufficient
84313B,PROD003307,WH005,Wales Warehouse,Cardiff,Wales,771,8.0,20.2,0.0,771.0,sufficient
84313C,PROD003308,WH001,Central Warehouse,London,South East,589,1.0,4.25,0.0,589.0,sufficient
84313C,PROD003308,WH002,North Warehouse,Manchester,North West,395,3.0,12.75,0.0,395.0,sufficient
84313C,PROD003308,WH003,Midlands Warehouse,Birmingham,West Midlands,516,98.0,195.7,0.0,516.0,sufficient
84313C,PROD003308,WH004,Scotland Warehouse,Glasgow,Scotland,722,0.0,0.0,0.0,722.0,sufficient
84313C,PROD003308,WH005,Wales Warehouse,Cardiff,Wales,738,0.0,0.0,0.0,738.0,sufficient
84327A,PROD003309,WH001,Central Warehouse,London,South East,353,12.0,25.2,0.0,353.0,sufficient
84327A,PROD003309,WH002,North Warehouse,Manchester,North West,854,11.0,23.1,0.0,854.0,sufficient
84327A,PROD003309,WH003,Midlands Warehouse,Birmingham,West Midlands,859,7.0,14.7,0.0,859.0,sufficient
84327A,PROD003309,WH004,Scotland Warehouse,Glasgow,Scotland,820,2.0,4.2,1.0,819.0,sufficient
84327A,PROD003309,WH005,Wales Warehouse,Cardiff,Wales,718,6.0,10.14,0.0,718.0,sufficient
84347,PROD003312,WH001,Central Warehouse,London,South East,1451,150.0,606.18,0.0,1451.0,sufficient
84347,PROD003312,WH002,North Warehouse,Manchester,North West,1467,797.0,1534.28,1.0,1466.0,sufficient
84347,PROD003312,WH003,Midlands Warehouse,Birmingham,West Midlands,1650,195.0,673.56,0.0,1650.0,sufficient
84347,PROD003312,WH004,Scotland Warehouse,Glasgow,Scotland,149,268.0,647.7,10.0,139.0,sufficient
84347,PROD003312,WH005,Wales Warehouse,Cardiff,Wales,1579,199.0,839.24,102.0,1477.0,sufficient
84356,PROD003314,WH001,Central Warehouse,London,South East,772,36.0,123.36,0.0,772.0,sufficient
84356,PROD003314,WH002,North Warehouse,Manchester,North West,389,12.0,76.12,2.0,387.0,sufficient
84356,PROD003314,WH003,Midlands Warehouse,Birmingham,West Midlands,35,19.0,92.96,0.0,35.0,sufficient
84356,PROD003314,WH004,Scotland Warehouse,Glasgow,Scotland,50,3.0,19.810000000000002,0.0,50.0,sufficient
84356,PROD003314,WH005,Wales Warehouse,Cardiff,Wales,763,2.0,13.9,0.0,763.0,sufficient
84358,PROD003315,WH001,Central Warehouse,London,South East,286,4.0,39.8,0.0,286.0,sufficient
84358,PROD003315,WH002,North Warehouse,Manchester,North West,675,0.0,0.0,0.0,675.0,sufficient
84358,PROD003315,WH003,Midlands Warehouse,Birmingham,West Midlands,292,0.0,0.0,0.0,292.0,sufficient
84358,PROD003315,WH004,Scotland Warehouse,Glasgow,Scotland,704,0.0,0.0,0.0,704.0,sufficient
84358,PROD003315,WH005,Wales Warehouse,Cardiff,Wales,209,0.0,0.0,0.0,209.0,sufficient
84367,PROD003317,WH001,Central Warehouse,London,South East,601,0.0,0.0,0.0,601.0,sufficient
84367,PROD003317,WH002,North Warehouse,Manchester,North West,607,1.0,3.75,0.0,607.0,sufficient
84367,PROD003317,WH003,Midlands Warehouse,Birmingham,West Midlands,876,0.0,0.0,0.0,876.0,sufficient
84367,PROD003317,WH004,Scotland Warehouse,Glasgow,Scotland,516,0.0,0.0,0.0,516.0,sufficient
84367,PROD003317,WH005,Wales Warehouse,Cardiff,Wales,641,0.0,0.0,0.0,641.0,sufficient
84388,PROD003321,WH001,Central Warehouse,London,South East,713,0.0,0.0,0.0,713.0,sufficient
84388,PROD003321,WH002,North Warehouse,Manchester,North West,626,2.0,3.3,0.0,626.0,sufficient
84388,PROD003321,WH003,Midlands Warehouse,Birmingham,West Midlands,435,1.0,1.65,0.0,435.0,sufficient
84388,PROD003321,WH004,Scotland Warehouse,Glasgow,Scotland,638,10.0,3.9,0.0,638.0,sufficient
84388,PROD003321,WH005,Wales Warehouse,Cardiff,Wales,934,0.0,0.0,0.0,934.0,sufficient
84396,PROD003322,WH001,Central Warehouse,London,South East,398,13.0,31.869999999999997,0.0,398.0,sufficient
84396,PROD003322,WH002,North Warehouse,Manchester,North West,42,0.0,0.0,0.0,42.0,sufficient
84396,PROD003322,WH003,Midlands Warehouse,Birmingham,West Midlands,765,24.0,46.8,0.0,765.0,sufficient
84396,PROD003322,WH004,Scotland Warehouse,Glasgow,Scotland,105,15.0,49.03,0.0,105.0,sufficient
84396,PROD003322,WH005,Wales Warehouse,Cardiff,Wales,486,75.0,152.77,0.0,486.0,sufficient
84402B,PROD003323,WH001,Central Warehouse,London,South East,645,0.0,0.0,0.0,645.0,sufficient
84402B,PROD003323,WH002,North Warehouse,Manchester,North West,622,0.0,0.0,0.0,622.0,sufficient
84402B,PROD003323,WH003,Midlands Warehouse,Birmingham,West Midlands,564,0.0,0.0,0.0,564.0,sufficient
84402B,PROD003323,WH004,Scotland Warehouse,Glasgow,Scotland,832,1.0,2.95,0.0,832.0,sufficient
84402B,PROD003323,WH005,Wales Warehouse,Cardiff,Wales,710,0.0,0.0,0.0,710.0,sufficient
84406B,PROD003326,WH001,Central Warehouse,London,South East,333,105.0,357.88,0.0,333.0,sufficient
84406B,PROD003326,WH002,North Warehouse,Manchester,North West,547,82.0,254.8,0.0,547.0,sufficient
84406B,PROD003326,WH003,Midlands Warehouse,Birmingham,West Midlands,256,172.0,525.1600000000001,2.0,254.0,sufficient
84406B,PROD003326,WH004,Scotland Warehouse,Glasgow,Scotland,522,144.0,481.13,0.0,522.0,sufficient
84406B,PROD003326,WH005,Wales Warehouse,Cardiff,Wales,434,66.0,226.44,1.0,433.0,sufficient
84414B,PROD003327,WH001,Central Warehouse,London,South East,437,0.0,0.0,0.0,437.0,sufficient
84414B,PROD003327,WH002,North Warehouse,Manchester,North West,515,0.0,0.0,0.0,515.0,sufficient
84414B,PROD003327,WH003,Midlands Warehouse,Birmingham,West Midlands,29,0.0,0.0,0.0,29.0,sufficient
84414B,PROD003327,WH004,Scotland Warehouse,Glasgow,Scotland,897,0.0,0.0,0.0,897.0,sufficient
84414B,PROD003327,WH005,Wales Warehouse,Cardiff,Wales,50,1.0,18.95,0.0,50.0,sufficient
84425A,PROD003332,WH001,Central Warehouse,London,South East,777,0.0,0.0,0.0,777.0,sufficient
84425A,PROD003332,WH002,North Warehouse,Manchester,North West,462,1.0,4.25,0.0,462.0,sufficient
84425A,PROD003332,WH003,Midlands Warehouse,Birmingham,West Midlands,244,0.0,0.0,0.0,244.0,sufficient
84425A,PROD003332,WH004,Scotland Warehouse,Glasgow,Scotland,983,2.0,8.5,0.0,983.0,sufficient
84425A,PROD003332,WH005,Wales Warehouse,Cardiff,Wales,306,0.0,0.0,0.0,306.0,sufficient
84429A,PROD003333,WH001,Central Warehouse,London,South East,655,0.0,0.0,0.0,655.0,sufficient
84429A,PROD003333,WH002,North Warehouse,Manchester,North West,610,0.0,0.0,0.0,610.0,sufficient
84429A,PROD003333,WH003,Midlands Warehouse,Birmingham,West Midlands,625,0.0,0.0,0.0,625.0,sufficient
84429A,PROD003333,WH004,Scotland Warehouse,Glasgow,Scotland,716,12.0,35.4,6.0,710.0,sufficient
84429A,PROD003333,WH005,Wales Warehouse,Cardiff,Wales,987,0.0,0.0,0.0,987.0,sufficient
84449,PROD003336,WH001,Central Warehouse,London,South East,709,0.0,0.0,0.0,709.0,sufficient
84449,PROD003336,WH002,North Warehouse,Manchester,North West,437,0.0,0.0,0.0,437.0,sufficient
84449,PROD003336,WH003,Midlands Warehouse,Birmingham,West Midlands,497,0.0,0.0,0.0,497.0,sufficient
84449,PROD003336,WH004,Scotland Warehouse,Glasgow,Scotland,599,0.0,0.0,0.0,599.0,sufficient
84449,PROD003336,WH005,Wales Warehouse,Cardiff,Wales,951,0.0,0.0,0.0,951.0,sufficient
84450B,PROD003338,WH001,Central Warehouse,London,South East,870,10.0,8.1,0.0,870.0,sufficient
84450B,PROD003338,WH002,North Warehouse,Manchester,North West,679,18.0,9.9,0.0,679.0,sufficient
84450B,PROD003338,WH003,Midlands Warehouse,Birmingham,West Midlands,578,4.0,3.24,0.0,578.0,sufficient
84450B,PROD003338,WH004,Scotland Warehouse,Glasgow,Scotland,648,4.0,1.68,0.0,648.0,sufficient
84450B,PROD003338,WH005,Wales Warehouse,Cardiff,Wales,697,0.0,0.0,0.0,697.0,sufficient
84452,PROD003339,WH001,Central Warehouse,London,South East,362,19.0,20.2,0.0,362.0,sufficient
84452,PROD003339,WH002,North Warehouse,Manchester,North West,26,4.0,3.4,0.0,26.0,sufficient
84452,PROD003339,WH003,Midlands Warehouse,Birmingham,West Midlands,668,0.0,0.0,0.0,668.0,sufficient
84452,PROD003339,WH004,Scotland Warehouse,Glasgow,Scotland,836,0.0,0.0,0.0,836.0,sufficient
84452,PROD003339,WH005,Wales Warehouse,Cardiff,Wales,465,3.0,3.36,0.0,465.0,sufficient
84455,PROD003341,WH001,Central Warehouse,London,South East,36,12.0,10.2,0.0,36.0,sufficient
84455,PROD003341,WH002,North Warehouse,Manchester,North West,926,0.0,0.0,0.0,926.0,sufficient
84455,PROD003341,WH003,Midlands Warehouse,Birmingham,West Midlands,187,0.0,0.0,0.0,187.0,sufficient
84455,PROD003341,WH004,Scotland Warehouse,Glasgow,Scotland,47,2.0,3.32,0.0,47.0,sufficient
84455,PROD003341,WH005,Wales Warehouse,Cardiff,Wales,588,0.0,0.0,0.0,588.0,sufficient
84456,PROD003342,WH001,Central Warehouse,London,South East,795,0.0,0.0,0.0,795.0,sufficient
84456,PROD003342,WH002,North Warehouse,Manchester,North West,107,0.0,0.0,0.0,107.0,sufficient
84456,PROD003342,WH003,Midlands Warehouse,Birmingham,West Midlands,948,0.0,0.0,0.0,948.0,sufficient
84456,PROD003342,WH004,Scotland Warehouse,Glasgow,Scotland,74,0.0,0.0,0.0,74.0,sufficient
84456,PROD003342,WH005,Wales Warehouse,Cardiff,Wales,669,1.0,0.85,0.0,669.0,sufficient
84465,PROD003349,WH001,Central Warehouse,London,South East,806,0.0,0.0,0.0,806.0,sufficient
84465,PROD003349,WH002,North Warehouse,Manchester,North West,770,0.0,0.0,0.0,770.0,sufficient
84465,PROD003349,WH003,Midlands Warehouse,Birmingham,West Midlands,296,0.0,0.0,0.0,296.0,sufficient
84465,PROD003349,WH004,Scotland Warehouse,Glasgow,Scotland,711,0.0,0.0,0.0,711.0,sufficient
84465,PROD003349,WH005,Wales Warehouse,Cardiff,Wales,913,2.0,5.9,1.0,912.0,sufficient
84482,PROD003354,WH001,Central Warehouse,London,South East,490,0.0,0.0,0.0,490.0,sufficient
84482,PROD003354,WH002,North Warehouse,Manchester,North West,467,1.0,3.75,0.0,467.0,sufficient
84482,PROD003354,WH003,Midlands Warehouse,Birmingham,West Midlands,176,4.0,15.0,0.0,176.0,sufficient
84482,PROD003354,WH004,Scotland Warehouse,Glasgow,Scotland,256,0.0,0.0,0.0,256.0,sufficient
84482,PROD003354,WH005,Wales Warehouse,Cardiff,Wales,521,0.0,0.0,0.0,521.0,sufficient
84497,PROD003355,WH001,Central Warehouse,London,South East,968,3.0,11.25,0.0,968.0,sufficient
84497,PROD003355,WH002,North Warehouse,Manchester,North West,804,0.0,0.0,0.0,804.0,sufficient
84497,PROD003355,WH003,Midlands Warehouse,Birmingham,West Midlands,504,2.0,7.5,0.0,504.0,sufficient
84497,PROD003355,WH004,Scotland Warehouse,Glasgow,Scotland,143,0.0,0.0,0.0,143.0,sufficient
84497,PROD003355,WH005,Wales Warehouse,Cardiff,Wales,842,0.0,0.0,0.0,842.0,sufficient
84499,PROD003356,WH001,Central Warehouse,London,South East,79,2.0,3.4,0.0,79.0,sufficient
84499,PROD003356,WH002,North Warehouse,Manchester,North West,70,0.0,0.0,0.0,70.0,sufficient
84499,PROD003356,WH003,Midlands Warehouse,Birmingham,West Midlands,976,0.0,0.0,0.0,976.0,sufficient
84499,PROD003356,WH004,Scotland Warehouse,Glasgow,Scotland,511,0.0,0.0,0.0,511.0,sufficient
84499,PROD003356,WH005,Wales Warehouse,Cardiff,Wales,605,73.0,47.739999999999995,0.0,605.0,sufficient
84508B,PROD003360,WH001,Central Warehouse,London,South East,757,2.0,5.1,0.0,757.0,sufficient
84508B,PROD003360,WH002,North Warehouse,Manchester,North West,633,4.0,10.2,0.0,633.0,sufficient
84508B,PROD003360,WH003,Midlands Warehouse,Birmingham,West Midlands,365,12.0,30.6,0.0,365.0,sufficient
84508B,PROD003360,WH004,Scotland Warehouse,Glasgow,Scotland,213,0.0,0.0,0.0,213.0,sufficient
84508B,PROD003360,WH005,Wales Warehouse,Cardiff,Wales,16,1.0,2.55,0.0,16.0,sufficient
84508C,PROD003361,WH001,Central Warehouse,London,South East,744,0.0,0.0,0.0,744.0,sufficient
84508C,PROD003361,WH002,North Warehouse,Manchester,North West,891,2.0,5.1,0.0,891.0,sufficient
84508C,PROD003361,WH003,Midlands Warehouse,Birmingham,West Midlands,223,0.0,0.0,0.0,223.0,sufficient
84508C,PROD003361,WH004,Scotland Warehouse,Glasgow,Scotland,37,6.0,15.3,0.0,37.0,sufficient
84508C,PROD003361,WH005,Wales Warehouse,Cardiff,Wales,408,6.0,15.3,0.0,408.0,sufficient
84509A,PROD003362,WH001,Central Warehouse,London,South East,771,14.0,58.75,0.0,771.0,sufficient
84509A,PROD003362,WH002,North Warehouse,Manchester,North West,606,29.0,135.04,0.0,606.0,sufficient
84509A,PROD003362,WH003,Midlands Warehouse,Birmingham,West Midlands,130,18.0,71.56,0.0,130.0,sufficient
84509A,PROD003362,WH004,Scotland Warehouse,Glasgow,Scotland,836,17.0,63.75,0.0,836.0,sufficient
84509A,PROD003362,WH005,Wales Warehouse,Cardiff,Wales,946,19.0,82.54,0.0,946.0,sufficient
84509E,PROD003365,WH001,Central Warehouse,London,South East,1109,12.0,9.48,0.0,1109.0,sufficient
84509E,PROD003365,WH002,North Warehouse,Manchester,North West,1825,0.0,0.0,0.0,1825.0,sufficient
84509E,PROD003365,WH003,Midlands Warehouse,Birmingham,West Midlands,1175,2.0,7.04,0.0,1175.0,sufficient
84509E,PROD003365,WH004,Scotland Warehouse,Glasgow,Scotland,1625,0.0,0.0,0.0,1625.0,sufficient
84509E,PROD003365,WH005,Wales Warehouse,Cardiff,Wales,1514,1.0,3.36,0.0,1514.0,sufficient
84509F,PROD003366,WH001,Central Warehouse,London,South East,459,0.0,0.0,0.0,459.0,sufficient
84509F,PROD003366,WH002,North Warehouse,Manchester,North West,482,0.0,0.0,0.0,482.0,sufficient
84509F,PROD003366,WH003,Midlands Warehouse,Birmingham,West Midlands,944,5.0,18.75,0.0,944.0,sufficient
84509F,PROD003366,WH004,Scotland Warehouse,Glasgow,Scotland,711,2.0,7.5,0.0,711.0,sufficient
84509F,PROD003366,WH005,Wales Warehouse,Cardiff,Wales,491,4.0,15.0,0.0,491.0,sufficient
84510C,PROD003373,WH001,Central Warehouse,London,South East,264,11.0,13.75,0.0,264.0,sufficient
84510C,PROD003373,WH002,North Warehouse,Manchester,North West,353,11.0,15.01,1.0,352.0,sufficient
84510C,PROD003373,WH003,Midlands Warehouse,Birmingham,West Midlands,602,38.0,49.849999999999994,1.0,601.0,sufficient
84510C,PROD003373,WH004,Scotland Warehouse,Glasgow,Scotland,453,2.0,3.71,0.0,453.0,sufficient
84510C,PROD003373,WH005,Wales Warehouse,Cardiff,Wales,683,1.0,2.51,0.0,683.0,sufficient
84510F,PROD003375,WH001,Central Warehouse,London,South East,1738,0.0,0.0,0.0,1738.0,sufficient
84510F,PROD003375,WH002,North Warehouse,Manchester,North West,978,0.0,0.0,0.0,978.0,sufficient
84510F,PROD003375,WH003,Midlands Warehouse,Birmingham,West Midlands,1304,11.0,13.75,0.0,1304.0,sufficient
84510F,PROD003375,WH004,Scotland Warehouse,Glasgow,Scotland,988,1.0,1.25,0.0,988.0,sufficient
84510F,PROD003375,WH005,Wales Warehouse,Cardiff,Wales,844,0.0,0.0,0.0,844.0,sufficient
84510a,PROD003376,WH001,Central Warehouse,London,South East,980,0.0,0.0,0.0,980.0,sufficient
84510a,PROD003376,WH002,North Warehouse,Manchester,North West,914,4.0,9.94,0.0,914.0,sufficient
84510a,PROD003376,WH003,Midlands Warehouse,Birmingham,West Midlands,409,1.0,2.51,0.0,409.0,sufficient
84510a,PROD003376,WH004,Scotland Warehouse,Glasgow,Scotland,96,3.0,7.43,0.0,96.0,sufficient
84510a,PROD003376,WH005,Wales Warehouse,Cardiff,Wales,213,3.0,7.38,0.0,213.0,sufficient
84510c,PROD003377,WH001,Central Warehouse,London,South East,513,5.0,12.3,0.0,513.0,sufficient
84510c,PROD003377,WH002,North Warehouse,Manchester,North West,527,0.0,0.0,0.0,527.0,sufficient
84510c,PROD003377,WH003,Midlands Warehouse,Birmingham,West Midlands,205,1.0,2.51,0.0,205.0,sufficient
84510c,PROD003377,WH004,Scotland Warehouse,Glasgow,Scotland,268,0.0,0.0,0.0,268.0,sufficient
84510c,PROD003377,WH005,Wales Warehouse,Cardiff,Wales,976,0.0,0.0,0.0,976.0,sufficient
84519A,PROD003379,WH001,Central Warehouse,London,South East,839,26.0,41.58,0.0,839.0,sufficient
84519A,PROD003379,WH002,North Warehouse,Manchester,North West,88,8.0,23.6,0.0,88.0,sufficient
84519A,PROD003379,WH003,Midlands Warehouse,Birmingham,West Midlands,887,14.0,44.14,0.0,887.0,sufficient
84519A,PROD003379,WH004,Scotland Warehouse,Glasgow,Scotland,322,9.0,38.03,0.0,322.0,sufficient
84519A,PROD003379,WH005,Wales Warehouse,Cardiff,Wales,845,54.0,140.1,0.0,845.0,sufficient
84520B,PROD003381,WH001,Central Warehouse,London,South East,113,92.0,91.36,13.0,100.0,sufficient
84520B,PROD003381,WH002,North Warehouse,Manchester,North West,427,241.0,186.31,0.0,427.0,sufficient
84520B,PROD003381,WH003,Midlands Warehouse,Birmingham,West Midlands,20,190.0,148.63,0.0,20.0,sufficient
84520B,PROD003381,WH004,Scotland Warehouse,Glasgow,Scotland,517,110.0,103.22,5.0,512.0,sufficient
84520B,PROD003381,WH005,Wales Warehouse,Cardiff,Wales,269,66.0,60.15,0.0,269.0,sufficient
84520D,PROD003382,WH001,Central Warehouse,London,South East,94,25.0,23.68,0.0,94.0,sufficient
84520D,PROD003382,WH002,North Warehouse,Manchester,North West,606,0.0,0.0,0.0,606.0,sufficient
84520D,PROD003382,WH003,Midlands Warehouse,Birmingham,West Midlands,614,5.0,8.299999999999999,0.0,614.0,sufficient
84520D,PROD003382,WH004,Scotland Warehouse,Glasgow,Scotland,136,5.0,8.34,0.0,136.0,sufficient
84520D,PROD003382,WH005,Wales Warehouse,Cardiff,Wales,258,3.0,2.55,0.0,258.0,sufficient
84527,PROD003386,WH001,Central Warehouse,London,South East,953,1.0,1.95,0.0,953.0,sufficient
84527,PROD003386,WH002,North Warehouse,Manchester,North West,545,0.0,0.0,0.0,545.0,sufficient
84527,PROD003386,WH003,Midlands Warehouse,Birmingham,West Midlands,21,0.0,0.0,0.0,21.0,sufficient
84527,PROD003386,WH004,Scotland Warehouse,Glasgow,Scotland,784,5.0,8.469999999999999,0.0,784.0,sufficient
84527,PROD003386,WH005,Wales Warehouse,Cardiff,Wales,335,0.0,0.0,0.0,335.0,sufficient
84529A,PROD003387,WH001,Central Warehouse,London,South East,70,0.0,0.0,0.0,70.0,sufficient
84529A,PROD003387,WH002,North Warehouse,Manchester,North West,375,8.0,33.68,0.0,375.0,sufficient
84529A,PROD003387,WH003,Midlands Warehouse,Birmingham,West Midlands,418,0.0,0.0,0.0,418.0,sufficient
84529A,PROD003387,WH004,Scotland Warehouse,Glasgow,Scotland,119,2.0,13.5,0.0,119.0,sufficient
84529A,PROD003387,WH005,Wales Warehouse,Cardiff,Wales,768,1.0,6.75,0.0,768.0,sufficient
84536A,PROD003396,WH001,Central Warehouse,London,South East,31,101.0,45.739999999999995,0.0,31.0,sufficient
84536A,PROD003396,WH002,North Warehouse,Manchester,North West,766,121.0,55.739999999999995,0.0,766.0,sufficient
84536A,PROD003396,WH003,Midlands Warehouse,Birmingham,West Midlands,614,111.0,50.72,0.0,614.0,sufficient
84536A,PROD003396,WH004,Scotland Warehouse,Glasgow,Scotland,952,210.0,91.52,0.0,952.0,sufficient
84536A,PROD003396,WH005,Wales Warehouse,Cardiff,Wales,475,92.0,41.45,0.0,475.0,sufficient
84546,PROD003401,WH001,Central Warehouse,London,South East,151,0.0,0.0,0.0,151.0,sufficient
84546,PROD003401,WH002,North Warehouse,Manchester,North West,433,0.0,0.0,0.0,433.0,sufficient
84546,PROD003401,WH003,Midlands Warehouse,Birmingham,West Midlands,919,3.0,4.95,0.0,919.0,sufficient
84546,PROD003401,WH004,Scotland Warehouse,Glasgow,Scotland,653,0.0,0.0,0.0,653.0,sufficient
84546,PROD003401,WH005,Wales Warehouse,Cardiff,Wales,449,0.0,0.0,0.0,449.0,sufficient
84549,PROD003403,WH001,Central Warehouse,London,South East,191,1.0,1.65,0.0,191.0,sufficient
84549,PROD003403,WH002,North Warehouse,Manchester,North West,728,0.0,0.0,0.0,728.0,sufficient
84549,PROD003403,WH003,Midlands Warehouse,Birmingham,West Midlands,593,0.0,0.0,0.0,593.0,sufficient
84549,PROD003403,WH004,Scotland Warehouse,Glasgow,Scotland,744,0.0,0.0,0.0,744.0,sufficient
84549,PROD003403,WH005,Wales Warehouse,Cardiff,Wales,126,0.0,0.0,0.0,126.0,sufficient
84559D,PROD003409,WH001,Central Warehouse,London,South East,858,0.0,0.0,0.0,858.0,sufficient
84559D,PROD003409,WH002,North Warehouse,Manchester,North West,766,0.0,0.0,0.0,766.0,sufficient
84559D,PROD003409,WH003,Midlands Warehouse,Birmingham,West Midlands,640,3.0,2.55,0.0,640.0,sufficient
84559D,PROD003409,WH004,Scotland Warehouse,Glasgow,Scotland,138,0.0,0.0,0.0,138.0,sufficient
84559D,PROD003409,WH005,Wales Warehouse,Cardiff,Wales,165,11.0,9.35,0.0,165.0,sufficient
84559a,PROD003410,WH001,Central Warehouse,London,South East,475,1.0,1.69,0.0,475.0,sufficient
84559a,PROD003410,WH002,North Warehouse,Manchester,North West,760,1.0,1.66,0.0,760.0,sufficient
84559a,PROD003410,WH003,Midlands Warehouse,Birmingham,West Midlands,344,0.0,0.0,0.0,344.0,sufficient
84559a,PROD003410,WH004,Scotland Warehouse,Glasgow,Scotland,838,2.0,3.3499999999999996,1.0,837.0,sufficient
84559a,PROD003410,WH005,Wales Warehouse,Cardiff,Wales,403,0.0,0.0,0.0,403.0,sufficient
84563B,PROD003415,WH001,Central Warehouse,London,South East,274,8.0,29.6,0.0,274.0,sufficient
84563B,PROD003415,WH002,North Warehouse,Manchester,North West,670,4.0,11.8,0.0,670.0,sufficient
84563B,PROD003415,WH003,Midlands Warehouse,Birmingham,West Midlands,338,1.0,2.95,0.0,338.0,sufficient
84563B,PROD003415,WH004,Scotland Warehouse,Glasgow,Scotland,291,0.0,0.0,0.0,291.0,sufficient
84563B,PROD003415,WH005,Wales Warehouse,Cardiff,Wales,186,0.0,0.0,0.0,186.0,sufficient
84568,PROD003417,WH001,Central Warehouse,London,South East,834,68.0,29.02,0.0,834.0,sufficient
84568,PROD003417,WH002,North Warehouse,Manchester,North West,370,939.0,213.29999999999998,0.0,370.0,sufficient
84568,PROD003417,WH003,Midlands Warehouse,Birmingham,West Midlands,174,76.0,32.25,0.0,174.0,sufficient
84568,PROD003417,WH004,Scotland Warehouse,Glasgow,Scotland,967,726.0,185.39,0.0,967.0,sufficient
84568,PROD003417,WH005,Wales Warehouse,Cardiff,Wales,830,2077.0,391.63,5.0,825.0,sufficient
84569B,PROD003419,WH001,Central Warehouse,London,South East,1029,0.0,0.0,0.0,1029.0,sufficient
84569B,PROD003419,WH002,North Warehouse,Manchester,North West,1159,2.0,2.5,0.0,1159.0,sufficient
84569B,PROD003419,WH003,Midlands Warehouse,Birmingham,West Midlands,1061,1.0,1.25,0.0,1061.0,sufficient
84569B,PROD003419,WH004,Scotland Warehouse,Glasgow,Scotland,1201,24.0,30.0,0.0,1201.0,sufficient
84569B,PROD003419,WH005,Wales Warehouse,Cardiff,Wales,1505,0.0,0.0,0.0,1505.0,sufficient
84569C,PROD003420,WH001,Central Warehouse,London,South East,1009,5.0,6.25,0.0,1009.0,sufficient
84569C,PROD003420,WH002,North Warehouse,Manchester,North West,1093,3.0,7.6499999999999995,0.0,1093.0,sufficient
84569C,PROD003420,WH003,Midlands Warehouse,Birmingham,West Midlands,1656,1.0,2.51,0.0,1656.0,sufficient
84569C,PROD003420,WH004,Scotland Warehouse,Glasgow,Scotland,973,3.0,3.75,0.0,973.0,sufficient
84569C,PROD003420,WH005,Wales Warehouse,Cardiff,Wales,1094,1.0,1.25,0.0,1094.0,sufficient
84575A,PROD003424,WH001,Central Warehouse,London,South East,1615,0.0,0.0,0.0,1615.0,sufficient
84575A,PROD003424,WH002,North Warehouse,Manchester,North West,526,1.0,5.95,0.0,526.0,sufficient
84575A,PROD003424,WH003,Midlands Warehouse,Birmingham,West Midlands,996,1.0,5.95,0.0,996.0,sufficient
84575A,PROD003424,WH004,Scotland Warehouse,Glasgow,Scotland,974,0.0,0.0,0.0,974.0,sufficient
84575A,PROD003424,WH005,Wales Warehouse,Cardiff,Wales,782,0.0,0.0,0.0,782.0,sufficient
84575B,PROD003425,WH001,Central Warehouse,London,South East,536,0.0,0.0,0.0,536.0,sufficient
84575B,PROD003425,WH002,North Warehouse,Manchester,North West,595,0.0,0.0,0.0,595.0,sufficient
84575B,PROD003425,WH003,Midlands Warehouse,Birmingham,West Midlands,588,1.0,5.95,0.0,588.0,sufficient
84575B,PROD003425,WH004,Scotland Warehouse,Glasgow,Scotland,502,0.0,0.0,0.0,502.0,sufficient
84575B,PROD003425,WH005,Wales Warehouse,Cardiff,Wales,602,0.0,0.0,0.0,602.0,sufficient
84578,PROD003427,WH001,Central Warehouse,London,South East,1191,4.0,15.46,0.0,1191.0,sufficient
84578,PROD003427,WH002,North Warehouse,Manchester,North West,749,2.0,7.5,2.0,747.0,sufficient
84578,PROD003427,WH003,Midlands Warehouse,Birmingham,West Midlands,1370,0.0,0.0,0.0,1370.0,sufficient
84578,PROD003427,WH004,Scotland Warehouse,Glasgow,Scotland,803,4.0,15.55,0.0,803.0,sufficient
84578,PROD003427,WH005,Wales Warehouse,Cardiff,Wales,1491,3.0,11.25,0.0,1491.0,sufficient
84581,PROD003429,WH001,Central Warehouse,London,South East,571,10.0,37.96,0.0,571.0,sufficient
84581,PROD003429,WH002,North Warehouse,Manchester,North West,308,13.0,49.3,0.0,308.0,sufficient
84581,PROD003429,WH003,Midlands Warehouse,Birmingham,West Midlands,884,7.0,27.09,1.0,883.0,sufficient
84581,PROD003429,WH004,Scotland Warehouse,Glasgow,Scotland,288,12.0,45.0,0.0,288.0,sufficient
84581,PROD003429,WH005,Wales Warehouse,Cardiff,Wales,456,8.0,30.55,0.0,456.0,sufficient
84582,PROD003430,WH001,Central Warehouse,London,South East,982,0.0,0.0,0.0,982.0,sufficient
84582,PROD003430,WH002,North Warehouse,Manchester,North West,254,2.0,8.5,0.0,254.0,sufficient
84582,PROD003430,WH003,Midlands Warehouse,Birmingham,West Midlands,629,0.0,0.0,0.0,629.0,sufficient
84582,PROD003430,WH004,Scotland Warehouse,Glasgow,Scotland,124,0.0,0.0,0.0,124.0,sufficient
84582,PROD003430,WH005,Wales Warehouse,Cardiff,Wales,161,0.0,0.0,0.0,161.0,sufficient
84584,PROD003431,WH001,Central Warehouse,London,South East,996,3.0,5.81,0.0,996.0,sufficient
84584,PROD003431,WH002,North Warehouse,Manchester,North West,357,12.0,30.6,0.0,357.0,sufficient
84584,PROD003431,WH003,Midlands Warehouse,Birmingham,West Midlands,372,6.0,15.3,0.0,372.0,sufficient
84584,PROD003431,WH004,Scotland Warehouse,Glasgow,Scotland,41,5.0,11.579999999999998,0.0,41.0,sufficient
84584,PROD003431,WH005,Wales Warehouse,Cardiff,Wales,381,13.0,28.55,0.0,381.0,sufficient
84586L,PROD003432,WH001,Central Warehouse,London,South East,279,0.0,0.0,0.0,279.0,sufficient
84586L,PROD003432,WH002,North Warehouse,Manchester,North West,542,0.0,0.0,0.0,542.0,sufficient
84586L,PROD003432,WH003,Midlands Warehouse,Birmingham,West Midlands,832,0.0,0.0,0.0,832.0,sufficient
84586L,PROD003432,WH004,Scotland Warehouse,Glasgow,Scotland,956,3.0,8.85,0.0,956.0,sufficient
84586L,PROD003432,WH005,Wales Warehouse,Cardiff,Wales,319,0.0,0.0,0.0,319.0,sufficient
84592,PROD003433,WH001,Central Warehouse,London,South East,1273,7.0,20.65,0.0,1273.0,sufficient
84592,PROD003433,WH002,North Warehouse,Manchester,North West,1076,12.0,35.4,0.0,1076.0,sufficient
84592,PROD003433,WH003,Midlands Warehouse,Birmingham,West Midlands,880,6.0,17.7,0.0,880.0,sufficient
84592,PROD003433,WH004,Scotland Warehouse,Glasgow,Scotland,1161,2.0,5.9,0.0,1161.0,sufficient
84592,PROD003433,WH005,Wales Warehouse,Cardiff,Wales,1580,0.0,0.0,0.0,1580.0,sufficient
84596G,PROD003440,WH001,Central Warehouse,London,South East,392,10.0,11.67,0.0,392.0,sufficient
84596G,PROD003440,WH002,North Warehouse,Manchester,North West,759,51.0,22.24,0.0,759.0,sufficient
84596G,PROD003440,WH003,Midlands Warehouse,Birmingham,West Midlands,101,25.0,10.91,0.0,101.0,sufficient
84596G,PROD003440,WH004,Scotland Warehouse,Glasgow,Scotland,815,0.0,0.0,0.0,815.0,sufficient
84596G,PROD003440,WH005,Wales Warehouse,Cardiff,Wales,717,18.0,12.239999999999998,0.0,717.0,sufficient
84596b,PROD003445,WH001,Central Warehouse,London,South East,178,0.0,0.0,0.0,178.0,sufficient
84596b,PROD003445,WH002,North Warehouse,Manchester,North West,561,0.0,0.0,0.0,561.0,sufficient
84596b,PROD003445,WH003,Midlands Warehouse,Birmingham,West Midlands,283,0.0,0.0,0.0,283.0,sufficient
84596b,PROD003445,WH004,Scotland Warehouse,Glasgow,Scotland,274,1.0,2.51,0.0,274.0,sufficient
84596b,PROD003445,WH005,Wales Warehouse,Cardiff,Wales,697,0.0,0.0,0.0,697.0,sufficient
84596e,PROD003446,WH001,Central Warehouse,London,South East,884,0.0,0.0,0.0,884.0,sufficient
84596e,PROD003446,WH002,North Warehouse,Manchester,North West,915,0.0,0.0,0.0,915.0,sufficient
84596e,PROD003446,WH003,Midlands Warehouse,Birmingham,West Midlands,545,0.0,0.0,0.0,545.0,sufficient
84596e,PROD003446,WH004,Scotland Warehouse,Glasgow,Scotland,473,2.0,5.02,0.0,473.0,sufficient
84596e,PROD003446,WH005,Wales Warehouse,Cardiff,Wales,795,0.0,0.0,0.0,795.0,sufficient
84596f,PROD003447,WH001,Central Warehouse,London,South East,653,0.0,0.0,0.0,653.0,sufficient
84596f,PROD003447,WH002,North Warehouse,Manchester,North West,136,1.0,2.46,0.0,136.0,sufficient
84596f,PROD003447,WH003,Midlands Warehouse,Birmingham,West Midlands,427,0.0,0.0,0.0,427.0,sufficient
84596f,PROD003447,WH004,Scotland Warehouse,Glasgow,Scotland,80,0.0,0.0,0.0,80.0,sufficient
84596f,PROD003447,WH005,Wales Warehouse,Cardiff,Wales,241,0.0,0.0,0.0,241.0,sufficient
84598,PROD003450,WH001,Central Warehouse,London,South East,220,353.0,88.16,0.0,220.0,sufficient
84598,PROD003450,WH002,North Warehouse,Manchester,North West,788,301.0,65.81,0.0,788.0,sufficient
84598,PROD003450,WH003,Midlands Warehouse,Birmingham,West Midlands,332,16.0,6.79,0.0,332.0,sufficient
84598,PROD003450,WH004,Scotland Warehouse,Glasgow,Scotland,504,304.0,67.32,0.0,504.0,sufficient
84598,PROD003450,WH005,Wales Warehouse,Cardiff,Wales,808,19.0,8.120000000000001,0.0,808.0,sufficient
84609,PROD003452,WH001,Central Warehouse,London,South East,459,4.0,34.0,0.0,459.0,sufficient
84609,PROD003452,WH002,North Warehouse,Manchester,North West,620,2.0,17.0,0.0,620.0,sufficient
84609,PROD003452,WH003,Midlands Warehouse,Birmingham,West Midlands,628,0.0,0.0,0.0,628.0,sufficient
84609,PROD003452,WH004,Scotland Warehouse,Glasgow,Scotland,152,1.0,16.63,0.0,152.0,sufficient
84609,PROD003452,WH005,Wales Warehouse,Cardiff,Wales,113,0.0,0.0,0.0,113.0,sufficient
84614A,PROD003455,WH001,Central Warehouse,London,South East,1194,2.0,11.9,0.0,1194.0,sufficient
84614A,PROD003455,WH002,North Warehouse,Manchester,North West,690,0.0,0.0,0.0,690.0,sufficient
84614A,PROD003455,WH003,Midlands Warehouse,Birmingham,West Midlands,1217,0.0,0.0,0.0,1217.0,sufficient
84614A,PROD003455,WH004,Scotland Warehouse,Glasgow,Scotland,1130,0.0,0.0,0.0,1130.0,sufficient
84614A,PROD003455,WH005,Wales Warehouse,Cardiff,Wales,2346,1.0,11.87,0.0,2346.0,sufficient
84616,PROD003457,WH001,Central Warehouse,London,South East,426,0.0,0.0,0.0,426.0,sufficient
84616,PROD003457,WH002,North Warehouse,Manchester,North West,515,0.0,0.0,0.0,515.0,sufficient
84616,PROD003457,WH003,Midlands Warehouse,Birmingham,West Midlands,941,0.0,0.0,0.0,941.0,sufficient
84616,PROD003457,WH004,Scotland Warehouse,Glasgow,Scotland,236,0.0,0.0,0.0,236.0,sufficient
84616,PROD003457,WH005,Wales Warehouse,Cardiff,Wales,881,6.0,110.9,0.0,881.0,sufficient
84621,PROD003460,WH001,Central Warehouse,London,South East,541,0.0,0.0,0.0,541.0,sufficient
84621,PROD003460,WH002,North Warehouse,Manchester,North West,716,0.0,0.0,0.0,716.0,sufficient
84621,PROD003460,WH003,Midlands Warehouse,Birmingham,West Midlands,796,0.0,0.0,0.0,796.0,sufficient
84621,PROD003460,WH004,Scotland Warehouse,Glasgow,Scotland,506,0.0,0.0,0.0,506.0,sufficient
84621,PROD003460,WH005,Wales Warehouse,Cardiff,Wales,492,3.0,23.85,0.0,492.0,sufficient
84622,PROD003461,WH001,Central Warehouse,London,South East,437,0.0,0.0,0.0,437.0,sufficient
84622,PROD003461,WH002,North Warehouse,Manchester,North West,871,0.0,0.0,0.0,871.0,sufficient
84622,PROD003461,WH003,Midlands Warehouse,Birmingham,West Midlands,250,0.0,0.0,0.0,250.0,sufficient
84622,PROD003461,WH004,Scotland Warehouse,Glasgow,Scotland,110,0.0,0.0,0.0,110.0,sufficient
84622,PROD003461,WH005,Wales Warehouse,Cardiff,Wales,751,0.0,0.0,0.0,751.0,sufficient
84632,PROD003469,WH001,Central Warehouse,London,South East,303,4.0,199.8,4.0,299.0,sufficient
84632,PROD003469,WH002,North Warehouse,Manchester,North West,370,0.0,0.0,0.0,370.0,sufficient
84632,PROD003469,WH003,Midlands Warehouse,Birmingham,West Midlands,120,0.0,0.0,0.0,120.0,sufficient
84632,PROD003469,WH004,Scotland Warehouse,Glasgow,Scotland,112,0.0,0.0,0.0,112.0,sufficient
84632,PROD003469,WH005,Wales Warehouse,Cardiff,Wales,468,0.0,0.0,0.0,468.0,sufficient
84657,PROD003472,WH001,Central Warehouse,London,South East,561,0.0,0.0,0.0,561.0,sufficient
84657,PROD003472,WH002,North Warehouse,Manchester,North West,302,12.0,19.8,0.0,302.0,sufficient
84657,PROD003472,WH003,Midlands Warehouse,Birmingham,West Midlands,256,0.0,0.0,0.0,256.0,sufficient
84657,PROD003472,WH004,Scotland Warehouse,Glasgow,Scotland,520,12.0,19.8,0.0,520.0,sufficient
84657,PROD003472,WH005,Wales Warehouse,Cardiff,Wales,598,0.0,0.0,0.0,598.0,sufficient
84660C,PROD003477,WH001,Central Warehouse,London,South East,717,4.0,22.9,0.0,717.0,sufficient
84660C,PROD003477,WH002,North Warehouse,Manchester,North West,851,22.0,31.65,1.0,850.0,sufficient
84660C,PROD003477,WH003,Midlands Warehouse,Birmingham,West Midlands,171,4.0,22.42,0.0,171.0,sufficient
84660C,PROD003477,WH004,Scotland Warehouse,Glasgow,Scotland,368,0.0,0.0,0.0,368.0,sufficient
84660C,PROD003477,WH005,Wales Warehouse,Cardiff,Wales,794,21.0,16.59,0.0,794.0,sufficient
84661B,PROD003479,WH001,Central Warehouse,London,South East,620,2.0,7.609999999999999,0.0,620.0,sufficient
84661B,PROD003479,WH002,North Warehouse,Manchester,North West,804,1.0,4.96,0.0,804.0,sufficient
84661B,PROD003479,WH003,Midlands Warehouse,Birmingham,West Midlands,926,12.0,9.48,0.0,926.0,sufficient
84661B,PROD003479,WH004,Scotland Warehouse,Glasgow,Scotland,838,0.0,0.0,0.0,838.0,sufficient
84661B,PROD003479,WH005,Wales Warehouse,Cardiff,Wales,249,0.0,0.0,0.0,249.0,sufficient
84661C,PROD003480,WH001,Central Warehouse,London,South East,790,0.0,0.0,0.0,790.0,sufficient
84661C,PROD003480,WH002,North Warehouse,Manchester,North West,424,1.0,2.46,0.0,424.0,sufficient
84661C,PROD003480,WH003,Midlands Warehouse,Birmingham,West Midlands,729,0.0,0.0,0.0,729.0,sufficient
84661C,PROD003480,WH004,Scotland Warehouse,Glasgow,Scotland,0,0.0,0.0,0.0,0.0,critical
84661C,PROD003480,WH005,Wales Warehouse,Cardiff,Wales,137,24.0,15.6,0.0,137.0,sufficient
84664,PROD003482,WH001,Central Warehouse,London,South East,282,6.0,29.700000000000003,0.0,282.0,sufficient
84664,PROD003482,WH002,North Warehouse,Manchester,North West,292,8.0,39.6,0.0,292.0,sufficient
84664,PROD003482,WH003,Midlands Warehouse,Birmingham,West Midlands,509,5.0,24.75,0.0,509.0,sufficient
84664,PROD003482,WH004,Scotland Warehouse,Glasgow,Scotland,23,0.0,0.0,0.0,23.0,sufficient
84664,PROD003482,WH005,Wales Warehouse,Cardiff,Wales,162,6.0,29.700000000000003,0.0,162.0,sufficient
84666,PROD003484,WH001,Central Warehouse,London,South East,311,0.0,0.0,0.0,311.0,sufficient
84666,PROD003484,WH002,North Warehouse,Manchester,North West,644,0.0,0.0,0.0,644.0,sufficient
84666,PROD003484,WH003,Midlands Warehouse,Birmingham,West Midlands,547,10.0,39.5,0.0,547.0,sufficient
84666,PROD003484,WH004,Scotland Warehouse,Glasgow,Scotland,379,0.0,0.0,0.0,379.0,sufficient
84666,PROD003484,WH005,Wales Warehouse,Cardiff,Wales,337,18.0,71.1,12.0,325.0,sufficient
84670,PROD003485,WH001,Central Warehouse,London,South East,913,36.0,15.120000000000001,0.0,913.0,sufficient
84670,PROD003485,WH002,North Warehouse,Manchester,North West,1210,24.0,10.08,0.0,1210.0,sufficient
84670,PROD003485,WH003,Midlands Warehouse,Birmingham,West Midlands,905,73.0,31.9,0.0,905.0,sufficient
84670,PROD003485,WH004,Scotland Warehouse,Glasgow,Scotland,833,81.0,35.26,0.0,833.0,sufficient
84670,PROD003485,WH005,Wales Warehouse,Cardiff,Wales,1171,232.0,88.8,0.0,1171.0,sufficient
84671B,PROD003486,WH001,Central Warehouse,London,South East,795,5.0,12.75,0.0,795.0,sufficient
84671B,PROD003486,WH002,North Warehouse,Manchester,North West,579,6.0,15.3,0.0,579.0,sufficient
84671B,PROD003486,WH003,Midlands Warehouse,Birmingham,West Midlands,857,2.0,10.34,0.0,857.0,sufficient
84671B,PROD003486,WH004,Scotland Warehouse,Glasgow,Scotland,246,0.0,0.0,0.0,246.0,sufficient
84671B,PROD003486,WH005,Wales Warehouse,Cardiff,Wales,776,12.0,30.6,0.0,776.0,sufficient
84674,PROD003489,WH001,Central Warehouse,London,South East,245,0.0,0.0,0.0,245.0,sufficient
84674,PROD003489,WH002,North Warehouse,Manchester,North West,593,2.0,5.9,0.0,593.0,sufficient
84674,PROD003489,WH003,Midlands Warehouse,Birmingham,West Midlands,175,4.0,11.8,0.0,175.0,sufficient
84674,PROD003489,WH004,Scotland Warehouse,Glasgow,Scotland,325,7.0,23.61,0.0,325.0,sufficient
84674,PROD003489,WH005,Wales Warehouse,Cardiff,Wales,828,9.0,26.55,0.0,828.0,sufficient
84676,PROD003491,WH001,Central Warehouse,London,South East,801,18.0,53.099999999999994,0.0,801.0,sufficient
84676,PROD003491,WH002,North Warehouse,Manchester,North West,312,1.0,2.95,0.0,312.0,sufficient
84676,PROD003491,WH003,Midlands Warehouse,Birmingham,West Midlands,1337,7.0,20.65,0.0,1337.0,sufficient
84676,PROD003491,WH004,Scotland Warehouse,Glasgow,Scotland,1255,8.0,26.56,0.0,1255.0,sufficient
84676,PROD003491,WH005,Wales Warehouse,Cardiff,Wales,938,0.0,0.0,0.0,938.0,sufficient
84678,PROD003492,WH001,Central Warehouse,London,South East,399,17.0,53.39,0.0,399.0,sufficient
84678,PROD003492,WH002,North Warehouse,Manchester,North West,684,12.0,30.6,0.0,684.0,sufficient
84678,PROD003492,WH003,Midlands Warehouse,Birmingham,West Midlands,925,2.0,10.12,0.0,925.0,sufficient
84678,PROD003492,WH004,Scotland Warehouse,Glasgow,Scotland,48,3.0,7.65,0.0,48.0,sufficient
84678,PROD003492,WH005,Wales Warehouse,Cardiff,Wales,315,4.0,15.02,0.0,315.0,sufficient
84679,PROD003493,WH001,Central Warehouse,London,South East,282,0.0,0.0,0.0,282.0,sufficient
84679,PROD003493,WH002,North Warehouse,Manchester,North West,246,0.0,0.0,0.0,246.0,sufficient
84679,PROD003493,WH003,Midlands Warehouse,Birmingham,West Midlands,257,0.0,0.0,0.0,257.0,sufficient
84679,PROD003493,WH004,Scotland Warehouse,Glasgow,Scotland,703,2.0,39.9,0.0,703.0,sufficient
84679,PROD003493,WH005,Wales Warehouse,Cardiff,Wales,177,0.0,0.0,0.0,177.0,sufficient
84686,PROD003499,WH001,Central Warehouse,London,South East,328,0.0,0.0,0.0,328.0,sufficient
84686,PROD003499,WH002,North Warehouse,Manchester,North West,668,5.0,25.47,1.0,667.0,sufficient
84686,PROD003499,WH003,Midlands Warehouse,Birmingham,West Midlands,746,1.0,8.47,0.0,746.0,sufficient
84686,PROD003499,WH004,Scotland Warehouse,Glasgow,Scotland,574,0.0,0.0,0.0,574.0,sufficient
84686,PROD003499,WH005,Wales Warehouse,Cardiff,Wales,409,22.0,56.12,0.0,409.0,sufficient
84688,PROD003501,WH001,Central Warehouse,London,South East,895,1.0,8.47,0.0,895.0,sufficient
84688,PROD003501,WH002,North Warehouse,Manchester,North West,279,1.0,4.25,0.0,279.0,sufficient
84688,PROD003501,WH003,Midlands Warehouse,Birmingham,West Midlands,733,1.0,8.47,0.0,733.0,sufficient
84688,PROD003501,WH004,Scotland Warehouse,Glasgow,Scotland,248,27.0,56.57,0.0,248.0,sufficient
84688,PROD003501,WH005,Wales Warehouse,Cardiff,Wales,705,12.0,51.0,0.0,705.0,sufficient
84705D,PROD003505,WH001,Central Warehouse,London,South East,92,1.0,4.21,0.0,92.0,sufficient
84705D,PROD003505,WH002,North Warehouse,Manchester,North West,330,7.0,32.11,0.0,330.0,sufficient
84705D,PROD003505,WH003,Midlands Warehouse,Birmingham,West Midlands,895,1.0,4.21,0.0,895.0,sufficient
84705D,PROD003505,WH004,Scotland Warehouse,Glasgow,Scotland,43,0.0,0.0,0.0,43.0,sufficient
84705D,PROD003505,WH005,Wales Warehouse,Cardiff,Wales,634,0.0,0.0,0.0,634.0,sufficient
84706A,PROD003506,WH001,Central Warehouse,London,South East,693,0.0,0.0,0.0,693.0,sufficient
84706A,PROD003506,WH002,North Warehouse,Manchester,North West,204,2.0,17.9,0.0,204.0,sufficient
84706A,PROD003506,WH003,Midlands Warehouse,Birmingham,West Midlands,518,0.0,0.0,0.0,518.0,sufficient
84706A,PROD003506,WH004,Scotland Warehouse,Glasgow,Scotland,394,0.0,0.0,0.0,394.0,sufficient
84706A,PROD003506,WH005,Wales Warehouse,Cardiff,Wales,210,0.0,0.0,0.0,210.0,sufficient
84707A,PROD003511,WH001,Central Warehouse,London,South East,287,4.0,39.8,0.0,287.0,sufficient
84707A,PROD003511,WH002,North Warehouse,Manchester,North West,175,12.0,23.4,0.0,175.0,sufficient
84707A,PROD003511,WH003,Midlands Warehouse,Birmingham,West Midlands,856,3.0,23.86,0.0,856.0,sufficient
84707A,PROD003511,WH004,Scotland Warehouse,Glasgow,Scotland,626,2.0,30.33,0.0,626.0,sufficient
84707A,PROD003511,WH005,Wales Warehouse,Cardiff,Wales,682,7.0,69.65,0.0,682.0,sufficient
84709A,PROD003514,WH001,Central Warehouse,London,South East,437,0.0,0.0,0.0,437.0,sufficient
84709A,PROD003514,WH002,North Warehouse,Manchester,North West,838,1.0,5.95,0.0,838.0,sufficient
84709A,PROD003514,WH003,Midlands Warehouse,Birmingham,West Midlands,802,0.0,0.0,0.0,802.0,sufficient
84709A,PROD003514,WH004,Scotland Warehouse,Glasgow,Scotland,1690,0.0,0.0,0.0,1690.0,sufficient
84709A,PROD003514,WH005,Wales Warehouse,Cardiff,Wales,1300,0.0,0.0,0.0,1300.0,sufficient
84711A,PROD003516,WH001,Central Warehouse,London,South East,437,0.0,0.0,0.0,437.0,sufficient
84711A,PROD003516,WH002,North Warehouse,Manchester,North West,169,4.0,31.479999999999997,0.0,169.0,sufficient
84711A,PROD003516,WH003,Midlands Warehouse,Birmingham,West Midlands,378,0.0,0.0,0.0,378.0,sufficient
84711A,PROD003516,WH004,Scotland Warehouse,Glasgow,Scotland,365,3.0,29.85,0.0,365.0,sufficient
84711A,PROD003516,WH005,Wales Warehouse,Cardiff,Wales,926,0.0,0.0,0.0,926.0,sufficient
84711B,PROD003517,WH001,Central Warehouse,London,South East,989,0.0,0.0,0.0,989.0,sufficient
84711B,PROD003517,WH002,North Warehouse,Manchester,North West,224,0.0,0.0,0.0,224.0,sufficient
84711B,PROD003517,WH003,Midlands Warehouse,Birmingham,West Midlands,818,3.0,28.549999999999997,0.0,818.0,sufficient
84711B,PROD003517,WH004,Scotland Warehouse,Glasgow,Scotland,249,0.0,0.0,0.0,249.0,sufficient
84711B,PROD003517,WH005,Wales Warehouse,Cardiff,Wales,492,3.0,29.849999999999998,0.0,492.0,sufficient
84741C,PROD003522,WH001,Central Warehouse,London,South East,471,6.0,11.7,0.0,471.0,sufficient
84741C,PROD003522,WH002,North Warehouse,Manchester,North West,427,2.0,3.9,0.0,427.0,sufficient
84741C,PROD003522,WH003,Midlands Warehouse,Birmingham,West Midlands,819,0.0,0.0,0.0,819.0,sufficient
84741C,PROD003522,WH004,Scotland Warehouse,Glasgow,Scotland,518,1.0,1.95,0.0,518.0,sufficient
84741C,PROD003522,WH005,Wales Warehouse,Cardiff,Wales,1184,0.0,0.0,0.0,1184.0,sufficient
84743C,PROD003523,WH001,Central Warehouse,London,South East,638,1.0,1.25,0.0,638.0,sufficient
84743C,PROD003523,WH002,North Warehouse,Manchester,North West,461,1.0,1.25,0.0,461.0,sufficient
84743C,PROD003523,WH003,Midlands Warehouse,Birmingham,West Midlands,755,0.0,0.0,0.0,755.0,sufficient
84743C,PROD003523,WH004,Scotland Warehouse,Glasgow,Scotland,482,0.0,0.0,0.0,482.0,sufficient
84743C,PROD003523,WH005,Wales Warehouse,Cardiff,Wales,355,0.0,0.0,0.0,355.0,sufficient
84748,PROD003527,WH001,Central Warehouse,London,South East,67,17.0,49.66,0.0,67.0,sufficient
84748,PROD003527,WH002,North Warehouse,Manchester,North West,434,29.0,35.43,0.0,434.0,sufficient
84748,PROD003527,WH003,Midlands Warehouse,Birmingham,West Midlands,338,0.0,0.0,0.0,338.0,sufficient
84748,PROD003527,WH004,Scotland Warehouse,Glasgow,Scotland,332,1.0,7.62,0.0,332.0,sufficient
84748,PROD003527,WH005,Wales Warehouse,Cardiff,Wales,426,2.0,4.92,0.0,426.0,sufficient
84750A,PROD003528,WH001,Central Warehouse,London,South East,319,7.0,20.52,0.0,319.0,sufficient
84750A,PROD003528,WH002,North Warehouse,Manchester,North West,15,2.0,8.42,1.0,14.0,sufficient
84750A,PROD003528,WH003,Midlands Warehouse,Birmingham,West Midlands,199,1.0,4.21,0.0,199.0,sufficient
84750A,PROD003528,WH004,Scotland Warehouse,Glasgow,Scotland,475,9.0,17.55,0.0,475.0,sufficient
84750A,PROD003528,WH005,Wales Warehouse,Cardiff,Wales,645,3.0,10.549999999999999,0.0,645.0,sufficient
84753A,PROD003531,WH001,Central Warehouse,London,South East,1764,0.0,0.0,0.0,1764.0,sufficient
84753A,PROD003531,WH002,North Warehouse,Manchester,North West,775,0.0,0.0,0.0,775.0,sufficient
84753A,PROD003531,WH003,Midlands Warehouse,Birmingham,West Midlands,280,0.0,0.0,0.0,280.0,sufficient
84753A,PROD003531,WH004,Scotland Warehouse,Glasgow,Scotland,468,12.0,10.2,0.0,468.0,sufficient
84753A,PROD003531,WH005,Wales Warehouse,Cardiff,Wales,714,2.0,1.7,0.0,714.0,sufficient
84755,PROD003533,WH001,Central Warehouse,London,South East,797,1360.0,788.1600000000001,16.0,781.0,sufficient
84755,PROD003533,WH002,North Warehouse,Manchester,North West,305,394.0,260.94,24.0,281.0,sufficient
84755,PROD003533,WH003,Midlands Warehouse,Birmingham,West Midlands,820,611.0,380.2,144.0,676.0,sufficient
84755,PROD003533,WH004,Scotland Warehouse,Glasgow,Scotland,793,876.0,521.24,8.0,785.0,sufficient
84755,PROD003533,WH005,Wales Warehouse,Cardiff,Wales,214,610.0,409.8,0.0,214.0,sufficient
84762A,PROD003537,WH001,Central Warehouse,London,South East,528,5.0,51.65,0.0,528.0,sufficient
84762A,PROD003537,WH002,North Warehouse,Manchester,North West,1588,1.0,10.75,0.0,1588.0,sufficient
84762A,PROD003537,WH003,Midlands Warehouse,Birmingham,West Midlands,115,0.0,0.0,0.0,115.0,sufficient
84762A,PROD003537,WH004,Scotland Warehouse,Glasgow,Scotland,1270,0.0,0.0,0.0,1270.0,sufficient
84762A,PROD003537,WH005,Wales Warehouse,Cardiff,Wales,1713,9.0,58.35,0.0,1713.0,sufficient
84770,PROD003543,WH001,Central Warehouse,London,South East,993,0.0,0.0,0.0,993.0,sufficient
84770,PROD003543,WH002,North Warehouse,Manchester,North West,1748,6.0,17.7,0.0,1748.0,sufficient
84770,PROD003543,WH003,Midlands Warehouse,Birmingham,West Midlands,829,0.0,0.0,0.0,829.0,sufficient
84770,PROD003543,WH004,Scotland Warehouse,Glasgow,Scotland,1038,0.0,0.0,0.0,1038.0,sufficient
84770,PROD003543,WH005,Wales Warehouse,Cardiff,Wales,1303,0.0,0.0,0.0,1303.0,sufficient
84782A,PROD003545,WH001,Central Warehouse,London,South East,360,0.0,0.0,0.0,360.0,sufficient
84782A,PROD003545,WH002,North Warehouse,Manchester,North West,1257,8.0,31.6,0.0,1257.0,sufficient
84782A,PROD003545,WH003,Midlands Warehouse,Birmingham,West Midlands,776,1.0,12.75,0.0,776.0,sufficient
84782A,PROD003545,WH004,Scotland Warehouse,Glasgow,Scotland,959,0.0,0.0,0.0,959.0,sufficient
84782A,PROD003545,WH005,Wales Warehouse,Cardiff,Wales,1156,3.0,38.25,0.0,1156.0,sufficient
84782C,PROD003546,WH001,Central Warehouse,London,South East,1318,1.0,12.75,1.0,1317.0,sufficient
84782C,PROD003546,WH002,North Warehouse,Manchester,North West,1607,0.0,0.0,0.0,1607.0,sufficient
84782C,PROD003546,WH003,Midlands Warehouse,Birmingham,West Midlands,780,0.0,0.0,0.0,780.0,sufficient
84782C,PROD003546,WH004,Scotland Warehouse,Glasgow,Scotland,1058,0.0,0.0,0.0,1058.0,sufficient
84782C,PROD003546,WH005,Wales Warehouse,Cardiff,Wales,1187,0.0,0.0,0.0,1187.0,sufficient
84789,PROD003547,WH001,Central Warehouse,London,South East,414,24.0,73.45,0.0,414.0,sufficient
84789,PROD003547,WH002,North Warehouse,Manchester,North West,501,7.0,26.25,0.0,501.0,sufficient
84789,PROD003547,WH003,Midlands Warehouse,Birmingham,West Midlands,654,10.0,37.5,0.0,654.0,sufficient
84789,PROD003547,WH004,Scotland Warehouse,Glasgow,Scotland,205,8.0,27.6,0.0,205.0,sufficient
84789,PROD003547,WH005,Wales Warehouse,Cardiff,Wales,148,2.0,7.5,0.0,148.0,sufficient
84795A,PROD003550,WH001,Central Warehouse,London,South East,948,0.0,0.0,0.0,948.0,sufficient
84795A,PROD003550,WH002,North Warehouse,Manchester,North West,822,5.0,48.78,0.0,822.0,sufficient
84795A,PROD003550,WH003,Midlands Warehouse,Birmingham,West Midlands,67,4.0,31.8,0.0,67.0,sufficient
84795A,PROD003550,WH004,Scotland Warehouse,Glasgow,Scotland,103,3.0,23.85,0.0,103.0,sufficient
84795A,PROD003550,WH005,Wales Warehouse,Cardiff,Wales,218,2.0,15.9,0.0,218.0,sufficient
84795b,PROD003555,WH001,Central Warehouse,London,South East,964,0.0,0.0,0.0,964.0,sufficient
84795b,PROD003555,WH002,North Warehouse,Manchester,North West,821,1.0,16.98,0.0,821.0,sufficient
84795b,PROD003555,WH003,Midlands Warehouse,Birmingham,West Midlands,28,0.0,0.0,0.0,28.0,sufficient
84795b,PROD003555,WH004,Scotland Warehouse,Glasgow,Scotland,409,2.0,33.96,0.0,409.0,sufficient
84795b,PROD003555,WH005,Wales Warehouse,Cardiff,Wales,868,1.0,16.63,0.0,868.0,sufficient
84797b,PROD003562,WH001,Central Warehouse,London,South East,580,0.0,0.0,0.0,580.0,sufficient
84797b,PROD003562,WH002,North Warehouse,Manchester,North West,565,1.0,11.26,0.0,565.0,sufficient
84797b,PROD003562,WH003,Midlands Warehouse,Birmingham,West Midlands,299,1.0,11.02,0.0,299.0,sufficient
84797b,PROD003562,WH004,Scotland Warehouse,Glasgow,Scotland,516,1.0,11.02,0.0,516.0,sufficient
84797b,PROD003562,WH005,Wales Warehouse,Cardiff,Wales,602,1.0,11.02,1.0,601.0,sufficient
84800L,PROD003566,WH001,Central Warehouse,London,South East,429,0.0,0.0,0.0,429.0,sufficient
84800L,PROD003566,WH002,North Warehouse,Manchester,North West,332,24.0,40.56,0.0,332.0,sufficient
84800L,PROD003566,WH003,Midlands Warehouse,Birmingham,West Midlands,396,0.0,0.0,0.0,396.0,sufficient
84800L,PROD003566,WH004,Scotland Warehouse,Glasgow,Scotland,314,0.0,0.0,0.0,314.0,sufficient
84800L,PROD003566,WH005,Wales Warehouse,Cardiff,Wales,279,96.0,81.6,0.0,279.0,sufficient
84801A,PROD003569,WH001,Central Warehouse,London,South East,497,0.0,0.0,0.0,497.0,sufficient
84801A,PROD003569,WH002,North Warehouse,Manchester,North West,177,96.0,162.24,0.0,177.0,sufficient
84801A,PROD003569,WH003,Midlands Warehouse,Birmingham,West Midlands,293,0.0,0.0,0.0,293.0,sufficient
84801A,PROD003569,WH004,Scotland Warehouse,Glasgow,Scotland,519,0.0,0.0,0.0,519.0,sufficient
84801A,PROD003569,WH005,Wales Warehouse,Cardiff,Wales,593,6.0,12.6,0.0,593.0,sufficient
84809B,PROD003577,WH001,Central Warehouse,London,South East,744,0.0,0.0,0.0,744.0,sufficient
84809B,PROD003577,WH002,North Warehouse,Manchester,North West,731,0.0,0.0,0.0,731.0,sufficient
84809B,PROD003577,WH003,Midlands Warehouse,Birmingham,West Midlands,373,0.0,0.0,0.0,373.0,sufficient
84809B,PROD003577,WH004,Scotland Warehouse,Glasgow,Scotland,359,72.0,61.2,0.0,359.0,sufficient
84809B,PROD003577,WH005,Wales Warehouse,Cardiff,Wales,60,0.0,0.0,0.0,60.0,sufficient
84816,PROD003581,WH001,Central Warehouse,London,South East,640,0.0,0.0,0.0,640.0,sufficient
84816,PROD003581,WH002,North Warehouse,Manchester,North West,888,0.0,0.0,0.0,888.0,sufficient
84816,PROD003581,WH003,Midlands Warehouse,Birmingham,West Midlands,725,1.0,39.95,0.0,725.0,sufficient
84816,PROD003581,WH004,Scotland Warehouse,Glasgow,Scotland,908,0.0,0.0,0.0,908.0,sufficient
84816,PROD003581,WH005,Wales Warehouse,Cardiff,Wales,503,4.0,159.8,0.0,503.0,sufficient
84819,PROD003584,WH001,Central Warehouse,London,South East,305,180.0,165.64,0.0,305.0,sufficient
84819,PROD003584,WH002,North Warehouse,Manchester,North West,90,5.0,14.33,0.0,90.0,sufficient
84819,PROD003584,WH003,Midlands Warehouse,Birmingham,West Midlands,648,8.0,27.12,0.0,648.0,sufficient
84819,PROD003584,WH004,Scotland Warehouse,Glasgow,Scotland,47,22.0,39.1,0.0,47.0,sufficient
84819,PROD003584,WH005,Wales Warehouse,Cardiff,Wales,706,6.0,25.5,0.0,706.0,sufficient
84820,PROD003585,WH001,Central Warehouse,London,South East,45,2.0,11.9,0.0,45.0,sufficient
84820,PROD003585,WH002,North Warehouse,Manchester,North West,912,80.0,100.0,0.0,912.0,sufficient
84820,PROD003585,WH003,Midlands Warehouse,Birmingham,West Midlands,99,4.0,23.8,0.0,99.0,sufficient
84820,PROD003585,WH004,Scotland Warehouse,Glasgow,Scotland,790,3.0,17.85,0.0,790.0,sufficient
84820,PROD003585,WH005,Wales Warehouse,Cardiff,Wales,226,0.0,0.0,0.0,226.0,sufficient
84824,PROD003588,WH001,Central Warehouse,London,South East,904,0.0,0.0,0.0,904.0,sufficient
84824,PROD003588,WH002,North Warehouse,Manchester,North West,1257,2.0,31.9,0.0,1257.0,sufficient
84824,PROD003588,WH003,Midlands Warehouse,Birmingham,West Midlands,707,0.0,0.0,0.0,707.0,sufficient
84824,PROD003588,WH004,Scotland Warehouse,Glasgow,Scotland,1567,2.0,31.9,0.0,1567.0,sufficient
84824,PROD003588,WH005,Wales Warehouse,Cardiff,Wales,1423,0.0,0.0,0.0,1423.0,sufficient
84826,PROD003589,WH001,Central Warehouse,London,South East,550,120.0,25.2,0.0,550.0,sufficient
84826,PROD003589,WH002,North Warehouse,Manchester,North West,119,1.0,0.85,0.0,119.0,sufficient
84826,PROD003589,WH003,Midlands Warehouse,Birmingham,West Midlands,265,7.0,5.949999999999999,6.0,259.0,sufficient
84826,PROD003589,WH004,Scotland Warehouse,Glasgow,Scotland,988,0.0,0.0,0.0,988.0,sufficient
84826,PROD003589,WH005,Wales Warehouse,Cardiff,Wales,259,33.0,6.93,0.0,259.0,sufficient
84836,PROD003593,WH001,Central Warehouse,London,South East,619,291.0,362.32,12.0,607.0,sufficient
84836,PROD003593,WH002,North Warehouse,Manchester,North West,220,299.0,382.59000000000003,16.0,204.0,sufficient
84836,PROD003593,WH003,Midlands Warehouse,Birmingham,West Midlands,680,519.0,611.44,1.0,679.0,sufficient
84836,PROD003593,WH004,Scotland Warehouse,Glasgow,Scotland,565,277.0,347.51,0.0,565.0,sufficient
84836,PROD003593,WH005,Wales Warehouse,Cardiff,Wales,123,302.0,381.18,0.0,123.0,sufficient
84839,PROD003595,WH001,Central Warehouse,London,South East,501,7.0,47.25,0.0,501.0,sufficient
84839,PROD003595,WH002,North Warehouse,Manchester,North West,520,15.0,101.19,0.0,520.0,sufficient
84839,PROD003595,WH003,Midlands Warehouse,Birmingham,West Midlands,478,7.0,53.22,0.0,478.0,sufficient
84839,PROD003595,WH004,Scotland Warehouse,Glasgow,Scotland,425,19.0,134.22,0.0,425.0,sufficient
84839,PROD003595,WH005,Wales Warehouse,Cardiff,Wales,653,17.0,114.75,2.0,651.0,sufficient
84843,PROD003598,WH001,Central Warehouse,London,South East,199,2.0,17.82,0.0,199.0,sufficient
84843,PROD003598,WH002,North Warehouse,Manchester,North West,571,0.0,0.0,0.0,571.0,sufficient
84843,PROD003598,WH003,Midlands Warehouse,Birmingham,West Midlands,338,4.0,23.8,0.0,338.0,sufficient
84843,PROD003598,WH004,Scotland Warehouse,Glasgow,Scotland,88,1.0,11.63,0.0,88.0,sufficient
84843,PROD003598,WH005,Wales Warehouse,Cardiff,Wales,264,5.0,35.67,0.0,264.0,sufficient
84847,PROD003602,WH001,Central Warehouse,London,South East,725,1.0,3.75,0.0,725.0,sufficient
84847,PROD003602,WH002,North Warehouse,Manchester,North West,665,1116.0,368.28,0.0,665.0,sufficient
84847,PROD003602,WH003,Midlands Warehouse,Birmingham,West Midlands,574,2.0,7.5,0.0,574.0,sufficient
84847,PROD003602,WH004,Scotland Warehouse,Glasgow,Scotland,893,0.0,0.0,0.0,893.0,sufficient
84847,PROD003602,WH005,Wales Warehouse,Cardiff,Wales,776,1.0,3.75,0.0,776.0,sufficient
84849A,PROD003603,WH001,Central Warehouse,London,South East,1758,4.0,6.76,0.0,1758.0,sufficient
84849A,PROD003603,WH002,North Warehouse,Manchester,North West,2259,1.0,3.29,0.0,2259.0,sufficient
84849A,PROD003603,WH003,Midlands Warehouse,Birmingham,West Midlands,1527,6.0,13.48,0.0,1527.0,sufficient
84849A,PROD003603,WH004,Scotland Warehouse,Glasgow,Scotland,1828,1.0,3.36,0.0,1828.0,sufficient
84849A,PROD003603,WH005,Wales Warehouse,Cardiff,Wales,2186,0.0,0.0,0.0,2186.0,sufficient
84849B,PROD003604,WH001,Central Warehouse,London,South East,587,25.0,43.92,0.0,587.0,sufficient
84849B,PROD003604,WH002,North Warehouse,Manchester,North West,939,32.0,57.42,0.0,939.0,sufficient
84849B,PROD003604,WH003,Midlands Warehouse,Birmingham,West Midlands,608,32.0,62.43,0.0,608.0,sufficient
84849B,PROD003604,WH004,Scotland Warehouse,Glasgow,Scotland,820,21.0,37.160000000000004,1.0,819.0,sufficient
84849B,PROD003604,WH005,Wales Warehouse,Cardiff,Wales,755,18.0,35.36,0.0,755.0,sufficient
84849D,PROD003605,WH001,Central Warehouse,London,South East,1072,40.0,67.6,0.0,1072.0,sufficient
84849D,PROD003605,WH002,North Warehouse,Manchester,North West,1688,4.0,8.43,0.0,1688.0,sufficient
84849D,PROD003605,WH003,Midlands Warehouse,Birmingham,West Midlands,726,11.0,18.59,0.0,726.0,sufficient
84849D,PROD003605,WH004,Scotland Warehouse,Glasgow,Scotland,1282,24.0,43.9,0.0,1282.0,sufficient
84849D,PROD003605,WH005,Wales Warehouse,Cardiff,Wales,1499,46.0,77.74000000000001,2.0,1497.0,sufficient
84858A,PROD003611,WH001,Central Warehouse,London,South East,617,0.0,0.0,0.0,617.0,sufficient
84858A,PROD003611,WH002,North Warehouse,Manchester,North West,716,0.0,0.0,0.0,716.0,sufficient
84858A,PROD003611,WH003,Midlands Warehouse,Birmingham,West Midlands,973,2.0,11.9,0.0,973.0,sufficient
84858A,PROD003611,WH004,Scotland Warehouse,Glasgow,Scotland,152,0.0,0.0,0.0,152.0,sufficient
84858A,PROD003611,WH005,Wales Warehouse,Cardiff,Wales,992,0.0,0.0,0.0,992.0,sufficient
84858C,PROD003613,WH001,Central Warehouse,London,South East,701,0.0,0.0,0.0,701.0,sufficient
84858C,PROD003613,WH002,North Warehouse,Manchester,North West,600,0.0,0.0,0.0,600.0,sufficient
84858C,PROD003613,WH003,Midlands Warehouse,Birmingham,West Midlands,54,0.0,0.0,0.0,54.0,sufficient
84858C,PROD003613,WH004,Scotland Warehouse,Glasgow,Scotland,557,30.0,37.5,0.0,557.0,sufficient
84858C,PROD003613,WH005,Wales Warehouse,Cardiff,Wales,620,5.0,35.43,0.0,620.0,sufficient
84873a,PROD003625,WH001,Central Warehouse,London,South East,405,2.0,22.28,0.0,405.0,sufficient
84873a,PROD003625,WH002,North Warehouse,Manchester,North West,603,2.0,22.04,0.0,603.0,sufficient
84873a,PROD003625,WH003,Midlands Warehouse,Birmingham,West Midlands,1455,0.0,0.0,0.0,1455.0,sufficient
84873a,PROD003625,WH004,Scotland Warehouse,Glasgow,Scotland,891,2.0,22.52,0.0,891.0,sufficient
84873a,PROD003625,WH005,Wales Warehouse,Cardiff,Wales,957,0.0,0.0,0.0,957.0,sufficient
84874A,PROD003626,WH001,Central Warehouse,London,South East,730,0.0,0.0,0.0,730.0,sufficient
84874A,PROD003626,WH002,North Warehouse,Manchester,North West,948,0.0,0.0,0.0,948.0,sufficient
84874A,PROD003626,WH003,Midlands Warehouse,Birmingham,West Midlands,992,0.0,0.0,0.0,992.0,sufficient
84874A,PROD003626,WH004,Scotland Warehouse,Glasgow,Scotland,983,0.0,0.0,0.0,983.0,sufficient
84874A,PROD003626,WH005,Wales Warehouse,Cardiff,Wales,969,0.0,0.0,0.0,969.0,sufficient
84874B,PROD003627,WH001,Central Warehouse,London,South East,584,0.0,0.0,0.0,584.0,sufficient
84874B,PROD003627,WH002,North Warehouse,Manchester,North West,99,0.0,0.0,0.0,99.0,sufficient
84874B,PROD003627,WH003,Midlands Warehouse,Birmingham,West Midlands,669,0.0,0.0,0.0,669.0,sufficient
84874B,PROD003627,WH004,Scotland Warehouse,Glasgow,Scotland,3,0.0,0.0,0.0,3.0,sufficient
84874B,PROD003627,WH005,Wales Warehouse,Cardiff,Wales,778,1.0,1.65,0.0,778.0,sufficient
84875D,PROD003629,WH001,Central Warehouse,London,South East,10,0.0,0.0,0.0,10.0,sufficient
84875D,PROD003629,WH002,North Warehouse,Manchester,North West,529,12.0,15.0,0.0,529.0,sufficient
84875D,PROD003629,WH003,Midlands Warehouse,Birmingham,West Midlands,549,0.0,0.0,0.0,549.0,sufficient
84875D,PROD003629,WH004,Scotland Warehouse,Glasgow,Scotland,23,0.0,0.0,0.0,23.0,sufficient
84875D,PROD003629,WH005,Wales Warehouse,Cardiff,Wales,427,0.0,0.0,0.0,427.0,sufficient
84876D,PROD003631,WH001,Central Warehouse,London,South East,912,2.0,7.5,0.0,912.0,sufficient
84876D,PROD003631,WH002,North Warehouse,Manchester,North West,733,51.0,71.25,48.0,685.0,sufficient
84876D,PROD003631,WH003,Midlands Warehouse,Birmingham,West Midlands,436,5.0,18.75,0.0,436.0,sufficient
84876D,PROD003631,WH004,Scotland Warehouse,Glasgow,Scotland,257,1.0,3.75,0.0,257.0,sufficient
84876D,PROD003631,WH005,Wales Warehouse,Cardiff,Wales,274,0.0,0.0,0.0,274.0,sufficient
84880,PROD003635,WH001,Central Warehouse,London,South East,321,22.0,137.76,1.0,320.0,sufficient
84880,PROD003635,WH002,North Warehouse,Manchester,North West,21,8.0,52.25,1.0,20.0,sufficient
84880,PROD003635,WH003,Midlands Warehouse,Birmingham,West Midlands,939,29.0,177.56,1.0,938.0,sufficient
84880,PROD003635,WH004,Scotland Warehouse,Glasgow,Scotland,522,17.0,110.17,3.0,519.0,sufficient
84880,PROD003635,WH005,Wales Warehouse,Cardiff,Wales,680,11.0,65.45,0.0,680.0,sufficient
84884A,PROD003638,WH001,Central Warehouse,London,South East,580,13.0,56.05,0.0,580.0,sufficient
84884A,PROD003638,WH002,North Warehouse,Manchester,North West,528,30.0,122.84,0.0,528.0,sufficient
84884A,PROD003638,WH003,Midlands Warehouse,Birmingham,West Midlands,0,13.0,56.05,0.0,0.0,critical
84884A,PROD003638,WH004,Scotland Warehouse,Glasgow,Scotland,835,38.0,137.64,0.0,835.0,sufficient
84884A,PROD003638,WH005,Wales Warehouse,Cardiff,Wales,681,47.0,199.21,5.0,676.0,sufficient
84884a,PROD003639,WH001,Central Warehouse,London,South East,797,0.0,0.0,0.0,797.0,sufficient
84884a,PROD003639,WH002,North Warehouse,Manchester,North West,159,0.0,0.0,0.0,159.0,sufficient
84884a,PROD003639,WH003,Midlands Warehouse,Birmingham,West Midlands,24,1.0,8.29,0.0,24.0,sufficient
84884a,PROD003639,WH004,Scotland Warehouse,Glasgow,Scotland,960,0.0,0.0,0.0,960.0,sufficient
84884a,PROD003639,WH005,Wales Warehouse,Cardiff,Wales,47,2.0,16.58,0.0,47.0,sufficient
84898F,PROD003642,WH001,Central Warehouse,London,South East,1110,6.0,12.600000000000001,0.0,1110.0,sufficient
84898F,PROD003642,WH002,North Warehouse,Manchester,North West,1448,12.0,25.2,0.0,1448.0,sufficient
84898F,PROD003642,WH003,Midlands Warehouse,Birmingham,West Midlands,1226,0.0,0.0,0.0,1226.0,sufficient
84898F,PROD003642,WH004,Scotland Warehouse,Glasgow,Scotland,336,3.0,6.3,0.0,336.0,sufficient
84898F,PROD003642,WH005,Wales Warehouse,Cardiff,Wales,975,0.0,0.0,0.0,975.0,sufficient
84901,PROD003645,WH001,Central Warehouse,London,South East,742,0.0,0.0,0.0,742.0,sufficient
84901,PROD003645,WH002,North Warehouse,Manchester,North West,777,6.0,23.880000000000003,0.0,777.0,sufficient
84901,PROD003645,WH003,Midlands Warehouse,Birmingham,West Midlands,442,0.0,0.0,0.0,442.0,sufficient
84901,PROD003645,WH004,Scotland Warehouse,Glasgow,Scotland,329,4.0,13.92,0.0,329.0,sufficient
84901,PROD003645,WH005,Wales Warehouse,Cardiff,Wales,472,1.0,4.21,0.0,472.0,sufficient
84905,PROD003647,WH001,Central Warehouse,London,South East,441,2.0,10.12,0.0,441.0,sufficient
84905,PROD003647,WH002,North Warehouse,Manchester,North West,815,6.0,30.029999999999998,0.0,815.0,sufficient
84905,PROD003647,WH003,Midlands Warehouse,Birmingham,West Midlands,443,1.0,4.95,0.0,443.0,sufficient
84905,PROD003647,WH004,Scotland Warehouse,Glasgow,Scotland,159,4.0,20.24,0.0,159.0,sufficient
84905,PROD003647,WH005,Wales Warehouse,Cardiff,Wales,104,6.0,29.700000000000003,0.0,104.0,sufficient
84906,PROD003648,WH001,Central Warehouse,London,South East,536,4.0,23.8,0.0,536.0,sufficient
84906,PROD003648,WH002,North Warehouse,Manchester,North West,601,2.0,3.9,2.0,599.0,sufficient
84906,PROD003648,WH003,Midlands Warehouse,Birmingham,West Midlands,22,1.0,5.95,0.0,22.0,sufficient
84906,PROD003648,WH004,Scotland Warehouse,Glasgow,Scotland,229,3.0,5.85,0.0,229.0,sufficient
84906,PROD003648,WH005,Wales Warehouse,Cardiff,Wales,667,0.0,0.0,0.0,667.0,sufficient
84908A,PROD003650,WH001,Central Warehouse,London,South East,725,1.0,5.91,0.0,725.0,sufficient
84908A,PROD003650,WH002,North Warehouse,Manchester,North West,960,1.0,5.91,0.0,960.0,sufficient
84908A,PROD003650,WH003,Midlands Warehouse,Birmingham,West Midlands,5,0.0,0.0,0.0,5.0,sufficient
84908A,PROD003650,WH004,Scotland Warehouse,Glasgow,Scotland,700,8.0,47.28,0.0,700.0,sufficient
84908A,PROD003650,WH005,Wales Warehouse,Cardiff,Wales,252,1.0,6.95,0.0,252.0,sufficient
84912A,PROD003654,WH001,Central Warehouse,London,South East,606,9.0,31.59,0.0,606.0,sufficient
84912A,PROD003654,WH002,North Warehouse,Manchester,North West,199,9.0,31.73,0.0,199.0,sufficient
84912A,PROD003654,WH003,Midlands Warehouse,Birmingham,West Midlands,897,9.0,31.41,1.0,896.0,sufficient
84912A,PROD003654,WH004,Scotland Warehouse,Glasgow,Scotland,747,3.0,10.08,0.0,747.0,sufficient
84912A,PROD003654,WH005,Wales Warehouse,Cardiff,Wales,718,12.0,44.54,0.0,718.0,sufficient
84913A,PROD003656,WH001,Central Warehouse,London,South East,333,10.0,38.760000000000005,0.0,333.0,sufficient
84913A,PROD003656,WH002,North Warehouse,Manchester,North West,895,9.0,30.169999999999998,0.0,895.0,sufficient
84913A,PROD003656,WH003,Midlands Warehouse,Birmingham,West Midlands,880,34.0,113.53999999999999,6.0,874.0,sufficient
84913A,PROD003656,WH004,Scotland Warehouse,Glasgow,Scotland,194,10.0,32.97,0.0,194.0,sufficient
84913A,PROD003656,WH005,Wales Warehouse,Cardiff,Wales,179,2.0,6.65,0.0,179.0,sufficient
84913B,PROD003657,WH001,Central Warehouse,London,South East,1847,4.0,13.44,0.0,1847.0,sufficient
84913B,PROD003657,WH002,North Warehouse,Manchester,North West,803,8.0,26.599999999999998,0.0,803.0,sufficient
84913B,PROD003657,WH003,Midlands Warehouse,Birmingham,West Midlands,1327,16.0,59.65,2.0,1325.0,sufficient
84913B,PROD003657,WH004,Scotland Warehouse,Glasgow,Scotland,645,6.0,20.09,0.0,645.0,sufficient
84913B,PROD003657,WH005,Wales Warehouse,Cardiff,Wales,642,16.0,58.64,0.0,642.0,sufficient
84915,PROD003659,WH001,Central Warehouse,London,South East,644,0.0,0.0,0.0,644.0,sufficient
84915,PROD003659,WH002,North Warehouse,Manchester,North West,45,2.0,8.26,0.0,45.0,sufficient
84915,PROD003659,WH003,Midlands Warehouse,Birmingham,West Midlands,382,3.0,16.11,0.0,382.0,sufficient
84915,PROD003659,WH004,Scotland Warehouse,Glasgow,Scotland,161,3.0,27.95,0.0,161.0,sufficient
84915,PROD003659,WH005,Wales Warehouse,Cardiff,Wales,449,0.0,0.0,0.0,449.0,sufficient
84916,PROD003660,WH001,Central Warehouse,London,South East,275,3.0,17.85,0.0,275.0,sufficient
84916,PROD003660,WH002,North Warehouse,Manchester,North West,120,1.0,4.21,1.0,119.0,sufficient
84916,PROD003660,WH003,Midlands Warehouse,Birmingham,West Midlands,586,2.0,8.42,0.0,586.0,sufficient
84916,PROD003660,WH004,Scotland Warehouse,Glasgow,Scotland,288,31.0,41.71,0.0,288.0,sufficient
84916,PROD003660,WH005,Wales Warehouse,Cardiff,Wales,851,10.0,12.5,0.0,851.0,sufficient
84918,PROD003662,WH001,Central Warehouse,London,South East,990,2.0,11.82,0.0,990.0,sufficient
84918,PROD003662,WH002,North Warehouse,Manchester,North West,347,4.0,23.64,0.0,347.0,sufficient
84918,PROD003662,WH003,Midlands Warehouse,Birmingham,West Midlands,654,0.0,0.0,0.0,654.0,sufficient
84918,PROD003662,WH004,Scotland Warehouse,Glasgow,Scotland,975,8.0,53.52,0.0,975.0,sufficient
84918,PROD003662,WH005,Wales Warehouse,Cardiff,Wales,805,1.0,5.91,0.0,805.0,sufficient
84920,PROD003664,WH001,Central Warehouse,London,South East,725,0.0,0.0,0.0,725.0,sufficient
84920,PROD003664,WH002,North Warehouse,Manchester,North West,316,8.0,31.11,0.0,316.0,sufficient
84920,PROD003664,WH003,Midlands Warehouse,Birmingham,West Midlands,870,0.0,0.0,0.0,870.0,sufficient
84920,PROD003664,WH004,Scotland Warehouse,Glasgow,Scotland,248,3.0,15.120000000000001,0.0,248.0,sufficient
84920,PROD003664,WH005,Wales Warehouse,Cardiff,Wales,532,1.0,3.29,1.0,531.0,sufficient
84923,PROD003667,WH001,Central Warehouse,London,South East,339,1.0,4.13,0.0,339.0,sufficient
84923,PROD003667,WH002,North Warehouse,Manchester,North West,2,2.0,12.71,0.0,2.0,sufficient
84923,PROD003667,WH003,Midlands Warehouse,Birmingham,West Midlands,363,5.0,20.73,1.0,362.0,sufficient
84923,PROD003667,WH004,Scotland Warehouse,Glasgow,Scotland,721,9.0,37.730000000000004,2.0,719.0,sufficient
84923,PROD003667,WH005,Wales Warehouse,Cardiff,Wales,97,8.0,33.04,1.0,96.0,sufficient
84925A,PROD003670,WH001,Central Warehouse,London,South East,31,0.0,0.0,0.0,31.0,sufficient
84925A,PROD003670,WH002,North Warehouse,Manchester,North West,973,1.0,2.55,0.0,973.0,sufficient
84925A,PROD003670,WH003,Midlands Warehouse,Birmingham,West Midlands,829,0.0,0.0,0.0,829.0,sufficient
84925A,PROD003670,WH004,Scotland Warehouse,Glasgow,Scotland,57,0.0,0.0,0.0,57.0,sufficient
84925A,PROD003670,WH005,Wales Warehouse,Cardiff,Wales,756,0.0,0.0,0.0,756.0,sufficient
84925D,PROD003672,WH001,Central Warehouse,London,South East,128,1.0,2.55,0.0,128.0,sufficient
84925D,PROD003672,WH002,North Warehouse,Manchester,North West,58,1.0,2.55,0.0,58.0,sufficient
84925D,PROD003672,WH003,Midlands Warehouse,Birmingham,West Midlands,738,0.0,0.0,0.0,738.0,sufficient
84925D,PROD003672,WH004,Scotland Warehouse,Glasgow,Scotland,331,0.0,0.0,0.0,331.0,sufficient
84925D,PROD003672,WH005,Wales Warehouse,Cardiff,Wales,901,0.0,0.0,0.0,901.0,sufficient
84925F,PROD003673,WH001,Central Warehouse,London,South East,816,7.0,10.81,0.0,816.0,sufficient
84925F,PROD003673,WH002,North Warehouse,Manchester,North West,225,0.0,0.0,0.0,225.0,sufficient
84925F,PROD003673,WH003,Midlands Warehouse,Birmingham,West Midlands,435,8.0,6.32,0.0,435.0,sufficient
84925F,PROD003673,WH004,Scotland Warehouse,Glasgow,Scotland,95,0.0,0.0,0.0,95.0,sufficient
84925F,PROD003673,WH005,Wales Warehouse,Cardiff,Wales,511,0.0,0.0,0.0,511.0,sufficient
84926A,PROD003674,WH001,Central Warehouse,London,South East,751,24.0,6.96,0.0,751.0,sufficient
84926A,PROD003674,WH002,North Warehouse,Manchester,North West,770,4.0,5.0,0.0,770.0,sufficient
84926A,PROD003674,WH003,Midlands Warehouse,Birmingham,West Midlands,532,0.0,0.0,0.0,532.0,sufficient
84926A,PROD003674,WH004,Scotland Warehouse,Glasgow,Scotland,203,24.0,6.96,0.0,203.0,sufficient
84926A,PROD003674,WH005,Wales Warehouse,Cardiff,Wales,454,1.0,1.25,0.0,454.0,sufficient
84926D,PROD003677,WH001,Central Warehouse,London,South East,568,12.0,15.0,0.0,568.0,sufficient
84926D,PROD003677,WH002,North Warehouse,Manchester,North West,800,2.0,0.58,0.0,800.0,sufficient
84926D,PROD003677,WH003,Midlands Warehouse,Birmingham,West Midlands,546,24.0,30.0,0.0,546.0,sufficient
84926D,PROD003677,WH004,Scotland Warehouse,Glasgow,Scotland,267,0.0,0.0,0.0,267.0,sufficient
84926D,PROD003677,WH005,Wales Warehouse,Cardiff,Wales,463,1.0,2.46,0.0,463.0,sufficient
84926E,PROD003678,WH001,Central Warehouse,London,South East,1287,24.0,6.96,0.0,1287.0,sufficient
84926E,PROD003678,WH002,North Warehouse,Manchester,North West,840,24.0,6.96,0.0,840.0,sufficient
84926E,PROD003678,WH003,Midlands Warehouse,Birmingham,West Midlands,1292,0.0,0.0,0.0,1292.0,sufficient
84926E,PROD003678,WH004,Scotland Warehouse,Glasgow,Scotland,440,0.0,0.0,0.0,440.0,sufficient
84926E,PROD003678,WH005,Wales Warehouse,Cardiff,Wales,1034,1.0,2.46,0.0,1034.0,sufficient
84931A,PROD003685,WH001,Central Warehouse,London,South East,354,0.0,0.0,0.0,354.0,sufficient
84931A,PROD003685,WH002,North Warehouse,Manchester,North West,289,7.0,17.85,0.0,289.0,sufficient
84931A,PROD003685,WH003,Midlands Warehouse,Birmingham,West Midlands,169,4.0,6.61,0.0,169.0,sufficient
84931A,PROD003685,WH004,Scotland Warehouse,Glasgow,Scotland,495,2.0,5.1,0.0,495.0,sufficient
84931A,PROD003685,WH005,Wales Warehouse,Cardiff,Wales,678,0.0,0.0,0.0,678.0,sufficient
84932C,PROD003688,WH001,Central Warehouse,London,South East,956,8.0,15.6,0.0,956.0,sufficient
84932C,PROD003688,WH002,North Warehouse,Manchester,North West,606,0.0,0.0,0.0,606.0,sufficient
84932C,PROD003688,WH003,Midlands Warehouse,Birmingham,West Midlands,575,0.0,0.0,0.0,575.0,sufficient
84932C,PROD003688,WH004,Scotland Warehouse,Glasgow,Scotland,631,0.0,0.0,0.0,631.0,sufficient
84932C,PROD003688,WH005,Wales Warehouse,Cardiff,Wales,357,8.0,15.6,8.0,349.0,sufficient
84933D,PROD003690,WH001,Central Warehouse,London,South East,1700,0.0,0.0,0.0,1700.0,sufficient
84933D,PROD003690,WH002,North Warehouse,Manchester,North West,831,0.0,0.0,0.0,831.0,sufficient
84933D,PROD003690,WH003,Midlands Warehouse,Birmingham,West Midlands,904,0.0,0.0,0.0,904.0,sufficient
84933D,PROD003690,WH004,Scotland Warehouse,Glasgow,Scotland,89,0.0,0.0,0.0,89.0,sufficient
84933D,PROD003690,WH005,Wales Warehouse,Cardiff,Wales,1246,0.0,0.0,0.0,1246.0,sufficient
84937,PROD003691,WH001,Central Warehouse,London,South East,976,478.0,815.1999999999999,0.0,976.0,sufficient
84937,PROD003691,WH002,North Warehouse,Manchester,North West,486,38.0,97.88,0.0,486.0,sufficient
84937,PROD003691,WH003,Midlands Warehouse,Birmingham,West Midlands,581,34.0,107.32,1.0,580.0,sufficient
84937,PROD003691,WH004,Scotland Warehouse,Glasgow,Scotland,150,24.0,50.4,0.0,150.0,sufficient
84937,PROD003691,WH005,Wales Warehouse,Cardiff,Wales,214,73.0,162.22,0.0,214.0,sufficient
84944,PROD003693,WH001,Central Warehouse,London,South East,898,45.0,198.77,0.0,898.0,sufficient
84944,PROD003693,WH002,North Warehouse,Manchester,North West,449,26.0,88.3,0.0,449.0,sufficient
84944,PROD003693,WH003,Midlands Warehouse,Birmingham,West Midlands,120,9.0,48.36,0.0,120.0,sufficient
84944,PROD003693,WH004,Scotland Warehouse,Glasgow,Scotland,444,63.0,111.75,2.0,442.0,sufficient
84944,PROD003693,WH005,Wales Warehouse,Cardiff,Wales,683,10.0,42.5,2.0,681.0,sufficient
84947,PROD003696,WH001,Central Warehouse,London,South East,764,434.0,486.19999999999993,18.0,746.0,sufficient
84947,PROD003696,WH002,North Warehouse,Manchester,North West,112,434.0,476.61999999999995,24.0,88.0,sufficient
84947,PROD003696,WH003,Midlands Warehouse,Birmingham,West Midlands,435,339.0,432.47,0.0,435.0,sufficient
84947,PROD003696,WH004,Scotland Warehouse,Glasgow,Scotland,473,812.0,990.4,2.0,471.0,sufficient
84947,PROD003696,WH005,Wales Warehouse,Cardiff,Wales,225,124.0,163.77,12.0,213.0,sufficient
84948,PROD003697,WH001,Central Warehouse,London,South East,153,0.0,0.0,0.0,153.0,sufficient
84948,PROD003697,WH002,North Warehouse,Manchester,North West,234,12.0,19.8,0.0,234.0,sufficient
84948,PROD003697,WH003,Midlands Warehouse,Birmingham,West Midlands,740,0.0,0.0,0.0,740.0,sufficient
84948,PROD003697,WH004,Scotland Warehouse,Glasgow,Scotland,844,3.0,10.29,0.0,844.0,sufficient
84948,PROD003697,WH005,Wales Warehouse,Cardiff,Wales,208,4.0,6.6,0.0,208.0,sufficient
84951b,PROD003702,WH001,Central Warehouse,London,South East,705,0.0,0.0,0.0,705.0,sufficient
84951b,PROD003702,WH002,North Warehouse,Manchester,North West,837,0.0,0.0,0.0,837.0,sufficient
84951b,PROD003702,WH003,Midlands Warehouse,Birmingham,West Midlands,859,1.0,5.17,0.0,859.0,sufficient
84951b,PROD003702,WH004,Scotland Warehouse,Glasgow,Scotland,885,0.0,0.0,0.0,885.0,sufficient
84951b,PROD003702,WH005,Wales Warehouse,Cardiff,Wales,848,0.0,0.0,0.0,848.0,sufficient
84952B,PROD003704,WH001,Central Warehouse,London,South East,1173,96.0,120.0,0.0,1173.0,sufficient
84952B,PROD003704,WH002,North Warehouse,Manchester,North West,1181,1.0,1.63,0.0,1181.0,sufficient
84952B,PROD003704,WH003,Midlands Warehouse,Birmingham,West Midlands,620,48.0,60.0,0.0,620.0,sufficient
84952B,PROD003704,WH004,Scotland Warehouse,Glasgow,Scotland,831,0.0,0.0,0.0,831.0,sufficient
84952B,PROD003704,WH005,Wales Warehouse,Cardiff,Wales,1443,0.0,0.0,0.0,1443.0,sufficient
84964A,PROD003706,WH001,Central Warehouse,London,South East,458,0.0,0.0,0.0,458.0,sufficient
84964A,PROD003706,WH002,North Warehouse,Manchester,North West,126,0.0,0.0,0.0,126.0,sufficient
84964A,PROD003706,WH003,Midlands Warehouse,Birmingham,West Midlands,170,0.0,0.0,0.0,170.0,sufficient
84964A,PROD003706,WH004,Scotland Warehouse,Glasgow,Scotland,920,0.0,0.0,0.0,920.0,sufficient
84964A,PROD003706,WH005,Wales Warehouse,Cardiff,Wales,285,0.0,0.0,0.0,285.0,sufficient
84965A,PROD003707,WH001,Central Warehouse,London,South East,685,0.0,0.0,0.0,685.0,sufficient
84965A,PROD003707,WH002,North Warehouse,Manchester,North West,925,0.0,0.0,0.0,925.0,sufficient
84965A,PROD003707,WH003,Midlands Warehouse,Birmingham,West Midlands,636,1.0,30.0,0.0,636.0,sufficient
84965A,PROD003707,WH004,Scotland Warehouse,Glasgow,Scotland,464,0.0,0.0,0.0,464.0,sufficient
84965A,PROD003707,WH005,Wales Warehouse,Cardiff,Wales,121,0.0,0.0,0.0,121.0,sufficient
84966B,PROD003709,WH001,Central Warehouse,London,South East,201,0.0,0.0,0.0,201.0,sufficient
84966B,PROD003709,WH002,North Warehouse,Manchester,North West,99,0.0,0.0,0.0,99.0,sufficient
84966B,PROD003709,WH003,Midlands Warehouse,Birmingham,West Midlands,403,0.0,0.0,0.0,403.0,sufficient
84966B,PROD003709,WH004,Scotland Warehouse,Glasgow,Scotland,198,0.0,0.0,0.0,198.0,sufficient
84966B,PROD003709,WH005,Wales Warehouse,Cardiff,Wales,191,1.0,20.0,0.0,191.0,sufficient
84967A,PROD003711,WH001,Central Warehouse,London,South East,519,1.0,79.95,0.0,519.0,sufficient
84967A,PROD003711,WH002,North Warehouse,Manchester,North West,39,0.0,0.0,0.0,39.0,sufficient
84967A,PROD003711,WH003,Midlands Warehouse,Birmingham,West Midlands,848,0.0,0.0,0.0,848.0,sufficient
84967A,PROD003711,WH004,Scotland Warehouse,Glasgow,Scotland,34,0.0,0.0,0.0,34.0,sufficient
84967A,PROD003711,WH005,Wales Warehouse,Cardiff,Wales,459,0.0,0.0,0.0,459.0,sufficient
84968F,PROD003718,WH001,Central Warehouse,London,South East,836,4.0,62.01,0.0,836.0,sufficient
84968F,PROD003718,WH002,North Warehouse,Manchester,North West,538,3.0,33.06,0.0,538.0,sufficient
84968F,PROD003718,WH003,Midlands Warehouse,Birmingham,West Midlands,924,3.0,48.97,0.0,924.0,sufficient
84968F,PROD003718,WH004,Scotland Warehouse,Glasgow,Scotland,964,6.0,60.2,0.0,964.0,sufficient
84968F,PROD003718,WH005,Wales Warehouse,Cardiff,Wales,412,8.0,101.9,0.0,412.0,sufficient
84968b,PROD003720,WH001,Central Warehouse,London,South East,981,0.0,0.0,0.0,981.0,sufficient
84968b,PROD003720,WH002,North Warehouse,Manchester,North West,417,1.0,25.49,0.0,417.0,sufficient
84968b,PROD003720,WH003,Midlands Warehouse,Birmingham,West Midlands,998,0.0,0.0,0.0,998.0,sufficient
84968b,PROD003720,WH004,Scotland Warehouse,Glasgow,Scotland,391,0.0,0.0,0.0,391.0,sufficient
84968b,PROD003720,WH005,Wales Warehouse,Cardiff,Wales,921,0.0,0.0,0.0,921.0,sufficient
84970l,PROD003725,WH001,Central Warehouse,London,South East,446,11.0,23.380000000000003,0.0,446.0,sufficient
84970l,PROD003725,WH002,North Warehouse,Manchester,North West,395,0.0,0.0,0.0,395.0,sufficient
84970l,PROD003725,WH003,Midlands Warehouse,Birmingham,West Midlands,1129,6.0,12.629999999999999,0.0,1129.0,sufficient
84970l,PROD003725,WH004,Scotland Warehouse,Glasgow,Scotland,1308,1.0,2.08,0.0,1308.0,sufficient
84970l,PROD003725,WH005,Wales Warehouse,Cardiff,Wales,442,12.0,25.060000000000002,0.0,442.0,sufficient
84970s,PROD003726,WH001,Central Warehouse,London,South East,874,2.0,4.21,0.0,874.0,sufficient
84970s,PROD003726,WH002,North Warehouse,Manchester,North West,647,10.0,20.8,0.0,647.0,sufficient
84970s,PROD003726,WH003,Midlands Warehouse,Birmingham,West Midlands,102,8.0,16.89,1.0,101.0,sufficient
84970s,PROD003726,WH004,Scotland Warehouse,Glasgow,Scotland,543,0.0,0.0,0.0,543.0,sufficient
84970s,PROD003726,WH005,Wales Warehouse,Cardiff,Wales,774,22.0,46.01,1.0,773.0,sufficient
84971L,PROD003727,WH001,Central Warehouse,London,South East,446,0.0,0.0,0.0,446.0,sufficient
84971L,PROD003727,WH002,North Warehouse,Manchester,North West,756,1.0,2.57,109.0,647.0,sufficient
84971L,PROD003727,WH003,Midlands Warehouse,Birmingham,West Midlands,16,12.0,15.0,0.0,16.0,sufficient
84971L,PROD003727,WH004,Scotland Warehouse,Glasgow,Scotland,882,38.0,46.480000000000004,0.0,882.0,sufficient
84971L,PROD003727,WH005,Wales Warehouse,Cardiff,Wales,502,12.0,15.0,0.0,502.0,sufficient
84976,PROD003732,WH001,Central Warehouse,London,South East,411,30.0,39.900000000000006,0.0,411.0,sufficient
84976,PROD003732,WH002,North Warehouse,Manchester,North West,629,0.0,0.0,0.0,629.0,sufficient
84976,PROD003732,WH003,Midlands Warehouse,Birmingham,West Midlands,238,2.0,6.58,0.0,238.0,sufficient
84976,PROD003732,WH004,Scotland Warehouse,Glasgow,Scotland,108,0.0,0.0,0.0,108.0,sufficient
84976,PROD003732,WH005,Wales Warehouse,Cardiff,Wales,906,0.0,0.0,0.0,906.0,sufficient
84977,PROD003733,WH001,Central Warehouse,London,South East,809,21.0,26.25,0.0,809.0,sufficient
84977,PROD003733,WH002,North Warehouse,Manchester,North West,540,10.0,12.5,0.0,540.0,sufficient
84977,PROD003733,WH003,Midlands Warehouse,Birmingham,West Midlands,1633,0.0,0.0,0.0,1633.0,sufficient
84977,PROD003733,WH004,Scotland Warehouse,Glasgow,Scotland,1628,1.0,1.25,0.0,1628.0,sufficient
84977,PROD003733,WH005,Wales Warehouse,Cardiff,Wales,1293,2.0,2.5,0.0,1293.0,sufficient
84984D,PROD003737,WH001,Central Warehouse,London,South East,652,0.0,0.0,0.0,652.0,sufficient
84984D,PROD003737,WH002,North Warehouse,Manchester,North West,212,0.0,0.0,0.0,212.0,sufficient
84984D,PROD003737,WH003,Midlands Warehouse,Birmingham,West Midlands,624,0.0,0.0,0.0,624.0,sufficient
84984D,PROD003737,WH004,Scotland Warehouse,Glasgow,Scotland,668,10.0,12.5,0.0,668.0,sufficient
84984D,PROD003737,WH005,Wales Warehouse,Cardiff,Wales,353,0.0,0.0,0.0,353.0,sufficient
84985B,PROD003739,WH001,Central Warehouse,London,South East,623,0.0,0.0,0.0,623.0,sufficient
84985B,PROD003739,WH002,North Warehouse,Manchester,North West,1491,4.0,5.8,0.0,1491.0,sufficient
84985B,PROD003739,WH003,Midlands Warehouse,Birmingham,West Midlands,1463,1.0,1.45,0.0,1463.0,sufficient
84985B,PROD003739,WH004,Scotland Warehouse,Glasgow,Scotland,749,0.0,0.0,0.0,749.0,sufficient
84985B,PROD003739,WH005,Wales Warehouse,Cardiff,Wales,721,0.0,0.0,0.0,721.0,sufficient
84987,PROD003743,WH001,Central Warehouse,London,South East,681,114.0,179.19,12.0,669.0,sufficient
84987,PROD003743,WH002,North Warehouse,Manchester,North West,1891,116.0,169.67,0.0,1891.0,sufficient
84987,PROD003743,WH003,Midlands Warehouse,Birmingham,West Midlands,978,88.0,127.6,24.0,954.0,sufficient
84987,PROD003743,WH004,Scotland Warehouse,Glasgow,Scotland,952,66.0,95.69999999999999,0.0,952.0,sufficient
84987,PROD003743,WH005,Wales Warehouse,Cardiff,Wales,1049,132.0,191.39999999999998,13.0,1036.0,sufficient
84989B,PROD003746,WH001,Central Warehouse,London,South East,961,122.0,52.96,120.0,841.0,sufficient
84989B,PROD003746,WH002,North Warehouse,Manchester,North West,187,0.0,0.0,0.0,187.0,sufficient
84989B,PROD003746,WH003,Midlands Warehouse,Birmingham,West Midlands,32,3.0,1.65,0.0,32.0,sufficient
84989B,PROD003746,WH004,Scotland Warehouse,Glasgow,Scotland,749,0.0,0.0,0.0,749.0,sufficient
84989B,PROD003746,WH005,Wales Warehouse,Cardiff,Wales,7,31.0,19.3,1.0,6.0,sufficient
84989a,PROD003747,WH001,Central Warehouse,London,South East,815,3.0,6.24,0.0,815.0,sufficient
84989a,PROD003747,WH002,North Warehouse,Manchester,North West,645,2.0,4.26,0.0,645.0,sufficient
84989a,PROD003747,WH003,Midlands Warehouse,Birmingham,West Midlands,780,2.0,4.26,0.0,780.0,sufficient
84989a,PROD003747,WH004,Scotland Warehouse,Glasgow,Scotland,751,0.0,0.0,0.0,751.0,sufficient
84989a,PROD003747,WH005,Wales Warehouse,Cardiff,Wales,440,1.0,2.13,0.0,440.0,sufficient
84993a,PROD003753,WH001,Central Warehouse,London,South East,876,5.0,4.1499999999999995,0.0,876.0,sufficient
84993a,PROD003753,WH002,North Warehouse,Manchester,North West,689,5.0,4.25,0.0,689.0,sufficient
84993a,PROD003753,WH003,Midlands Warehouse,Birmingham,West Midlands,805,2.0,1.7,0.0,805.0,sufficient
84993a,PROD003753,WH004,Scotland Warehouse,Glasgow,Scotland,292,0.0,0.0,0.0,292.0,sufficient
84993a,PROD003753,WH005,Wales Warehouse,Cardiff,Wales,773,0.0,0.0,0.0,773.0,sufficient
84997a,PROD003758,WH001,Central Warehouse,London,South East,995,2.0,16.58,0.0,995.0,sufficient
84997a,PROD003758,WH002,North Warehouse,Manchester,North West,241,7.0,58.56999999999999,0.0,241.0,sufficient
84997a,PROD003758,WH003,Midlands Warehouse,Birmingham,West Midlands,973,14.0,116.16,0.0,973.0,sufficient
84997a,PROD003758,WH004,Scotland Warehouse,Glasgow,Scotland,216,13.0,108.0,0.0,216.0,sufficient
84997a,PROD003758,WH005,Wales Warehouse,Cardiff,Wales,134,1.0,8.29,0.0,134.0,sufficient
84997b,PROD003759,WH001,Central Warehouse,London,South East,255,20.0,165.8,4.0,251.0,sufficient
84997b,PROD003759,WH002,North Warehouse,Manchester,North West,375,7.0,58.03,0.0,375.0,sufficient
84997b,PROD003759,WH003,Midlands Warehouse,Birmingham,West Midlands,265,12.0,100.19999999999999,0.0,265.0,sufficient
84997b,PROD003759,WH004,Scotland Warehouse,Glasgow,Scotland,369,28.0,235.54,0.0,369.0,sufficient
84997b,PROD003759,WH005,Wales Warehouse,Cardiff,Wales,132,14.0,116.06,0.0,132.0,sufficient
85008,PROD003764,WH001,Central Warehouse,London,South East,976,4.0,25.02,0.0,976.0,sufficient
85008,PROD003764,WH002,North Warehouse,Manchester,North West,635,3.0,14.85,0.0,635.0,sufficient
85008,PROD003764,WH003,Midlands Warehouse,Birmingham,West Midlands,667,6.0,29.700000000000003,0.0,667.0,sufficient
85008,PROD003764,WH004,Scotland Warehouse,Glasgow,Scotland,960,1.0,4.95,0.0,960.0,sufficient
85008,PROD003764,WH005,Wales Warehouse,Cardiff,Wales,58,35.0,67.64999999999999,0.0,58.0,sufficient
85014A,PROD003765,WH001,Central Warehouse,London,South East,885,61.0,362.95,1.0,884.0,sufficient
85014A,PROD003765,WH002,North Warehouse,Manchester,North West,115,190.0,981.27,17.0,98.0,sufficient
85014A,PROD003765,WH003,Midlands Warehouse,Birmingham,West Midlands,187,27.0,189.06,0.0,187.0,sufficient
85014A,PROD003765,WH004,Scotland Warehouse,Glasgow,Scotland,895,74.0,399.07,0.0,895.0,sufficient
85014A,PROD003765,WH005,Wales Warehouse,Cardiff,Wales,352,47.0,287.19,0.0,352.0,sufficient
85015,PROD003771,WH001,Central Warehouse,London,South East,960,56.0,45.7,0.0,960.0,sufficient
85015,PROD003771,WH002,North Warehouse,Manchester,North West,528,25.0,18.11,0.0,528.0,sufficient
85015,PROD003771,WH003,Midlands Warehouse,Birmingham,West Midlands,989,147.0,101.08,0.0,989.0,sufficient
85015,PROD003771,WH004,Scotland Warehouse,Glasgow,Scotland,526,57.0,50.370000000000005,0.0,526.0,sufficient
85015,PROD003771,WH005,Wales Warehouse,Cardiff,Wales,39,66.0,75.0,24.0,15.0,low
85016,PROD003772,WH001,Central Warehouse,London,South East,478,15.0,37.89,0.0,478.0,sufficient
85016,PROD003772,WH002,North Warehouse,Manchester,North West,615,1.0,2.51,0.0,615.0,sufficient
85016,PROD003772,WH003,Midlands Warehouse,Birmingham,West Midlands,468,18.0,45.74,2.0,466.0,sufficient
85016,PROD003772,WH004,Scotland Warehouse,Glasgow,Scotland,793,8.0,20.380000000000003,0.0,793.0,sufficient
85016,PROD003772,WH005,Wales Warehouse,Cardiff,Wales,790,54.0,46.5,0.0,790.0,sufficient
85017C,PROD003775,WH001,Central Warehouse,London,South East,184,5.0,4.13,0.0,184.0,sufficient
85017C,PROD003775,WH002,North Warehouse,Manchester,North West,930,12.0,10.2,0.0,930.0,sufficient
85017C,PROD003775,WH003,Midlands Warehouse,Birmingham,West Midlands,951,65.0,44.18,0.0,951.0,sufficient
85017C,PROD003775,WH004,Scotland Warehouse,Glasgow,Scotland,527,20.0,16.759999999999998,0.0,527.0,sufficient
85017C,PROD003775,WH005,Wales Warehouse,Cardiff,Wales,149,165.0,76.04,144.0,5.0,low
85018A,PROD003776,WH001,Central Warehouse,London,South East,781,0.0,0.0,0.0,781.0,sufficient
85018A,PROD003776,WH002,North Warehouse,Manchester,North West,310,0.0,0.0,0.0,310.0,sufficient
85018A,PROD003776,WH003,Midlands Warehouse,Birmingham,West Midlands,63,0.0,0.0,0.0,63.0,sufficient
85018A,PROD003776,WH004,Scotland Warehouse,Glasgow,Scotland,473,2.0,8.5,0.0,473.0,sufficient
85018A,PROD003776,WH005,Wales Warehouse,Cardiff,Wales,706,0.0,0.0,0.0,706.0,sufficient
85018D,PROD003777,WH001,Central Warehouse,London,South East,360,1.0,2.55,0.0,360.0,sufficient
85018D,PROD003777,WH002,North Warehouse,Manchester,North West,578,6.0,15.3,0.0,578.0,sufficient
85018D,PROD003777,WH003,Midlands Warehouse,Birmingham,West Midlands,905,1.0,2.55,0.0,905.0,sufficient
85018D,PROD003777,WH004,Scotland Warehouse,Glasgow,Scotland,8,50.0,45.81999999999999,0.0,8.0,sufficient
85018D,PROD003777,WH005,Wales Warehouse,Cardiff,Wales,652,8.0,20.4,0.0,652.0,sufficient
85019A,PROD003778,WH001,Central Warehouse,London,South East,819,0.0,0.0,0.0,819.0,sufficient
85019A,PROD003778,WH002,North Warehouse,Manchester,North West,205,24.0,30.0,0.0,205.0,sufficient
85019A,PROD003778,WH003,Midlands Warehouse,Birmingham,West Midlands,232,0.0,0.0,0.0,232.0,sufficient
85019A,PROD003778,WH004,Scotland Warehouse,Glasgow,Scotland,117,26.0,32.5,0.0,117.0,sufficient
85019A,PROD003778,WH005,Wales Warehouse,Cardiff,Wales,69,52.0,77.0,0.0,69.0,sufficient
85019C,PROD003780,WH001,Central Warehouse,London,South East,395,1.0,4.25,0.0,395.0,sufficient
85019C,PROD003780,WH002,North Warehouse,Manchester,North West,49,0.0,0.0,0.0,49.0,sufficient
85019C,PROD003780,WH003,Midlands Warehouse,Birmingham,West Midlands,198,0.0,0.0,0.0,198.0,sufficient
85019C,PROD003780,WH004,Scotland Warehouse,Glasgow,Scotland,449,25.0,38.47,0.0,449.0,sufficient
85019C,PROD003780,WH005,Wales Warehouse,Cardiff,Wales,804,0.0,0.0,0.0,804.0,sufficient
85023B,PROD003783,WH001,Central Warehouse,London,South East,497,2.0,5.1,0.0,497.0,sufficient
85023B,PROD003783,WH002,North Warehouse,Manchester,North West,792,2.0,5.1,0.0,792.0,sufficient
85023B,PROD003783,WH003,Midlands Warehouse,Birmingham,West Midlands,71,0.0,0.0,0.0,71.0,sufficient
85023B,PROD003783,WH004,Scotland Warehouse,Glasgow,Scotland,934,18.0,45.900000000000006,0.0,934.0,sufficient
85023B,PROD003783,WH005,Wales Warehouse,Cardiff,Wales,210,0.0,0.0,0.0,210.0,sufficient
85024C,PROD003786,WH001,Central Warehouse,London,South East,365,0.0,0.0,0.0,365.0,sufficient
85024C,PROD003786,WH002,North Warehouse,Manchester,North West,506,0.0,0.0,0.0,506.0,sufficient
85024C,PROD003786,WH003,Midlands Warehouse,Birmingham,West Midlands,782,0.0,0.0,0.0,782.0,sufficient
85024C,PROD003786,WH004,Scotland Warehouse,Glasgow,Scotland,944,0.0,0.0,0.0,944.0,sufficient
85024C,PROD003786,WH005,Wales Warehouse,Cardiff,Wales,861,4.0,6.6,2.0,859.0,sufficient
85026B,PROD003789,WH001,Central Warehouse,London,South East,872,5.0,6.680000000000001,0.0,872.0,sufficient
85026B,PROD003789,WH002,North Warehouse,Manchester,North West,559,9.0,7.65,0.0,559.0,sufficient
85026B,PROD003789,WH003,Midlands Warehouse,Birmingham,West Midlands,805,1.0,1.66,0.0,805.0,sufficient
85026B,PROD003789,WH004,Scotland Warehouse,Glasgow,Scotland,265,10.0,8.5,0.0,265.0,sufficient
85026B,PROD003789,WH005,Wales Warehouse,Cardiff,Wales,456,6.0,5.1,0.0,456.0,sufficient
85027L,PROD003790,WH001,Central Warehouse,London,South East,712,0.0,0.0,0.0,712.0,sufficient
85027L,PROD003790,WH002,North Warehouse,Manchester,North West,870,0.0,0.0,0.0,870.0,sufficient
85027L,PROD003790,WH003,Midlands Warehouse,Birmingham,West Midlands,474,3.0,5.85,0.0,474.0,sufficient
85027L,PROD003790,WH004,Scotland Warehouse,Glasgow,Scotland,565,6.0,11.7,0.0,565.0,sufficient
85027L,PROD003790,WH005,Wales Warehouse,Cardiff,Wales,990,0.0,0.0,0.0,990.0,sufficient
85032A,PROD003797,WH001,Central Warehouse,London,South East,115,24.0,15.6,0.0,115.0,sufficient
85032A,PROD003797,WH002,North Warehouse,Manchester,North West,666,6.0,4.88,0.0,666.0,sufficient
85032A,PROD003797,WH003,Midlands Warehouse,Birmingham,West Midlands,137,1.0,0.65,0.0,137.0,sufficient
85032A,PROD003797,WH004,Scotland Warehouse,Glasgow,Scotland,740,2.0,2.28,0.0,740.0,sufficient
85032A,PROD003797,WH005,Wales Warehouse,Cardiff,Wales,815,1.0,0.65,0.0,815.0,sufficient
85032C,PROD003799,WH001,Central Warehouse,London,South East,214,2.0,2.28,0.0,214.0,sufficient
85032C,PROD003799,WH002,North Warehouse,Manchester,North West,840,3.0,2.9299999999999997,0.0,840.0,sufficient
85032C,PROD003799,WH003,Midlands Warehouse,Birmingham,West Midlands,654,4.0,7.93,0.0,654.0,sufficient
85032C,PROD003799,WH004,Scotland Warehouse,Glasgow,Scotland,29,7.0,10.969999999999999,0.0,29.0,sufficient
85032C,PROD003799,WH005,Wales Warehouse,Cardiff,Wales,926,4.0,4.56,0.0,926.0,sufficient
85032D,PROD003800,WH001,Central Warehouse,London,South East,323,52.0,36.23,0.0,323.0,sufficient
85032D,PROD003800,WH002,North Warehouse,Manchester,North West,251,152.0,259.28000000000003,0.0,251.0,sufficient
85032D,PROD003800,WH003,Midlands Warehouse,Birmingham,West Midlands,665,43.0,37.66,0.0,665.0,sufficient
85032D,PROD003800,WH004,Scotland Warehouse,Glasgow,Scotland,940,2.0,3.26,0.0,940.0,sufficient
85032D,PROD003800,WH005,Wales Warehouse,Cardiff,Wales,461,13.0,26.83,0.0,461.0,sufficient
85033S,PROD003802,WH001,Central Warehouse,London,South East,920,36.0,23.4,24.0,896.0,sufficient
85033S,PROD003802,WH002,North Warehouse,Manchester,North West,105,2.0,1.3,0.0,105.0,sufficient
85033S,PROD003802,WH003,Midlands Warehouse,Birmingham,West Midlands,935,36.0,23.4,0.0,935.0,sufficient
85033S,PROD003802,WH004,Scotland Warehouse,Glasgow,Scotland,1285,2.0,1.3,0.0,1285.0,sufficient
85033S,PROD003802,WH005,Wales Warehouse,Cardiff,Wales,987,14.0,24.7,0.0,987.0,sufficient
85034A,PROD003803,WH001,Central Warehouse,London,South East,880,4.0,17.0,0.0,880.0,sufficient
85034A,PROD003803,WH002,North Warehouse,Manchester,North West,654,0.0,0.0,0.0,654.0,sufficient
85034A,PROD003803,WH003,Midlands Warehouse,Birmingham,West Midlands,913,2.0,2.5,0.0,913.0,sufficient
85034A,PROD003803,WH004,Scotland Warehouse,Glasgow,Scotland,908,58.0,104.78,0.0,908.0,sufficient
85034A,PROD003803,WH005,Wales Warehouse,Cardiff,Wales,642,5.0,22.47,1.0,641.0,sufficient
85035B,PROD003807,WH001,Central Warehouse,London,South East,661,4.0,17.0,0.0,661.0,sufficient
85035B,PROD003807,WH002,North Warehouse,Manchester,North West,907,26.0,42.54,0.0,907.0,sufficient
85035B,PROD003807,WH003,Midlands Warehouse,Birmingham,West Midlands,4,9.0,35.37,0.0,4.0,sufficient
85035B,PROD003807,WH004,Scotland Warehouse,Glasgow,Scotland,617,2.0,8.5,0.0,617.0,sufficient
85035B,PROD003807,WH005,Wales Warehouse,Cardiff,Wales,649,6.0,24.54,0.0,649.0,sufficient
85035C,PROD003808,WH001,Central Warehouse,London,South East,342,46.0,87.5,0.0,342.0,sufficient
85035C,PROD003808,WH002,North Warehouse,Manchester,North West,142,9.0,40.849999999999994,0.0,142.0,sufficient
85035C,PROD003808,WH003,Midlands Warehouse,Birmingham,West Midlands,588,8.0,31.66,0.0,588.0,sufficient
85035C,PROD003808,WH004,Scotland Warehouse,Glasgow,Scotland,265,26.0,39.72,0.0,265.0,sufficient
85035C,PROD003808,WH005,Wales Warehouse,Cardiff,Wales,387,27.0,76.83,0.0,387.0,sufficient
85039C,PROD003817,WH001,Central Warehouse,London,South East,698,10.0,16.3,0.0,698.0,sufficient
85039C,PROD003817,WH002,North Warehouse,Manchester,North West,965,1.0,1.65,0.0,965.0,sufficient
85039C,PROD003817,WH003,Midlands Warehouse,Birmingham,West Midlands,30,4.0,8.34,0.0,30.0,sufficient
85039C,PROD003817,WH004,Scotland Warehouse,Glasgow,Scotland,137,52.0,28.49,0.0,137.0,sufficient
85039C,PROD003817,WH005,Wales Warehouse,Cardiff,Wales,927,2.0,3.29,0.0,927.0,sufficient
85039a,PROD003818,WH001,Central Warehouse,London,South East,20,1.0,3.29,0.0,20.0,sufficient
85039a,PROD003818,WH002,North Warehouse,Manchester,North West,915,0.0,0.0,0.0,915.0,sufficient
85039a,PROD003818,WH003,Midlands Warehouse,Birmingham,West Midlands,466,2.0,6.58,0.0,466.0,sufficient
85039a,PROD003818,WH004,Scotland Warehouse,Glasgow,Scotland,831,1.0,3.29,0.0,831.0,sufficient
85039a,PROD003818,WH005,Wales Warehouse,Cardiff,Wales,583,0.0,0.0,0.0,583.0,sufficient
85040B,PROD003820,WH001,Central Warehouse,London,South East,47,220.0,324.59999999999997,0.0,47.0,sufficient
85040B,PROD003820,WH002,North Warehouse,Manchester,North West,940,38.0,62.699999999999996,12.0,928.0,sufficient
85040B,PROD003820,WH003,Midlands Warehouse,Birmingham,West Midlands,279,130.0,197.01,0.0,279.0,sufficient
85040B,PROD003820,WH004,Scotland Warehouse,Glasgow,Scotland,1,14.0,24.88,8.0,-7.0,critical
85040B,PROD003820,WH005,Wales Warehouse,Cardiff,Wales,728,4.0,6.6,2.0,726.0,sufficient
85041,PROD003822,WH001,Central Warehouse,London,South East,308,5.0,8.25,0.0,308.0,sufficient
85041,PROD003822,WH002,North Warehouse,Manchester,North West,480,0.0,0.0,0.0,480.0,sufficient
85041,PROD003822,WH003,Midlands Warehouse,Birmingham,West Midlands,1217,97.0,140.85,0.0,1217.0,sufficient
85041,PROD003822,WH004,Scotland Warehouse,Glasgow,Scotland,450,36.0,59.400000000000006,12.0,438.0,sufficient
85041,PROD003822,WH005,Wales Warehouse,Cardiff,Wales,1088,14.0,23.1,0.0,1088.0,sufficient
85047,PROD003826,WH001,Central Warehouse,London,South East,772,3.0,19.049999999999997,0.0,772.0,sufficient
85047,PROD003826,WH002,North Warehouse,Manchester,North West,225,40.0,234.79999999999998,0.0,225.0,sufficient
85047,PROD003826,WH003,Midlands Warehouse,Birmingham,West Midlands,417,32.0,209.57,3.0,414.0,sufficient
85047,PROD003826,WH004,Scotland Warehouse,Glasgow,Scotland,760,17.0,107.95,0.0,760.0,sufficient
85047,PROD003826,WH005,Wales Warehouse,Cardiff,Wales,873,3.0,19.05,3.0,870.0,sufficient
85049E,PROD003832,WH001,Central Warehouse,London,South East,896,140.0,178.73,28.0,868.0,sufficient
85049E,PROD003832,WH002,North Warehouse,Manchester,North West,483,195.0,217.9,0.0,483.0,sufficient
85049E,PROD003832,WH003,Midlands Warehouse,Birmingham,West Midlands,743,102.0,140.02,13.0,730.0,sufficient
85049E,PROD003832,WH004,Scotland Warehouse,Glasgow,Scotland,954,66.0,90.3,4.0,950.0,sufficient
85049E,PROD003832,WH005,Wales Warehouse,Cardiff,Wales,289,120.0,163.87,1.0,288.0,sufficient
85049F,PROD003833,WH001,Central Warehouse,London,South East,957,18.0,23.759999999999998,1.0,956.0,sufficient
85049F,PROD003833,WH002,North Warehouse,Manchester,North West,658,46.0,57.5,0.0,658.0,sufficient
85049F,PROD003833,WH003,Midlands Warehouse,Birmingham,West Midlands,685,67.0,83.75,0.0,685.0,sufficient
85049F,PROD003833,WH004,Scotland Warehouse,Glasgow,Scotland,185,43.0,53.75,0.0,185.0,sufficient
85049F,PROD003833,WH005,Wales Warehouse,Cardiff,Wales,680,104.0,132.52,0.0,680.0,sufficient
85053,PROD003840,WH001,Central Warehouse,London,South East,882,23.0,54.39,0.0,882.0,sufficient
85053,PROD003840,WH002,North Warehouse,Manchester,North West,402,74.0,139.78,0.0,402.0,sufficient
85053,PROD003840,WH003,Midlands Warehouse,Birmingham,West Midlands,176,82.0,159.03,0.0,176.0,sufficient
85053,PROD003840,WH004,Scotland Warehouse,Glasgow,Scotland,116,34.0,75.46,0.0,116.0,sufficient
85053,PROD003840,WH005,Wales Warehouse,Cardiff,Wales,971,68.0,131.56,0.0,971.0,sufficient
85055,PROD003842,WH001,Central Warehouse,London,South East,356,0.0,0.0,0.0,356.0,sufficient
85055,PROD003842,WH002,North Warehouse,Manchester,North West,566,5.0,18.75,0.0,566.0,sufficient
85055,PROD003842,WH003,Midlands Warehouse,Birmingham,West Midlands,188,2.0,7.5,0.0,188.0,sufficient
85055,PROD003842,WH004,Scotland Warehouse,Glasgow,Scotland,422,2.0,15.24,0.0,422.0,sufficient
85055,PROD003842,WH005,Wales Warehouse,Cardiff,Wales,655,10.0,41.370000000000005,0.0,655.0,sufficient
85059,PROD003843,WH001,Central Warehouse,London,South East,479,8.0,30.0,0.0,479.0,sufficient
85059,PROD003843,WH002,North Warehouse,Manchester,North West,345,20.0,75.36,0.0,345.0,sufficient
85059,PROD003843,WH003,Midlands Warehouse,Birmingham,West Midlands,149,2.0,11.370000000000001,0.0,149.0,sufficient
85059,PROD003843,WH004,Scotland Warehouse,Glasgow,Scotland,123,18.0,71.37,0.0,123.0,sufficient
85059,PROD003843,WH005,Wales Warehouse,Cardiff,Wales,355,25.0,100.57,0.0,355.0,sufficient
85064,PROD003848,WH001,Central Warehouse,London,South East,602,35.0,177.95,0.0,602.0,sufficient
85064,PROD003848,WH002,North Warehouse,Manchester,North West,950,12.0,65.4,0.0,950.0,sufficient
85064,PROD003848,WH003,Midlands Warehouse,Birmingham,West Midlands,574,11.0,59.95,0.0,574.0,sufficient
85064,PROD003848,WH004,Scotland Warehouse,Glasgow,Scotland,706,6.0,43.84,0.0,706.0,sufficient
85064,PROD003848,WH005,Wales Warehouse,Cardiff,Wales,860,22.0,107.10000000000001,2.0,858.0,sufficient
85065,PROD003849,WH001,Central Warehouse,London,South East,630,15.0,163.25,0.0,630.0,sufficient
85065,PROD003849,WH002,North Warehouse,Manchester,North West,532,6.0,76.5,0.0,532.0,sufficient
85065,PROD003849,WH003,Midlands Warehouse,Birmingham,West Midlands,737,17.0,188.75,0.0,737.0,sufficient
85065,PROD003849,WH004,Scotland Warehouse,Glasgow,Scotland,268,16.0,188.74,0.0,268.0,sufficient
85065,PROD003849,WH005,Wales Warehouse,Cardiff,Wales,427,6.0,73.7,0.0,427.0,sufficient
85066,PROD003850,WH001,Central Warehouse,London,South East,126,64.0,772.8,2.0,124.0,sufficient
85066,PROD003850,WH002,North Warehouse,Manchester,North West,154,77.0,897.29,2.0,152.0,sufficient
85066,PROD003850,WH003,Midlands Warehouse,Birmingham,West Midlands,988,24.0,381.90999999999997,0.0,988.0,sufficient
85066,PROD003850,WH004,Scotland Warehouse,Glasgow,Scotland,414,49.0,630.29,2.0,412.0,sufficient
85066,PROD003850,WH005,Wales Warehouse,Cardiff,Wales,971,45.0,648.62,0.0,971.0,sufficient
85078,PROD003858,WH001,Central Warehouse,London,South East,915,39.0,29.73,0.0,915.0,sufficient
85078,PROD003858,WH002,North Warehouse,Manchester,North West,881,27.0,24.77,0.0,881.0,sufficient
85078,PROD003858,WH003,Midlands Warehouse,Birmingham,West Midlands,403,33.0,27.79,6.0,397.0,sufficient
85078,PROD003858,WH004,Scotland Warehouse,Glasgow,Scotland,929,13.0,8.23,0.0,929.0,sufficient
85078,PROD003858,WH005,Wales Warehouse,Cardiff,Wales,844,0.0,0.0,0.0,844.0,sufficient
85080,PROD003860,WH001,Central Warehouse,London,South East,210,0.0,0.0,0.0,210.0,sufficient
85080,PROD003860,WH002,North Warehouse,Manchester,North West,582,6.0,2.52,0.0,582.0,sufficient
85080,PROD003860,WH003,Midlands Warehouse,Birmingham,West Midlands,439,0.0,0.0,0.0,439.0,sufficient
85080,PROD003860,WH004,Scotland Warehouse,Glasgow,Scotland,607,2.0,0.0,0.0,607.0,sufficient
85080,PROD003860,WH005,Wales Warehouse,Cardiff,Wales,728,1.0,0.42,0.0,728.0,sufficient
85081,PROD003861,WH001,Central Warehouse,London,South East,146,0.0,0.0,0.0,146.0,sufficient
85081,PROD003861,WH002,North Warehouse,Manchester,North West,936,0.0,0.0,0.0,936.0,sufficient
85081,PROD003861,WH003,Midlands Warehouse,Birmingham,West Midlands,892,0.0,0.0,0.0,892.0,sufficient
85081,PROD003861,WH004,Scotland Warehouse,Glasgow,Scotland,900,5.0,2.1,0.0,900.0,sufficient
85081,PROD003861,WH005,Wales Warehouse,Cardiff,Wales,999,0.0,0.0,0.0,999.0,sufficient
85086A,PROD003864,WH001,Central Warehouse,London,South East,644,8.0,7.51,0.0,644.0,sufficient
85086A,PROD003864,WH002,North Warehouse,Manchester,North West,193,5.0,7.59,0.0,193.0,sufficient
85086A,PROD003864,WH003,Midlands Warehouse,Birmingham,West Midlands,726,14.0,13.52,0.0,726.0,sufficient
85086A,PROD003864,WH004,Scotland Warehouse,Glasgow,Scotland,142,16.0,16.96,0.0,142.0,sufficient
85086A,PROD003864,WH005,Wales Warehouse,Cardiff,Wales,919,1.0,1.66,0.0,919.0,sufficient
85088,PROD003866,WH001,Central Warehouse,London,South East,671,7.0,12.030000000000001,0.0,671.0,sufficient
85088,PROD003866,WH002,North Warehouse,Manchester,North West,788,0.0,0.0,0.0,788.0,sufficient
85088,PROD003866,WH003,Midlands Warehouse,Birmingham,West Midlands,1038,1.0,2.1,0.0,1038.0,sufficient
85088,PROD003866,WH004,Scotland Warehouse,Glasgow,Scotland,1331,12.0,25.2,0.0,1331.0,sufficient
85088,PROD003866,WH005,Wales Warehouse,Cardiff,Wales,534,5.0,10.77,4.0,530.0,sufficient
85089,PROD003867,WH001,Central Warehouse,London,South East,502,1.0,2.95,0.0,502.0,sufficient
85089,PROD003867,WH002,North Warehouse,Manchester,North West,46,0.0,0.0,0.0,46.0,sufficient
85089,PROD003867,WH003,Midlands Warehouse,Birmingham,West Midlands,15,1.0,2.95,1.0,14.0,sufficient
85089,PROD003867,WH004,Scotland Warehouse,Glasgow,Scotland,8,3.0,8.85,0.0,8.0,sufficient
85089,PROD003867,WH005,Wales Warehouse,Cardiff,Wales,814,0.0,0.0,0.0,814.0,sufficient
85091,PROD003869,WH001,Central Warehouse,London,South East,868,1.0,10.39,0.0,868.0,sufficient
85091,PROD003869,WH002,North Warehouse,Manchester,North West,227,0.0,0.0,0.0,227.0,sufficient
85091,PROD003869,WH003,Midlands Warehouse,Birmingham,West Midlands,106,4.0,19.8,0.0,106.0,sufficient
85091,PROD003869,WH004,Scotland Warehouse,Glasgow,Scotland,598,0.0,0.0,0.0,598.0,sufficient
85091,PROD003869,WH005,Wales Warehouse,Cardiff,Wales,975,0.0,0.0,0.0,975.0,sufficient
85092,PROD003870,WH001,Central Warehouse,London,South East,708,0.0,0.0,0.0,708.0,sufficient
85092,PROD003870,WH002,North Warehouse,Manchester,North West,216,0.0,0.0,0.0,216.0,sufficient
85092,PROD003870,WH003,Midlands Warehouse,Birmingham,West Midlands,726,0.0,0.0,0.0,726.0,sufficient
85092,PROD003870,WH004,Scotland Warehouse,Glasgow,Scotland,512,0.0,0.0,0.0,512.0,sufficient
85092,PROD003870,WH005,Wales Warehouse,Cardiff,Wales,196,0.0,0.0,0.0,196.0,sufficient
85095,PROD003873,WH001,Central Warehouse,London,South East,286,3.0,4.0600000000000005,0.0,286.0,sufficient
85095,PROD003873,WH002,North Warehouse,Manchester,North West,719,2.0,2.56,0.0,719.0,sufficient
85095,PROD003873,WH003,Midlands Warehouse,Birmingham,West Midlands,31,0.0,0.0,0.0,31.0,sufficient
85095,PROD003873,WH004,Scotland Warehouse,Glasgow,Scotland,105,11.0,9.129999999999999,0.0,105.0,sufficient
85095,PROD003873,WH005,Wales Warehouse,Cardiff,Wales,345,6.0,7.68,0.0,345.0,sufficient
85096,PROD003874,WH001,Central Warehouse,London,South East,624,8.0,33.870000000000005,0.0,624.0,sufficient
85096,PROD003874,WH002,North Warehouse,Manchester,North West,393,5.0,22.62,0.0,393.0,sufficient
85096,PROD003874,WH003,Midlands Warehouse,Birmingham,West Midlands,916,1.0,7.62,0.0,916.0,sufficient
85096,PROD003874,WH004,Scotland Warehouse,Glasgow,Scotland,301,1.0,3.75,1.0,300.0,sufficient
85096,PROD003874,WH005,Wales Warehouse,Cardiff,Wales,599,1.0,3.75,0.0,599.0,sufficient
85107,PROD003885,WH001,Central Warehouse,London,South East,533,32.0,101.68,0.0,533.0,sufficient
85107,PROD003885,WH002,North Warehouse,Manchester,North West,565,49.0,104.31,0.0,565.0,sufficient
85107,PROD003885,WH003,Midlands Warehouse,Birmingham,West Midlands,400,0.0,0.0,0.0,400.0,sufficient
85107,PROD003885,WH004,Scotland Warehouse,Glasgow,Scotland,947,23.0,58.650000000000006,0.0,947.0,sufficient
85107,PROD003885,WH005,Wales Warehouse,Cardiff,Wales,73,6.0,15.3,0.0,73.0,sufficient
85111,PROD003887,WH001,Central Warehouse,London,South East,2422,0.0,0.0,0.0,2422.0,sufficient
85111,PROD003887,WH002,North Warehouse,Manchester,North West,1320,0.0,0.0,0.0,1320.0,sufficient
85111,PROD003887,WH003,Midlands Warehouse,Birmingham,West Midlands,1372,0.0,0.0,0.0,1372.0,sufficient
85111,PROD003887,WH004,Scotland Warehouse,Glasgow,Scotland,1380,12.0,3.48,12.0,1368.0,sufficient
85111,PROD003887,WH005,Wales Warehouse,Cardiff,Wales,1513,144.0,41.76,0.0,1513.0,sufficient
85114A,PROD003890,WH001,Central Warehouse,London,South East,805,69.0,112.11,0.0,805.0,sufficient
85114A,PROD003890,WH002,North Warehouse,Manchester,North West,1140,6.0,9.9,0.0,1140.0,sufficient
85114A,PROD003890,WH003,Midlands Warehouse,Birmingham,West Midlands,1653,44.0,72.60000000000001,12.0,1641.0,sufficient
85114A,PROD003890,WH004,Scotland Warehouse,Glasgow,Scotland,1091,6.0,20.16,0.0,1091.0,sufficient
85114A,PROD003890,WH005,Wales Warehouse,Cardiff,Wales,1403,16.0,26.4,6.0,1397.0,sufficient
85118,PROD003898,WH001,Central Warehouse,London,South East,892,49.0,19.49,0.0,892.0,sufficient
85118,PROD003898,WH002,North Warehouse,Manchester,North West,340,4.0,5.0,0.0,340.0,sufficient
85118,PROD003898,WH003,Midlands Warehouse,Birmingham,West Midlands,46,48.0,18.24,0.0,46.0,sufficient
85118,PROD003898,WH004,Scotland Warehouse,Glasgow,Scotland,323,1.0,2.51,0.0,323.0,sufficient
85118,PROD003898,WH005,Wales Warehouse,Cardiff,Wales,417,26.0,35.019999999999996,0.0,417.0,sufficient
85121B,PROD003900,WH001,Central Warehouse,London,South East,330,0.0,0.0,0.0,330.0,sufficient
85121B,PROD003900,WH002,North Warehouse,Manchester,North West,612,4.0,50.96,0.0,612.0,sufficient
85121B,PROD003900,WH003,Midlands Warehouse,Birmingham,West Midlands,449,2.0,17.0,0.0,449.0,sufficient
85121B,PROD003900,WH004,Scotland Warehouse,Glasgow,Scotland,382,0.0,0.0,0.0,382.0,sufficient
85121B,PROD003900,WH005,Wales Warehouse,Cardiff,Wales,731,0.0,0.0,0.0,731.0,sufficient
85121C,PROD003901,WH001,Central Warehouse,London,South East,98,3.0,25.5,0.0,98.0,sufficient
85121C,PROD003901,WH002,North Warehouse,Manchester,North West,155,0.0,0.0,0.0,155.0,sufficient
85121C,PROD003901,WH003,Midlands Warehouse,Birmingham,West Midlands,117,1.0,8.5,0.0,117.0,sufficient
85121C,PROD003901,WH004,Scotland Warehouse,Glasgow,Scotland,142,0.0,0.0,0.0,142.0,sufficient
85121C,PROD003901,WH005,Wales Warehouse,Cardiff,Wales,736,5.0,42.5,0.0,736.0,sufficient
85123A,PROD003902,WH001,Central Warehouse,London,South East,1590,2425.0,6422.96,79.0,1511.0,sufficient
85123A,PROD003902,WH002,North Warehouse,Manchester,North West,1198,1386.0,3785.14,40.0,1158.0,sufficient
85123A,PROD003902,WH003,Midlands Warehouse,Birmingham,West Midlands,1062,1400.0,3865.37,10.0,1052.0,sufficient
85123A,PROD003902,WH004,Scotland Warehouse,Glasgow,Scotland,1150,1382.0,3779.62,123.0,1027.0,sufficient
85123A,PROD003902,WH005,Wales Warehouse,Cardiff,Wales,995,1680.0,4556.42,12.0,983.0,sufficient
85123a,PROD003903,WH001,Central Warehouse,London,South East,1057,0.0,0.0,0.0,1057.0,sufficient
85123a,PROD003903,WH002,North Warehouse,Manchester,North West,349,26.0,176.02,0.0,349.0,sufficient
85123a,PROD003903,WH003,Midlands Warehouse,Birmingham,West Midlands,1598,6.0,37.620000000000005,0.0,1598.0,sufficient
85123a,PROD003903,WH004,Scotland Warehouse,Glasgow,Scotland,701,15.0,101.27000000000001,0.0,701.0,sufficient
85123a,PROD003903,WH005,Wales Warehouse,Cardiff,Wales,978,0.0,0.0,0.0,978.0,sufficient
85124B,PROD003905,WH001,Central Warehouse,London,South East,69,0.0,0.0,0.0,69.0,sufficient
85124B,PROD003905,WH002,North Warehouse,Manchester,North West,162,6.0,15.3,0.0,162.0,sufficient
85124B,PROD003905,WH003,Midlands Warehouse,Birmingham,West Midlands,842,1.0,4.96,0.0,842.0,sufficient
85124B,PROD003905,WH004,Scotland Warehouse,Glasgow,Scotland,357,6.0,15.3,0.0,357.0,sufficient
85124B,PROD003905,WH005,Wales Warehouse,Cardiff,Wales,125,7.0,17.85,0.0,125.0,sufficient
85124C,PROD003906,WH001,Central Warehouse,London,South East,926,8.0,20.4,0.0,926.0,sufficient
85124C,PROD003906,WH002,North Warehouse,Manchester,North West,496,21.0,56.06,0.0,496.0,sufficient
85124C,PROD003906,WH003,Midlands Warehouse,Birmingham,West Midlands,500,7.0,17.85,0.0,500.0,sufficient
85124C,PROD003906,WH004,Scotland Warehouse,Glasgow,Scotland,582,0.0,0.0,0.0,582.0,sufficient
85124C,PROD003906,WH005,Wales Warehouse,Cardiff,Wales,946,14.0,35.7,0.0,946.0,sufficient
85126,PROD003908,WH001,Central Warehouse,London,South East,578,42.0,249.9,0.0,578.0,sufficient
85126,PROD003908,WH002,North Warehouse,Manchester,North West,562,0.0,0.0,0.0,562.0,sufficient
85126,PROD003908,WH003,Midlands Warehouse,Birmingham,West Midlands,277,0.0,0.0,0.0,277.0,sufficient
85126,PROD003908,WH004,Scotland Warehouse,Glasgow,Scotland,811,0.0,0.0,0.0,811.0,sufficient
85126,PROD003908,WH005,Wales Warehouse,Cardiff,Wales,57,2.0,13.5,0.0,57.0,sufficient
85129D,PROD003913,WH001,Central Warehouse,London,South East,227,2.0,3.71,0.0,227.0,sufficient
85129D,PROD003913,WH002,North Warehouse,Manchester,North West,432,26.0,34.92,0.0,432.0,sufficient
85129D,PROD003913,WH003,Midlands Warehouse,Birmingham,West Midlands,469,2.0,5.02,0.0,469.0,sufficient
85129D,PROD003913,WH004,Scotland Warehouse,Glasgow,Scotland,203,41.0,57.57,12.0,191.0,sufficient
85129D,PROD003913,WH005,Wales Warehouse,Cardiff,Wales,584,26.0,32.8,0.0,584.0,sufficient
85130B,PROD003915,WH001,Central Warehouse,London,South East,57,0.0,0.0,0.0,57.0,sufficient
85130B,PROD003915,WH002,North Warehouse,Manchester,North West,850,0.0,0.0,0.0,850.0,sufficient
85130B,PROD003915,WH003,Midlands Warehouse,Birmingham,West Midlands,722,16.0,32.96,0.0,722.0,sufficient
85130B,PROD003915,WH004,Scotland Warehouse,Glasgow,Scotland,226,25.0,38.089999999999996,0.0,226.0,sufficient
85130B,PROD003915,WH005,Wales Warehouse,Cardiff,Wales,934,24.0,18.96,0.0,934.0,sufficient
85130C,PROD003916,WH001,Central Warehouse,London,South East,367,24.0,39.6,0.0,367.0,sufficient
85130C,PROD003916,WH002,North Warehouse,Manchester,North West,396,14.0,23.1,0.0,396.0,sufficient
85130C,PROD003916,WH003,Midlands Warehouse,Birmingham,West Midlands,1011,0.0,0.0,0.0,1011.0,sufficient
85130C,PROD003916,WH004,Scotland Warehouse,Glasgow,Scotland,310,1.0,1.65,0.0,310.0,sufficient
85130C,PROD003916,WH005,Wales Warehouse,Cardiff,Wales,1036,27.0,23.91,0.0,1036.0,sufficient
85130D,PROD003917,WH001,Central Warehouse,London,South East,23,30.0,26.28,0.0,23.0,sufficient
85130D,PROD003917,WH002,North Warehouse,Manchester,North West,291,26.0,23.9,0.0,291.0,sufficient
85130D,PROD003917,WH003,Midlands Warehouse,Birmingham,West Midlands,512,14.0,26.45,0.0,512.0,sufficient
85130D,PROD003917,WH004,Scotland Warehouse,Glasgow,Scotland,540,24.0,39.6,0.0,540.0,sufficient
85130D,PROD003917,WH005,Wales Warehouse,Cardiff,Wales,872,19.0,24.47,6.0,866.0,sufficient
85131A,PROD003918,WH001,Central Warehouse,London,South East,415,30.0,34.980000000000004,4.0,411.0,sufficient
85131A,PROD003918,WH002,North Warehouse,Manchester,North West,994,30.0,24.96,0.0,994.0,sufficient
85131A,PROD003918,WH003,Midlands Warehouse,Birmingham,West Midlands,141,30.0,16.619999999999997,0.0,141.0,sufficient
85131A,PROD003918,WH004,Scotland Warehouse,Glasgow,Scotland,404,15.0,12.870000000000001,0.0,404.0,sufficient
85131A,PROD003918,WH005,Wales Warehouse,Cardiff,Wales,681,66.0,33.379999999999995,0.0,681.0,sufficient
85131D,PROD003921,WH001,Central Warehouse,London,South East,133,27.0,22.69,0.0,133.0,sufficient
85131D,PROD003921,WH002,North Warehouse,Manchester,North West,855,12.0,10.1,0.0,855.0,sufficient
85131D,PROD003921,WH003,Midlands Warehouse,Birmingham,West Midlands,165,15.0,12.69,0.0,165.0,sufficient
85131D,PROD003921,WH004,Scotland Warehouse,Glasgow,Scotland,741,35.0,29.45,2.0,739.0,sufficient
85131D,PROD003921,WH005,Wales Warehouse,Cardiff,Wales,197,7.0,5.87,0.0,197.0,sufficient
85132A,PROD003922,WH001,Central Warehouse,London,South East,377,2.0,14.079999999999998,0.0,377.0,sufficient
85132A,PROD003922,WH002,North Warehouse,Manchester,North West,1,20.0,88.3,0.0,1.0,sufficient
85132A,PROD003922,WH003,Midlands Warehouse,Birmingham,West Midlands,263,8.0,83.95,0.0,263.0,sufficient
85132A,PROD003922,WH004,Scotland Warehouse,Glasgow,Scotland,3,30.0,102.41999999999999,0.0,3.0,sufficient
85132A,PROD003922,WH005,Wales Warehouse,Cardiff,Wales,655,7.0,50.69,0.0,655.0,sufficient
85132C,PROD003924,WH001,Central Warehouse,London,South East,689,61.0,122.79,0.0,689.0,sufficient
85132C,PROD003924,WH002,North Warehouse,Manchester,North West,964,74.0,160.29999999999998,0.0,964.0,sufficient
85132C,PROD003924,WH003,Midlands Warehouse,Birmingham,West Midlands,820,24.0,46.8,0.0,820.0,sufficient
85132C,PROD003924,WH004,Scotland Warehouse,Glasgow,Scotland,663,24.0,69.0,0.0,663.0,sufficient
85132C,PROD003924,WH005,Wales Warehouse,Cardiff,Wales,641,35.0,103.77,0.0,641.0,sufficient
85132c,PROD003926,WH001,Central Warehouse,London,South East,312,1.0,8.29,1.0,311.0,sufficient
85132c,PROD003926,WH002,North Warehouse,Manchester,North West,597,0.0,0.0,0.0,597.0,sufficient
85132c,PROD003926,WH003,Midlands Warehouse,Birmingham,West Midlands,691,0.0,0.0,0.0,691.0,sufficient
85132c,PROD003926,WH004,Scotland Warehouse,Glasgow,Scotland,133,0.0,0.0,0.0,133.0,sufficient
85132c,PROD003926,WH005,Wales Warehouse,Cardiff,Wales,859,0.0,0.0,0.0,859.0,sufficient
85135B,PROD003928,WH001,Central Warehouse,London,South East,197,4.0,32.32,1.0,196.0,sufficient
85135B,PROD003928,WH002,North Warehouse,Manchester,North West,866,7.0,55.650000000000006,1.0,865.0,sufficient
85135B,PROD003928,WH003,Midlands Warehouse,Birmingham,West Midlands,94,4.0,15.9,1.0,93.0,sufficient
85135B,PROD003928,WH004,Scotland Warehouse,Glasgow,Scotland,800,1.0,7.95,0.0,800.0,sufficient
85135B,PROD003928,WH005,Wales Warehouse,Cardiff,Wales,796,2.0,15.9,0.0,796.0,sufficient
85136A,PROD003930,WH001,Central Warehouse,London,South East,990,4.0,33.36,0.0,990.0,sufficient
85136A,PROD003930,WH002,North Warehouse,Manchester,North West,40,3.0,23.85,0.0,40.0,sufficient
85136A,PROD003930,WH003,Midlands Warehouse,Birmingham,West Midlands,714,2.0,15.9,0.0,714.0,sufficient
85136A,PROD003930,WH004,Scotland Warehouse,Glasgow,Scotland,374,4.0,33.02,1.0,373.0,sufficient
85136A,PROD003930,WH005,Wales Warehouse,Cardiff,Wales,211,4.0,31.8,0.0,211.0,sufficient
85136B,PROD003931,WH001,Central Warehouse,London,South East,1929,1.0,7.95,0.0,1929.0,sufficient
85136B,PROD003931,WH002,North Warehouse,Manchester,North West,1573,1.0,7.95,0.0,1573.0,sufficient
85136B,PROD003931,WH003,Midlands Warehouse,Birmingham,West Midlands,422,0.0,0.0,0.0,422.0,sufficient
85136B,PROD003931,WH004,Scotland Warehouse,Glasgow,Scotland,932,0.0,0.0,0.0,932.0,sufficient
85136B,PROD003931,WH005,Wales Warehouse,Cardiff,Wales,1160,0.0,0.0,0.0,1160.0,sufficient
85142,PROD003934,WH001,Central Warehouse,London,South East,245,1.0,7.95,0.0,245.0,sufficient
85142,PROD003934,WH002,North Warehouse,Manchester,North West,707,0.0,0.0,0.0,707.0,sufficient
85142,PROD003934,WH003,Midlands Warehouse,Birmingham,West Midlands,177,1.0,16.13,0.0,177.0,sufficient
85142,PROD003934,WH004,Scotland Warehouse,Glasgow,Scotland,522,4.0,31.8,0.0,522.0,sufficient
85142,PROD003934,WH005,Wales Warehouse,Cardiff,Wales,149,0.0,0.0,0.0,149.0,sufficient
85146,PROD003937,WH001,Central Warehouse,London,South East,18,0.0,0.0,0.0,18.0,sufficient
85146,PROD003937,WH002,North Warehouse,Manchester,North West,57,1.0,5.95,0.0,57.0,sufficient
85146,PROD003937,WH003,Midlands Warehouse,Birmingham,West Midlands,270,5.0,29.75,0.0,270.0,sufficient
85146,PROD003937,WH004,Scotland Warehouse,Glasgow,Scotland,474,0.0,0.0,0.0,474.0,sufficient
85146,PROD003937,WH005,Wales Warehouse,Cardiff,Wales,550,0.0,0.0,0.0,550.0,sufficient
85159A,PROD003941,WH001,Central Warehouse,London,South East,319,0.0,0.0,0.0,319.0,sufficient
85159A,PROD003941,WH002,North Warehouse,Manchester,North West,699,14.0,38.07,0.0,699.0,sufficient
85159A,PROD003941,WH003,Midlands Warehouse,Birmingham,West Midlands,199,24.0,30.0,0.0,199.0,sufficient
85159A,PROD003941,WH004,Scotland Warehouse,Glasgow,Scotland,276,13.0,36.12,0.0,276.0,sufficient
85159A,PROD003941,WH005,Wales Warehouse,Cardiff,Wales,817,0.0,0.0,0.0,817.0,sufficient
85159B,PROD003942,WH001,Central Warehouse,London,South East,761,13.0,36.12,0.0,761.0,sufficient
85159B,PROD003942,WH002,North Warehouse,Manchester,North West,210,6.0,11.7,0.0,210.0,sufficient
85159B,PROD003942,WH003,Midlands Warehouse,Birmingham,West Midlands,70,12.0,23.4,0.0,70.0,sufficient
85159B,PROD003942,WH004,Scotland Warehouse,Glasgow,Scotland,600,0.0,0.0,0.0,600.0,sufficient
85159B,PROD003942,WH005,Wales Warehouse,Cardiff,Wales,958,0.0,0.0,0.0,958.0,sufficient
85160A,PROD003943,WH001,Central Warehouse,London,South East,917,0.0,0.0,0.0,917.0,sufficient
85160A,PROD003943,WH002,North Warehouse,Manchester,North West,573,4326.0,569.1,0.0,573.0,sufficient
85160A,PROD003943,WH003,Midlands Warehouse,Birmingham,West Midlands,696,1.0,16.13,0.0,696.0,sufficient
85160A,PROD003943,WH004,Scotland Warehouse,Glasgow,Scotland,852,0.0,0.0,0.0,852.0,sufficient
85160A,PROD003943,WH005,Wales Warehouse,Cardiff,Wales,406,6.0,7.5,0.0,406.0,sufficient
85160B,PROD003944,WH001,Central Warehouse,London,South East,836,0.0,0.0,0.0,836.0,sufficient
85160B,PROD003944,WH002,North Warehouse,Manchester,North West,668,7.0,23.98,0.0,668.0,sufficient
85160B,PROD003944,WH003,Midlands Warehouse,Birmingham,West Midlands,1099,6.0,2.34,0.0,1099.0,sufficient
85160B,PROD003944,WH004,Scotland Warehouse,Glasgow,Scotland,1014,18.0,7.02,0.0,1014.0,sufficient
85160B,PROD003944,WH005,Wales Warehouse,Cardiff,Wales,1139,12.0,9.84,0.0,1139.0,sufficient
85162A,PROD003946,WH001,Central Warehouse,London,South East,669,0.0,0.0,0.0,669.0,sufficient
85162A,PROD003946,WH002,North Warehouse,Manchester,North West,274,0.0,0.0,0.0,274.0,sufficient
85162A,PROD003946,WH003,Midlands Warehouse,Birmingham,West Midlands,808,24.0,46.8,0.0,808.0,sufficient
85162A,PROD003946,WH004,Scotland Warehouse,Glasgow,Scotland,289,2.0,22.52,0.0,289.0,sufficient
85162A,PROD003946,WH005,Wales Warehouse,Cardiff,Wales,34,24.0,46.8,0.0,34.0,sufficient
85162C,PROD003947,WH001,Central Warehouse,London,South East,84,0.0,0.0,0.0,84.0,sufficient
85162C,PROD003947,WH002,North Warehouse,Manchester,North West,219,0.0,0.0,0.0,219.0,sufficient
85162C,PROD003947,WH003,Midlands Warehouse,Birmingham,West Midlands,654,0.0,0.0,0.0,654.0,sufficient
85162C,PROD003947,WH004,Scotland Warehouse,Glasgow,Scotland,180,0.0,0.0,0.0,180.0,sufficient
85162C,PROD003947,WH005,Wales Warehouse,Cardiff,Wales,845,0.0,0.0,0.0,845.0,sufficient
85166B,PROD003952,WH001,Central Warehouse,London,South East,972,0.0,0.0,0.0,972.0,sufficient
85166B,PROD003952,WH002,North Warehouse,Manchester,North West,592,15.0,64.31,0.0,592.0,sufficient
85166B,PROD003952,WH003,Midlands Warehouse,Birmingham,West Midlands,920,12.0,15.0,0.0,920.0,sufficient
85166B,PROD003952,WH004,Scotland Warehouse,Glasgow,Scotland,236,0.0,0.0,0.0,236.0,sufficient
85166B,PROD003952,WH005,Wales Warehouse,Cardiff,Wales,115,123.0,161.25,0.0,115.0,sufficient
85167A,PROD003953,WH001,Central Warehouse,London,South East,345,4.0,17.0,0.0,345.0,sufficient
85167A,PROD003953,WH002,North Warehouse,Manchester,North West,481,0.0,0.0,0.0,481.0,sufficient
85167A,PROD003953,WH003,Midlands Warehouse,Birmingham,West Midlands,372,2.0,8.5,0.0,372.0,sufficient
85167A,PROD003953,WH004,Scotland Warehouse,Glasgow,Scotland,212,2.0,0.0,0.0,212.0,sufficient
85167A,PROD003953,WH005,Wales Warehouse,Cardiff,Wales,342,0.0,0.0,0.0,342.0,sufficient
85168B,PROD003955,WH001,Central Warehouse,London,South East,651,1.0,9.95,0.0,651.0,sufficient
85168B,PROD003955,WH002,North Warehouse,Manchester,North West,1119,2.0,19.9,0.0,1119.0,sufficient
85168B,PROD003955,WH003,Midlands Warehouse,Birmingham,West Midlands,866,0.0,0.0,0.0,866.0,sufficient
85168B,PROD003955,WH004,Scotland Warehouse,Glasgow,Scotland,908,2.0,19.9,0.0,908.0,sufficient
85168B,PROD003955,WH005,Wales Warehouse,Cardiff,Wales,1444,0.0,0.0,0.0,1444.0,sufficient
85169B,PROD003957,WH001,Central Warehouse,London,South East,914,1.0,0.83,1.0,913.0,sufficient
85169B,PROD003957,WH002,North Warehouse,Manchester,North West,109,0.0,0.0,0.0,109.0,sufficient
85169B,PROD003957,WH003,Midlands Warehouse,Birmingham,West Midlands,204,2.0,2.5,0.0,204.0,sufficient
85169B,PROD003957,WH004,Scotland Warehouse,Glasgow,Scotland,477,9.0,12.469999999999999,0.0,477.0,sufficient
85169B,PROD003957,WH005,Wales Warehouse,Cardiff,Wales,183,39.0,41.87,4.0,179.0,sufficient
85169D,PROD003959,WH001,Central Warehouse,London,South East,779,2.0,3.76,0.0,779.0,sufficient
85169D,PROD003959,WH002,North Warehouse,Manchester,North West,200,2.0,5.02,0.0,200.0,sufficient
85169D,PROD003959,WH003,Midlands Warehouse,Birmingham,West Midlands,607,7.0,12.599999999999998,1.0,606.0,sufficient
85169D,PROD003959,WH004,Scotland Warehouse,Glasgow,Scotland,941,18.0,30.060000000000002,12.0,929.0,sufficient
85169D,PROD003959,WH005,Wales Warehouse,Cardiff,Wales,75,1.0,1.25,0.0,75.0,sufficient
85170A,PROD003960,WH001,Central Warehouse,London,South East,315,0.0,0.0,0.0,315.0,sufficient
85170A,PROD003960,WH002,North Warehouse,Manchester,North West,399,25.0,54.61,12.0,387.0,sufficient
85170A,PROD003960,WH003,Midlands Warehouse,Birmingham,West Midlands,905,24.0,45.480000000000004,0.0,905.0,sufficient
85170A,PROD003960,WH004,Scotland Warehouse,Glasgow,Scotland,220,160.0,274.24,0.0,220.0,sufficient
85170A,PROD003960,WH005,Wales Warehouse,Cardiff,Wales,104,2.0,4.2,0.0,104.0,sufficient
85170B,PROD003961,WH001,Central Warehouse,London,South East,788,1.0,2.1,1.0,787.0,sufficient
85170B,PROD003961,WH002,North Warehouse,Manchester,North West,931,75.0,69.61,0.0,931.0,sufficient
85170B,PROD003961,WH003,Midlands Warehouse,Birmingham,West Midlands,140,1.0,4.13,0.0,140.0,sufficient
85170B,PROD003961,WH004,Scotland Warehouse,Glasgow,Scotland,34,2.0,6.72,0.0,34.0,sufficient
85170B,PROD003961,WH005,Wales Warehouse,Cardiff,Wales,113,0.0,0.0,0.0,113.0,sufficient
85172,PROD003964,WH001,Central Warehouse,London,South East,361,16.0,6.72,0.0,361.0,sufficient
85172,PROD003964,WH002,North Warehouse,Manchester,North West,690,304.0,112.32,0.0,690.0,sufficient
85172,PROD003964,WH003,Midlands Warehouse,Birmingham,West Midlands,45,0.0,0.0,0.0,45.0,sufficient
85172,PROD003964,WH004,Scotland Warehouse,Glasgow,Scotland,952,32.0,13.44,0.0,952.0,sufficient
85172,PROD003964,WH005,Wales Warehouse,Cardiff,Wales,812,80.0,33.6,0.0,812.0,sufficient
85175,PROD003967,WH001,Central Warehouse,London,South East,977,548.0,206.4,16.0,961.0,sufficient
85175,PROD003967,WH002,North Warehouse,Manchester,North West,282,512.0,199.68,0.0,282.0,sufficient
85175,PROD003967,WH003,Midlands Warehouse,Birmingham,West Midlands,213,48.0,20.16,0.0,213.0,sufficient
85175,PROD003967,WH004,Scotland Warehouse,Glasgow,Scotland,532,196.0,88.88,68.0,464.0,sufficient
85175,PROD003967,WH005,Wales Warehouse,Cardiff,Wales,137,256.0,107.52,0.0,137.0,sufficient
85176,PROD003968,WH001,Central Warehouse,London,South East,594,25.0,25.299999999999997,0.0,594.0,sufficient
85176,PROD003968,WH002,North Warehouse,Manchester,North West,288,79.0,70.34,0.0,288.0,sufficient
85176,PROD003968,WH003,Midlands Warehouse,Birmingham,West Midlands,28,21.0,20.25,6.0,22.0,sufficient
85176,PROD003968,WH004,Scotland Warehouse,Glasgow,Scotland,351,8.0,12.379999999999999,1.0,350.0,sufficient
85176,PROD003968,WH005,Wales Warehouse,Cardiff,Wales,476,37.0,37.86,0.0,476.0,sufficient
85177,PROD003969,WH001,Central Warehouse,London,South East,472,39.0,34.74,0.0,472.0,sufficient
85177,PROD003969,WH002,North Warehouse,Manchester,North West,598,9.0,9.629999999999999,0.0,598.0,sufficient
85177,PROD003969,WH003,Midlands Warehouse,Birmingham,West Midlands,843,36.0,30.599999999999998,0.0,843.0,sufficient
85177,PROD003969,WH004,Scotland Warehouse,Glasgow,Scotland,497,25.0,22.06,0.0,497.0,sufficient
85177,PROD003969,WH005,Wales Warehouse,Cardiff,Wales,91,7.0,6.37,0.0,91.0,sufficient
85178,PROD003970,WH001,Central Warehouse,London,South East,839,6.0,6.12,0.0,839.0,sufficient
85178,PROD003970,WH002,North Warehouse,Manchester,North West,269,90.0,113.08,24.0,245.0,sufficient
85178,PROD003970,WH003,Midlands Warehouse,Birmingham,West Midlands,694,58.0,75.02,24.0,670.0,sufficient
85178,PROD003970,WH004,Scotland Warehouse,Glasgow,Scotland,614,56.0,63.56,0.0,614.0,sufficient
85178,PROD003970,WH005,Wales Warehouse,Cardiff,Wales,944,11.0,13.75,4.0,940.0,sufficient
85179a,PROD003974,WH001,Central Warehouse,London,South East,582,0.0,0.0,0.0,582.0,sufficient
85179a,PROD003974,WH002,North Warehouse,Manchester,North West,513,0.0,0.0,0.0,513.0,sufficient
85179a,PROD003974,WH003,Midlands Warehouse,Birmingham,West Midlands,906,0.0,0.0,0.0,906.0,sufficient
85179a,PROD003974,WH004,Scotland Warehouse,Glasgow,Scotland,241,0.0,0.0,0.0,241.0,sufficient
85179a,PROD003974,WH005,Wales Warehouse,Cardiff,Wales,93,1.0,2.46,0.0,93.0,sufficient
85180A,PROD003975,WH001,Central Warehouse,London,South East,1273,8.0,30.93,0.0,1273.0,sufficient
85180A,PROD003975,WH002,North Warehouse,Manchester,North West,1102,13.0,24.32,0.0,1102.0,sufficient
85180A,PROD003975,WH003,Midlands Warehouse,Birmingham,West Midlands,1362,45.0,129.03,0.0,1362.0,sufficient
85180A,PROD003975,WH004,Scotland Warehouse,Glasgow,Scotland,738,1.0,2.46,0.0,738.0,sufficient
85180A,PROD003975,WH005,Wales Warehouse,Cardiff,Wales,844,2.0,9.3,0.0,844.0,sufficient
85184B,PROD003979,WH001,Central Warehouse,London,South East,457,2.0,5.9,0.0,457.0,sufficient
85184B,PROD003979,WH002,North Warehouse,Manchester,North West,914,0.0,0.0,0.0,914.0,sufficient
85184B,PROD003979,WH003,Midlands Warehouse,Birmingham,West Midlands,20,0.0,0.0,0.0,20.0,sufficient
85184B,PROD003979,WH004,Scotland Warehouse,Glasgow,Scotland,857,0.0,0.0,0.0,857.0,sufficient
85184B,PROD003979,WH005,Wales Warehouse,Cardiff,Wales,609,0.0,0.0,0.0,609.0,sufficient
85185C,PROD003983,WH001,Central Warehouse,London,South East,552,4.0,11.8,0.0,552.0,sufficient
85185C,PROD003983,WH002,North Warehouse,Manchester,North West,572,0.0,0.0,0.0,572.0,sufficient
85185C,PROD003983,WH003,Midlands Warehouse,Birmingham,West Midlands,883,0.0,0.0,0.0,883.0,sufficient
85185C,PROD003983,WH004,Scotland Warehouse,Glasgow,Scotland,352,0.0,0.0,0.0,352.0,sufficient
85185C,PROD003983,WH005,Wales Warehouse,Cardiff,Wales,306,1.0,2.95,0.0,306.0,sufficient
85186A,PROD003987,WH001,Central Warehouse,London,South East,503,49.0,20.97,0.0,503.0,sufficient
85186A,PROD003987,WH002,North Warehouse,Manchester,North West,692,54.0,25.080000000000002,0.0,692.0,sufficient
85186A,PROD003987,WH003,Midlands Warehouse,Birmingham,West Midlands,515,37.0,16.810000000000002,7.0,508.0,sufficient
85186A,PROD003987,WH004,Scotland Warehouse,Glasgow,Scotland,231,24.0,10.08,24.0,207.0,sufficient
85186A,PROD003987,WH005,Wales Warehouse,Cardiff,Wales,830,29.0,14.23,0.0,830.0,sufficient
85186C,PROD003988,WH001,Central Warehouse,London,South East,965,3.0,2.4899999999999998,0.0,965.0,sufficient
85186C,PROD003988,WH002,North Warehouse,Manchester,North West,918,32.0,16.21,0.0,918.0,sufficient
85186C,PROD003988,WH003,Midlands Warehouse,Birmingham,West Midlands,294,50.0,21.82,0.0,294.0,sufficient
85186C,PROD003988,WH004,Scotland Warehouse,Glasgow,Scotland,625,0.0,0.0,0.0,625.0,sufficient
85186C,PROD003988,WH005,Wales Warehouse,Cardiff,Wales,205,30.0,15.04,0.0,205.0,sufficient
85187,PROD003989,WH001,Central Warehouse,London,South East,573,1.0,3.29,0.0,573.0,sufficient
85187,PROD003989,WH002,North Warehouse,Manchester,North West,587,7.0,11.55,0.0,587.0,sufficient
85187,PROD003989,WH003,Midlands Warehouse,Birmingham,West Midlands,607,6.0,9.9,0.0,607.0,sufficient
85187,PROD003989,WH004,Scotland Warehouse,Glasgow,Scotland,332,7.0,13.19,1.0,331.0,sufficient
85187,PROD003989,WH005,Wales Warehouse,Cardiff,Wales,897,0.0,0.0,0.0,897.0,sufficient
85188A,PROD003990,WH001,Central Warehouse,London,South East,867,1.0,0.85,0.0,867.0,sufficient
85188A,PROD003990,WH002,North Warehouse,Manchester,North West,964,28.0,23.799999999999997,0.0,964.0,sufficient
85188A,PROD003990,WH003,Midlands Warehouse,Birmingham,West Midlands,518,54.0,45.9,0.0,518.0,sufficient
85188A,PROD003990,WH004,Scotland Warehouse,Glasgow,Scotland,507,42.0,35.699999999999996,2.0,505.0,sufficient
85188A,PROD003990,WH005,Wales Warehouse,Cardiff,Wales,817,2.0,3.32,0.0,817.0,sufficient
85189,PROD003992,WH001,Central Warehouse,London,South East,507,2.0,1.7,0.0,507.0,sufficient
85189,PROD003992,WH002,North Warehouse,Manchester,North West,693,16.0,13.6,0.0,693.0,sufficient
85189,PROD003992,WH003,Midlands Warehouse,Birmingham,West Midlands,384,26.0,22.099999999999998,0.0,384.0,sufficient
85189,PROD003992,WH004,Scotland Warehouse,Glasgow,Scotland,828,3.0,2.55,0.0,828.0,sufficient
85189,PROD003992,WH005,Wales Warehouse,Cardiff,Wales,38,0.0,0.0,0.0,38.0,sufficient
85194L,PROD003993,WH001,Central Warehouse,London,South East,852,2.0,3.26,0.0,852.0,sufficient
85194L,PROD003993,WH002,North Warehouse,Manchester,North West,354,39.0,33.15,0.0,354.0,sufficient
85194L,PROD003993,WH003,Midlands Warehouse,Birmingham,West Midlands,465,0.0,0.0,0.0,465.0,sufficient
85194L,PROD003993,WH004,Scotland Warehouse,Glasgow,Scotland,910,14.0,13.52,0.0,910.0,sufficient
85194L,PROD003993,WH005,Wales Warehouse,Cardiff,Wales,713,7.0,5.949999999999999,0.0,713.0,sufficient
85194S,PROD003994,WH001,Central Warehouse,London,South East,678,71.0,46.15,0.0,678.0,sufficient
85194S,PROD003994,WH002,North Warehouse,Manchester,North West,422,135.0,43.57,0.0,422.0,sufficient
85194S,PROD003994,WH003,Midlands Warehouse,Birmingham,West Midlands,740,52.0,11.719999999999999,0.0,740.0,sufficient
85194S,PROD003994,WH004,Scotland Warehouse,Glasgow,Scotland,826,6.0,3.9,0.0,826.0,sufficient
85194S,PROD003994,WH005,Wales Warehouse,Cardiff,Wales,24,7.0,11.62,0.0,24.0,sufficient
85197,PROD003997,WH001,Central Warehouse,London,South East,630,48.0,81.12,0.0,630.0,sufficient
85197,PROD003997,WH002,North Warehouse,Manchester,North West,159,0.0,0.0,0.0,159.0,sufficient
85197,PROD003997,WH003,Midlands Warehouse,Birmingham,West Midlands,380,8.0,16.8,0.0,380.0,sufficient
85197,PROD003997,WH004,Scotland Warehouse,Glasgow,Scotland,569,0.0,0.0,0.0,569.0,sufficient
85197,PROD003997,WH005,Wales Warehouse,Cardiff,Wales,298,1.0,2.1,0.0,298.0,sufficient
85198,PROD003998,WH001,Central Warehouse,London,South East,460,6.0,9.899999999999999,0.0,460.0,sufficient
85198,PROD003998,WH002,North Warehouse,Manchester,North West,500,12.0,10.2,0.0,500.0,sufficient
85198,PROD003998,WH003,Midlands Warehouse,Birmingham,West Midlands,814,0.0,0.0,0.0,814.0,sufficient
85198,PROD003998,WH004,Scotland Warehouse,Glasgow,Scotland,744,1.0,1.63,0.0,744.0,sufficient
85198,PROD003998,WH005,Wales Warehouse,Cardiff,Wales,15,25.0,21.25,0.0,15.0,sufficient
85203,PROD004003,WH001,Central Warehouse,London,South East,1282,0.0,0.0,0.0,1282.0,sufficient
85203,PROD004003,WH002,North Warehouse,Manchester,North West,1065,9.0,5.01,2.0,1063.0,sufficient
85203,PROD004003,WH003,Midlands Warehouse,Birmingham,West Midlands,1577,32.0,14.99,0.0,1577.0,sufficient
85203,PROD004003,WH004,Scotland Warehouse,Glasgow,Scotland,1362,5.0,2.4699999999999998,0.0,1362.0,sufficient
85203,PROD004003,WH005,Wales Warehouse,Cardiff,Wales,1232,33.0,14.7,0.0,1232.0,sufficient
85204,PROD004004,WH001,Central Warehouse,London,South East,829,47.0,18.3,0.0,829.0,sufficient
85204,PROD004004,WH002,North Warehouse,Manchester,North West,980,23.0,8.46,0.0,980.0,sufficient
85204,PROD004004,WH003,Midlands Warehouse,Birmingham,West Midlands,333,6.0,2.53,0.0,333.0,sufficient
85204,PROD004004,WH004,Scotland Warehouse,Glasgow,Scotland,6,15.0,6.3,0.0,6.0,sufficient
85204,PROD004004,WH005,Wales Warehouse,Cardiff,Wales,192,5.0,4.2,0.0,192.0,sufficient
85205B,PROD004006,WH001,Central Warehouse,London,South East,711,2.0,5.1,0.0,711.0,sufficient
85205B,PROD004006,WH002,North Warehouse,Manchester,North West,409,9.0,22.950000000000003,0.0,409.0,sufficient
85205B,PROD004006,WH003,Midlands Warehouse,Birmingham,West Midlands,337,6.0,15.3,0.0,337.0,sufficient
85205B,PROD004006,WH004,Scotland Warehouse,Glasgow,Scotland,7,0.0,0.0,0.0,7.0,sufficient
85205B,PROD004006,WH005,Wales Warehouse,Cardiff,Wales,595,13.0,35.77,0.0,595.0,sufficient
85206A,PROD004007,WH001,Central Warehouse,London,South East,39,33.0,54.45,0.0,39.0,sufficient
85206A,PROD004007,WH002,North Warehouse,Manchester,North West,79,81.0,133.65,0.0,79.0,sufficient
85206A,PROD004007,WH003,Midlands Warehouse,Birmingham,West Midlands,136,10.0,16.5,0.0,136.0,sufficient
85206A,PROD004007,WH004,Scotland Warehouse,Glasgow,Scotland,291,151.0,238.35,0.0,291.0,sufficient
85206A,PROD004007,WH005,Wales Warehouse,Cardiff,Wales,954,17.0,31.47,0.0,954.0,sufficient
85206B,PROD004008,WH001,Central Warehouse,London,South East,32,13.0,21.450000000000003,0.0,32.0,sufficient
85206B,PROD004008,WH002,North Warehouse,Manchester,North West,365,3.0,4.949999999999999,0.0,365.0,sufficient
85206B,PROD004008,WH003,Midlands Warehouse,Birmingham,West Midlands,998,27.0,46.26,0.0,998.0,sufficient
85206B,PROD004008,WH004,Scotland Warehouse,Glasgow,Scotland,610,8.0,14.91,0.0,610.0,sufficient
85206B,PROD004008,WH005,Wales Warehouse,Cardiff,Wales,275,9.0,18.27,0.0,275.0,sufficient
85216,PROD004015,WH001,Central Warehouse,London,South East,358,96.0,62.4,0.0,358.0,sufficient
85216,PROD004015,WH002,North Warehouse,Manchester,North West,717,96.0,56.64,12.0,705.0,sufficient
85216,PROD004015,WH003,Midlands Warehouse,Birmingham,West Midlands,746,19.0,19.32,0.0,746.0,sufficient
85216,PROD004015,WH004,Scotland Warehouse,Glasgow,Scotland,939,6.0,3.9,0.0,939.0,sufficient
85216,PROD004015,WH005,Wales Warehouse,Cardiff,Wales,877,96.0,62.4,0.0,877.0,sufficient
85222,PROD004018,WH001,Central Warehouse,London,South East,490,12.0,25.2,0.0,490.0,sufficient
85222,PROD004018,WH002,North Warehouse,Manchester,North West,999,0.0,0.0,0.0,999.0,sufficient
85222,PROD004018,WH003,Midlands Warehouse,Birmingham,West Midlands,821,49.0,105.00999999999999,0.0,821.0,sufficient
85222,PROD004018,WH004,Scotland Warehouse,Glasgow,Scotland,66,0.0,0.0,0.0,66.0,sufficient
85222,PROD004018,WH005,Wales Warehouse,Cardiff,Wales,871,16.0,33.6,0.0,871.0,sufficient
85224,PROD004019,WH001,Central Warehouse,London,South East,616,0.0,0.0,0.0,616.0,sufficient
85224,PROD004019,WH002,North Warehouse,Manchester,North West,144,3.0,6.3,0.0,144.0,sufficient
85224,PROD004019,WH003,Midlands Warehouse,Birmingham,West Midlands,543,0.0,0.0,0.0,543.0,sufficient
85224,PROD004019,WH004,Scotland Warehouse,Glasgow,Scotland,68,63.0,35.43,0.0,68.0,sufficient
85224,PROD004019,WH005,Wales Warehouse,Cardiff,Wales,214,300.0,114.0,0.0,214.0,sufficient
85225,PROD004020,WH001,Central Warehouse,London,South East,493,1.0,1.25,0.0,493.0,sufficient
85225,PROD004020,WH002,North Warehouse,Manchester,North West,217,0.0,0.0,0.0,217.0,sufficient
85225,PROD004020,WH003,Midlands Warehouse,Birmingham,West Midlands,348,0.0,0.0,0.0,348.0,sufficient
85225,PROD004020,WH004,Scotland Warehouse,Glasgow,Scotland,584,0.0,0.0,0.0,584.0,sufficient
85225,PROD004020,WH005,Wales Warehouse,Cardiff,Wales,192,0.0,0.0,0.0,192.0,sufficient
85230B,PROD004025,WH001,Central Warehouse,London,South East,971,72.0,20.88,0.0,971.0,sufficient
85230B,PROD004025,WH002,North Warehouse,Manchester,North West,245,0.0,0.0,0.0,245.0,sufficient
85230B,PROD004025,WH003,Midlands Warehouse,Birmingham,West Midlands,552,24.0,6.96,0.0,552.0,sufficient
85230B,PROD004025,WH004,Scotland Warehouse,Glasgow,Scotland,41,0.0,0.0,0.0,41.0,sufficient
85230B,PROD004025,WH005,Wales Warehouse,Cardiff,Wales,130,0.0,0.0,0.0,130.0,sufficient
85230F,PROD004027,WH001,Central Warehouse,London,South East,639,72.0,17.04,0.0,639.0,sufficient
85230F,PROD004027,WH002,North Warehouse,Manchester,North West,111,144.0,41.76,0.0,111.0,sufficient
85230F,PROD004027,WH003,Midlands Warehouse,Birmingham,West Midlands,266,0.0,0.0,0.0,266.0,sufficient
85230F,PROD004027,WH004,Scotland Warehouse,Glasgow,Scotland,605,24.0,6.96,0.0,605.0,sufficient
85230F,PROD004027,WH005,Wales Warehouse,Cardiff,Wales,541,2.0,0.58,0.0,541.0,sufficient
85231B,PROD004029,WH001,Central Warehouse,London,South East,1093,19.0,21.669999999999998,0.0,1093.0,sufficient
85231B,PROD004029,WH002,North Warehouse,Manchester,North West,862,79.0,67.14999999999999,12.0,850.0,sufficient
85231B,PROD004029,WH003,Midlands Warehouse,Birmingham,West Midlands,1598,119.0,101.15,0.0,1598.0,sufficient
85231B,PROD004029,WH004,Scotland Warehouse,Glasgow,Scotland,953,37.0,33.879999999999995,12.0,941.0,sufficient
85231B,PROD004029,WH005,Wales Warehouse,Cardiff,Wales,1625,13.0,15.76,1.0,1624.0,sufficient
85231G,PROD004031,WH001,Central Warehouse,London,South East,891,14.0,13.52,0.0,891.0,sufficient
85231G,PROD004031,WH002,North Warehouse,Manchester,North West,836,30.0,27.159999999999997,0.0,836.0,sufficient
85231G,PROD004031,WH003,Midlands Warehouse,Birmingham,West Midlands,289,31.0,26.349999999999998,0.0,289.0,sufficient
85231G,PROD004031,WH004,Scotland Warehouse,Glasgow,Scotland,136,6.0,5.88,0.0,136.0,sufficient
85231G,PROD004031,WH005,Wales Warehouse,Cardiff,Wales,405,11.0,9.35,0.0,405.0,sufficient
85231L,PROD004032,WH001,Central Warehouse,London,South East,968,23.0,19.549999999999997,0.0,968.0,sufficient
85231L,PROD004032,WH002,North Warehouse,Manchester,North West,993,22.0,19.509999999999998,0.0,993.0,sufficient
85231L,PROD004032,WH003,Midlands Warehouse,Birmingham,West Midlands,889,13.0,11.05,0.0,889.0,sufficient
85231L,PROD004032,WH004,Scotland Warehouse,Glasgow,Scotland,205,14.0,11.899999999999999,0.0,205.0,sufficient
85231L,PROD004032,WH005,Wales Warehouse,Cardiff,Wales,239,5.0,4.25,0.0,239.0,sufficient
85232A,PROD004033,WH001,Central Warehouse,London,South East,781,1.0,4.95,0.0,781.0,sufficient
85232A,PROD004033,WH002,North Warehouse,Manchester,North West,178,5.0,29.97,0.0,178.0,sufficient
85232A,PROD004033,WH003,Midlands Warehouse,Birmingham,West Midlands,364,8.0,44.82,0.0,364.0,sufficient
85232A,PROD004033,WH004,Scotland Warehouse,Glasgow,Scotland,904,3.0,14.85,3.0,901.0,sufficient
85232A,PROD004033,WH005,Wales Warehouse,Cardiff,Wales,315,5.0,24.75,0.0,315.0,sufficient
85232D,PROD004035,WH001,Central Warehouse,London,South East,924,2.0,20.34,0.0,924.0,sufficient
85232D,PROD004035,WH002,North Warehouse,Manchester,North West,697,5.0,24.75,0.0,697.0,sufficient
85232D,PROD004035,WH003,Midlands Warehouse,Birmingham,West Midlands,57,5.0,35.19,0.0,57.0,sufficient
85232D,PROD004035,WH004,Scotland Warehouse,Glasgow,Scotland,552,5.0,24.75,0.0,552.0,sufficient
85232D,PROD004035,WH005,Wales Warehouse,Cardiff,Wales,431,4.0,24.810000000000002,0.0,431.0,sufficient
85232b,PROD004036,WH001,Central Warehouse,London,South East,721,0.0,0.0,0.0,721.0,sufficient
85232b,PROD004036,WH002,North Warehouse,Manchester,North West,114,2.0,20.34,0.0,114.0,sufficient
85232b,PROD004036,WH003,Midlands Warehouse,Birmingham,West Midlands,760,0.0,0.0,0.0,760.0,sufficient
85232b,PROD004036,WH004,Scotland Warehouse,Glasgow,Scotland,399,1.0,10.17,0.0,399.0,sufficient
85232b,PROD004036,WH005,Wales Warehouse,Cardiff,Wales,646,2.0,20.34,0.0,646.0,sufficient
90000A,PROD004037,WH001,Central Warehouse,London,South East,784,0.0,0.0,0.0,784.0,sufficient
90000A,PROD004037,WH002,North Warehouse,Manchester,North West,350,1.0,6.23,0.0,350.0,sufficient
90000A,PROD004037,WH003,Midlands Warehouse,Birmingham,West Midlands,360,0.0,0.0,0.0,360.0,sufficient
90000A,PROD004037,WH004,Scotland Warehouse,Glasgow,Scotland,647,2.0,11.9,0.0,647.0,sufficient
90000A,PROD004037,WH005,Wales Warehouse,Cardiff,Wales,396,0.0,0.0,0.0,396.0,sufficient
90002A,PROD004041,WH001,Central Warehouse,London,South East,72,0.0,0.0,0.0,72.0,sufficient
90002A,PROD004041,WH002,North Warehouse,Manchester,North West,857,0.0,0.0,0.0,857.0,sufficient
90002A,PROD004041,WH003,Midlands Warehouse,Birmingham,West Midlands,428,0.0,0.0,0.0,428.0,sufficient
90002A,PROD004041,WH004,Scotland Warehouse,Glasgow,Scotland,137,7.0,0.0,0.0,137.0,sufficient
90002A,PROD004041,WH005,Wales Warehouse,Cardiff,Wales,287,0.0,0.0,0.0,287.0,sufficient
90002C,PROD004043,WH001,Central Warehouse,London,South East,421,0.0,0.0,0.0,421.0,sufficient
90002C,PROD004043,WH002,North Warehouse,Manchester,North West,727,0.0,0.0,0.0,727.0,sufficient
90002C,PROD004043,WH003,Midlands Warehouse,Birmingham,West Midlands,633,0.0,0.0,0.0,633.0,sufficient
90002C,PROD004043,WH004,Scotland Warehouse,Glasgow,Scotland,419,0.0,0.0,0.0,419.0,sufficient
90002C,PROD004043,WH005,Wales Warehouse,Cardiff,Wales,438,1.0,3.81,0.0,438.0,sufficient
90010A,PROD004050,WH001,Central Warehouse,London,South East,437,1.0,8.95,0.0,437.0,sufficient
90010A,PROD004050,WH002,North Warehouse,Manchester,North West,376,2.0,18.52,0.0,376.0,sufficient
90010A,PROD004050,WH003,Midlands Warehouse,Birmingham,West Midlands,424,0.0,0.0,0.0,424.0,sufficient
90010A,PROD004050,WH004,Scotland Warehouse,Glasgow,Scotland,197,2.0,19.96,0.0,197.0,sufficient
90010A,PROD004050,WH005,Wales Warehouse,Cardiff,Wales,226,0.0,0.0,0.0,226.0,sufficient
90012B,PROD004055,WH001,Central Warehouse,London,South East,358,0.0,0.0,0.0,358.0,sufficient
90012B,PROD004055,WH002,North Warehouse,Manchester,North West,92,0.0,0.0,0.0,92.0,sufficient
90012B,PROD004055,WH003,Midlands Warehouse,Birmingham,West Midlands,152,1.0,9.95,0.0,152.0,sufficient
90012B,PROD004055,WH004,Scotland Warehouse,Glasgow,Scotland,534,0.0,0.0,0.0,534.0,sufficient
90012B,PROD004055,WH005,Wales Warehouse,Cardiff,Wales,995,0.0,0.0,0.0,995.0,sufficient
90013B,PROD004057,WH001,Central Warehouse,London,South East,853,2.0,8.66,0.0,853.0,sufficient
90013B,PROD004057,WH002,North Warehouse,Manchester,North West,23,0.0,0.0,0.0,23.0,sufficient
90013B,PROD004057,WH003,Midlands Warehouse,Birmingham,West Midlands,920,5.0,21.200000000000003,0.0,920.0,sufficient
90013B,PROD004057,WH004,Scotland Warehouse,Glasgow,Scotland,970,0.0,0.0,0.0,970.0,sufficient
90013B,PROD004057,WH005,Wales Warehouse,Cardiff,Wales,291,1.0,4.24,0.0,291.0,sufficient
90014A,PROD004060,WH001,Central Warehouse,London,South East,486,1.0,9.95,0.0,486.0,sufficient
90014A,PROD004060,WH002,North Warehouse,Manchester,North West,714,1.0,10.4,0.0,714.0,sufficient
90014A,PROD004060,WH003,Midlands Warehouse,Birmingham,West Midlands,799,0.0,0.0,0.0,799.0,sufficient
90014A,PROD004060,WH004,Scotland Warehouse,Glasgow,Scotland,553,0.0,0.0,0.0,553.0,sufficient
90014A,PROD004060,WH005,Wales Warehouse,Cardiff,Wales,187,0.0,0.0,0.0,187.0,sufficient
90014C,PROD004062,WH001,Central Warehouse,London,South East,681,0.0,0.0,0.0,681.0,sufficient
90014C,PROD004062,WH002,North Warehouse,Manchester,North West,700,0.0,0.0,0.0,700.0,sufficient
90014C,PROD004062,WH003,Midlands Warehouse,Birmingham,West Midlands,324,0.0,0.0,0.0,324.0,sufficient
90014C,PROD004062,WH004,Scotland Warehouse,Glasgow,Scotland,477,1.0,9.95,0.0,477.0,sufficient
90014C,PROD004062,WH005,Wales Warehouse,Cardiff,Wales,99,0.0,0.0,0.0,99.0,sufficient
90016B,PROD004064,WH001,Central Warehouse,London,South East,809,0.0,0.0,0.0,809.0,sufficient
90016B,PROD004064,WH002,North Warehouse,Manchester,North West,894,0.0,0.0,0.0,894.0,sufficient
90016B,PROD004064,WH003,Midlands Warehouse,Birmingham,West Midlands,718,2.0,16.82,0.0,718.0,sufficient
90016B,PROD004064,WH004,Scotland Warehouse,Glasgow,Scotland,209,0.0,0.0,0.0,209.0,sufficient
90016B,PROD004064,WH005,Wales Warehouse,Cardiff,Wales,442,0.0,0.0,0.0,442.0,sufficient
90018A,PROD004066,WH001,Central Warehouse,London,South East,817,2.0,8.5,0.0,817.0,sufficient
90018A,PROD004066,WH002,North Warehouse,Manchester,North West,119,1.0,4.24,0.0,119.0,sufficient
90018A,PROD004066,WH003,Midlands Warehouse,Birmingham,West Midlands,727,2.0,8.49,0.0,727.0,sufficient
90018A,PROD004066,WH004,Scotland Warehouse,Glasgow,Scotland,756,3.0,12.74,1.0,755.0,sufficient
90018A,PROD004066,WH005,Wales Warehouse,Cardiff,Wales,556,1.0,4.15,0.0,556.0,sufficient
90019A,PROD004069,WH001,Central Warehouse,London,South East,824,0.0,0.0,0.0,824.0,sufficient
90019A,PROD004069,WH002,North Warehouse,Manchester,North West,571,7.0,35.66,0.0,571.0,sufficient
90019A,PROD004069,WH003,Midlands Warehouse,Birmingham,West Midlands,504,2.0,9.9,0.0,504.0,sufficient
90019A,PROD004069,WH004,Scotland Warehouse,Glasgow,Scotland,551,0.0,0.0,0.0,551.0,sufficient
90019A,PROD004069,WH005,Wales Warehouse,Cardiff,Wales,227,1.0,5.63,0.0,227.0,sufficient
90019C,PROD004070,WH001,Central Warehouse,London,South East,713,1.0,5.51,0.0,713.0,sufficient
90019C,PROD004070,WH002,North Warehouse,Manchester,North West,419,1.0,5.51,0.0,419.0,sufficient
90019C,PROD004070,WH003,Midlands Warehouse,Birmingham,West Midlands,499,1.0,5.51,0.0,499.0,sufficient
90019C,PROD004070,WH004,Scotland Warehouse,Glasgow,Scotland,681,1.0,5.63,0.0,681.0,sufficient
90019C,PROD004070,WH005,Wales Warehouse,Cardiff,Wales,457,3.0,15.969999999999999,0.0,457.0,sufficient
90020,PROD004071,WH001,Central Warehouse,London,South East,345,0.0,0.0,0.0,345.0,sufficient
90020,PROD004071,WH002,North Warehouse,Manchester,North West,766,1.0,12.48,0.0,766.0,sufficient
90020,PROD004071,WH003,Midlands Warehouse,Birmingham,West Midlands,792,0.0,0.0,0.0,792.0,sufficient
90020,PROD004071,WH004,Scotland Warehouse,Glasgow,Scotland,79,0.0,0.0,0.0,79.0,sufficient
90020,PROD004071,WH005,Wales Warehouse,Cardiff,Wales,530,0.0,0.0,0.0,530.0,sufficient
90023,PROD004074,WH001,Central Warehouse,London,South East,170,0.0,0.0,0.0,170.0,sufficient
90023,PROD004074,WH002,North Warehouse,Manchester,North West,969,0.0,0.0,0.0,969.0,sufficient
90023,PROD004074,WH003,Midlands Warehouse,Birmingham,West Midlands,986,0.0,0.0,0.0,986.0,sufficient
90023,PROD004074,WH004,Scotland Warehouse,Glasgow,Scotland,130,1.0,4.25,0.0,130.0,sufficient
90023,PROD004074,WH005,Wales Warehouse,Cardiff,Wales,350,2.0,8.5,0.0,350.0,sufficient
90024B,PROD004075,WH001,Central Warehouse,London,South East,776,1.0,8.68,0.0,776.0,sufficient
90024B,PROD004075,WH002,North Warehouse,Manchester,North West,559,0.0,0.0,0.0,559.0,sufficient
90024B,PROD004075,WH003,Midlands Warehouse,Birmingham,West Midlands,610,1.0,8.5,0.0,610.0,sufficient
90024B,PROD004075,WH004,Scotland Warehouse,Glasgow,Scotland,828,0.0,0.0,0.0,828.0,sufficient
90024B,PROD004075,WH005,Wales Warehouse,Cardiff,Wales,270,1.0,8.5,0.0,270.0,sufficient
90026B,PROD004080,WH001,Central Warehouse,London,South East,1014,0.0,0.0,0.0,1014.0,sufficient
90026B,PROD004080,WH002,North Warehouse,Manchester,North West,1057,0.0,0.0,0.0,1057.0,sufficient
90026B,PROD004080,WH003,Midlands Warehouse,Birmingham,West Midlands,1006,0.0,0.0,0.0,1006.0,sufficient
90026B,PROD004080,WH004,Scotland Warehouse,Glasgow,Scotland,757,1.0,8.5,0.0,757.0,sufficient
90026B,PROD004080,WH005,Wales Warehouse,Cardiff,Wales,417,0.0,0.0,0.0,417.0,sufficient
90026C,PROD004081,WH001,Central Warehouse,London,South East,55,0.0,0.0,0.0,55.0,sufficient
90026C,PROD004081,WH002,North Warehouse,Manchester,North West,894,0.0,0.0,0.0,894.0,sufficient
90026C,PROD004081,WH003,Midlands Warehouse,Birmingham,West Midlands,733,0.0,0.0,0.0,733.0,sufficient
90026C,PROD004081,WH004,Scotland Warehouse,Glasgow,Scotland,661,0.0,0.0,0.0,661.0,sufficient
90026C,PROD004081,WH005,Wales Warehouse,Cardiff,Wales,328,1.0,8.32,0.0,328.0,sufficient
90027C,PROD004084,WH001,Central Warehouse,London,South East,69,0.0,0.0,0.0,69.0,sufficient
90027C,PROD004084,WH002,North Warehouse,Manchester,North West,806,3.0,8.8,1.0,805.0,sufficient
90027C,PROD004084,WH003,Midlands Warehouse,Birmingham,West Midlands,598,0.0,0.0,0.0,598.0,sufficient
90027C,PROD004084,WH004,Scotland Warehouse,Glasgow,Scotland,628,0.0,0.0,0.0,628.0,sufficient
90027C,PROD004084,WH005,Wales Warehouse,Cardiff,Wales,433,0.0,0.0,0.0,433.0,sufficient
90027D,PROD004085,WH001,Central Warehouse,London,South East,816,0.0,0.0,0.0,816.0,sufficient
90027D,PROD004085,WH002,North Warehouse,Manchester,North West,633,1.0,2.95,0.0,633.0,sufficient
90027D,PROD004085,WH003,Midlands Warehouse,Birmingham,West Midlands,1534,0.0,0.0,0.0,1534.0,sufficient
90027D,PROD004085,WH004,Scotland Warehouse,Glasgow,Scotland,878,0.0,0.0,0.0,878.0,sufficient
90027D,PROD004085,WH005,Wales Warehouse,Cardiff,Wales,763,0.0,0.0,0.0,763.0,sufficient
90028,PROD004086,WH001,Central Warehouse,London,South East,1524,0.0,0.0,0.0,1524.0,sufficient
90028,PROD004086,WH002,North Warehouse,Manchester,North West,1311,0.0,0.0,0.0,1311.0,sufficient
90028,PROD004086,WH003,Midlands Warehouse,Birmingham,West Midlands,607,1.0,8.49,0.0,607.0,sufficient
90028,PROD004086,WH004,Scotland Warehouse,Glasgow,Scotland,258,1.0,8.49,0.0,258.0,sufficient
90028,PROD004086,WH005,Wales Warehouse,Cardiff,Wales,940,0.0,0.0,0.0,940.0,sufficient
90029,PROD004087,WH001,Central Warehouse,London,South East,834,0.0,0.0,0.0,834.0,sufficient
90029,PROD004087,WH002,North Warehouse,Manchester,North West,168,1.0,8.5,0.0,168.0,sufficient
90029,PROD004087,WH003,Midlands Warehouse,Birmingham,West Midlands,217,0.0,0.0,0.0,217.0,sufficient
90029,PROD004087,WH004,Scotland Warehouse,Glasgow,Scotland,781,0.0,0.0,0.0,781.0,sufficient
90029,PROD004087,WH005,Wales Warehouse,Cardiff,Wales,414,0.0,0.0,0.0,414.0,sufficient
90032,PROD004089,WH001,Central Warehouse,London,South East,654,0.0,0.0,0.0,654.0,sufficient
90032,PROD004089,WH002,North Warehouse,Manchester,North West,295,0.0,0.0,0.0,295.0,sufficient
90032,PROD004089,WH003,Midlands Warehouse,Birmingham,West Midlands,984,0.0,0.0,0.0,984.0,sufficient
90032,PROD004089,WH004,Scotland Warehouse,Glasgow,Scotland,746,0.0,0.0,0.0,746.0,sufficient
90032,PROD004089,WH005,Wales Warehouse,Cardiff,Wales,586,4.0,25.0,0.0,586.0,sufficient
90034,PROD004091,WH001,Central Warehouse,London,South East,956,0.0,0.0,0.0,956.0,sufficient
90034,PROD004091,WH002,North Warehouse,Manchester,North West,418,0.0,0.0,0.0,418.0,sufficient
90034,PROD004091,WH003,Midlands Warehouse,Birmingham,West Midlands,447,0.0,0.0,0.0,447.0,sufficient
90034,PROD004091,WH004,Scotland Warehouse,Glasgow,Scotland,180,1.0,10.41,0.0,180.0,sufficient
90034,PROD004091,WH005,Wales Warehouse,Cardiff,Wales,16,0.0,0.0,0.0,16.0,sufficient
90035A,PROD004092,WH001,Central Warehouse,London,South East,398,0.0,0.0,0.0,398.0,sufficient
90035A,PROD004092,WH002,North Warehouse,Manchester,North West,515,0.0,0.0,0.0,515.0,sufficient
90035A,PROD004092,WH003,Midlands Warehouse,Birmingham,West Midlands,910,2.0,21.5,0.0,910.0,sufficient
90035A,PROD004092,WH004,Scotland Warehouse,Glasgow,Scotland,551,0.0,0.0,0.0,551.0,sufficient
90035A,PROD004092,WH005,Wales Warehouse,Cardiff,Wales,880,0.0,0.0,0.0,880.0,sufficient
90035C,PROD004093,WH001,Central Warehouse,London,South East,195,0.0,0.0,0.0,195.0,sufficient
90035C,PROD004093,WH002,North Warehouse,Manchester,North West,597,0.0,0.0,0.0,597.0,sufficient
90035C,PROD004093,WH003,Midlands Warehouse,Birmingham,West Midlands,842,5.0,53.75,0.0,842.0,sufficient
90035C,PROD004093,WH004,Scotland Warehouse,Glasgow,Scotland,451,0.0,0.0,0.0,451.0,sufficient
90035C,PROD004093,WH005,Wales Warehouse,Cardiff,Wales,568,0.0,0.0,0.0,568.0,sufficient
90036E,PROD004098,WH001,Central Warehouse,London,South East,809,1.0,8.07,0.0,809.0,sufficient
90036E,PROD004098,WH002,North Warehouse,Manchester,North West,141,1.0,7.95,0.0,141.0,sufficient
90036E,PROD004098,WH003,Midlands Warehouse,Birmingham,West Midlands,83,3.0,23.85,0.0,83.0,sufficient
90036E,PROD004098,WH004,Scotland Warehouse,Glasgow,Scotland,993,1.0,8.24,0.0,993.0,sufficient
90036E,PROD004098,WH005,Wales Warehouse,Cardiff,Wales,332,2.0,16.02,0.0,332.0,sufficient
90036F,PROD004099,WH001,Central Warehouse,London,South East,971,2.0,16.14,0.0,971.0,sufficient
90036F,PROD004099,WH002,North Warehouse,Manchester,North West,526,0.0,0.0,0.0,526.0,sufficient
90036F,PROD004099,WH003,Midlands Warehouse,Birmingham,West Midlands,878,0.0,0.0,0.0,878.0,sufficient
90036F,PROD004099,WH004,Scotland Warehouse,Glasgow,Scotland,94,0.0,0.0,0.0,94.0,sufficient
90036F,PROD004099,WH005,Wales Warehouse,Cardiff,Wales,592,0.0,0.0,0.0,592.0,sufficient
90037B,PROD004101,WH001,Central Warehouse,London,South East,462,1.0,2.48,0.0,462.0,sufficient
90037B,PROD004101,WH002,North Warehouse,Manchester,North West,1606,0.0,0.0,0.0,1606.0,sufficient
90037B,PROD004101,WH003,Midlands Warehouse,Birmingham,West Midlands,978,0.0,0.0,0.0,978.0,sufficient
90037B,PROD004101,WH004,Scotland Warehouse,Glasgow,Scotland,689,0.0,0.0,0.0,689.0,sufficient
90037B,PROD004101,WH005,Wales Warehouse,Cardiff,Wales,1714,0.0,0.0,0.0,1714.0,sufficient
90037C,PROD004102,WH001,Central Warehouse,London,South East,166,1.0,2.54,0.0,166.0,sufficient
90037C,PROD004102,WH002,North Warehouse,Manchester,North West,675,0.0,0.0,0.0,675.0,sufficient
90037C,PROD004102,WH003,Midlands Warehouse,Birmingham,West Midlands,410,0.0,0.0,0.0,410.0,sufficient
90037C,PROD004102,WH004,Scotland Warehouse,Glasgow,Scotland,245,0.0,0.0,0.0,245.0,sufficient
90037C,PROD004102,WH005,Wales Warehouse,Cardiff,Wales,549,0.0,0.0,0.0,549.0,sufficient
90039C,PROD004107,WH001,Central Warehouse,London,South East,362,0.0,0.0,0.0,362.0,sufficient
90039C,PROD004107,WH002,North Warehouse,Manchester,North West,703,12.0,45.0,0.0,703.0,sufficient
90039C,PROD004107,WH003,Midlands Warehouse,Birmingham,West Midlands,0,0.0,0.0,0.0,0.0,critical
90039C,PROD004107,WH004,Scotland Warehouse,Glasgow,Scotland,397,0.0,0.0,0.0,397.0,sufficient
90039C,PROD004107,WH005,Wales Warehouse,Cardiff,Wales,676,0.0,0.0,0.0,676.0,sufficient
90040B,PROD004110,WH001,Central Warehouse,London,South East,718,0.0,0.0,0.0,718.0,sufficient
90040B,PROD004110,WH002,North Warehouse,Manchester,North West,170,0.0,0.0,0.0,170.0,sufficient
90040B,PROD004110,WH003,Midlands Warehouse,Birmingham,West Midlands,928,0.0,0.0,0.0,928.0,sufficient
90040B,PROD004110,WH004,Scotland Warehouse,Glasgow,Scotland,461,1.0,3.81,0.0,461.0,sufficient
90040B,PROD004110,WH005,Wales Warehouse,Cardiff,Wales,298,7.0,24.5,0.0,298.0,sufficient
90040C,PROD004111,WH001,Central Warehouse,London,South East,212,1.0,3.81,0.0,212.0,sufficient
90040C,PROD004111,WH002,North Warehouse,Manchester,North West,444,0.0,0.0,0.0,444.0,sufficient
90040C,PROD004111,WH003,Midlands Warehouse,Birmingham,West Midlands,1081,0.0,0.0,0.0,1081.0,sufficient
90040C,PROD004111,WH004,Scotland Warehouse,Glasgow,Scotland,1539,0.0,0.0,0.0,1539.0,sufficient
90040C,PROD004111,WH005,Wales Warehouse,Cardiff,Wales,1016,0.0,0.0,0.0,1016.0,sufficient
90042A,PROD004113,WH001,Central Warehouse,London,South East,782,0.0,0.0,0.0,782.0,sufficient
90042A,PROD004113,WH002,North Warehouse,Manchester,North West,928,1.0,2.55,0.0,928.0,sufficient
90042A,PROD004113,WH003,Midlands Warehouse,Birmingham,West Midlands,144,1.0,2.54,0.0,144.0,sufficient
90042A,PROD004113,WH004,Scotland Warehouse,Glasgow,Scotland,841,0.0,0.0,0.0,841.0,sufficient
90042A,PROD004113,WH005,Wales Warehouse,Cardiff,Wales,115,0.0,0.0,0.0,115.0,sufficient
90042B,PROD004114,WH001,Central Warehouse,London,South East,401,2.0,5.1,0.0,401.0,sufficient
90042B,PROD004114,WH002,North Warehouse,Manchester,North West,980,0.0,0.0,0.0,980.0,sufficient
90042B,PROD004114,WH003,Midlands Warehouse,Birmingham,West Midlands,719,0.0,0.0,0.0,719.0,sufficient
90042B,PROD004114,WH004,Scotland Warehouse,Glasgow,Scotland,225,0.0,0.0,0.0,225.0,sufficient
90042B,PROD004114,WH005,Wales Warehouse,Cardiff,Wales,201,0.0,0.0,0.0,201.0,sufficient
90043,PROD004116,WH001,Central Warehouse,London,South East,307,0.0,0.0,0.0,307.0,sufficient
90043,PROD004116,WH002,North Warehouse,Manchester,North West,201,0.0,0.0,0.0,201.0,sufficient
90043,PROD004116,WH003,Midlands Warehouse,Birmingham,West Midlands,71,2.0,9.9,0.0,71.0,sufficient
90043,PROD004116,WH004,Scotland Warehouse,Glasgow,Scotland,88,0.0,0.0,0.0,88.0,sufficient
90043,PROD004116,WH005,Wales Warehouse,Cardiff,Wales,857,0.0,0.0,0.0,857.0,sufficient
90054,PROD004119,WH001,Central Warehouse,London,South East,972,0.0,0.0,0.0,972.0,sufficient
90054,PROD004119,WH002,North Warehouse,Manchester,North West,626,0.0,0.0,0.0,626.0,sufficient
90054,PROD004119,WH003,Midlands Warehouse,Birmingham,West Midlands,360,1.0,2.48,0.0,360.0,sufficient
90054,PROD004119,WH004,Scotland Warehouse,Glasgow,Scotland,328,0.0,0.0,0.0,328.0,sufficient
90054,PROD004119,WH005,Wales Warehouse,Cardiff,Wales,963,0.0,0.0,0.0,963.0,sufficient
90055,PROD004120,WH001,Central Warehouse,London,South East,465,0.0,0.0,0.0,465.0,sufficient
90055,PROD004120,WH002,North Warehouse,Manchester,North West,363,0.0,0.0,0.0,363.0,sufficient
90055,PROD004120,WH003,Midlands Warehouse,Birmingham,West Midlands,428,1.0,2.48,0.0,428.0,sufficient
90055,PROD004120,WH004,Scotland Warehouse,Glasgow,Scotland,454,0.0,0.0,0.0,454.0,sufficient
90055,PROD004120,WH005,Wales Warehouse,Cardiff,Wales,984,0.0,0.0,0.0,984.0,sufficient
90058A,PROD004122,WH001,Central Warehouse,London,South East,895,36.0,13.68,0.0,895.0,sufficient
90058A,PROD004122,WH002,North Warehouse,Manchester,North West,1400,0.0,0.0,0.0,1400.0,sufficient
90058A,PROD004122,WH003,Midlands Warehouse,Birmingham,West Midlands,529,36.0,13.68,0.0,529.0,sufficient
90058A,PROD004122,WH004,Scotland Warehouse,Glasgow,Scotland,840,36.0,13.68,0.0,840.0,sufficient
90058A,PROD004122,WH005,Wales Warehouse,Cardiff,Wales,841,0.0,0.0,0.0,841.0,sufficient
90062,PROD004131,WH001,Central Warehouse,London,South East,745,3.0,38.25,0.0,745.0,sufficient
90062,PROD004131,WH002,North Warehouse,Manchester,North West,800,2.0,25.5,0.0,800.0,sufficient
90062,PROD004131,WH003,Midlands Warehouse,Birmingham,West Midlands,11,4.0,51.0,0.0,11.0,sufficient
90062,PROD004131,WH004,Scotland Warehouse,Glasgow,Scotland,922,1.0,12.48,0.0,922.0,sufficient
90062,PROD004131,WH005,Wales Warehouse,Cardiff,Wales,372,8.0,102.0,0.0,372.0,sufficient
90063A,PROD004132,WH001,Central Warehouse,London,South East,256,0.0,0.0,0.0,256.0,sufficient
90063A,PROD004132,WH002,North Warehouse,Manchester,North West,564,0.0,0.0,0.0,564.0,sufficient
90063A,PROD004132,WH003,Midlands Warehouse,Birmingham,West Midlands,929,0.0,0.0,0.0,929.0,sufficient
90063A,PROD004132,WH004,Scotland Warehouse,Glasgow,Scotland,298,2.0,17.0,0.0,298.0,sufficient
90063A,PROD004132,WH005,Wales Warehouse,Cardiff,Wales,840,0.0,0.0,0.0,840.0,sufficient
90064A,PROD004134,WH001,Central Warehouse,London,South East,92,0.0,0.0,0.0,92.0,sufficient
90064A,PROD004134,WH002,North Warehouse,Manchester,North West,880,1.0,4.15,0.0,880.0,sufficient
90064A,PROD004134,WH003,Midlands Warehouse,Birmingham,West Midlands,811,0.0,0.0,0.0,811.0,sufficient
90064A,PROD004134,WH004,Scotland Warehouse,Glasgow,Scotland,929,0.0,0.0,0.0,929.0,sufficient
90064A,PROD004134,WH005,Wales Warehouse,Cardiff,Wales,625,0.0,0.0,0.0,625.0,sufficient
90065A,PROD004136,WH001,Central Warehouse,London,South East,529,0.0,0.0,0.0,529.0,sufficient
90065A,PROD004136,WH002,North Warehouse,Manchester,North West,882,0.0,0.0,0.0,882.0,sufficient
90065A,PROD004136,WH003,Midlands Warehouse,Birmingham,West Midlands,479,0.0,0.0,0.0,479.0,sufficient
90065A,PROD004136,WH004,Scotland Warehouse,Glasgow,Scotland,471,1.0,6.75,0.0,471.0,sufficient
90065A,PROD004136,WH005,Wales Warehouse,Cardiff,Wales,807,0.0,0.0,0.0,807.0,sufficient
90068,PROD004139,WH001,Central Warehouse,London,South East,890,0.0,0.0,0.0,890.0,sufficient
90068,PROD004139,WH002,North Warehouse,Manchester,North West,791,1.0,7.5,0.0,791.0,sufficient
90068,PROD004139,WH003,Midlands Warehouse,Birmingham,West Midlands,964,0.0,0.0,0.0,964.0,sufficient
90068,PROD004139,WH004,Scotland Warehouse,Glasgow,Scotland,555,0.0,0.0,0.0,555.0,sufficient
90068,PROD004139,WH005,Wales Warehouse,Cardiff,Wales,295,0.0,0.0,0.0,295.0,sufficient
90070,PROD004140,WH001,Central Warehouse,London,South East,441,0.0,0.0,0.0,441.0,sufficient
90070,PROD004140,WH002,North Warehouse,Manchester,North West,931,1.0,6.23,1.0,930.0,sufficient
90070,PROD004140,WH003,Midlands Warehouse,Birmingham,West Midlands,0,0.0,0.0,0.0,0.0,critical
90070,PROD004140,WH004,Scotland Warehouse,Glasgow,Scotland,852,0.0,0.0,0.0,852.0,sufficient
90070,PROD004140,WH005,Wales Warehouse,Cardiff,Wales,684,2.0,12.45,0.0,684.0,sufficient
90079,PROD004146,WH001,Central Warehouse,London,South East,722,0.0,0.0,0.0,722.0,sufficient
90079,PROD004146,WH002,North Warehouse,Manchester,North West,145,1.0,5.09,0.0,145.0,sufficient
90079,PROD004146,WH003,Midlands Warehouse,Birmingham,West Midlands,916,0.0,0.0,0.0,916.0,sufficient
90079,PROD004146,WH004,Scotland Warehouse,Glasgow,Scotland,924,0.0,0.0,0.0,924.0,sufficient
90079,PROD004146,WH005,Wales Warehouse,Cardiff,Wales,291,0.0,0.0,0.0,291.0,sufficient
90081C,PROD004148,WH001,Central Warehouse,London,South East,1143,0.0,0.0,0.0,1143.0,sufficient
90081C,PROD004148,WH002,North Warehouse,Manchester,North West,1003,0.0,0.0,0.0,1003.0,sufficient
90081C,PROD004148,WH003,Midlands Warehouse,Birmingham,West Midlands,484,0.0,0.0,0.0,484.0,sufficient
90081C,PROD004148,WH004,Scotland Warehouse,Glasgow,Scotland,558,1.0,4.98,0.0,558.0,sufficient
90081C,PROD004148,WH005,Wales Warehouse,Cardiff,Wales,863,1.0,5.09,0.0,863.0,sufficient
90082A,PROD004149,WH001,Central Warehouse,London,South East,1197,2.0,13.0,0.0,1197.0,sufficient
90082A,PROD004149,WH002,North Warehouse,Manchester,North West,1639,1.0,6.79,0.0,1639.0,sufficient
90082A,PROD004149,WH003,Midlands Warehouse,Birmingham,West Midlands,1198,0.0,0.0,0.0,1198.0,sufficient
90082A,PROD004149,WH004,Scotland Warehouse,Glasgow,Scotland,471,0.0,0.0,0.0,471.0,sufficient
90082A,PROD004149,WH005,Wales Warehouse,Cardiff,Wales,968,0.0,0.0,0.0,968.0,sufficient
90082B,PROD004150,WH001,Central Warehouse,London,South East,638,2.0,12.7,0.0,638.0,sufficient
90082B,PROD004150,WH002,North Warehouse,Manchester,North West,296,0.0,0.0,0.0,296.0,sufficient
90082B,PROD004150,WH003,Midlands Warehouse,Birmingham,West Midlands,932,6.0,38.1,6.0,926.0,sufficient
90082B,PROD004150,WH004,Scotland Warehouse,Glasgow,Scotland,992,0.0,0.0,0.0,992.0,sufficient
90082B,PROD004150,WH005,Wales Warehouse,Cardiff,Wales,796,1.0,6.35,0.0,796.0,sufficient
90086,PROD004155,WH001,Central Warehouse,London,South East,923,0.0,0.0,0.0,923.0,sufficient
90086,PROD004155,WH002,North Warehouse,Manchester,North West,134,23.0,19.549999999999997,0.0,134.0,sufficient
90086,PROD004155,WH003,Midlands Warehouse,Birmingham,West Midlands,370,13.0,11.86,0.0,370.0,sufficient
90086,PROD004155,WH004,Scotland Warehouse,Glasgow,Scotland,511,1.0,1.63,0.0,511.0,sufficient
90086,PROD004155,WH005,Wales Warehouse,Cardiff,Wales,195,2.0,3.29,0.0,195.0,sufficient
90089,PROD004158,WH001,Central Warehouse,London,South East,754,1.0,1.63,0.0,754.0,sufficient
90089,PROD004158,WH002,North Warehouse,Manchester,North West,446,1.0,1.7,0.0,446.0,sufficient
90089,PROD004158,WH003,Midlands Warehouse,Birmingham,West Midlands,353,0.0,0.0,0.0,353.0,sufficient
90089,PROD004158,WH004,Scotland Warehouse,Glasgow,Scotland,673,2.0,3.29,0.0,673.0,sufficient
90089,PROD004158,WH005,Wales Warehouse,Cardiff,Wales,138,1.0,1.63,0.0,138.0,sufficient
90096,PROD004162,WH001,Central Warehouse,London,South East,206,1.0,2.55,0.0,206.0,sufficient
90096,PROD004162,WH002,North Warehouse,Manchester,North West,300,3.0,6.67,0.0,300.0,sufficient
90096,PROD004162,WH003,Midlands Warehouse,Birmingham,West Midlands,110,0.0,0.0,0.0,110.0,sufficient
90096,PROD004162,WH004,Scotland Warehouse,Glasgow,Scotland,511,0.0,0.0,0.0,511.0,sufficient
90096,PROD004162,WH005,Wales Warehouse,Cardiff,Wales,590,0.0,0.0,0.0,590.0,sufficient
90098,PROD004163,WH001,Central Warehouse,London,South East,91,0.0,0.0,0.0,91.0,sufficient
90098,PROD004163,WH002,North Warehouse,Manchester,North West,889,1.0,1.66,0.0,889.0,sufficient
90098,PROD004163,WH003,Midlands Warehouse,Birmingham,West Midlands,965,0.0,0.0,0.0,965.0,sufficient
90098,PROD004163,WH004,Scotland Warehouse,Glasgow,Scotland,924,0.0,0.0,0.0,924.0,sufficient
90098,PROD004163,WH005,Wales Warehouse,Cardiff,Wales,934,1.0,5.17,0.0,934.0,sufficient
90100,PROD004165,WH001,Central Warehouse,London,South East,447,0.0,0.0,0.0,447.0,sufficient
90100,PROD004165,WH002,North Warehouse,Manchester,North West,415,0.0,0.0,0.0,415.0,sufficient
90100,PROD004165,WH003,Midlands Warehouse,Birmingham,West Midlands,246,0.0,0.0,0.0,246.0,sufficient
90100,PROD004165,WH004,Scotland Warehouse,Glasgow,Scotland,522,0.0,0.0,0.0,522.0,sufficient
90100,PROD004165,WH005,Wales Warehouse,Cardiff,Wales,505,0.0,0.0,0.0,505.0,sufficient
90103,PROD004168,WH001,Central Warehouse,London,South East,542,1.0,2.59,0.0,542.0,sufficient
90103,PROD004168,WH002,North Warehouse,Manchester,North West,849,0.0,0.0,0.0,849.0,sufficient
90103,PROD004168,WH003,Midlands Warehouse,Birmingham,West Midlands,243,0.0,0.0,0.0,243.0,sufficient
90103,PROD004168,WH004,Scotland Warehouse,Glasgow,Scotland,299,1.0,2.48,0.0,299.0,sufficient
90103,PROD004168,WH005,Wales Warehouse,Cardiff,Wales,691,0.0,0.0,0.0,691.0,sufficient
90104,PROD004169,WH001,Central Warehouse,London,South East,282,3.0,2.48,2.0,280.0,sufficient
90104,PROD004169,WH002,North Warehouse,Manchester,North West,813,12.0,10.2,0.0,813.0,sufficient
90104,PROD004169,WH003,Midlands Warehouse,Birmingham,West Midlands,6,0.0,0.0,0.0,6.0,sufficient
90104,PROD004169,WH004,Scotland Warehouse,Glasgow,Scotland,136,7.0,4.9799999999999995,0.0,136.0,sufficient
90104,PROD004169,WH005,Wales Warehouse,Cardiff,Wales,231,0.0,0.0,0.0,231.0,sufficient
90114,PROD004173,WH001,Central Warehouse,London,South East,108,1.0,2.46,0.0,108.0,sufficient
90114,PROD004173,WH002,North Warehouse,Manchester,North West,303,8.0,20.32,0.0,303.0,sufficient
90114,PROD004173,WH003,Midlands Warehouse,Birmingham,West Midlands,963,2.0,5.02,0.0,963.0,sufficient
90114,PROD004173,WH004,Scotland Warehouse,Glasgow,Scotland,92,2.0,5.01,0.0,92.0,sufficient
90114,PROD004173,WH005,Wales Warehouse,Cardiff,Wales,353,2.0,4.97,0.0,353.0,sufficient
90118,PROD004176,WH001,Central Warehouse,London,South East,206,1.0,2.51,0.0,206.0,sufficient
90118,PROD004176,WH002,North Warehouse,Manchester,North West,585,1.0,2.46,0.0,585.0,sufficient
90118,PROD004176,WH003,Midlands Warehouse,Birmingham,West Midlands,453,3.0,10.079999999999998,0.0,453.0,sufficient
90118,PROD004176,WH004,Scotland Warehouse,Glasgow,Scotland,650,1.0,2.55,0.0,650.0,sufficient
90118,PROD004176,WH005,Wales Warehouse,Cardiff,Wales,792,0.0,0.0,0.0,792.0,sufficient
90119,PROD004177,WH001,Central Warehouse,London,South East,584,0.0,0.0,0.0,584.0,sufficient
90119,PROD004177,WH002,North Warehouse,Manchester,North West,441,1.0,2.46,0.0,441.0,sufficient
90119,PROD004177,WH003,Midlands Warehouse,Birmingham,West Midlands,817,0.0,0.0,0.0,817.0,sufficient
90119,PROD004177,WH004,Scotland Warehouse,Glasgow,Scotland,462,0.0,0.0,0.0,462.0,sufficient
90119,PROD004177,WH005,Wales Warehouse,Cardiff,Wales,591,2.0,4.92,0.0,591.0,sufficient
90122C,PROD004186,WH001,Central Warehouse,London,South East,87,3.0,14.85,0.0,87.0,sufficient
90122C,PROD004186,WH002,North Warehouse,Manchester,North West,333,0.0,0.0,0.0,333.0,sufficient
90122C,PROD004186,WH003,Midlands Warehouse,Birmingham,West Midlands,789,0.0,0.0,0.0,789.0,sufficient
90122C,PROD004186,WH004,Scotland Warehouse,Glasgow,Scotland,517,1.0,5.09,0.0,517.0,sufficient
90122C,PROD004186,WH005,Wales Warehouse,Cardiff,Wales,457,2.0,10.04,1.0,456.0,sufficient
90123A,PROD004187,WH001,Central Warehouse,London,South East,1800,0.0,0.0,0.0,1800.0,sufficient
90123A,PROD004187,WH002,North Warehouse,Manchester,North West,409,0.0,0.0,0.0,409.0,sufficient
90123A,PROD004187,WH003,Midlands Warehouse,Birmingham,West Midlands,894,0.0,0.0,0.0,894.0,sufficient
90123A,PROD004187,WH004,Scotland Warehouse,Glasgow,Scotland,1031,0.0,0.0,0.0,1031.0,sufficient
90123A,PROD004187,WH005,Wales Warehouse,Cardiff,Wales,780,2.0,11.9,0.0,780.0,sufficient
90124C,PROD004192,WH001,Central Warehouse,London,South East,556,1.0,10.2,0.0,556.0,sufficient
90124C,PROD004192,WH002,North Warehouse,Manchester,North West,972,0.0,0.0,0.0,972.0,sufficient
90124C,PROD004192,WH003,Midlands Warehouse,Birmingham,West Midlands,203,0.0,0.0,0.0,203.0,sufficient
90124C,PROD004192,WH004,Scotland Warehouse,Glasgow,Scotland,112,0.0,0.0,0.0,112.0,sufficient
90124C,PROD004192,WH005,Wales Warehouse,Cardiff,Wales,613,4.0,39.8,0.0,613.0,sufficient
90126B,PROD004197,WH001,Central Warehouse,London,South East,678,1.0,3.43,0.0,678.0,sufficient
90126B,PROD004197,WH002,North Warehouse,Manchester,North West,971,0.0,0.0,0.0,971.0,sufficient
90126B,PROD004197,WH003,Midlands Warehouse,Birmingham,West Midlands,1388,0.0,0.0,0.0,1388.0,sufficient
90126B,PROD004197,WH004,Scotland Warehouse,Glasgow,Scotland,1421,0.0,0.0,0.0,1421.0,sufficient
90126B,PROD004197,WH005,Wales Warehouse,Cardiff,Wales,477,0.0,0.0,0.0,477.0,sufficient
90126C,PROD004198,WH001,Central Warehouse,London,South East,254,1.0,3.43,0.0,254.0,sufficient
90126C,PROD004198,WH002,North Warehouse,Manchester,North West,556,0.0,0.0,0.0,556.0,sufficient
90126C,PROD004198,WH003,Midlands Warehouse,Birmingham,West Midlands,253,0.0,0.0,0.0,253.0,sufficient
90126C,PROD004198,WH004,Scotland Warehouse,Glasgow,Scotland,535,0.0,0.0,0.0,535.0,sufficient
90126C,PROD004198,WH005,Wales Warehouse,Cardiff,Wales,311,0.0,0.0,0.0,311.0,sufficient
90129C,PROD004204,WH001,Central Warehouse,London,South East,475,2.0,3.32,0.0,475.0,sufficient
90129C,PROD004204,WH002,North Warehouse,Manchester,North West,776,1.0,2.95,0.0,776.0,sufficient
90129C,PROD004204,WH003,Midlands Warehouse,Birmingham,West Midlands,641,0.0,0.0,0.0,641.0,sufficient
90129C,PROD004204,WH004,Scotland Warehouse,Glasgow,Scotland,12,1.0,1.66,0.0,12.0,sufficient
90129C,PROD004204,WH005,Wales Warehouse,Cardiff,Wales,108,2.0,3.4,0.0,108.0,sufficient
90130C,PROD004209,WH001,Central Warehouse,London,South East,940,1.0,2.95,1.0,939.0,sufficient
90130C,PROD004209,WH002,North Warehouse,Manchester,North West,1513,0.0,0.0,0.0,1513.0,sufficient
90130C,PROD004209,WH003,Midlands Warehouse,Birmingham,West Midlands,113,0.0,0.0,0.0,113.0,sufficient
90130C,PROD004209,WH004,Scotland Warehouse,Glasgow,Scotland,1592,0.0,0.0,0.0,1592.0,sufficient
90130C,PROD004209,WH005,Wales Warehouse,Cardiff,Wales,1545,0.0,0.0,0.0,1545.0,sufficient
90137,PROD004212,WH001,Central Warehouse,London,South East,595,0.0,0.0,0.0,595.0,sufficient
90137,PROD004212,WH002,North Warehouse,Manchester,North West,454,0.0,0.0,0.0,454.0,sufficient
90137,PROD004212,WH003,Midlands Warehouse,Birmingham,West Midlands,246,0.0,0.0,0.0,246.0,sufficient
90137,PROD004212,WH004,Scotland Warehouse,Glasgow,Scotland,406,0.0,0.0,0.0,406.0,sufficient
90137,PROD004212,WH005,Wales Warehouse,Cardiff,Wales,995,2.0,10.46,0.0,995.0,sufficient
90141C,PROD004214,WH001,Central Warehouse,London,South East,986,1.0,5.51,0.0,986.0,sufficient
90141C,PROD004214,WH002,North Warehouse,Manchester,North West,613,0.0,0.0,0.0,613.0,sufficient
90141C,PROD004214,WH003,Midlands Warehouse,Birmingham,West Midlands,205,0.0,0.0,0.0,205.0,sufficient
90141C,PROD004214,WH004,Scotland Warehouse,Glasgow,Scotland,235,0.0,0.0,0.0,235.0,sufficient
90141C,PROD004214,WH005,Wales Warehouse,Cardiff,Wales,183,2.0,9.9,0.0,183.0,sufficient
90142C,PROD004217,WH001,Central Warehouse,London,South East,320,0.0,0.0,0.0,320.0,sufficient
90142C,PROD004217,WH002,North Warehouse,Manchester,North West,983,0.0,0.0,0.0,983.0,sufficient
90142C,PROD004217,WH003,Midlands Warehouse,Birmingham,West Midlands,332,0.0,0.0,0.0,332.0,sufficient
90142C,PROD004217,WH004,Scotland Warehouse,Glasgow,Scotland,199,0.0,0.0,0.0,199.0,sufficient
90142C,PROD004217,WH005,Wales Warehouse,Cardiff,Wales,745,1.0,5.09,0.0,745.0,sufficient
90142D,PROD004218,WH001,Central Warehouse,London,South East,887,0.0,0.0,0.0,887.0,sufficient
90142D,PROD004218,WH002,North Warehouse,Manchester,North West,90,0.0,0.0,0.0,90.0,sufficient
90142D,PROD004218,WH003,Midlands Warehouse,Birmingham,West Midlands,253,2.0,9.9,0.0,253.0,sufficient
90142D,PROD004218,WH004,Scotland Warehouse,Glasgow,Scotland,890,0.0,0.0,0.0,890.0,sufficient
90142D,PROD004218,WH005,Wales Warehouse,Cardiff,Wales,734,0.0,0.0,0.0,734.0,sufficient
90143,PROD004219,WH001,Central Warehouse,London,South East,361,0.0,0.0,0.0,361.0,sufficient
90143,PROD004219,WH002,North Warehouse,Manchester,North West,675,1.0,8.07,0.0,675.0,sufficient
90143,PROD004219,WH003,Midlands Warehouse,Birmingham,West Midlands,707,0.0,0.0,0.0,707.0,sufficient
90143,PROD004219,WH004,Scotland Warehouse,Glasgow,Scotland,274,4.0,30.0,0.0,274.0,sufficient
90143,PROD004219,WH005,Wales Warehouse,Cardiff,Wales,699,1.0,8.24,0.0,699.0,sufficient
90146,PROD004222,WH001,Central Warehouse,London,South East,816,4.0,30.0,0.0,816.0,sufficient
90146,PROD004222,WH002,North Warehouse,Manchester,North West,703,2.0,15.0,0.0,703.0,sufficient
90146,PROD004222,WH003,Midlands Warehouse,Birmingham,West Midlands,965,1.0,7.9,0.0,965.0,sufficient
90146,PROD004222,WH004,Scotland Warehouse,Glasgow,Scotland,535,0.0,0.0,0.0,535.0,sufficient
90146,PROD004222,WH005,Wales Warehouse,Cardiff,Wales,20,0.0,0.0,0.0,20.0,sufficient
90152B,PROD004227,WH001,Central Warehouse,London,South East,845,1.0,5.95,0.0,845.0,sufficient
90152B,PROD004227,WH002,North Warehouse,Manchester,North West,33,0.0,0.0,0.0,33.0,sufficient
90152B,PROD004227,WH003,Midlands Warehouse,Birmingham,West Midlands,786,0.0,0.0,0.0,786.0,sufficient
90152B,PROD004227,WH004,Scotland Warehouse,Glasgow,Scotland,802,0.0,0.0,0.0,802.0,sufficient
90152B,PROD004227,WH005,Wales Warehouse,Cardiff,Wales,790,0.0,0.0,0.0,790.0,sufficient
90156,PROD004230,WH001,Central Warehouse,London,South East,1422,0.0,0.0,0.0,1422.0,sufficient
90156,PROD004230,WH002,North Warehouse,Manchester,North West,1117,6.0,29.7,0.0,1117.0,sufficient
90156,PROD004230,WH003,Midlands Warehouse,Birmingham,West Midlands,1593,0.0,0.0,0.0,1593.0,sufficient
90156,PROD004230,WH004,Scotland Warehouse,Glasgow,Scotland,618,0.0,0.0,0.0,618.0,sufficient
90156,PROD004230,WH005,Wales Warehouse,Cardiff,Wales,434,0.0,0.0,0.0,434.0,sufficient
90157,PROD004231,WH001,Central Warehouse,London,South East,37,0.0,0.0,0.0,37.0,sufficient
90157,PROD004231,WH002,North Warehouse,Manchester,North West,799,6.0,29.84,0.0,799.0,sufficient
90157,PROD004231,WH003,Midlands Warehouse,Birmingham,West Midlands,185,0.0,0.0,0.0,185.0,sufficient
90157,PROD004231,WH004,Scotland Warehouse,Glasgow,Scotland,877,4.0,19.8,0.0,877.0,sufficient
90157,PROD004231,WH005,Wales Warehouse,Cardiff,Wales,703,1.0,4.95,0.0,703.0,sufficient
90159,PROD004233,WH001,Central Warehouse,London,South East,419,2.0,9.9,0.0,419.0,sufficient
90159,PROD004233,WH002,North Warehouse,Manchester,North West,358,0.0,0.0,0.0,358.0,sufficient
90159,PROD004233,WH003,Midlands Warehouse,Birmingham,West Midlands,428,3.0,14.850000000000001,0.0,428.0,sufficient
90159,PROD004233,WH004,Scotland Warehouse,Glasgow,Scotland,529,0.0,0.0,0.0,529.0,sufficient
90159,PROD004233,WH005,Wales Warehouse,Cardiff,Wales,93,3.0,14.85,0.0,93.0,sufficient
90161C,PROD004240,WH001,Central Warehouse,London,South East,766,1.0,4.98,0.0,766.0,sufficient
90161C,PROD004240,WH002,North Warehouse,Manchester,North West,633,1.0,5.09,0.0,633.0,sufficient
90161C,PROD004240,WH003,Midlands Warehouse,Birmingham,West Midlands,361,6.0,29.84,0.0,361.0,sufficient
90161C,PROD004240,WH004,Scotland Warehouse,Glasgow,Scotland,885,1.0,4.98,0.0,885.0,sufficient
90161C,PROD004240,WH005,Wales Warehouse,Cardiff,Wales,558,0.0,0.0,0.0,558.0,sufficient
90162A,PROD004242,WH001,Central Warehouse,London,South East,766,156.0,0.0,0.0,766.0,sufficient
90162A,PROD004242,WH002,North Warehouse,Manchester,North West,773,0.0,0.0,0.0,773.0,sufficient
90162A,PROD004242,WH003,Midlands Warehouse,Birmingham,West Midlands,596,0.0,0.0,0.0,596.0,sufficient
90162A,PROD004242,WH004,Scotland Warehouse,Glasgow,Scotland,763,6.0,17.7,0.0,763.0,sufficient
90162A,PROD004242,WH005,Wales Warehouse,Cardiff,Wales,803,0.0,0.0,0.0,803.0,sufficient
90162B,PROD004243,WH001,Central Warehouse,London,South East,885,1.0,2.95,0.0,885.0,sufficient
90162B,PROD004243,WH002,North Warehouse,Manchester,North West,98,0.0,0.0,0.0,98.0,sufficient
90162B,PROD004243,WH003,Midlands Warehouse,Birmingham,West Midlands,33,0.0,0.0,0.0,33.0,sufficient
90162B,PROD004243,WH004,Scotland Warehouse,Glasgow,Scotland,655,0.0,0.0,0.0,655.0,sufficient
90162B,PROD004243,WH005,Wales Warehouse,Cardiff,Wales,268,0.0,0.0,0.0,268.0,sufficient
90162C,PROD004244,WH001,Central Warehouse,London,South East,870,0.0,0.0,0.0,870.0,sufficient
90162C,PROD004244,WH002,North Warehouse,Manchester,North West,224,1.0,2.95,0.0,224.0,sufficient
90162C,PROD004244,WH003,Midlands Warehouse,Birmingham,West Midlands,407,2.0,5.9,0.0,407.0,sufficient
90162C,PROD004244,WH004,Scotland Warehouse,Glasgow,Scotland,526,8.0,23.6,0.0,526.0,sufficient
90162C,PROD004244,WH005,Wales Warehouse,Cardiff,Wales,751,3.0,8.85,0.0,751.0,sufficient
90162D,PROD004245,WH001,Central Warehouse,London,South East,661,0.0,0.0,0.0,661.0,sufficient
90162D,PROD004245,WH002,North Warehouse,Manchester,North West,916,0.0,0.0,0.0,916.0,sufficient
90162D,PROD004245,WH003,Midlands Warehouse,Birmingham,West Midlands,574,0.0,0.0,0.0,574.0,sufficient
90162D,PROD004245,WH004,Scotland Warehouse,Glasgow,Scotland,992,0.0,0.0,0.0,992.0,sufficient
90162D,PROD004245,WH005,Wales Warehouse,Cardiff,Wales,117,3.0,8.85,0.0,117.0,sufficient
90165B,PROD004250,WH001,Central Warehouse,London,South East,964,2.0,5.02,0.0,964.0,sufficient
90165B,PROD004250,WH002,North Warehouse,Manchester,North West,564,1.0,2.55,0.0,564.0,sufficient
90165B,PROD004250,WH003,Midlands Warehouse,Birmingham,West Midlands,768,0.0,0.0,0.0,768.0,sufficient
90165B,PROD004250,WH004,Scotland Warehouse,Glasgow,Scotland,727,1.0,2.54,0.0,727.0,sufficient
90165B,PROD004250,WH005,Wales Warehouse,Cardiff,Wales,323,1.0,2.48,0.0,323.0,sufficient
90166,PROD004251,WH001,Central Warehouse,London,South East,750,0.0,0.0,0.0,750.0,sufficient
90166,PROD004251,WH002,North Warehouse,Manchester,North West,402,0.0,0.0,0.0,402.0,sufficient
90166,PROD004251,WH003,Midlands Warehouse,Birmingham,West Midlands,593,0.0,0.0,0.0,593.0,sufficient
90166,PROD004251,WH004,Scotland Warehouse,Glasgow,Scotland,589,0.0,0.0,0.0,589.0,sufficient
90166,PROD004251,WH005,Wales Warehouse,Cardiff,Wales,62,2.0,8.39,1.0,61.0,sufficient
90168,PROD004253,WH001,Central Warehouse,London,South East,818,0.0,0.0,0.0,818.0,sufficient
90168,PROD004253,WH002,North Warehouse,Manchester,North West,144,0.0,0.0,0.0,144.0,sufficient
90168,PROD004253,WH003,Midlands Warehouse,Birmingham,West Midlands,956,1.0,3.03,0.0,956.0,sufficient
90168,PROD004253,WH004,Scotland Warehouse,Glasgow,Scotland,285,0.0,0.0,0.0,285.0,sufficient
90168,PROD004253,WH005,Wales Warehouse,Cardiff,Wales,200,0.0,0.0,0.0,200.0,sufficient
90171,PROD004256,WH001,Central Warehouse,London,South East,548,3.0,3.75,51.0,497.0,sufficient
90171,PROD004256,WH002,North Warehouse,Manchester,North West,566,0.0,0.0,0.0,566.0,sufficient
90171,PROD004256,WH003,Midlands Warehouse,Birmingham,West Midlands,777,0.0,0.0,0.0,777.0,sufficient
90171,PROD004256,WH004,Scotland Warehouse,Glasgow,Scotland,326,1.0,1.29,0.0,326.0,sufficient
90171,PROD004256,WH005,Wales Warehouse,Cardiff,Wales,549,1.0,1.26,0.0,549.0,sufficient
90174,PROD004258,WH001,Central Warehouse,London,South East,904,0.0,0.0,0.0,904.0,sufficient
90174,PROD004258,WH002,North Warehouse,Manchester,North West,1299,1.0,2.59,0.0,1299.0,sufficient
90174,PROD004258,WH003,Midlands Warehouse,Birmingham,West Midlands,655,1.0,2.48,0.0,655.0,sufficient
90174,PROD004258,WH004,Scotland Warehouse,Glasgow,Scotland,950,0.0,0.0,0.0,950.0,sufficient
90174,PROD004258,WH005,Wales Warehouse,Cardiff,Wales,1225,1.0,2.48,0.0,1225.0,sufficient
90176A,PROD004262,WH001,Central Warehouse,London,South East,823,0.0,0.0,0.0,823.0,sufficient
90176A,PROD004262,WH002,North Warehouse,Manchester,North West,961,2.0,15.62,0.0,961.0,sufficient
90176A,PROD004262,WH003,Midlands Warehouse,Birmingham,West Midlands,908,0.0,0.0,0.0,908.0,sufficient
90176A,PROD004262,WH004,Scotland Warehouse,Glasgow,Scotland,809,0.0,0.0,0.0,809.0,sufficient
90176A,PROD004262,WH005,Wales Warehouse,Cardiff,Wales,347,0.0,0.0,0.0,347.0,sufficient
90176E,PROD004264,WH001,Central Warehouse,London,South East,110,0.0,0.0,0.0,110.0,sufficient
90176E,PROD004264,WH002,North Warehouse,Manchester,North West,438,0.0,0.0,0.0,438.0,sufficient
90176E,PROD004264,WH003,Midlands Warehouse,Birmingham,West Midlands,623,1.0,7.5,0.0,623.0,sufficient
90176E,PROD004264,WH004,Scotland Warehouse,Glasgow,Scotland,979,0.0,0.0,0.0,979.0,sufficient
90176E,PROD004264,WH005,Wales Warehouse,Cardiff,Wales,325,0.0,0.0,0.0,325.0,sufficient
90177B,PROD004266,WH001,Central Warehouse,London,South East,149,0.0,0.0,0.0,149.0,sufficient
90177B,PROD004266,WH002,North Warehouse,Manchester,North West,180,2.0,5.99,0.0,180.0,sufficient
90177B,PROD004266,WH003,Midlands Warehouse,Birmingham,West Midlands,946,0.0,0.0,0.0,946.0,sufficient
90177B,PROD004266,WH004,Scotland Warehouse,Glasgow,Scotland,806,0.0,0.0,0.0,806.0,sufficient
90177B,PROD004266,WH005,Wales Warehouse,Cardiff,Wales,263,0.0,0.0,0.0,263.0,sufficient
90177C,PROD004267,WH001,Central Warehouse,London,South East,2019,3.0,8.93,0.0,2019.0,sufficient
90177C,PROD004267,WH002,North Warehouse,Manchester,North West,1708,0.0,0.0,0.0,1708.0,sufficient
90177C,PROD004267,WH003,Midlands Warehouse,Birmingham,West Midlands,1551,6.0,17.7,0.0,1551.0,sufficient
90177C,PROD004267,WH004,Scotland Warehouse,Glasgow,Scotland,1288,0.0,0.0,0.0,1288.0,sufficient
90177C,PROD004267,WH005,Wales Warehouse,Cardiff,Wales,1574,3.0,8.7,0.0,1574.0,sufficient
90177D,PROD004268,WH001,Central Warehouse,London,South East,193,0.0,0.0,0.0,193.0,sufficient
90177D,PROD004268,WH002,North Warehouse,Manchester,North West,628,1.0,2.95,0.0,628.0,sufficient
90177D,PROD004268,WH003,Midlands Warehouse,Birmingham,West Midlands,52,7.0,20.73,0.0,52.0,sufficient
90177D,PROD004268,WH004,Scotland Warehouse,Glasgow,Scotland,396,0.0,0.0,0.0,396.0,sufficient
90177D,PROD004268,WH005,Wales Warehouse,Cardiff,Wales,721,1.0,3.03,0.0,721.0,sufficient
90179B,PROD004271,WH001,Central Warehouse,London,South East,175,0.0,0.0,0.0,175.0,sufficient
90179B,PROD004271,WH002,North Warehouse,Manchester,North West,953,0.0,0.0,0.0,953.0,sufficient
90179B,PROD004271,WH003,Midlands Warehouse,Birmingham,West Midlands,163,1.0,5.82,0.0,163.0,sufficient
90179B,PROD004271,WH004,Scotland Warehouse,Glasgow,Scotland,708,1.0,5.95,0.0,708.0,sufficient
90179B,PROD004271,WH005,Wales Warehouse,Cardiff,Wales,921,0.0,0.0,0.0,921.0,sufficient
90180A,PROD004273,WH001,Central Warehouse,London,South East,1619,1.0,9.95,0.0,1619.0,sufficient
90180A,PROD004273,WH002,North Warehouse,Manchester,North West,2104,0.0,0.0,0.0,2104.0,sufficient
90180A,PROD004273,WH003,Midlands Warehouse,Birmingham,West Midlands,389,1.0,9.95,0.0,389.0,sufficient
90180A,PROD004273,WH004,Scotland Warehouse,Glasgow,Scotland,970,1.0,9.95,0.0,970.0,sufficient
90180A,PROD004273,WH005,Wales Warehouse,Cardiff,Wales,1770,0.0,0.0,0.0,1770.0,sufficient
90183A,PROD004279,WH001,Central Warehouse,London,South East,1097,0.0,0.0,0.0,1097.0,sufficient
90183A,PROD004279,WH002,North Warehouse,Manchester,North West,1103,0.0,0.0,0.0,1103.0,sufficient
90183A,PROD004279,WH003,Midlands Warehouse,Birmingham,West Midlands,1070,6.0,17.7,0.0,1070.0,sufficient
90183A,PROD004279,WH004,Scotland Warehouse,Glasgow,Scotland,992,0.0,0.0,0.0,992.0,sufficient
90183A,PROD004279,WH005,Wales Warehouse,Cardiff,Wales,642,0.0,0.0,0.0,642.0,sufficient
90184B,PROD004282,WH001,Central Warehouse,London,South East,983,0.0,0.0,0.0,983.0,sufficient
90184B,PROD004282,WH002,North Warehouse,Manchester,North West,168,0.0,0.0,0.0,168.0,sufficient
90184B,PROD004282,WH003,Midlands Warehouse,Birmingham,West Midlands,922,1.0,8.95,0.0,922.0,sufficient
90184B,PROD004282,WH004,Scotland Warehouse,Glasgow,Scotland,741,0.0,0.0,0.0,741.0,sufficient
90184B,PROD004282,WH005,Wales Warehouse,Cardiff,Wales,823,2.0,17.9,0.0,823.0,sufficient
90184C,PROD004283,WH001,Central Warehouse,London,South East,78,0.0,0.0,0.0,78.0,sufficient
90184C,PROD004283,WH002,North Warehouse,Manchester,North West,449,3.0,27.24,0.0,449.0,sufficient
90184C,PROD004283,WH003,Midlands Warehouse,Birmingham,West Midlands,748,0.0,0.0,0.0,748.0,sufficient
90184C,PROD004283,WH004,Scotland Warehouse,Glasgow,Scotland,700,1.0,9.34,0.0,700.0,sufficient
90184C,PROD004283,WH005,Wales Warehouse,Cardiff,Wales,701,0.0,0.0,0.0,701.0,sufficient
90185A,PROD004284,WH001,Central Warehouse,London,South East,9,13.0,55.25,0.0,9.0,sufficient
90185A,PROD004284,WH002,North Warehouse,Manchester,North West,284,0.0,0.0,0.0,284.0,sufficient
90185A,PROD004284,WH003,Midlands Warehouse,Birmingham,West Midlands,87,0.0,0.0,0.0,87.0,sufficient
90185A,PROD004284,WH004,Scotland Warehouse,Glasgow,Scotland,995,1.0,4.25,0.0,995.0,sufficient
90185A,PROD004284,WH005,Wales Warehouse,Cardiff,Wales,872,0.0,0.0,0.0,872.0,sufficient
90185C,PROD004286,WH001,Central Warehouse,London,South East,507,1.0,4.15,0.0,507.0,sufficient
90185C,PROD004286,WH002,North Warehouse,Manchester,North West,718,0.0,0.0,0.0,718.0,sufficient
90185C,PROD004286,WH003,Midlands Warehouse,Birmingham,West Midlands,100,1.0,4.24,0.0,100.0,sufficient
90185C,PROD004286,WH004,Scotland Warehouse,Glasgow,Scotland,54,0.0,0.0,0.0,54.0,sufficient
90185C,PROD004286,WH005,Wales Warehouse,Cardiff,Wales,136,0.0,0.0,0.0,136.0,sufficient
90188,PROD004291,WH001,Central Warehouse,London,South East,291,0.0,0.0,0.0,291.0,sufficient
90188,PROD004291,WH002,North Warehouse,Manchester,North West,805,1.0,2.54,0.0,805.0,sufficient
90188,PROD004291,WH003,Midlands Warehouse,Birmingham,West Midlands,830,1.0,2.54,0.0,830.0,sufficient
90188,PROD004291,WH004,Scotland Warehouse,Glasgow,Scotland,871,0.0,0.0,0.0,871.0,sufficient
90188,PROD004291,WH005,Wales Warehouse,Cardiff,Wales,815,0.0,0.0,0.0,815.0,sufficient
90189B,PROD004293,WH001,Central Warehouse,London,South East,693,0.0,0.0,0.0,693.0,sufficient
90189B,PROD004293,WH002,North Warehouse,Manchester,North West,943,0.0,0.0,0.0,943.0,sufficient
90189B,PROD004293,WH003,Midlands Warehouse,Birmingham,West Midlands,107,0.0,0.0,0.0,107.0,sufficient
90189B,PROD004293,WH004,Scotland Warehouse,Glasgow,Scotland,36,0.0,0.0,0.0,36.0,sufficient
90189B,PROD004293,WH005,Wales Warehouse,Cardiff,Wales,422,1.0,7.5,0.0,422.0,sufficient
90190A,PROD004294,WH001,Central Warehouse,London,South East,626,0.0,0.0,0.0,626.0,sufficient
90190A,PROD004294,WH002,North Warehouse,Manchester,North West,814,3.0,8.76,0.0,814.0,sufficient
90190A,PROD004294,WH003,Midlands Warehouse,Birmingham,West Midlands,235,1.0,2.95,0.0,235.0,sufficient
90190A,PROD004294,WH004,Scotland Warehouse,Glasgow,Scotland,141,1.0,2.95,0.0,141.0,sufficient
90190A,PROD004294,WH005,Wales Warehouse,Cardiff,Wales,178,0.0,0.0,0.0,178.0,sufficient
90192,PROD004298,WH001,Central Warehouse,London,South East,619,4.0,19.8,4.0,615.0,sufficient
90192,PROD004298,WH002,North Warehouse,Manchester,North West,49,2.0,10.18,0.0,49.0,sufficient
90192,PROD004298,WH003,Midlands Warehouse,Birmingham,West Midlands,19,1.0,5.09,0.0,19.0,sufficient
90192,PROD004298,WH004,Scotland Warehouse,Glasgow,Scotland,232,7.0,34.93,1.0,231.0,sufficient
90192,PROD004298,WH005,Wales Warehouse,Cardiff,Wales,344,2.0,9.9,0.0,344.0,sufficient
90197D,PROD004305,WH001,Central Warehouse,London,South East,155,0.0,0.0,0.0,155.0,sufficient
90197D,PROD004305,WH002,North Warehouse,Manchester,North West,215,0.0,0.0,0.0,215.0,sufficient
90197D,PROD004305,WH003,Midlands Warehouse,Birmingham,West Midlands,259,1.0,4.95,0.0,259.0,sufficient
90197D,PROD004305,WH004,Scotland Warehouse,Glasgow,Scotland,695,0.0,0.0,0.0,695.0,sufficient
90197D,PROD004305,WH005,Wales Warehouse,Cardiff,Wales,184,0.0,0.0,0.0,184.0,sufficient
90200D,PROD004315,WH001,Central Warehouse,London,South East,273,8.0,33.89,0.0,273.0,sufficient
90200D,PROD004315,WH002,North Warehouse,Manchester,North West,559,7.0,29.740000000000002,0.0,559.0,sufficient
90200D,PROD004315,WH003,Midlands Warehouse,Birmingham,West Midlands,429,9.0,38.230000000000004,0.0,429.0,sufficient
90200D,PROD004315,WH004,Scotland Warehouse,Glasgow,Scotland,290,9.0,38.25,0.0,290.0,sufficient
90200D,PROD004315,WH005,Wales Warehouse,Cardiff,Wales,905,2.0,8.39,0.0,905.0,sufficient
90202B,PROD004322,WH001,Central Warehouse,London,South East,309,1.0,2.9,0.0,309.0,sufficient
90202B,PROD004322,WH002,North Warehouse,Manchester,North West,49,0.0,0.0,0.0,49.0,sufficient
90202B,PROD004322,WH003,Midlands Warehouse,Birmingham,West Midlands,357,0.0,0.0,0.0,357.0,sufficient
90202B,PROD004322,WH004,Scotland Warehouse,Glasgow,Scotland,568,0.0,0.0,0.0,568.0,sufficient
90202B,PROD004322,WH005,Wales Warehouse,Cardiff,Wales,108,0.0,0.0,0.0,108.0,sufficient
90202D,PROD004323,WH001,Central Warehouse,London,South East,860,0.0,0.0,0.0,860.0,sufficient
90202D,PROD004323,WH002,North Warehouse,Manchester,North West,431,1.0,2.96,0.0,431.0,sufficient
90202D,PROD004323,WH003,Midlands Warehouse,Birmingham,West Midlands,546,0.0,0.0,0.0,546.0,sufficient
90202D,PROD004323,WH004,Scotland Warehouse,Glasgow,Scotland,281,1.0,3.03,0.0,281.0,sufficient
90202D,PROD004323,WH005,Wales Warehouse,Cardiff,Wales,535,0.0,0.0,0.0,535.0,sufficient
90203,PROD004324,WH001,Central Warehouse,London,South East,244,0.0,0.0,0.0,244.0,sufficient
90203,PROD004324,WH002,North Warehouse,Manchester,North West,992,2.0,15.0,0.0,992.0,sufficient
90203,PROD004324,WH003,Midlands Warehouse,Birmingham,West Midlands,475,0.0,0.0,0.0,475.0,sufficient
90203,PROD004324,WH004,Scotland Warehouse,Glasgow,Scotland,187,3.0,22.5,0.0,187.0,sufficient
90203,PROD004324,WH005,Wales Warehouse,Cardiff,Wales,153,3.0,22.5,0.0,153.0,sufficient
90206C,PROD004328,WH001,Central Warehouse,London,South East,535,1.0,4.95,0.0,535.0,sufficient
90206C,PROD004328,WH002,North Warehouse,Manchester,North West,757,2.0,9.96,0.0,757.0,sufficient
90206C,PROD004328,WH003,Midlands Warehouse,Birmingham,West Midlands,828,0.0,0.0,0.0,828.0,sufficient
90206C,PROD004328,WH004,Scotland Warehouse,Glasgow,Scotland,977,3.0,15.16,0.0,977.0,sufficient
90206C,PROD004328,WH005,Wales Warehouse,Cardiff,Wales,75,1.0,4.98,0.0,75.0,sufficient
90208,PROD004329,WH001,Central Warehouse,London,South East,39,1.0,2.54,0.0,39.0,sufficient
90208,PROD004329,WH002,North Warehouse,Manchester,North West,410,0.0,0.0,0.0,410.0,sufficient
90208,PROD004329,WH003,Midlands Warehouse,Birmingham,West Midlands,472,4.0,9.98,0.0,472.0,sufficient
90208,PROD004329,WH004,Scotland Warehouse,Glasgow,Scotland,955,2.0,5.08,0.0,955.0,sufficient
90208,PROD004329,WH005,Wales Warehouse,Cardiff,Wales,641,2.0,4.96,0.0,641.0,sufficient
90210A,PROD004333,WH001,Central Warehouse,London,South East,588,0.0,0.0,0.0,588.0,sufficient
90210A,PROD004333,WH002,North Warehouse,Manchester,North West,811,0.0,0.0,0.0,811.0,sufficient
90210A,PROD004333,WH003,Midlands Warehouse,Birmingham,West Midlands,367,0.0,0.0,0.0,367.0,sufficient
90210A,PROD004333,WH004,Scotland Warehouse,Glasgow,Scotland,794,2.0,4.2,0.0,794.0,sufficient
90210A,PROD004333,WH005,Wales Warehouse,Cardiff,Wales,491,2.0,5.9,0.0,491.0,sufficient
90211A,PROD004337,WH001,Central Warehouse,London,South East,529,0.0,0.0,0.0,529.0,sufficient
90211A,PROD004337,WH002,North Warehouse,Manchester,North West,1497,0.0,0.0,0.0,1497.0,sufficient
90211A,PROD004337,WH003,Midlands Warehouse,Birmingham,West Midlands,1362,1.0,5.94,1.0,1361.0,sufficient
90211A,PROD004337,WH004,Scotland Warehouse,Glasgow,Scotland,1703,0.0,0.0,0.0,1703.0,sufficient
90211A,PROD004337,WH005,Wales Warehouse,Cardiff,Wales,360,1.0,6.07,0.0,360.0,sufficient
90214E,PROD004343,WH001,Central Warehouse,London,South East,67,1.0,0.83,0.0,67.0,sufficient
90214E,PROD004343,WH002,North Warehouse,Manchester,North West,988,2.0,2.5,0.0,988.0,sufficient
90214E,PROD004343,WH003,Midlands Warehouse,Birmingham,West Midlands,165,0.0,0.0,0.0,165.0,sufficient
90214E,PROD004343,WH004,Scotland Warehouse,Glasgow,Scotland,111,4.0,6.26,1.0,110.0,sufficient
90214E,PROD004343,WH005,Wales Warehouse,Cardiff,Wales,740,0.0,0.0,0.0,740.0,sufficient
90214N,PROD004352,WH001,Central Warehouse,London,South East,190,3.0,2.9299999999999997,0.0,190.0,sufficient
90214N,PROD004352,WH002,North Warehouse,Manchester,North West,687,2.0,3.34,1.0,686.0,sufficient
90214N,PROD004352,WH003,Midlands Warehouse,Birmingham,West Midlands,942,2.0,2.5,0.0,942.0,sufficient
90214N,PROD004352,WH004,Scotland Warehouse,Glasgow,Scotland,706,5.0,5.43,0.0,706.0,sufficient
90214N,PROD004352,WH005,Wales Warehouse,Cardiff,Wales,352,1.0,0.83,0.0,352.0,sufficient
90214O,PROD004353,WH001,Central Warehouse,London,South East,528,0.0,0.0,0.0,528.0,sufficient
90214O,PROD004353,WH002,North Warehouse,Manchester,North West,23,0.0,0.0,0.0,23.0,sufficient
90214O,PROD004353,WH003,Midlands Warehouse,Birmingham,West Midlands,687,0.0,0.0,0.0,687.0,sufficient
90214O,PROD004353,WH004,Scotland Warehouse,Glasgow,Scotland,527,2.0,2.5,0.0,527.0,sufficient
90214O,PROD004353,WH005,Wales Warehouse,Cardiff,Wales,660,0.0,0.0,0.0,660.0,sufficient
90214S,PROD004356,WH001,Central Warehouse,London,South East,45,2.0,2.1,2.0,43.0,sufficient
90214S,PROD004356,WH002,North Warehouse,Manchester,North West,589,1.0,1.25,0.0,589.0,sufficient
90214S,PROD004356,WH003,Midlands Warehouse,Birmingham,West Midlands,418,0.0,0.0,0.0,418.0,sufficient
90214S,PROD004356,WH004,Scotland Warehouse,Glasgow,Scotland,23,2.0,2.1,0.0,23.0,sufficient
90214S,PROD004356,WH005,Wales Warehouse,Cardiff,Wales,904,11.0,13.75,0.0,904.0,sufficient
90214V,PROD004358,WH001,Central Warehouse,London,South East,270,3.0,2.51,0.0,270.0,sufficient
90214V,PROD004358,WH002,North Warehouse,Manchester,North West,90,0.0,0.0,0.0,90.0,sufficient
90214V,PROD004358,WH003,Midlands Warehouse,Birmingham,West Midlands,101,0.0,0.0,0.0,101.0,sufficient
90214V,PROD004358,WH004,Scotland Warehouse,Glasgow,Scotland,34,0.0,0.0,0.0,34.0,sufficient
90214V,PROD004358,WH005,Wales Warehouse,Cardiff,Wales,8,0.0,0.0,0.0,8.0,sufficient
90214Z,PROD004359,WH001,Central Warehouse,London,South East,578,0.0,0.0,0.0,578.0,sufficient
90214Z,PROD004359,WH002,North Warehouse,Manchester,North West,937,0.0,0.0,0.0,937.0,sufficient
90214Z,PROD004359,WH003,Midlands Warehouse,Birmingham,West Midlands,617,0.0,0.0,0.0,617.0,sufficient
90214Z,PROD004359,WH004,Scotland Warehouse,Glasgow,Scotland,370,0.0,0.0,0.0,370.0,sufficient
90214Z,PROD004359,WH005,Wales Warehouse,Cardiff,Wales,747,1.0,1.25,0.0,747.0,sufficient
DCGS0004,PROD004365,WH001,Central Warehouse,London,South East,1348,1.0,16.63,0.0,1348.0,sufficient
DCGS0004,PROD004365,WH002,North Warehouse,Manchester,North West,799,0.0,0.0,0.0,799.0,sufficient
DCGS0004,PROD004365,WH003,Midlands Warehouse,Birmingham,West Midlands,1563,0.0,0.0,0.0,1563.0,sufficient
DCGS0004,PROD004365,WH004,Scotland Warehouse,Glasgow,Scotland,1308,0.0,0.0,0.0,1308.0,sufficient
DCGS0004,PROD004365,WH005,Wales Warehouse,Cardiff,Wales,1146,0.0,0.0,0.0,1146.0,sufficient
DCGS0058,PROD004368,WH001,Central Warehouse,London,South East,14,2.0,1.66,0.0,14.0,sufficient
DCGS0058,PROD004368,WH002,North Warehouse,Manchester,North West,318,0.0,0.0,0.0,318.0,sufficient
DCGS0058,PROD004368,WH003,Midlands Warehouse,Birmingham,West Midlands,690,3.0,2.4699999999999998,0.0,690.0,sufficient
DCGS0058,PROD004368,WH004,Scotland Warehouse,Glasgow,Scotland,348,0.0,0.0,0.0,348.0,sufficient
DCGS0058,PROD004368,WH005,Wales Warehouse,Cardiff,Wales,986,0.0,0.0,0.0,986.0,sufficient
DCGSSGIRL,PROD004370,WH001,Central Warehouse,London,South East,691,5.0,16.45,0.0,691.0,sufficient
DCGSSGIRL,PROD004370,WH002,North Warehouse,Manchester,North West,1668,0.0,0.0,0.0,1668.0,sufficient
DCGSSGIRL,PROD004370,WH003,Midlands Warehouse,Birmingham,West Midlands,1166,0.0,0.0,0.0,1166.0,sufficient
DCGSSGIRL,PROD004370,WH004,Scotland Warehouse,Glasgow,Scotland,669,0.0,0.0,0.0,669.0,sufficient
DCGSSGIRL,PROD004370,WH005,Wales Warehouse,Cardiff,Wales,979,0.0,0.0,0.0,979.0,sufficient
DOT,PROD004371,WH001,Central Warehouse,London,South East,533,31.0,9598.17,2.0,531.0,sufficient
DOT,PROD004371,WH002,North Warehouse,Manchester,North West,181,30.0,4705.55,2.0,179.0,sufficient
DOT,PROD004371,WH003,Midlands Warehouse,Birmingham,West Midlands,660,20.0,8694.96,1.0,659.0,sufficient
DOT,PROD004371,WH004,Scotland Warehouse,Glasgow,Scotland,826,31.0,6953.45,1.0,825.0,sufficient
DOT,PROD004371,WH005,Wales Warehouse,Cardiff,Wales,598,28.0,5550.4400000000005,0.0,598.0,sufficient
M,PROD004372,WH001,Central Warehouse,London,South East,718,880.0,1625.3700000000001,2.0,716.0,sufficient
M,PROD004372,WH002,North Warehouse,Manchester,North West,583,48.0,4063.5600000000004,11.0,572.0,sufficient
M,PROD004372,WH003,Midlands Warehouse,Birmingham,West Midlands,1454,69.0,8558.05,1.0,1453.0,sufficient
M,PROD004372,WH004,Scotland Warehouse,Glasgow,Scotland,1052,881.0,27273.949999999997,1.0,1051.0,sufficient
M,PROD004372,WH005,Wales Warehouse,Cardiff,Wales,849,102.0,3353.47,0.0,849.0,sufficient
PADS,PROD004373,WH001,Central Warehouse,London,South East,507,0.0,0.0,0.0,507.0,sufficient
PADS,PROD004373,WH002,North Warehouse,Manchester,North West,637,0.0,0.0,0.0,637.0,sufficient
PADS,PROD004373,WH003,Midlands Warehouse,Birmingham,West Midlands,373,0.0,0.0,0.0,373.0,sufficient
PADS,PROD004373,WH004,Scotland Warehouse,Glasgow,Scotland,328,0.0,0.0,0.0,328.0,sufficient
PADS,PROD004373,WH005,Wales Warehouse,Cardiff,Wales,308,1.0,0.0,0.0,308.0,sufficient
POST,PROD004374,WH001,Central Warehouse,London,South East,850,78.0,1748.0,2.0,848.0,sufficient
POST,PROD004374,WH002,North Warehouse,Manchester,North West,186,106.0,2186.75,9.0,177.0,sufficient
POST,PROD004374,WH003,Midlands Warehouse,Birmingham,West Midlands,292,143.0,3086.2,11.0,281.0,sufficient
POST,PROD004374,WH004,Scotland Warehouse,Glasgow,Scotland,58,84.0,1758.76,0.0,58.0,sufficient
POST,PROD004374,WH005,Wales Warehouse,Cardiff,Wales,772,87.0,2049.0,4.0,768.0,sufficient
TEST001,PROD004376,WH001,Central Warehouse,London,South East,246,5.0,22.5,0.0,246.0,sufficient
TEST001,PROD004376,WH002,North Warehouse,Manchester,North West,535,0.0,0.0,0.0,535.0,sufficient
TEST001,PROD004376,WH003,Midlands Warehouse,Birmingham,West Midlands,452,0.0,0.0,0.0,452.0,sufficient
TEST001,PROD004376,WH004,Scotland Warehouse,Glasgow,Scotland,331,0.0,0.0,0.0,331.0,sufficient
TEST001,PROD004376,WH005,Wales Warehouse,Cardiff,Wales,333,0.0,0.0,0.0,333.0,sufficient
gift_0001_10,PROD004377,WH001,Central Warehouse,London,South East,704,3.0,25.17,0.0,704.0,sufficient
gift_0001_10,PROD004377,WH002,North Warehouse,Manchester,North West,260,0.0,0.0,0.0,260.0,sufficient
gift_0001_10,PROD004377,WH003,Midlands Warehouse,Birmingham,West Midlands,167,0.0,0.0,0.0,167.0,sufficient
gift_0001_10,PROD004377,WH004,Scotland Warehouse,Glasgow,Scotland,78,0.0,0.0,0.0,78.0,sufficient
gift_0001_10,PROD004377,WH005,Wales Warehouse,Cardiff,Wales,312,0.0,0.0,0.0,312.0,sufficient
gift_0001_30,PROD004379,WH001,Central Warehouse,London,South East,289,0.0,0.0,0.0,289.0,sufficient
gift_0001_30,PROD004379,WH002,North Warehouse,Manchester,North West,205,1.0,25.53,0.0,205.0,sufficient
gift_0001_30,PROD004379,WH003,Midlands Warehouse,Birmingham,West Midlands,257,0.0,0.0,0.0,257.0,sufficient
gift_0001_30,PROD004379,WH004,Scotland Warehouse,Glasgow,Scotland,808,1.0,25.0,0.0,808.0,sufficient
gift_0001_30,PROD004379,WH005,Wales Warehouse,Cardiff,Wales,894,1.0,25.53,0.0,894.0,sufficient
gift_0001_70,PROD004381,WH001,Central Warehouse,London,South East,562,0.0,0.0,0.0,562.0,sufficient
gift_0001_70,PROD004381,WH002,North Warehouse,Manchester,North West,573,0.0,0.0,0.0,573.0,sufficient
gift_0001_70,PROD004381,WH003,Midlands Warehouse,Birmingham,West Midlands,306,0.0,0.0,0.0,306.0,sufficient
gift_0001_70,PROD004381,WH004,Scotland Warehouse,Glasgow,Scotland,617,10.0,0.0,0.0,617.0,sufficient
gift_0001_70,PROD004381,WH005,Wales Warehouse,Cardiff,Wales,1,0.0,0.0,0.0,1.0,sufficient
m,PROD004382,WH001,Central Warehouse,London,South East,304,0.0,0.0,0.0,304.0,sufficient
m,PROD004382,WH002,North Warehouse,Manchester,North West,620,0.0,0.0,0.0,620.0,sufficient
m,PROD004382,WH003,Midlands Warehouse,Birmingham,West Midlands,134,0.0,0.0,0.0,134.0,sufficient
m,PROD004382,WH004,Scotland Warehouse,Glasgow,Scotland,496,0.0,0.0,0.0,496.0,sufficient
m,PROD004382,WH005,Wales Warehouse,Cardiff,Wales,54,1.0,2.55,0.0,54.0,sufficient
