order_id,date,sku,warehouse_id,ordered_quantity,status
ORD-0000856,2026-07-31,SKU-0051,WH-002,94,Cancelled
ORD-0001304,2026-06-30,SKU-0021,WH-005,94,Delivered
ORD-0001476,2026-06-28,SKU-0014,WH-006,43,Cancelled
ORD-0000431,2026-08-19,SKU-0019,WH-008,-3,Delivered
ORD-0001269,2026-06-15,SKU-0015,WC-001,69,Shipped
ORD-0001414,%d/%m/%Y,SKU-0047,WH-001,27,Shipped
ORD-0000811,2026-07-23,SKU-0021,WH-003,49,Delivered
ORD-0000409,2026-06-18,SKU-0038,WH-006,27,Delivered
ORD-0001107,2026-08-08,SKU-0048,WH-001,90,Shipped
ORD-0002049,%d/%m/%Y,SKU-0052,WH-008,7,Pending
ORD-0001422,2026-07-19,SKU-0033,WH-004,14,Cancelled
ORD-0000708,2026-06-04,SKU-0000,WH-005,-3,Pending
ORD-0001222,2026-08-28,SKU-0026,WH-002,24,Cancelled
ORD-0001534,2026-06-01,SKU-0037,WH-006,46,Shipped
ORD-0000783,31/31/2026,SKU-0006,WH-005,64,canceled
ORD-0000388,2026-08-22,SKU-0060,WH-005,-8,Shipped
ORD-0001235,2026-07-25,SKU-0002,WH-004,1,Delivered
ORD-0000427,2026-08-09,SKU-0005,WH-006,57,Shipped
ORD-0000169,2026-08-21,SKU-0013,WH-007,-6,Shipped
ORD-0002034,2026-06-15,SKU-0045,WH-003,-4,Shipped
ORD-0000737,2026-06-24,SKU-0025,WH-005,16, shipped
ORD-0000352,2026-07-31,SKU-0037,WH-003,89,Shipped
ORD-0001806,2026-06-19,SKU-0000,WH-002,98,CANCELLED 
ORD-0001949,2026-07-06,SKU-0002,WH-999,39,canceled
ORD-0000276,2026-08-04,SKU-0059,WH-006,-5,Cancelled
ORD-0000531,2026-06-11,SKU-0025,WH-007,58,Shipped
ORD-0001101,2026-08-21,SKU-0000,WH-001,33,shipd
ORD-0002001,2026-06-02,SKU-0017,WH-008,70,Cancelled
ORD-0002078,2026-06-16,SKU-0020,WH-004,5,canceled
ORD-0000030,2026-08-06,SKU-0042,WC-001,85,shipd
ORD-0000858,%Y/%m/%d %H:%M,SKU-0007,WC-001,-6,Shipped
ORD-0000282,2026-08-20,SKU-0046,WH-001,18,Cancelled
ORD-0001576,2026-08-07,SKU-0036,WH-004,-2,Pending
ORD-0000889,%m/%d/%Y,SKU-0023,WH-003,93,Delivered
ORD-0001472,2026-06-16,SKU-0036,WH-003,-6,Pending
ORD-0001827,2026-07-03,SKU-0031,WH-004,11,Delivered
ORD-0000868,2026-06-28,SKU-0032,WH-003,34,pend
ORD-0000434,2026-06-10,SKU-0030,WH-002,69,Cancelled
ORD-0002030,2026-06-08,SKU-0046,WH-002,54,Shipped
ORD-0000232,2026-07-27,SKU-0025,WH-005,20,Delivered
ORD-0001971,2026-08-23,SKU-0007,WH-001,-5,Cancelled
ORD-0002118,2026-06-16,SKU-0058,WH-003,96,Shipped
ORD-0001682,2026-06-27,SKU-0049,WH-002,2,Delivered
ORD-0000112,2026-06-13,SKU-0038,WH-004,13,Shipped
ORD-0002015,2026-07-03,SKU-0038,WH-004,81,Delivered
ORD-0001316,2026-07-23,SKU-0044,WH-006,85,Cancelled
ORD-0000966,2026-07-24,SKU-0030,  WH-007  ,1,Delivered
ORD-0001610,2026-08-15,SKU-0041,WH-004,26,Delivered
ORD-0001833,2026-08-28,NA,WH-008,29,Delivered
ORD-0001398,2026-07-11,SKU-0036,WH-007,4,Shipped
ORD-0001000,2026-08-08,SKU-0034,WH-003,2,Shipped
ORD-0000669,2026-07-03,SKU-0058,WH-002,27,Cancelled
ORD-0002164,2026-07-15,SKU-0009,WH-001,-7,Cancelled
ORD-0001402,2026-06-15,sku-1001,WH-005,81,Cancelled
ORD-0001579,2026-07-30,SKU-0050,WH-006,4,Pending
ORD-0000901,2026-08-06,SKU-0037,WH-003,69,Pending
ORD-0002023,2026-07-19,SKU-0014,WH-006,22,Pending
ORD-0001560,2026-07-02,SKU-0006,WH-006,97,Cancelled
ORD-0001249,2026-08-19,SKU-0053,WH-004,13,Cancelled
ORD-0001719,2026-07-05, ,WH-004,-8,Delivered
ORD-0001423,2026-07-29,SKU-0039,WH-007,38,Shipped
ORD-0001217,2026-06-09,SKU-0056,WH-004,44,Cancelled
ORD-0001809,2026-08-09,SKU-0025,WC-001,-3,Pending
ORD-0000135,2026-06-05,SKU-0038,WH-003,5,Cancelled
ORD-0000180,2026-07-18,SKU-0012,WH-007,31,Delivered
ORD-0000097,2026-08-24,SKU-0027,WH-005,33,Pending
ORD-0000368,2026-08-14,SKU-0028,WH-008,61,Pending
ORD-0002019,2026-07-18,SKU-0020,WH-004,75,Cancelled
ORD-0001898,2026-08-21,SKU-0001,WH-999,34,Shipped
ORD-0001904,2026-06-30,SKU-0040,WH-007,93,Pending
ORD-0000949,%Y-%m-%d,SKU-0005,WH-006,37,Pending
ORD-0000322,2026-06-14,SKU-0026,WH-002,45,Shipped
ORD-0001584,2026-07-28,SKU-0029,WH-007,-3,Cancelled
ORD-0000789,2026-06-18,SKU-0019,WH-001,80,Pending
ORD-0001358,2026-08-01,SKU-0037,WH-003,-7,Delivered
ORD-0001709,2026-08-07,SKU-0020,WH-001,85,Pending
ORD-0002026,2026-06-05,SKU-0028,WH-008,45,Delivered
ORD-0000361,2026-06-11,SKU-0057,WH-004,8,Pending
ORD-0000197,2026-08-10,SKU-0015,WH-0,27,Delivered
ORD-0002065,2026-06-29,SKU-0033,WH-007,11,Delivered
ORD-0001388,2026-06-06,SKU-0012,WH-007,5,Shipped
ORD-0000832,2026-08-28,SKU-0021,WH-006,24,Pending
ORD-0001038,2026-08-27,SKU-0055,WH-005,20,Delivered
ORD-0000074,2026-07-03,SKU-0059,WH-004,61,Cancelled
ORD-0000234,2026-08-15,SKU-0029,WH-001,77,Cancelled
ORD-0000354,%m/%d/%Y,SKU-9999,WH-004,-6,Delivered
ORD-0001447,2026-08-04,SKU-0053,WH-005,-2,Delivered
ORD-0000333,2026-07-13,SKU-0006,WH-007,98,Pending
ORD-0002189,2026-06-13,SKU-0025,WH-005,18,pend
ORD-0000417,%d/%m/%Y,,WH-008,50,CANCELLED 
ORD-0001041,2026-08-04,SKU-0000,WH-001,53,DELIVERD
ORD-0000545,2026-08-07,SKU-0019,WH-006,46,Shipped
ORD-0001741,2026-07-03,SKU-0021,WH-006,54,Delivered
ORD-0001453,2026-07-03,SKU-0010,WH-007,15,Shipped
ORD-0000362,2026-08-01,SKU-0010,WH-007,57,Pending
ORD-0001778,%m/%d/%Y,SKU-0030,WH-004,17,Delivered
ORD-0000101,2026-06-27,SKU-0047,WH-008,30,Delivered
ORD-0001139,2026-07-12,UNKNOWN,WH-003,22,Cancelled
ORD-0001018,2026-06-29,UNKNOWN,WH-006,24,Shipped
ORD-0002145,2026-07-09,SKU-0035,WH-002,98,canceled
ORD-0001074,2026-07-29,SKU-0007,WH-005,47,Cancelled
ORD-0000369,2026-08-12,SKU-0002,WH-008,71,shipd
ORD-0000679,2026-07-11,SKU-0028,WH-008,69,DELIVERD
ORD-0000071,2026-08-19,SKU-0048,WH-004,54,Delivered
ORD-0000635,2026-06-24,SKU-0037,WH-004,75,Delivered
ORD-0000415,2026-06-30,SKU-0035,WH-007,-7,shipd
ORD-0000539,2026-07-28,SKU-0055,WH-007,71,Cancelled
ORD-0001874,2026-06-04,SKU-0035,WH-006,5,Delivered
ORD-0001406,2026-08-19,,WH-003,76,Pending
ORD-0001651,2026-08-30,SKU-9999,WH-006,27,Delivered
ORD-0000241,2026-06-29,SKU-0017,WH-001,94,Cancelled
ORD-0002135,%Y-%m-%d,SKU-0055,WH-008,9,Cancelled
ORD-0000808,2026-07-19,SKU-0034,WH-008,58,Cancelled
ORD-0000384,2026-06-29,SKU-0010,WH-004,45,Shipped
ORD-0000255,2026-07-31,SKU-0022,WH-005,4, shipped
ORD-0001434,2026-08-23,SKU-0020,WH-005,2,Pending
ORD-0000924,2026-07-13,SKU-0029,WH-003,-2,shipd
ORD-0001001,2026-07-18,SKU-0054,WH-005,9,Pending
ORD-0000110,2026-08-25,SKU-0030,WH-005,40,shipd
ORD-0001921,2026-06-06,SKU-0044,WH-0,46,Shipped
ORD-0001205,2026-07-06,SKU-0018,WH-001,51,Pending
ORD-0000068,2026-08-07,SKU-0000,WH-005,-5,Pending
ORD-0000756,2026-06-13,SKU-0021,WH-008,13,Cancelled
ORD-0000753,%Y-%m-%d,SKU-0059,WH-008,18,Delivered
ORD-0001343,2026-07-23,SKU-0046,WH-003,-6,Shipped
ORD-0001194,2026-06-06,SKU-0006,WH-008,84,CANCELLED 
ORD-0000283,2026-07-08,SKU-0029,WC-001,30,Cancelled
ORD-0001568,2026-06-17, ,WH-005,17,Cancelled
ORD-0001180,2026-07-05,SKU-0054,WH-003,96,Cancelled
ORD-0000940,2026-07-04,SKU-0040,WH-005,17,Cancelled
ORD-0001054,2026-06-16,SKU-0026,WH-005,78,Delivered
ORD-0001616,2026-08-06, ,,-8,Shipped
ORD-0001290,2026-07-19,SKU-0044,WH-002,87,Shipped
ORD-0001780,2026-08-23,SKU-0036,WH-006,57,Delivered
ORD-0000185,2026-06-18,SKU-0054,WH-003,45,Shipped
ORD-0001293,2026-08-17,SKU-0037,WH-003,87,Delivered
ORD-0001002,2026-08-08,SKU-0031,WH-002,70,Delivered
ORD-0001515,2026-06-09,SKU-0040,WH-004,72,Pending
ORD-0002073,2026-08-05,SKU-0016,WH-008,90,Shipped
ORD-0000509,2026-08-16,SKU-0022,WH-006,9,Pending
ORD-0001996,2026-06-16,SKU-0020,WH-006,24,Cancelled
ORD-0000252,2026-06-14,SKU-0056,,50,Delivered
ORD-0001565,2026-06-18,SKU-0011,WH-001,75,Pending
ORD-0000515,2026-06-12,SKU-0016,WH-006,-1,Pending
ORD-0001165,%d/%m/%Y,,WH-006,-7,Cancelled
ORD-0001238,%Y/%m/%d %H:%M,SKU-0058,WH-004,25,Delivered
ORD-0000136,2026-06-29,SKU-0003,WH-005,20,Pending
ORD-0000586,2026-07-23,SKU-0019,WH-001,11,DELIVERD
ORD-0001964,2026-08-08,SKU-0012,WH-007,35,Shipped
ORD-0000530,2026-07-06, ,WH-005,63,Cancelled
ORD-0000248,2026-08-19,SKU-0045,WH-001,76,Cancelled
ORD-0000351,2026-08-25,SKU-0042,WH-002,-7,Cancelled
ORD-0002020,2026-08-17,SKU-0035,WH-004,66,Delivered
ORD-0001106,2026-08-26,SKU-0006,WH-004,97,Pending
ORD-0001582,2026-08-28,SKU-0035,WH-006,92,pend
ORD-0000810,2026-08-06,SKU-0037,WH-005,17,Cancelled
ORD-0001019,2026-06-27,SKU-0031,WH-001,39,Cancelled
ORD-0000486,2026-06-28,SKU-0047,WH-006,22,Pending
ORD-0001488,2026-06-07,SKU-0017,WH-001,81,Cancelled
ORD-0000129,2026-06-19,SKU-0027,WH-003,50,Pending
ORD-0000938,2026-06-13,sku-1001,WH-005,8,Delivered
ORD-0000612,2026-08-06,SKU-0004,WH-005,41,Shipped
ORD-0001270,2026-06-12,SKU-0051,WH-002,44,Delivered
ORD-0000603,,SKU-0039,WH-008,97,Cancelled
ORD-0002027,2026-07-01,SKU-0047,WC-001,12,Delivered
ORD-0000052,2026-06-02,SKU-0030,WH-001,21,Delivered
ORD-0000680,2026-08-24,SKU-0021,WH-006,53,Delivered
ORD-0001466,2026-08-02,SKU-0020,  WH-007  ,41,Cancelled
ORD-0001461,2026-07-06,SKU-0049,  WH-007  ,82,Shipped
ORD-0000555,2026-08-18,SKU-0032,WH-003,96,Shipped
ORD-0001134,2026-08-15,SKU-0054,WH-002,28,Shipped
ORD-0000602,%Y/%m/%d %H:%M, ,WH-007,43,Shipped
ORD-0002014,%Y/%m/%d %H:%M,SKU-0058,WH-002,72,Shipped
ORD-0001314,2026-07-23,,WH-003,50,Cancelled
ORD-0000291,2026-06-19,SKU-0033,WH-005,44,Delivered
ORD-0001559,2026-06-09,SKU-0046,WH-006,62,Cancelled
ORD-0002199,2026-06-07,SKU-0055,,4,Pending
ORD-0001395,2026-07-03,sku-1001,WH-001,77,Delivered
ORD-0001490,2026-06-26, ,WH-007,53,Shipped
ORD-0001334,2026-06-04,SKU-0035,WH-005,11,Delivered
ORD-0000720,2026-08-21,SKU-0019,WH-006,10,Cancelled
ORD-0002006,2026-06-26,SKU-9999,WH-003,-6,Shipped
ORD-0000383,2026-07-18,SKU-0034,,42,Delivered
ORD-0000830,2026-08-06,SKU-0051,WH-003,33,Delivered
ORD-0000809,2026-08-18,SKU-0047,WH-005,67,shipd
ORD-0001262,%m/%d/%Y,SKU-9999,WH-004,98,Delivered
ORD-0000299,2026-06-04,SKU-0025,WH-002,56,Shipped
ORD-0000977,2026-07-04,SKU-0000,WH-0,71,Cancelled
ORD-0002114,2026-06-03,SKU-0005,WH-008,39,Delivered
ORD-0001642,2026-07-06,SKU-0022,WH-006,72,Shipped
ORD-0000908,2026-07-23,SKU-0016,WH-008,79,Shipped
ORD-0001855,2026-08-07,SKU-0005,WH-006,-3,Delivered
ORD-0000304,2026-06-17,SKU-0006,WH-004,28,Pending
ORD-0000991,2026-07-27,SKU-0003,WH-002,73,Pending
ORD-0001091,2026-06-18,SKU-0002,WH-003,45,Delivered
ORD-0000728,2026-06-11,SKU-0033,WH-005,-3,Cancelled
ORD-0000529,%Y-%m-%d,SKU-0007,WH-005,60,Delivered
ORD-0000189,2026-06-06,SKU-0005,WH-003,77,Cancelled
ORD-0000931,2026-06-28,SKU-0027,WH-007,3,Shipped
ORD-0000508,2026-08-01,SKU-0022,WH-005,-5,IN TRANSIT 
ORD-0000606,2026-08-05,NA,WH-0,46,Shipped
ORD-0001133,2026-06-12,SKU-0041,WH-006,65,Delivered
ORD-0001282,2026-06-15,UNKNOWN,WH-003,85,Shipped
ORD-0001079,2026-06-01,SKU-0035,WH-001,96,Cancelled
ORD-0000520,2026-08-13,SKU-0055,WH-002,23,Delivered
ORD-0000049,2026-08-01,SKU-0050,WH-003,28, shipped
ORD-0001567,2026-06-08,SKU-0044,WH-006,24,canceled
ORD-0000219,2026-07-22,SKU-0038,WH-001,29,Shipped
ORD-0000481,2026-08-06,SKU-0004,WH-001,44,Cancelled
ORD-0000950,2026-08-28,SKU-0027,WH-005,67,IN TRANSIT 
ORD-0000787,2026-08-11,SKU-0059,WH-006,37,Pending
ORD-0000121,not-a-date,UNKNOWN,WH-001,55,Shipped
ORD-0001910,2026-08-09,SKU-0001,WH-001,25,Shipped
ORD-0000212,2026-08-16,SKU-0004,WH-008,45,Delivered
ORD-0001768,2026-07-30,SKU-0021,WH-007,49,Delivered
ORD-0001162,2026-06-04,SKU-0055,,85,Pending
ORD-0000057,2026-07-14,SKU-0025,WH-002,17,Pending
ORD-0000536,2026-08-16,SKU-0037,WH-008,8,shipd
ORD-0001627,,SKU-0001,WH-004,94,Delivered
ORD-0001743,2026-07-02,SKU-0002,WH-004,34,pend
ORD-0001550,2026-06-01,SKU-0032,WH-007,78,Shipped
ORD-0000290,2026-08-09,SKU-0015,WH-004,-8,Pending
ORD-0000565,2026-07-29,SKU-0057,,33,Shipped
ORD-0001193,2026-07-17,SKU-0051,WC-001,21,Pending
ORD-0000487,2026-08-25,SKU-0024,WH-008,84,IN TRANSIT 
ORD-0001728,2026-06-25,SKU-0014,WH-005,2,Pending
ORD-0002139,2026-08-23,sku-1001,WH-999,47, shipped
ORD-0000894,2026-08-23,SKU-0053,WH-005,87,Shipped
ORD-0000298,2026-07-30,NA,WH-004,17,Delivered
ORD-0001179,2026-08-06,SKU-0055,WH-007,69,Delivered
ORD-0001320,2026-06-20,SKU-0002,WH-004,35, shipped
ORD-0000260,2026-07-30,SKU-0035,WH-008,25,Shipped
ORD-0001212,2026-06-16,SKU-0028,WH-006,48,Pending
ORD-0001056,2026-07-14,SKU-0007,WH-008,82,CANCELLED 
ORD-0001986,2026-06-27,SKU-0043,WH-003,38,Delivered
ORD-0001553,2026-06-07,SKU-0034,WH-005,58,Pending
ORD-0001919,2026-07-29,SKU-9999,WH-004,40,Pending
ORD-0000840,%Y/%m/%d %H:%M,SKU-0012,WH-005,17,Pending
ORD-0002099,2026-07-30,SKU-0027,WH-001,11,Shipped
ORD-0000045,2026-06-06,SKU-0047,WH-003,51,Cancelled
ORD-0000164,2026-07-27,SKU-0034,WH-001,3,IN TRANSIT 
ORD-0001342,2026-06-25,SKU-0029,WH-007,86,Pending
ORD-0001937,2026-06-17,SKU-0000,WH-001,66,DELIVERD
ORD-0001369,2026-07-08,SKU-0040,  WH-007  ,81,Delivered
ORD-0000193,2026-07-18,SKU-0049,WH-005,37,Cancelled
ORD-0001405,2026-08-25,SKU-0044,WH-001,77,Delivered
ORD-0002000,%d/%m/%Y,SKU-0018,WH-007,-3,CANCELLED 
ORD-0000451,2026-07-08,SKU-0004,  WH-007  ,12,Cancelled
ORD-0002123,2026-08-08,SKU-0032,WH-006,36,DELIVERD
ORD-0001260,2026-06-11,SKU-0045,WH-003,58,Delivered
ORD-0001302,2026-07-19,SKU-0040,WH-004,12,Shipped
ORD-0000621,2026-08-17,SKU-0007,WH-006,68,Cancelled
ORD-0001724,2026-06-25,SKU-0024,WH-007,47,Delivered
ORD-0000439,2026-06-23,SKU-0029,WH-008,29,Delivered
ORD-0000070,2026-06-26,SKU-0014,WH-004,90,Cancelled
ORD-0000637,%d/%m/%Y,SKU-0007,WH-005,98,Delivered
ORD-0001670,2026-08-16,SKU-0007,WH-001,45,CANCELLED 
ORD-0001171,2026-07-27,SKU-0017,WH-008,42,Pending
ORD-0000231,2026-08-19,SKU-0037,WH-002,24,IN TRANSIT 
ORD-0000343,2026-08-11,SKU-0038,WH-008,63,Pending
ORD-0001657,2026-07-01,SKU-0003,WH-008,18,Shipped
ORD-0001158,2026-06-23,SKU-0003,WH-003,-1,Delivered
ORD-0002174,2026-07-27,SKU-0009,WH-008,63,Cancelled
ORD-0000614,2026-08-29,SKU-0049,WH-001,9,Pending
ORD-0000926,2026-08-13,SKU-0058,WH-008,28,Delivered
ORD-0000240,2026-08-13,SKU-0006,WH-001,76,Pending
ORD-0000100,2026-08-06,SKU-0025,WH-001,18,Pending
ORD-0000436,2026-08-17,SKU-0044,WH-006,79,Pending
ORD-0001753,2026-08-05,SKU-0013,WH-005,57,Pending
ORD-0001114,2026-08-08,SKU-0014,WH-005,93,Delivered
ORD-0000648,2026-08-01,SKU-0001,WH-002,60,Delivered
ORD-0001985,2026-07-29,SKU-0025,WH-006,51,Pending
ORD-0002191,2026-06-04,SKU-0055,WH-005,20,Shipped
ORD-0001484,2026-08-11,SKU-0024,WH-003,4,Cancelled
ORD-0001897,%Y-%m-%d,SKU-0040,WH-004,35,Delivered
ORD-0000125,2026-08-12,SKU-0007,WH-007,82,Cancelled
ORD-0001846,2026-06-25,SKU-0031,WH-003,-3,Cancelled
ORD-0000186,2026-07-13,SKU-0052,WH-003,46,DELIVERD
ORD-0000308,2026-08-06,SKU-0014,WH-002,74,Pending
ORD-0001652,2026-06-04,SKU-0035,WH-001,65,Cancelled
ORD-0000066,2026-08-20,SKU-0047,WH-004,11,Cancelled
ORD-0000562,%Y-%m-%d,SKU-0041,WH-007,73,Delivered
ORD-0000407,2026-08-18,SKU-0014,WH-002,33,Pending
ORD-0002097,2026-08-02,SKU-0060,WH-007,56,Shipped
ORD-0001420,2026-08-27,SKU-0005,WH-006,22,Shipped
ORD-0001908,2026-07-27,SKU-0055,  WH-007  ,11,Delivered
ORD-0001045,2026-08-07,SKU-0014,WH-004,35,Shipped
ORD-0001909,2026-08-21,SKU-0025,WH-005,82,Cancelled
ORD-0001608,2026-08-16,SKU-0012,WH-003,89,Cancelled
ORD-0000631,2026-07-25,SKU-0031,WH-002,19,Shipped
ORD-0000220,2026-07-05,SKU-0000,WH-001,79,Shipped
ORD-0000495,2026-07-01,SKU-0045,WH-001,63,Cancelled
ORD-0001473,2026-07-26,SKU-0003,WH-006,99,Shipped
ORD-0001745,2026-08-16,SKU-0059,WH-008,37,Shipped
ORD-0001285,2026-07-27,SKU-0029,WH-005,53, shipped
ORD-0000213,2026-06-27,SKU-0007,WH-002,68,Delivered
ORD-0002117,2026-08-19,SKU-0019,WH-001,46,Delivered
ORD-0001387,2026-06-06,SKU-0027,WH-003,51,Delivered
ORD-0001668,2026-06-04,SKU-0060,WH-002,54,Delivered
ORD-0001166,2026-07-07,SKU-0028,WH-002,92,Cancelled
ORD-0001779,2026-08-01,SKU-0020,WH-007,92,pend
ORD-0001186,2026-06-10,SKU-0016,WH-007,40,pend
ORD-0001224,2026-07-15,,WH-0,-6,Cancelled
ORD-0000917,2026-07-05,SKU-0023,WH-001,42,Cancelled
ORD-0001811,2026-08-27,SKU-0002,WH-003,76,Delivered
ORD-0000211,2026-07-07,SKU-0008,WH-008,60,shipd
ORD-0000556,2026-06-07,SKU-0038,WH-001,-4,Cancelled
ORD-0000300,2026-06-23,SKU-0036,,94,Shipped
ORD-0000307,2026-06-10,SKU-0040,WH-002,88,Cancelled
ORD-0000483,2026-08-25,SKU-0029,WH-005,-8,DELIVERD
ORD-0001740,2026-07-05,SKU-0056,WH-003,72,Shipped
ORD-0000839,2026-08-03,SKU-0004,WH-003,80,Pending
ORD-0002184,2026-06-07,SKU-0036,,93,Cancelled
ORD-0000221,2026-08-05,SKU-0038,WH-007,98,Shipped
ORD-0001203,2026-07-15, ,WH-001,80,Shipped
ORD-0000238,2026-08-08,SKU-0014,WH-005,4,Delivered
ORD-0001051,2026-06-24,,WH-001,8,Pending
ORD-0000480,2026-06-27,SKU-0042,WH-002,-7,Pending
ORD-0000355,2026-08-08,SKU-0049,WH-002,98,canceled
ORD-0001311,2026-07-16,SKU-0035,WH-001,6,Cancelled
ORD-0000862,2026-08-27,SKU-0023,WH-006,-6,Pending
ORD-0000782,2026-08-13,SKU-0031,WH-003,23,Shipped
ORD-0000325,2026-08-28,SKU-0059,WH-007,33,shipd
ORD-0000986,2026-06-17,SKU-0052,WH-008,68,Pending
ORD-0001356,2026-08-30,SKU-0017,WH-008,4,canceled
ORD-0000014,2026-06-22,UNKNOWN,,39,Shipped
ORD-0000716,2026-06-27,SKU-0045,WH-006,96,Delivered
ORD-0000297,2026-07-02,SKU-0014,WH-002,97,Delivered
ORD-0001654,2026-08-06,SKU-0021,WH-007,22,Shipped
ORD-0001068,2026-07-04,SKU-0001,WH-002,8,canceled
ORD-0001790,2026-07-01,SKU-0042,WC-001,33,Pending
ORD-0001810,2026-08-27,SKU-0019,WH-005,89,Delivered
ORD-0001801,2026-08-29,SKU-0044,WH-004,42,Pending
ORD-0000760,2026-06-08,SKU-0012,WH-005,64,Cancelled
ORD-0000945,2026-08-28,SKU-9999,WH-003,99,Delivered
ORD-0000600,2026-08-08,,WH-006,31,Pending
ORD-0001243,2026-08-11,SKU-0026,WH-008,41,Shipped
ORD-0001653,2026-07-22,SKU-0026,WH-001,89,Pending
ORD-0001463,2026-07-08,SKU-0015,WH-005,96,Shipped
ORD-0001762,2026-07-18,SKU-0008,  WH-007  ,11,Cancelled
ORD-0002043,2026-07-29,SKU-0048,WC-001,24,Pending
ORD-0001542,2026-08-16, ,WH-001,86,shipd
ORD-0000963,2026-08-13,SKU-0038,WH-005,19,Shipped
ORD-0000204,2026-07-24,SKU-0005,WH-008,72,Shipped
ORD-0001454,2026-07-07,SKU-0022,  WH-007  ,70,Pending
ORD-0000544,2026-08-16, ,WH-005,99,DELIVERD
ORD-0001765,2026-08-05,SKU-0001,WH-002,37,DELIVERD
ORD-0000965,2026-08-12,SKU-0047,WH-004,88,pend
ORD-0000411,2026-07-24,SKU-0041,  WH-007  ,85,Pending
ORD-0002052,2026-06-18,SKU-0049,WH-005,79,Pending
ORD-0000317,2026-07-23,SKU-0049,WH-008,57, shipped
ORD-0001660,2026-08-29,,WH-007,12,Shipped
ORD-0000106,2026-07-11,SKU-0007,WH-006,71,Cancelled
ORD-0001470,2026-06-22,SKU-0022,WH-004,74,Shipped
ORD-0000122,2026-08-25,SKU-0035,WH-005,34,Pending
ORD-0000433,2026-07-30,SKU-0014,WH-001,-2,Pending
ORD-0001562,2026-06-26,SKU-0007,WH-006,54,Shipped
ORD-0002138,2026-07-21,SKU-9999,WH-008,99,Cancelled
ORD-0001081,2026-07-18,SKU-0025,WH-006,85,Shipped
ORD-0001548,2026-07-28,SKU-0013,WH-008,86,Pending
ORD-0001522,2026-06-20,SKU-0007,WH-0,61,canceled
ORD-0000116,2026-07-22,SKU-0048,WH-001,32,Cancelled
ORD-0000077,2026-06-23,SKU-0033,WH-006,51,Delivered
ORD-0001880,2026-08-20,SKU-0058,WH-005,35,Shipped
ORD-0000423,2026-07-29,SKU-0013,WH-007,90,IN TRANSIT 
ORD-0001563,2026-06-09,SKU-0024,WH-008,-3,Cancelled
ORD-0001993,2026-07-13,SKU-0007,WH-006,36,Delivered
ORD-0000995,2026-06-01,SKU-0053,WH-002,59,Shipped
ORD-0000528,2026-06-01,,WH-006,70,Cancelled
ORD-0001065,%m/%d/%Y,SKU-0033,WH-007,-1,Shipped
ORD-0001746,2026-08-28,SKU-0016,WH-007,15,Shipped
ORD-0002124,2026-07-06,SKU-0012,WH-008,14,Shipped
ORD-0001927,2026-07-21,SKU-0055,WH-006,61,Cancelled
ORD-0001972,2026-07-23,SKU-0001,WH-003,47,Shipped
ORD-0001691,2026-07-25,SKU-0037,WH-004,48,Shipped
ORD-0001500,%Y/%m/%d %H:%M,SKU-0060,WH-001,87,Cancelled
ORD-0000813,2026-07-01,SKU-0023,WH-008,94,Pending
ORD-0000421,2026-06-28,SKU-0054,WH-006,56,Shipped
ORD-0000681,2026-08-09,SKU-0053,WH-006,73,Delivered
ORD-0001611,2026-07-18,,WC-001,-8, shipped
ORD-0001174,2026-06-06,SKU-0000,WH-007,8,Pending
ORD-0001457,2026-08-29,SKU-0014,WH-004,78,Shipped
ORD-0000179,2026-06-28,SKU-0014,WH-007,35,Pending
ORD-0001838,%Y/%m/%d %H:%M,SKU-0045,WH-001,6,Shipped
ORD-0001478,2026-07-15,SKU-0054,WH-007,43,Shipped
ORD-0000773,2026-06-03,SKU-0007,WH-001,25,CANCELLED 
ORD-0000583,2026-08-27,SKU-0023,WH-007,36,Pending
ORD-0000786,2026-06-12,SKU-0001,WH-006,21,Delivered
ORD-0001118,2026-06-22,SKU-0043,WH-004,77,Shipped
ORD-0001191,2026-13-45,SKU-0011,WH-999,-3,Shipped
ORD-0001952,2026-07-13,SKU-0048,WH-005,-1,Shipped
ORD-0000410,2026-08-30,SKU-0046,WH-006,55,Cancelled
ORD-0001108,2026-08-25,SKU-0038,WH-008,-3,Cancelled
ORD-0000994,2026-06-21,SKU-0026,WH-001,87,Cancelled
ORD-0001953,2026-08-06,SKU-0030,WH-008,36,Shipped
ORD-0001272,2026-06-05,SKU-0009,WH-006,-6,Delivered
ORD-0000446,2026-08-11,SKU-0033,WH-001,38,DELIVERD
ORD-0001232,2026-06-14,SKU-0050,WC-001,7,Cancelled
ORD-0000745,2026-07-31,SKU-0054,WH-008,63,Delivered
ORD-0000892,2026-06-19,SKU-0021,WH-005,65,Pending
ORD-0001336,2026-06-19,SKU-0001,WH-007,94,Shipped
ORD-0000064,2026-07-29,SKU-0059,WH-004,-8,Cancelled
ORD-0001961,2026-08-22,NA,WH-007,61,shipd
ORD-0000989,2026-08-17,SKU-0043,WH-004,47,Shipped
ORD-0001901,2026-08-05,SKU-0045,WH-003,76,Delivered
ORD-0000922,2026-08-05,SKU-0004,WH-006,37,Pending
ORD-0001138,2026-08-20,SKU-0052,WH-003,64,Shipped
ORD-0001299,2026-07-10,SKU-0060,WH-003,69,Cancelled
ORD-0001774,2026-06-19,SKU-0045,WH-001,2, shipped
ORD-0001353,2026-08-14,SKU-0007,WH-007,12,IN TRANSIT 
ORD-0001984,2026-07-07,SKU-0008,WH-004,39,Shipped
ORD-0001822,2026-06-15,SKU-0036,WH-002,41,shipd
ORD-0001042,%Y/%m/%d %H:%M,SKU-0058,WH-001,22,Cancelled
ORD-0000472,2026-06-20,SKU-0006,WH-007,27,Cancelled
ORD-0002007,2026-08-24,SKU-0019,WH-001,35,Pending
ORD-0002071,2026-06-02,SKU-0030,WH-004,43,DELIVERD
ORD-0000206,2026-06-09,SKU-0043,WH-002,4,IN TRANSIT 
ORD-0000533,%d/%m/%Y,SKU-0004,WH-004,18,pend
ORD-0000651,%Y/%m/%d %H:%M,SKU-0019,WH-001,67,Pending
ORD-0001792,2026-08-06,SKU-0015,WH-004,-6,Cancelled
ORD-0000549,2026-08-28,SKU-0021,WH-002,44,Shipped
ORD-0002008,2026-08-27,SKU-0045,WH-004,68,Shipped
ORD-0001698,2026-08-04,SKU-0011,WH-001,25,canceled
ORD-0000860,2026-08-02,SKU-0000,WH-001,-1,pend
ORD-0001621,2026-08-14,SKU-0060,WH-008,73,Shipped
ORD-0000024,2026-06-21,SKU-0055,WH-003,36,Delivered
ORD-0001881,2026-07-07,SKU-0025,WH-007,96,Shipped
ORD-0000428,2026-08-08,SKU-0051,WH-004,97,Delivered
ORD-0000589,2026-06-14,SKU-0036,,85,Cancelled
ORD-0000687,2026-07-12,SKU-0036,,35,Shipped
ORD-0000199,2026-06-12,SKU-0013,  WH-007  ,31,Cancelled
ORD-0000050,2026-06-15,SKU-0043,WH-004,21,Pending
ORD-0000174,2026-08-20,SKU-0031,WH-005,70,Shipped
ORD-0001211,2026-07-07,SKU-0002,WH-002,28,Pending
ORD-0000638,2026-08-03,SKU-0016,WH-007,-3,Shipped
ORD-0001030,2026-07-07,SKU-0002,WH-005,86,canceled
ORD-0000309,2026-06-18,SKU-0002,WH-002,8,Shipped
ORD-0001321,2026-07-26,SKU-0020,,21,Shipped
ORD-0001859,2026-06-20,SKU-0023,WH-006,26,Pending
ORD-0001160,2026-06-03,SKU-0040,WH-006,76,canceled
ORD-0000060,2026-06-08,SKU-9999,WC-001,1,Delivered
ORD-0000072,2026-06-08,SKU-0035,WH-007,57,Pending
ORD-0000842,2026-06-30,SKU-0002,WH-005,40,Pending
ORD-0001979,2026-07-16,SKU-0007,WH-004,93,Shipped
ORD-0000799,2026-07-14,SKU-0017,WH-002,56,Pending
ORD-0001494,2026-07-11,SKU-0035,WH-004,15,Delivered
ORD-0001365,2026-08-30,SKU-0003,WH-004,83,shipd
ORD-0000904,2026-06-18,SKU-0027,WH-006,13,Cancelled
ORD-0000887,%m/%d/%Y,SKU-0014,WH-002,89,Pending
ORD-0001190,2026-07-02,SKU-0006,WH-005,6,canceled
ORD-0000163,2026-07-11,SKU-0023,,98,Pending
ORD-0001538,2026-07-25,UNKNOWN,WH-007,3,Shipped
ORD-0001201,2026-06-11,SKU-0042,WH-008,27,Cancelled
ORD-0001113,2026-08-29,SKU-0021,WH-008,1,Shipped
ORD-0001916,2026-06-04,SKU-0019,WH-003,83,Delivered
ORD-0001902,2026-06-21,SKU-0015,WH-008,21,DELIVERD
ORD-0001084,2026-06-02,SKU-0031,WH-004,44,Delivered
ORD-0000257,2026-08-01,SKU-0012,WH-002,77,Pending
ORD-0001518,2026-06-22,SKU-0005,WH-005,51,Delivered
ORD-0001725,%Y-%m-%d,SKU-0003,WH-006,94,Cancelled
ORD-0000441,2026-08-08,SKU-0038,WH-002,78,CANCELLED 
ORD-0000619,2026-08-31,SKU-0002,WH-006,61,Delivered
ORD-0000582,2026-06-06,SKU-0060,WH-007,56,Shipped
ORD-0000479,2026-07-04,SKU-0018,WH-001,20,shipd
ORD-0001199,2026-07-07,SKU-0047,WH-003,76,Pending
ORD-0000618,2026-08-04,SKU-0038,WH-008,77,Delivered
ORD-0002033,2026-07-28,,WH-007,14,Pending
ORD-0001284,2026-07-09,SKU-0007,WH-002,65,Pending
ORD-0000021,2026-08-02,SKU-0012,WH-008,5,Shipped
ORD-0001845,2026-07-14,SKU-0019,WH-005,10,Delivered
ORD-0001574,2026-07-02,SKU-0044,WH-999,36,CANCELLED 
ORD-0002021,2026-07-14,SKU-0008,WH-008,36,Delivered
ORD-0000382,2026-08-04,UNKNOWN,WH-002,7,Pending
ORD-0001682,2026-06-27,SKU-0049,WH-002,2,Delivered
ORD-0002200,2026-06-21,SKU-0029,WH-001,92,Delivered
ORD-0002146,2026-08-28,SKU-0021,WH-008,69,Pending
ORD-0001592,2026-08-22,SKU-0027,WC-001,25,Shipped
ORD-0001712,2026-08-17,SKU-0048,WH-008,72,Pending
ORD-0000084,2026-06-27,SKU-0000,WH-0,42,Cancelled
ORD-0000462,2026-06-27,SKU-0051,WH-004,82,Pending
ORD-0001011,2026-07-08,SKU-0025,WH-001,35,Cancelled
ORD-0000837,%Y/%m/%d %H:%M,SKU-0004,WH-003,70,Pending
ORD-0000743,2026-07-02,SKU-0034,WH-007,95,canceled
ORD-0001289,2026-06-29, ,WH-003,58,pend
ORD-0001305,2026-08-26,SKU-0024,WH-006,94,IN TRANSIT 
ORD-0001129,2026-06-04,,WH-005,39,Cancelled
ORD-0000496,2026-06-29,SKU-0017,WH-005,45,Delivered
ORD-0000375,2026-07-06,SKU-0034,WH-006,62,Pending
ORD-0000271,2026-06-12,SKU-0036,WH-003,52,Pending
ORD-0001481,%Y/%m/%d %H:%M,SKU-0017,WH-008,74,Pending
ORD-0000403,2026-08-08,SKU-0039,WH-005,71,Pending
ORD-0002102,2026-08-09,SKU-0051,WH-006,26,shipd
ORD-0001672,%d/%m/%Y,SKU-0010,WH-006,24,Shipped
ORD-0000465,2026-06-19,SKU-0006,WH-008,64,Delivered
ORD-0000880,2026-08-25,SKU-0016,WH-008,94,CANCELLED 
ORD-0001839,2026-08-16,SKU-0056,WH-008,6,Shipped
ORD-0000964,2026-07-04,SKU-0028,WH-004,96,Delivered
ORD-0000430,2026-08-10,SKU-0014,WH-001,-2,Cancelled
ORD-0002100,2026-07-31,SKU-0023,WH-003,-4,Shipped
ORD-0000026,%Y-%m-%d,SKU-0056,WC-001,35,CANCELLED 
ORD-0001556,%Y/%m/%d %H:%M,SKU-0057,WH-004,97,Pending
ORD-0001506,2026-06-18,SKU-0046,WH-002,76,Cancelled
ORD-0000459,2026-06-13,SKU-0031,WH-006,17,CANCELLED 
ORD-0000941,2026-08-05,SKU-0055,WH-007,10,Cancelled
ORD-0001685,2026-08-25,SKU-0049,WH-002,9,Shipped
ORD-0000079,2026-08-05,SKU-0026,WH-005,93,Pending
ORD-0000367,%m/%d/%Y,SKU-0023,WH-005,55,Pending
ORD-0001507,2026-06-21,SKU-0043,WH-001,19,Shipped
ORD-0000033,2026-07-05,SKU-0028,WH-004,28,Shipped
ORD-0002072,2026-08-11,SKU-0039,WH-004,71,Delivered
ORD-0001452,2026-06-29,UNKNOWN,WH-008,59,Pending
ORD-0002131,2026-08-04,UNKNOWN,WH-005,4,Delivered
ORD-0001930,2026-07-31,NA,WH-003,61,Cancelled
ORD-0001583,2026-06-20,SKU-0055,WH-005,80,Pending
ORD-0000817,2026-08-07,SKU-0018,WH-003,52,Delivered
ORD-0000932,2026-06-04,SKU-0052,WH-002,1,Cancelled
ORD-0001164,2026-07-04,SKU-0021,WH-005,30,Cancelled
ORD-0000306,2026-06-12,SKU-0051,WH-002,35,Delivered
ORD-0000210,2026-06-06,SKU-9999,WH-008,32,Shipped
ORD-0000622,2026-08-11,SKU-0008,WH-002,61,Shipped
ORD-0001279,2026-07-07,SKU-0043,WH-007,6,Pending
ORD-0002194,2026-06-08,SKU-0040,WH-006,26,Delivered
ORD-0001737,2026-07-27,,WH-004,45,Shipped
ORD-0000553,%Y-%m-%d,SKU-0028,WH-004,47,CANCELLED 
ORD-0000696,2026-08-27,SKU-0043,WH-001,58,Pending
ORD-0001725,%Y-%m-%d,SKU-0003,WH-006,94,Cancelled
ORD-0000671,2026-07-27,SKU-0059,WH-003,54,Shipped
ORD-0002177,%d/%m/%Y,SKU-0006,WH-006,28,DELIVERD
ORD-0000484,2026-08-21,SKU-0051,WH-005,94,Shipped
ORD-0001122,2026-07-01,SKU-0053,,-7,Pending
ORD-0001271,2026-06-20,SKU-0012,WH-004,93,Cancelled
ORD-0000597,2026-06-19,SKU-0049,WH-008,24,CANCELLED 
ORD-0001086,2026-08-19,SKU-0024,WH-005,52,Shipped
ORD-0001776,2026-08-11,SKU-0046,WH-004,82,Delivered
ORD-0000412,2026-08-24,SKU-0002,WC-001,80,Shipped
ORD-0000650,2026-08-18,SKU-0018,WH-003,-6,Delivered
ORD-0002185,2026-06-03,SKU-0004,WH-008,25,Shipped
ORD-0001188,2026-07-21,SKU-0048,WH-007,22,Shipped
ORD-0000695,%Y/%m/%d %H:%M,SKU-0057,WH-007,91,Pending
ORD-0001710,2026-07-26,SKU-0001,WH-006,-5,CANCELLED 
ORD-0001464,,sku-1001,WH-005,64,Delivered
ORD-0001345,2026-08-04,SKU-0052,WH-005,29,Cancelled
ORD-0000448,2026-06-20,SKU-0054,WH-003,62,Cancelled
ORD-0000730,2026-06-17,SKU-0059,WH-002,37,Pending
ORD-0001786,%m/%d/%Y,SKU-0005,WH-005,80,Delivered
ORD-0000768,2026-06-14,SKU-0047,WH-0,20,Cancelled
ORD-0001248,2026-08-19,SKU-0042,WH-005,87,Delivered
ORD-0000846,2026-06-26,SKU-0013,WH-008,93,Pending
ORD-0000046,2026-06-07,SKU-0014,WH-005,61,Delivered
ORD-0001837,2026-08-22,SKU-0011,WH-007,60,Cancelled
ORD-0000591,2026-06-15,SKU-0030,WH-004,65,Pending
ORD-0000295,2026-08-12,SKU-0056,WH-003,64,Cancelled
ORD-0000772,2026-07-04,SKU-0038,WH-006,92,Cancelled
ORD-0002057,2026-08-01,SKU-0046,WH-005,79,Pending
ORD-0000766,2026-08-13,SKU-0016,WH-001,33,Cancelled
ORD-0000930,2026-07-12,SKU-0033,WH-007,88,Shipped
ORD-0001718,2026-06-11,SKU-0023,WH-007,55,Shipped
ORD-0000437,2026-07-22,SKU-0056,WH-999,98,Pending
ORD-0000630,2026-07-08,SKU-0053,  WH-007  ,15,Pending
ORD-0000394,2026-08-04,SKU-0029,WH-003,56,Delivered
ORD-0000701,2026-07-10,SKU-9999,WH-008,60,Cancelled
ORD-0000535,2026-06-21,SKU-0042,WH-007,9,Cancelled
ORD-0000031,2026-08-11,SKU-0025,WH-007,55,Shipped
ORD-0000572,2026-08-02,SKU-0003,WH-006,78,Cancelled
ORD-0001346,2026-08-15,SKU-0028,WH-002,90,Delivered
ORD-0000943,2026-08-14,SKU-0015,WH-006,49,Delivered
ORD-0001812,2026-07-27,SKU-0034,WH-002,7,Cancelled
ORD-0001875,2026-07-18,SKU-0019,WH-002,81,Pending
ORD-0000866,2026-08-02,SKU-0006,WH-008,45,Pending
ORD-0000611,2026-07-26,SKU-0059,WH-008,40,Cancelled
ORD-0000345,2026-06-17,SKU-0032,WH-0,57,Delivered
ORD-0000557,2026-08-20,SKU-0043,WH-002,32,shipd
ORD-0000975,2026-06-09,SKU-0054,WH-007,-1,Pending
ORD-0002182,2026-06-21,SKU-0013,WC-001,12,Shipped
ORD-0002081,2026-06-03,SKU-0016,WH-006,94,Pending
ORD-0000353,2026-07-30,SKU-0058,WH-008,91,shipd
ORD-0000092,2026-06-27,SKU-0053,WH-007,72,Shipped
ORD-0000850,2026-06-23,SKU-0050,WH-003,28,Pending
ORD-0001973,2026-06-19,SKU-0038,WH-006,3, shipped
ORD-0001062,2026-08-08,SKU-0011,WH-004,47,Pending
ORD-0001287,2026-07-11,SKU-0042,WH-008,79,Delivered
ORD-0000262,2026-06-10,SKU-0002,WH-002,4,Cancelled
ORD-0002002,2026-08-05, ,WH-007,9,Cancelled
ORD-0002003,2026-06-07,SKU-0023,WH-002,63,Delivered
ORD-0001577,2026-06-08,SKU-0013,WH-007,96,DELIVERD
ORD-0000568,%d/%m/%Y,SKU-0055,WH-003,1,CANCELLED 
ORD-0000722,2026-07-21,SKU-0039,WH-001,31,Cancelled
ORD-0000893,2026-07-14,SKU-0050,WH-002,17,Cancelled
ORD-0000706,2026-08-08,sku-1001,WH-004,80,Delivered
ORD-0002047,%d/%m/%Y,SKU-0055,WH-002,-6,Cancelled
ORD-0001430,2026-07-29,SKU-0030,WH-004,72,Shipped
ORD-0000301,2026-06-30,SKU-0041,WH-008,16,Pending
ORD-0001871,2026-08-10,SKU-0002,WH-007,79,Delivered
ORD-0001005,%Y/%m/%d %H:%M,SKU-0006,WH-008,40,Shipped
ORD-0001834,2026-06-16,SKU-0046,WH-002,19,Cancelled
ORD-0000316,2026-08-24,NA,WH-004,54,Pending
ORD-0001630,2026-06-04,SKU-0031,WH-001,56,Shipped
ORD-0000454,2026-07-27,SKU-0023,WH-001,35,Shipped
ORD-0000176,2026-08-22,SKU-0037,WH-006,74,Delivered
ORD-0000694,%Y/%m/%d %H:%M,SKU-0052,WH-008,-8,Shipped
ORD-0001603,2026-06-26,SKU-0054,WH-006,-6,Shipped
ORD-0001922,2026-06-06,SKU-0005,WH-003,95,Pending
ORD-0000124,2026-07-04,SKU-0027,WH-005,43,Cancelled
ORD-0002134,2026-06-19,SKU-0027,WH-006,33,Pending
ORD-0000395,%d/%m/%Y,SKU-0039,WH-005,57,Shipped
ORD-0001125,2026-07-16,SKU-0047,WH-008,-6,Pending
ORD-0001684,%d/%m/%Y,NA,WH-002,42,Shipped
ORD-0000040,2026-07-09,SKU-0053,WH-006,18,Pending
ORD-0000463,2026-08-06,SKU-0055,WH-001,2,Delivered
ORD-0000633,2026-06-30,UNKNOWN,WH-007,11,IN TRANSIT 
ORD-0002056,2026-07-18,SKU-0030,WH-001,78,Delivered
ORD-0000332,2026-08-13,SKU-0030,WH-008,47,Delivered
ORD-0000195,2026-06-24,SKU-0043,WH-001,79,Cancelled
ORD-0002106,2026-08-30,SKU-0029,WH-007,59,Delivered
ORD-0000323,2026-08-28,SKU-0029,WH-003,65,Pending
ORD-0000267,2026-08-06,SKU-0009,WH-001,33,Cancelled
ORD-0001037,2026-06-30,SKU-9999,WH-001,48,Shipped
ORD-0001714,2026-06-07,SKU-0015,WH-002,82,Pending
ORD-0000580,2026-06-16,SKU-0048,WH-005,11,pend
ORD-0001178,,SKU-0037,WH-001,83,Shipped
ORD-0001267,2026-06-22,SKU-0054,WH-007,41,Delivered
ORD-0002197,2026-06-01,SKU-0058,WH-002,96, shipped
ORD-0001693,2026-08-19,SKU-0009,WH-008,40,Shipped
ORD-0000675,2026-06-27,SKU-0033,WH-008,59,DELIVERD
ORD-0001755,2026-08-01,SKU-0056,WH-008,97,Cancelled
ORD-0002082,2026-06-01,SKU-0022,WH-001,85,Cancelled
ORD-0001939,2026-07-06,SKU-0016,  WH-007  ,54,Shipped
ORD-0000562,%Y-%m-%d,SKU-0041,WH-007,73,Delivered
ORD-0001026,2026-08-18,SKU-0052,WH-007,78,Pending
ORD-0000573,2026-07-01,SKU-0060,WH-004,77,Shipped
ORD-0001831,2026-08-20,UNKNOWN,WH-001,61,Shipped
ORD-0001888,2026-07-11,SKU-0036,WH-002,91,Pending
ORD-0000890,2026-07-16,SKU-0051,WC-001,79,canceled
ORD-0000818,2026-08-28,SKU-0035,WH-005,38,Pending
ORD-0001482,2026-07-15,SKU-0040,WH-007,42,Delivered
ORD-0001756,2026-06-03,SKU-0030,WH-005,-8,Pending
ORD-0001578,2026-07-19,NA,WH-0,18,Shipped
ORD-0000907,2026-06-13,SKU-0046,WH-007,36,Delivered
ORD-0001599,2026-06-02,SKU-0057,WH-002,36,pend
ORD-0000652,2026-06-23,SKU-0020,WH-007,79,Shipped
ORD-0000474,2026-07-22,SKU-0059,WH-001,65,Shipped
ORD-0002087,2026-06-22,SKU-0058,WH-007,58,Shipped
ORD-0000366,2026-07-04, ,WH-005,98,Pending
ORD-0000841,2026-07-12,SKU-0013,WH-002,6,Delivered
ORD-0001223,2026-07-29,SKU-0031,WH-004,23,Shipped
ORD-0001903,2026-07-17,SKU-0000,WH-008,16,Pending
ORD-0001886,2026-08-23,,WH-002,90,Cancelled
ORD-0000584,2026-06-23,SKU-0013,WH-001,24,Shipped
ORD-0000747,2026-06-27,SKU-0022,WH-006,61,Shipped
ORD-0002070,%m/%d/%Y,SKU-0042,WH-003,57,CANCELLED 
ORD-0001742,2026-08-21,SKU-0045,WH-005,12,Cancelled
ORD-0002064,2026-08-27,SKU-0039,WH-002,20,Shipped
ORD-0001622,2026-06-28,SKU-0020,WH-002,70,Cancelled
ORD-0001738,2026-06-24,SKU-0022,WH-005,-5,Shipped
ORD-0001704,2026-07-10,SKU-9999,WH-006,-7,Shipped
ORD-0001602,2026-08-20,SKU-0007,WH-005,96,Delivered
ORD-0000319,2026-08-03,SKU-0057,WH-002,20,Delivered
ORD-0001087,2026-07-17,SKU-0032,WH-008,85,Pending
ORD-0000987,2026-07-24,SKU-0027,WH-003,31,pend
ORD-0001177,2026-06-27,SKU-0010,WH-006,33,Delivered
ORD-0000820,%d/%m/%Y,SKU-0026,WH-008,88,Delivered
ORD-0001195,2026-07-01,SKU-0050,WH-002,-3,Shipped
ORD-0000344,2026-07-09,SKU-0030,WH-004,28,Shipped
ORD-0000399,2026-08-18,SKU-0052,WH-008,20,Shipped
ORD-0000585,2026-07-04,SKU-0028,WH-008,71,canceled
ORD-0001720,2026-07-01,SKU-0002,WH-006,98,IN TRANSIT 
ORD-0001974,2026-08-05,SKU-0001,WH-001,30,DELIVERD
ORD-0000293,2026-07-05,SKU-0019,WH-008,46,canceled
ORD-0000870,2026-07-09,SKU-0033,WH-007,80,Cancelled
ORD-0001111,2026-07-16,SKU-0046,WH-006,47,Shipped
ORD-0001024,2026-06-27,SKU-0052,WH-002,15,CANCELLED 
ORD-0001246,%Y/%m/%d %H:%M,sku-1001,WH-0,82,Delivered
ORD-0000142,2026-06-28,UNKNOWN,WH-003,81,Delivered
ORD-0001126,2026-06-02,SKU-0050,WH-003,17, shipped
ORD-0000003,%d/%m/%Y,SKU-0008,WH-003,37,Pending
ORD-0000577,2026-07-13,SKU-0026,WH-007,63,Pending
ORD-0001380,2026-07-19,sku-1001,WH-002,17,Pending
ORD-0000340,2026-08-13,SKU-0002,WH-002,77,Cancelled
ORD-0001692,2026-08-10,SKU-0044,WH-007,68,Pending
ORD-0000266,2026-06-30,SKU-0023,WH-008,81,Cancelled
ORD-0000377,2026-06-24,SKU-0058,WH-004,78,Shipped
ORD-0001978,2026-06-11,SKU-0045,WH-004,56,Pending
ORD-0000440,2026-06-22,SKU-0058,WH-007,-6,Delivered
ORD-0000272,2026-07-22,SKU-0035,WH-004,-3,Shipped
ORD-0000245,2026-06-11,SKU-0033,WH-004,11,Cancelled
ORD-0001796,2026-07-29,SKU-0037,WH-005,11,Shipped
ORD-0001620,2026-08-23,SKU-0000,WH-007,45,Pending
ORD-0001088,2026-08-04,SKU-0017,WH-004,28,IN TRANSIT 
ORD-0001527,2026-07-17,SKU-0024,WH-001,25,Cancelled
ORD-0000608,2026-13-45,SKU-0014,WH-007,84,Delivered
ORD-0000416,%d/%m/%Y,SKU-0017,WH-004,94,Cancelled
ORD-0000274,2026-06-11,SKU-0011,WH-003,50,Delivered
ORD-0001092,2026-07-13,SKU-0007,WH-002,12,Shipped
ORD-0000251,2026-06-22,SKU-0043,WH-002,25,CANCELLED 
ORD-0000414,2026-07-30,NA,WH-002,23,Shipped
ORD-0001492,2026-06-26,SKU-0034,WH-003,31,Delivered
ORD-0001561,2026-06-18,SKU-0015,WH-008,58,Shipped
ORD-0000311,2026-07-24,SKU-0037,WH-002,55,CANCELLED 
ORD-0000793,%Y/%m/%d %H:%M,SKU-0028,WH-004,80,Pending
ORD-0001176,2026-08-31,SKU-0009,WH-007,1,Delivered
ORD-0000426,2026-07-12,SKU-0041,WH-008,9,Cancelled
ORD-0002148,2026-08-20,SKU-0034,WH-007,-3,Delivered
ORD-0000742,2026-07-03,SKU-0057,WH-008,17,Shipped
ORD-0001946,2026-07-13,SKU-0055,WH-002,73,Shipped
ORD-0001618,2026-08-10,SKU-0029,WH-001,99,Pending
ORD-0000980,2026-07-08,SKU-0022,WH-003,-4,Pending
ORD-0001230,2026-06-27,SKU-0039,WH-001,58,Shipped
ORD-0000765,2026-06-16,SKU-0004,WH-008,32,Pending
ORD-0000527,2026-08-12,SKU-0015,WC-001,63,pend
ORD-0000781,%m/%d/%Y,SKU-0015,WH-007,62,Delivered
ORD-0000953,2026-08-06,SKU-0058,WH-003,30,Cancelled
ORD-0000183,%Y-%m-%d,SKU-0013,WH-005,19,Delivered
ORD-0000171,2026-06-14,SKU-0003,WH-006,65,Shipped
ORD-0002130,2026-07-08,SKU-0028,WH-001,29, shipped
ORD-0000927,2026-08-20,NA,WH-003,17,Cancelled
ORD-0000188,2026-06-01,SKU-0004,WH-005,-3,Pending
ORD-0000620,2026-07-07,SKU-0010,WH-004,46,Delivered
ORD-0001976,2026-07-25,SKU-0057,WH-0,8,Delivered
ORD-0000159,2026-06-05,SKU-0001,  WH-007  ,77,CANCELLED 
ORD-0001594,2026-07-19,SKU-0058,WH-006,35,Delivered
ORD-0000273,2026-07-06,SKU-0015,WH-004,1,Shipped
ORD-0000615,2026-08-24,SKU-0046,WH-001,60,Delivered
ORD-0001852,2026-07-16,SKU-0053,WH-006,13,Shipped
ORD-0000974,2026-08-14,SKU-0013,WH-006,32,Delivered
ORD-0002143,2026-07-10,SKU-0016,WH-003,-6,Pending
ORD-0000372,2026-06-22,NA,WH-002,28,Cancelled
ORD-0000223,2026-06-23,SKU-9999,WH-003,-3,Shipped
ORD-0000594,2026-08-23,SKU-0060,WH-004,80,Cancelled
ORD-0001545,2026-07-16,,WH-999,85,Pending
ORD-0000757,2026-08-21,SKU-0022,WH-003,25,Shipped
ORD-0001655,2026-07-03,SKU-0033,WH-006,64,Delivered
ORD-0002176,2026-06-01,SKU-0034,WH-007,91,Shipped
ORD-0000137,2026-06-12,SKU-0037,WH-999,90,Shipped
ORD-0000519,2026-06-10,SKU-0002,WH-007,61,Delivered
ORD-0000857,2026-06-11,SKU-0056,WH-003,91,Shipped
ORD-0000335,2026-08-05,,WH-006,35,Delivered
ORD-0001873,2026-08-24,SKU-0002,WH-003,19,Delivered
ORD-0001771,2026-08-18,SKU-0029,WH-003,25,Shipped
ORD-0001256,2026-06-20, ,WH-008,59,Cancelled
ORD-0001229,2026-08-19,SKU-0041,WC-001,58,Delivered
ORD-0000711,2026-06-16,sku-1001,WH-004,43,Delivered
ORD-0000016,2026-07-06,SKU-0042,WC-001,16,Pending
ORD-0001445,2026-07-19,SKU-0037,WH-007,28,Cancelled
ORD-0001112,2026-06-26,SKU-0058,WH-007,30,Delivered
ORD-0001840,2026-07-14,SKU-0060,WH-006,-1,Shipped
ORD-0002017,2026-08-31,SKU-0042,WH-001,52,Delivered
ORD-0000571,2026-07-20,SKU-0010,WH-005,69,Cancelled
ORD-0000655,2026-06-01,SKU-0012,WH-005,84,Pending
ORD-0001362,2026-07-25,SKU-0043,WH-004,14,Cancelled
ORD-0002060,2026-08-06,SKU-0037,WH-001,29,CANCELLED 
ORD-0000466,2026-08-11,SKU-0021,WH-005,8,Cancelled
ORD-0001059,2026-08-08,SKU-0017,WH-002,56,Delivered
ORD-0000200,2026-08-05,SKU-0056,WH-007,7,Cancelled
ORD-0001925,%Y-%m-%d,SKU-9999,WH-999,55,Pending
ORD-0001512,2026-07-18,SKU-0001,WH-002,78,Shipped
ORD-0001750,%Y/%m/%d %H:%M,SKU-0032,WH-008,14,Shipped
ORD-0000874,2026-08-13,SKU-0030,WH-008,37,Delivered
ORD-0001862,2026-06-09,SKU-0021,WH-008,1,Pending
ORD-0001678,%Y-%m-%d,SKU-0054,WH-006,2,Shipped
ORD-0001551,2026-08-25,SKU-9999,WH-001,4,Cancelled
ORD-0001115,%Y-%m-%d,SKU-0048,WH-006,76,Delivered
ORD-0000592,%m/%d/%Y,SKU-0017,WH-001,64,Delivered
ORD-0001843,2026-07-15,SKU-0032,WH-002,31,Shipped
ORD-0001674,2026-08-11,SKU-0028,WH-003,14,Shipped
ORD-0001695,2026-06-12,SKU-0045,WH-007,22,Shipped
ORD-0001605,2026-06-22,SKU-0028,WH-005,85,canceled
ORD-0000942,%Y/%m/%d %H:%M,SKU-0018,WH-002,29,Delivered
ORD-0000788,2026-08-18,SKU-0048,WH-003,9,CANCELLED 
ORD-0000044,2026-08-18,SKU-0011,WH-007,-4,Cancelled
ORD-0001767,2026-08-20,SKU-0029,WH-008,51, shipped
ORD-0000275,2026-06-18,,,56,Pending
ORD-0001733,2026-06-16,SKU-0033,WH-005,60,Shipped
ORD-0000102,2026-08-25,SKU-0010,WH-004,63,Delivered
ORD-0001132,%d/%m/%Y,SKU-0036,WH-004,54,Cancelled
ORD-0001028,2026-06-17,SKU-0047,WH-003,62,Pending
ORD-0001182,2026-07-19,SKU-0032,WH-001,-3,Cancelled
ORD-0000108,2026-06-20,SKU-0048,WH-005,-3,Delivered
ORD-0001477,2026-07-19,SKU-0058,WH-002,22,Pending
ORD-0000498,2026-06-20,sku-1001,WH-005,41,Pending
ORD-0002130,2026-07-08,SKU-0028,WH-001,29, shipped
ORD-0001532,2026-08-10,SKU-0033,WH-004,33,shipd
ORD-0002036,2026-07-04, ,WH-005,98,Pending
ORD-0001449,2026-06-08,SKU-0048,WH-004,88,Delivered
ORD-0001764,2026-08-12,SKU-0012,WH-001,10,Cancelled
ORD-0001319,%d/%m/%Y,SKU-0038,WH-005,9,DELIVERD
ORD-0001544,2026-06-12,SKU-0024,WH-004,71, shipped
ORD-0002010,%Y/%m/%d %H:%M,SKU-0045,WH-004,-1,shipd
ORD-0000863,2026-06-17,SKU-0059,WH-008,53,Cancelled
ORD-0000906,2026-07-21,SKU-0045,WH-003,-8,Pending
ORD-0000713,%Y-%m-%d,SKU-0042,WH-003,54,Pending
ORD-0000073,%Y-%m-%d,SKU-0047,WC-001,71,Delivered
ORD-0000501,2026-08-27,SKU-0024,WH-006,99,Cancelled
ORD-0001443,%Y/%m/%d %H:%M,,WH-001,49,shipd
ORD-0001390,2026-07-24,SKU-0002,WH-004,13,Shipped
ORD-0001600,2026-07-26,SKU-0037,WH-004,50,Delivered
ORD-0000482,2026-06-05,SKU-0040,WH-008,33,Cancelled
ORD-0001438,2026-08-11,SKU-0012,WH-006,95,Cancelled
ORD-0000507,,SKU-0009,WH-008,35,Delivered
ORD-0001856,2026-07-28,SKU-0041,WH-002,89,Delivered
ORD-0002105,2026-06-16,SKU-0031,WH-001,65,Cancelled
ORD-0001264,2026-07-21,SKU-0034,WH-007,81,Delivered
ORD-0001801,2026-08-29,SKU-0044,WH-004,42,Pending
ORD-0001035,2026-06-09,SKU-0027,WH-008,71,Delivered
ORD-0001573,%d/%m/%Y,SKU-0052,WH-004,-7,CANCELLED 
ORD-0000933,2026-06-20,SKU-0017,WH-003,20,Delivered
ORD-0001707,not-a-date,SKU-0025,WH-007,33,Pending
ORD-0001419,2026-07-16,SKU-0008,WH-001,46,CANCELLED 
ORD-0000312,2026-06-07,SKU-0006,WH-003,26,Cancelled
ORD-0001104,2026-06-02,SKU-0031,WH-001,34,Shipped
ORD-0000406,2026-07-08,SKU-0056,WH-001,85,Pending
ORD-0001787,2026-07-02,SKU-0039,WH-006,-4,Cancelled
ORD-0001048,2026-06-11,SKU-0029,WH-004,63,pend
ORD-0001424,2026-07-21,SKU-0031,WH-004,18,CANCELLED 
ORD-0001090,2026-06-22,SKU-0013,WH-004,55,Pending
ORD-0001361,2026-07-20,SKU-0026,WH-005,6,Pending
ORD-0000310,2026-07-23,SKU-0037,WH-002,28,Shipped
ORD-0000227,2026-07-31,SKU-0049,WH-004,10,Pending
ORD-0000744,2026-08-22,SKU-0053,WH-003,68,Pending
ORD-0000807,2026-06-22,SKU-0037,WH-008,4,Shipped
ORD-0002035,2026-08-24,SKU-0014,WH-003,64,Cancelled
ORD-0001006,2026-08-30,SKU-0026,WH-001,33,Cancelled
ORD-0001468,2026-07-19,SKU-0040,WH-002,-6,Delivered
ORD-0001828,2026-06-07,SKU-0030,WH-006,50,Cancelled
ORD-0001103,2026-08-08,SKU-0047,WH-006,37,Pending
ORD-0001152,2026-07-24,SKU-0028,WH-001,67,Delivered
ORD-0001076,2026-13-45,,WH-004,42,Delivered
ORD-0000149,2026-06-04,SKU-0023,WH-006,73,Pending
ORD-0001234,2026-07-23,SKU-0036,WC-001,73,Cancelled
ORD-0001105,2026-07-17,,  WH-007  ,50,Cancelled
ORD-0001726,2026-08-20,SKU-0035,WH-005,54,Pending
ORD-0000292,2026-07-26,SKU-0034,WH-003,72,Delivered
ORD-0000693,2026-08-27,SKU-0012,WH-006,81,Cancelled
ORD-0000819,2026-08-25,SKU-0054,WH-004,88,Pending
ORD-0000705,2026-06-10,SKU-0043,WH-008,19,Delivered
ORD-0001095,2026-07-10,SKU-0020,WH-002,55,Shipped
ORD-0001951,2026-06-28,SKU-0013,WH-003,20,Delivered
ORD-0001404,2026-08-20,SKU-0050,WH-007,30,Cancelled
ORD-0000576,2026-08-17,SKU-0043,WH-005,64,Shipped
ORD-0000558,2026-08-28,SKU-0000,WH-004,51,Delivered
ORD-0001318,2026-06-05,SKU-0025,WH-001,60,Pending
ORD-0000702,2026-07-06,SKU-0023,WH-005,17,Delivered
ORD-0001593,2026-08-11,SKU-0019,WH-006,58,Shipped
ORD-0001377,2026-08-24,SKU-0038,WH-999,90,Pending
ORD-0001926,2026-06-23,SKU-0026,WH-003,46,pend
ORD-0001609,2026-07-09,SKU-0024,WH-007,25,Cancelled
ORD-0001965,2026-08-14,SKU-0021,WH-003,85,Shipped
ORD-0000749,2026-08-31,SKU-0056,WH-007,48,Pending
ORD-0001383,2026-07-19,SKU-0034,WH-004,5,Pending
ORD-0000875,2026-08-05,SKU-0013,WH-002,12,Cancelled
ORD-0000168,%d/%m/%Y,,WH-008,28,Cancelled
ORD-0000731,2026-08-01,SKU-0044,WH-002,72,Delivered
ORD-0001747,2026-06-03,SKU-0011,WH-005,10,Cancelled
ORD-0000287,2026-06-05,SKU-0057,  WH-007  ,84,Shipped
ORD-0001072,2026-06-15,SKU-0041,WH-008,44,Cancelled
ORD-0001915,2026-06-15,SKU-0035,WH-002,94,Pending
ORD-0001034,2026-07-18,SKU-0045,WH-005,54,Pending
ORD-0000629,2026-08-25,SKU-0006,WH-003,95,Cancelled
ORD-0000599,2026-07-27,SKU-0045,WH-007,65,Pending
ORD-0001591,2026-07-28,SKU-0024,WH-007,58,Cancelled
ORD-0000378,2026-08-29,SKU-0047,WH-005,76,Cancelled
ORD-0001958,2026-06-02,SKU-0020,WH-004,66, shipped
ORD-0001606,2026-07-12,SKU-0054,WH-001,3,Delivered
ORD-0002126,2026-07-18,SKU-0041,WH-006,1,Pending
ORD-0001242,2026-08-29,SKU-0037,WH-004,8, shipped
ORD-0001460,2026-06-27,SKU-0025,WH-006,12,Pending
ORD-0001085,2026-06-08,SKU-0057,WH-002,37,IN TRANSIT 
ORD-0000042,2026-06-23,SKU-0060,WH-003,24,Shipped
ORD-0001887,2026-07-18,SKU-0057,WH-002,6,Pending
ORD-0001872,2026-07-14,SKU-0034,WH-004,-2,Delivered
ORD-0001431,2026-06-08,SKU-0023,WC-001,21,Cancelled
ORD-0001858,%Y-%m-%d,SKU-0044,WC-001,62,Cancelled
ORD-0001058,%m/%d/%Y,,WH-001,16,Cancelled
ORD-0001509,2026-07-29,SKU-0021,WH-006,-7,Shipped
ORD-0002147,2026-08-18,SKU-0001,WH-003,58,IN TRANSIT 
ORD-0000610,2026-06-03,SKU-0021,WH-004,40,Pending
ORD-0001581,2026-08-13,SKU-0041,WH-008,25,Cancelled
ORD-0001554,2026-07-18,SKU-0059,WH-008,45,Cancelled
ORD-0001947,2026-06-12,SKU-0034,WH-006,1,shipd
ORD-0002137,2026-06-30,SKU-0033,WH-007,59,CANCELLED 
ORD-0001673,2026-08-15,SKU-0021,WH-002,92,Delivered
ORD-0000494,2026-08-28,SKU-0047,WH-003,11,Cancelled
ORD-0001575,2026-08-28,SKU-0024,WH-007,-1,Cancelled
ORD-0000278,%Y/%m/%d %H:%M,SKU-0030,WH-003,18,CANCELLED 
ORD-0000758,2026-06-09,SKU-0006,WH-001,29,Pending
ORD-0002132,%m/%d/%Y,SKU-0034,WH-001,-1,Pending
ORD-0000359,2026-07-22,SKU-0025,WH-008,-6,Shipped
ORD-0001564,2026-07-08,SKU-0039,WH-004,19,Delivered
ORD-0000237,31/31/2026,SKU-0013,WH-006,15,Delivered
ORD-0000552,2026-08-11,SKU-0051,WH-001,87,Shipped
ORD-0000521,%d/%m/%Y,SKU-0021,  WH-007  ,14,Cancelled
ORD-0001273,2026-07-18,SKU-0045,WH-008,72,pend
ORD-0000209,2026-07-20,,WH-003,31,Shipped
ORD-0001658,2026-08-15,UNKNOWN,WH-008,87,Shipped
ORD-0000882,2026-06-18,SKU-0024,WH-006,23,Cancelled
ORD-0000721,not-a-date,SKU-0039,WH-003,98,Shipped
ORD-0002172,2026-06-22,SKU-0018,WH-004,69,Shipped
ORD-0001868,2026-06-20,SKU-0011,WH-001,46,Cancelled
ORD-0001667,2026-07-10,SKU-0030,WH-004,92,Shipped
ORD-0000059,2026-06-23,SKU-0010,WH-002,35,Cancelled
ORD-0000632,2026-08-17,SKU-0050,WH-004,51,Shipped
ORD-0001893,2026-06-02,SKU-0024,WH-005,45,Delivered
ORD-0001259,2026-06-21,SKU-0047,WH-003,48,IN TRANSIT 
ORD-0000593,2026-06-18,SKU-0010,WH-006,22,Shipped
ORD-0001957,%m/%d/%Y,SKU-0001,WH-004,-6,Pending
ORD-0000364,31/31/2026,SKU-0015,WH-005,-5,Pending
ORD-0001818,2026-08-15,SKU-0033,WH-002,91,Pending
ORD-0000506,2026-06-20,,WH-003,74,Shipped
ORD-0001711,2026-06-06,SKU-0047,WH-002,-3,Cancelled
ORD-0002128,2026-07-18,SKU-0011,WH-003,21,Shipped
ORD-0001337,2026-08-23,sku-1001,WH-003,55,Delivered
ORD-0001914,2026-06-14, ,WH-006,15,Pending
ORD-0000905,%d/%m/%Y,SKU-0017,WH-007,26,Pending
ORD-0000734,2026-06-11,SKU-0048,WH-006,84, shipped
ORD-0001445,2026-07-19,SKU-0037,WH-007,28,Cancelled
ORD-0002127,2026-06-24,SKU-0022,WH-005,66,Delivered
ORD-0001183,2026-08-23,SKU-0004,WH-007,55,Delivered
ORD-0001197,2026-07-05,SKU-0024,WH-004,35,Pending
ORD-0001555,2026-06-28,SKU-0049,WH-999,21,Shipped
ORD-0000119,2026-08-21,,WH-004,7,Pending
ORD-0002101,2026-06-19,SKU-0051,WH-005,46,CANCELLED 
ORD-0000707,2026-06-22,SKU-0044,WH-002,7,CANCELLED 
ORD-0001932,2026-06-25,SKU-0000,WH-005,65,canceled
ORD-0000746,2026-07-19,,WH-006,61,Pending
ORD-0000523,2026-06-14,SKU-0042,WH-008,87,Shipped
ORD-0000916,2026-07-22,SKU-0050,WH-006,7,canceled
ORD-0001412,2026-07-08,SKU-0041,WH-004,57,Pending
ORD-0001570,2026-08-04,SKU-0048,WH-003,29,Delivered
ORD-0000999,2026-06-28,SKU-0046,  WH-007  ,48,Pending
ORD-0000514,%d/%m/%Y,SKU-0047,WH-008,73,IN TRANSIT 
ORD-0000082,2026-07-08,SKU-0009,WH-002,7,Cancelled
ORD-0001878,2026-06-06,SKU-0041,WH-008,65,Shipped
ORD-0001023,2026-07-02,SKU-9999,WH-002,61,pend
ORD-0001323,%Y-%m-%d,SKU-0041,WH-004,-3,shipd
ORD-0000915,%d/%m/%Y,SKU-0013,WH-005,84,Shipped
ORD-0000381,%d/%m/%Y,SKU-0054,WH-007,75, shipped
ORD-0001513,2026-08-25,SKU-0008,WH-002,16,Shipped
ORD-0002022,2026-08-16,SKU-0038,WH-001,22,Pending
ORD-0000085,2026-07-15,SKU-0021,WH-0,6,Delivered
ORD-0002005,2026-08-07,SKU-0003,WH-007,83,Delivered
ORD-0000673,2026-06-29,SKU-0047,WH-002,42,Cancelled
ORD-0000775,2026-06-12,SKU-0012,WH-0,-1,CANCELLED 
ORD-0000330,2026-07-10,SKU-0022,WH-006,46,shipd
ORD-0000007,2026-07-01,SKU-0004,WH-002,96,Cancelled
ORD-0000944,2026-07-29,SKU-0056,WH-005,98,Pending
ORD-0001227,2026-07-02, ,WH-001,10,Delivered
ORD-0001607,2026-08-17,SKU-0013,WH-006,28,Cancelled
ORD-0000910,2026-06-27,SKU-0013,WH-005,44,shipd
ORD-0000469,2026-07-29,SKU-0013,WH-004,94,CANCELLED 
ORD-0000182,2026-08-20,SKU-0056,WH-006,-2,Cancelled
ORD-0000165,2026-06-27,SKU-0009,WH-006,-8,Delivered
ORD-0001547,2026-07-12,SKU-0036,WH-004,95,Shipped
ORD-0000452,2026-08-17,SKU-0037,WH-006,87,Cancelled
ORD-0002103,2026-08-22,SKU-0027,WH-006,-2,Delivered
ORD-0000491,2026-08-01,,WH-004,71,Shipped
ORD-0001317,2026-07-20,SKU-0056,WH-002,83,Delivered
ORD-0001773,2026-06-29,SKU-0032,WH-006,-2,Delivered
ORD-0000288,%Y/%m/%d %H:%M,SKU-0001,WH-006,74,pend
ORD-0001936,%d/%m/%Y,SKU-0033,  WH-007  ,30,Delivered
ORD-0000088,2026-08-13,,WH-007,42,pend
ORD-0001911,2026-08-03,SKU-0048,WH-002,58,IN TRANSIT 
ORD-0000803,2026-06-18,SKU-0042,WH-003,1,Delivered
ORD-0001055,,SKU-0044,WH-002,-5,pend
ORD-0000998,2026-08-03,SKU-0010,WH-007,73,Delivered
ORD-0001623,2026-07-04,SKU-0029,WH-007,-1,CANCELLED 
ORD-0002038,,SKU-0053,WH-002,84,Delivered
ORD-0001382,2026-07-19,SKU-0032,WH-003,27,Cancelled
ORD-0001962,2026-07-24,SKU-0033,WH-005,58,Cancelled
ORD-0001656,2026-06-26,SKU-0015,WH-002,26,DELIVERD
ORD-0002180,%d/%m/%Y,SKU-0000,  WH-007  ,55,Pending
ORD-0002095,%Y-%m-%d,,WH-008,41,Cancelled
ORD-0001975,2026-07-22,SKU-0017,WH-005,72,pend
ORD-0000328,%m/%d/%Y,SKU-0024,WH-002,52,Cancelled
ORD-0001375,2026-06-20,SKU-0003,WH-006,14,Delivered
ORD-0000443,%d/%m/%Y,SKU-0025,WH-004,95,Shipped
ORD-0000835,%Y-%m-%d, ,WH-008,85,Delivered
ORD-0001455,2026-08-07,SKU-0037,WH-002,8, shipped
ORD-0001221,2026-06-20,SKU-0005,WH-003,25,Shipped
ORD-0000833,2026-06-26,SKU-0050,WC-001,76,Pending
ORD-0001288,2026-08-15,SKU-9999,WH-003,35,Delivered
ORD-0000349,%Y/%m/%d %H:%M,SKU-0060,WH-008,11,Cancelled
ORD-0001135,2026-08-06,SKU-0049,WH-001,76,Cancelled
ORD-0000178,2026-08-25,SKU-0050,WH-007,9,shipd
ORD-0001474,2026-08-22,SKU-0049,WH-004,37,Delivered
ORD-0002125,2026-07-14,SKU-0042,WH-005,89,Shipped
ORD-0002159,2026-06-04,SKU-0050,WH-004,75,Delivered
ORD-0000087,2026-06-08,SKU-0025,WH-006,64,Cancelled
ORD-0001690,2026-06-15,SKU-0014,WH-005,98,Shipped
ORD-0002162,2026-06-10,SKU-0043,WH-006,37,Delivered
ORD-0001954,2026-08-06,SKU-0014,WH-004,43,Delivered
ORD-0000979,%d/%m/%Y,sku-1001,WH-006,-5,Shipped
ORD-0000458,%Y-%m-%d,SKU-0059,WH-003,74,Shipped
ORD-0000778,%Y-%m-%d,SKU-0018,WH-005,71,Pending
ORD-0001531,,SKU-0011,WH-007,74,Shipped
ORD-0000643,2026-08-02,SKU-0033,WH-001,35,Pending
ORD-0002119,2026-08-29,SKU-0059,WC-001,39,IN TRANSIT 
ORD-0000055,2026-07-03,SKU-0059,WH-008,63,Shipped
ORD-0001450,2026-07-07,SKU-0022,WH-005,15,Pending
ORD-0001798,2026-06-05,SKU-0000,WH-004,3,pend
ORD-0001749,2026-06-18,SKU-0040,WH-005,57,Delivered
ORD-0000644,2026-07-02,SKU-0006,  WH-007  ,64,Delivered
ORD-0001294,2026-08-10,SKU-0029,WH-006,18,Cancelled
ORD-0001209,2026-06-09,,WH-005,56,Delivered
ORD-0000678,2026-07-01,SKU-0016,WH-007,62,Cancelled
ORD-0000222,2026-06-06,SKU-0013,WH-005,-6,canceled
ORD-0000114,2026-07-03,SKU-0007,WH-006,18,Pending
ORD-0001895,2026-06-21,SKU-0046,WH-001,42,Delivered
ORD-0000988,2026-07-08,SKU-0054,WH-005,42,Pending
ORD-0001458,2026-06-10,SKU-0035,WH-004,60,shipd
ORD-0001331,2026-08-06,SKU-0011,WH-004,6,CANCELLED 
ORD-0001010,2026-06-22,SKU-0007,WH-006,59,CANCELLED 
ORD-0000175,2026-07-14,SKU-0052,WH-005,86,Shipped
ORD-0001069,2026-06-02,SKU-0023,WH-007,22,Shipped
ORD-0000590,2026-06-17,SKU-0040,WH-007,17,Delivered
ORD-0001703,2026-06-16,SKU-0056,WH-005,46,Shipped
ORD-0001867,2026-06-12,SKU-0007,WC-001,-3,Pending
ORD-0000019,2026-06-29,SKU-0048,WH-007,67,Shipped
ORD-0000424,2026-07-09,SKU-0045,WH-004,-7,Shipped
ORD-0001681,2026-07-12,SKU-0047,,94,Shipped
ORD-0000286,%Y-%m-%d,SKU-0011,WH-005,73,Delivered
ORD-0001892,2026-07-08,UNKNOWN,WH-001,19,Pending
ORD-0000429,2026-08-02,SKU-0010,WH-004,36,Delivered
ORD-0002188,2026-07-05,SKU-9999,WH-006,99,Delivered
ORD-0001044,2026-07-27,SKU-0022,WH-999,5,Delivered
ORD-0000670,2026-08-18,SKU-0045,WH-001,45,Delivered
ORD-0000032,2026-07-25,SKU-0021,WH-008,68,Pending
ORD-0000723,2026-08-14,SKU-0047,WH-005,62,Cancelled
ORD-0000952,2026-06-15,SKU-0019,WH-006,8,Shipped
ORD-0001357,2026-06-26,SKU-0030,WH-006,29,Pending
ORD-0000215,2026-06-22,SKU-0003,WH-0,38,Pending
ORD-0001379,2026-08-11,SKU-0031,WH-006,49,Pending
ORD-0000327,2026-06-06,SKU-0052,WH-007,84,Delivered
ORD-0000561,2026-07-25,SKU-0004,WH-004,88,Pending
ORD-0001413,2026-08-07,SKU-0010,WH-004,29,Delivered
ORD-0000342,%d/%m/%Y,SKU-0030,WC-001,7,Cancelled
ORD-0000148,2026-07-05,SKU-0020,WH-007,25,Pending
ORD-0001421,2026-08-06,SKU-0058,WH-006,8,Shipped
ORD-0001666,2026-07-24,,WH-007,41,pend
ORD-0000967,2026-06-13,SKU-0051,WH-008,-7,Cancelled
ORD-0000156,2026-07-17,SKU-0020,WH-001,5,Shipped
ORD-0001274,2026-06-08,SKU-9999,WH-002,8,Cancelled
ORD-0001233,2026-06-23, ,WH-001,27,Cancelled
ORD-0001802,2026-07-05,SKU-0041,WH-005,54,Cancelled
ORD-0001425,2026-07-14,SKU-0035,WH-008,45,Delivered
ORD-0001989,2026-06-11,SKU-0013,WH-001,-2,Delivered
ORD-0001428,2026-06-01,SKU-0009,WH-007,78, shipped
ORD-0002084,2026-06-25,SKU-0028,WH-004,58,Cancelled
ORD-0001250,2026-07-22,SKU-0005,WH-007,95,Cancelled
ORD-0002077,2026-06-05,SKU-0050,WH-007,-1,Cancelled
ORD-0001821,2026-08-31,SKU-0000,WH-004,2,Shipped
ORD-0001537,2026-07-12,SKU-0054,WH-007,43,pend
ORD-0001929,%Y-%m-%d,SKU-0042,WH-003,72,Delivered
ORD-0000939,2026-08-14,SKU-0026,WH-007,55,Shipped
ORD-0001933,2026-08-27,SKU-0032,WH-004,94,Delivered
ORD-0000347,2026-08-19,SKU-0005,WH-008,92, shipped
ORD-0001659,2026-07-17,SKU-0032,WH-004,83,Shipped
ORD-0002192,2026-06-20,SKU-0032,WH-005,13,Delivered
ORD-0000386,2026-07-31,SKU-0027,WH-008,56,Cancelled
ORD-0001514,2026-06-18,SKU-0013,WH-001,91,Pending
ORD-0001371,2026-06-07,SKU-0048,WH-008,66,Cancelled
ORD-0000244,2026-07-22,SKU-0001,WH-002,36,Pending
ORD-0001147,2026-08-16,SKU-0017,WH-0,10,IN TRANSIT 
ORD-0000937,2026-08-31,SKU-0019,WH-003,65,shipd
ORD-0001766,2026-07-22,SKU-0050,WH-005,18,pend
ORD-0000313,2026-06-15,SKU-0013,WH-004,14,Delivered
ORD-0002161,2026-06-13,SKU-0042,WH-005,34,Pending
ORD-0000969,2026-07-14,,WH-001,14,Shipped
ORD-0000661,2026-07-23,SKU-0029,WH-007,80,Delivered
ORD-0001782,2026-07-01,SKU-0042,WH-006,13,IN TRANSIT 
ORD-0000371,2026-07-07,SKU-0007,WC-001,40,Pending
ORD-0000567,2026-07-20,SKU-0031,WH-004,5,Cancelled
ORD-0001519,2026-08-16,SKU-0046,WH-004,-7,canceled
ORD-0000825,2026-08-27,SKU-0042,WH-006,77,Delivered
ORD-0000983,2026-08-14,SKU-0000,WH-002,30,Delivered
ORD-0001348,2026-07-18, ,WH-001,2,Shipped
ORD-0000814,2026-06-01,SKU-0009,WH-008,68,Shipped
ORD-0000779,2026-06-05,SKU-0025,WH-001,-5, shipped
ORD-0001053,2026-06-09,SKU-0021,WH-001,71,Shipped
ORD-0001969,2026-06-11,,WH-004,-1,Shipped
ORD-0001014,2026-06-26,SKU-0037,WH-004,50,Pending
ORD-0001315,2026-07-22,sku-1001,WH-005,36,Delivered
ORD-0002045,2026-08-10,SKU-0040,WH-002,70,Delivered
ORD-0000127,2026-07-06,SKU-0026,WH-001,11,Shipped
ORD-0000888,2026-08-02,SKU-9999,WH-007,38,Pending
ORD-0001008,%m/%d/%Y,SKU-0016,WH-001,47,Pending
ORD-0000356,2026-06-29,,WH-002,32,Shipped
ORD-0002031,2026-06-27,SKU-0007,WH-006,4,Cancelled
ORD-0000683,,SKU-0045,WH-008,25,Delivered
ORD-0001836,2026-06-29,SKU-0028,WH-001,40,Cancelled
ORD-0001300,2026-07-22,SKU-0058,WH-006,13,Cancelled
ORD-0000985,2026-07-22,SKU-0054,WH-004,74,Pending
ORD-0001727,2026-07-31,SKU-0060,WH-007,49, shipped
ORD-0000141,2026-07-25,SKU-0002,WH-007,57,Cancelled
ORD-0001815,2026-08-29,SKU-0051,WH-005,61,Pending
ORD-0001597,2026-07-22,sku-1001,WH-006,35,Pending
ORD-0001487,2026-08-05,SKU-0045,WH-0,24,Pending
ORD-0002115,2026-06-23,SKU-0040,WH-002,83,Pending
ORD-0001308,2026-06-16,SKU-0035,WH-001,29,Delivered
ORD-0001117,2026-08-15,,WH-002,-4,Delivered
ORD-0001713,2026-08-09,SKU-0013,WH-004,24,Cancelled
ORD-0000712,2026-06-28,SKU-0006,WH-002,-8,Pending
ORD-0001849,2026-08-27,SKU-0012,WH-001,93,Cancelled
ORD-0002011,2026-08-08,SKU-0037,WH-001,82,IN TRANSIT 
ORD-0000011,2026-07-16,SKU-0008,WH-007,25,Shipped
ORD-0001339,2026-07-24,SKU-0009,,55,Delivered
ORD-0001303,2026-08-02,SKU-0039,WH-006,50,Cancelled
ORD-0000755,2026-06-25,SKU-0011,WH-002,93,Pending
ORD-0000627,2026-08-11,SKU-0020,WH-002,45,Pending
ORD-0001489,2026-06-27,SKU-0012,WH-004,44,Pending
ORD-0000130,%Y/%m/%d %H:%M,SKU-0034,WH-008,15,Delivered
ORD-0000844,2026-07-11,SKU-0047,WH-007,2,Shipped
ORD-0000324,2026-06-09,SKU-0037,WH-007,74, shipped
ORD-0001646,2026-07-29,,WH-001,32,Delivered
ORD-0000015,2026-08-03,SKU-0027,WH-006,34,Cancelled
ORD-0001595,2026-06-04,SKU-0054,WH-008,74,Delivered
ORD-0000216,2026-07-23,SKU-0058,WH-004,67,IN TRANSIT 
ORD-0001526,2026-06-25,SKU-0026,WH-004,36,Shipped
ORD-0001502,2026-07-20,SKU-0056,WH-001,68,Delivered
ORD-0001265,2026-06-19,sku-1001,WH-001,55,Shipped
ORD-0000865,2026-07-05,SKU-0041,WH-005,59,pend
ORD-0000517,2026-07-28,SKU-0003,WH-008,24,Pending
ORD-0000598,2026-06-11,SKU-0020,WH-007,62,Cancelled
ORD-0000196,2026-07-09,SKU-0003,WH-002,97,Pending
ORD-0000289,%Y-%m-%d,SKU-0050,WH-002,59,Pending
ORD-0000951,2026-07-21,SKU-0007,WH-004,91,Pending
ORD-0002090,2026-06-24,SKU-0002,WH-007,49,Cancelled
ORD-0001645,2026-08-07,SKU-0028,WH-005,-4,Shipped
ORD-0001121,2026-08-13,SKU-0034,WH-008,-2,Shipped
ORD-0000550,2026-07-04,SKU-0016,WH-003,34,Delivered
ORD-0000157,2026-08-19,SKU-0011,WH-002,42,Cancelled
ORD-0000420,2026-08-23,SKU-0034,WH-001,17,Pending
ORD-0000923,2026-06-19,SKU-0052,WC-001,39,pend
ORD-0000478,2026-08-30,SKU-0007,WH-008,5,Delivered
ORD-0001429,2026-08-01,SKU-0023,WH-007,98,Pending
ORD-0000554,2026-08-31,SKU-0041,WH-006,25,Delivered
ORD-0000391,2026-06-19,SKU-0011,WH-001,58,Pending
ORD-0000579,2026-06-26,SKU-0056,WH-002,69,Cancelled
ORD-0002044,2026-07-13,SKU-0048,WH-003,14,Shipped
ORD-0002079,2026-06-08,SKU-0053,WH-008,44,Cancelled
ORD-0001966,2026-08-29,SKU-0043,WH-001,30,Pending
ORD-0000821,%d/%m/%Y,SKU-0021,WH-002,71,pend
ORD-0002121,2026-07-18,SKU-0020,WH-003,75,Shipped
ORD-0001007,2026-08-22,SKU-0037,WH-008,-7,shipd
ORD-0001252,2026-07-19,SKU-0032,WH-007,32,Delivered
ORD-0000665,2026-07-25,SKU-0033,WH-001,42,Delivered
ORD-0001799,2026-08-23,SKU-9999,WH-004,47,Pending
ORD-0000143,2026-08-16,SKU-0048,WH-006,79,Cancelled
ORD-0001814,2026-08-23,SKU-0001,WH-007,33,Pending
ORD-0001851,2026-07-03,SKU-0039,WH-005,21,DELIVERD
ORD-0000422,2026-06-04,sku-1001,WH-005,41,Shipped
ORD-0000800,2026-07-24,SKU-0056,,38,Pending
ORD-0000616,2026-07-25,SKU-0011,WH-005,87,Pending
ORD-0000296,2026-08-12,SKU-0052,WH-008,5,Delivered
ORD-0000402,2026-08-26,SKU-0041,WH-007,-5,Delivered
ORD-0000089,2026-08-19,NA,WH-005,62,Cancelled
ORD-0001585,2026-06-08,SKU-0005,WC-001,-2,Pending
ORD-0002179,2026-08-26,SKU-0017,WH-005,24,Shipped
ORD-0000132,2026-08-03,SKU-0018,WH-006,21,Shipped
ORD-0001208,2026-06-18,SKU-0014,WH-004,81,Shipped
ORD-0001286,2026-06-13,UNKNOWN,WH-001,27,Shipped
ORD-0001945,2026-07-01,SKU-0022,WH-004,46,Cancelled
ORD-0001793,2026-07-10,SKU-0004,WH-008,47,Cancelled
ORD-0000725,2026-08-29,SKU-0052,WH-005,-3,Shipped
ORD-0001360,2026-08-16,SKU-0020,WH-002,41,pend
ORD-0000270,2026-08-26,SKU-0046,WH-006,9,IN TRANSIT 
ORD-0001624,2026-06-26,NA,WH-004,3,shipd
ORD-0000918,2026-08-06,,WH-008,79,Pending
ORD-0002108,2026-08-20,SKU-0000,WH-005,18,shipd
ORD-0001717,2026-06-03,SKU-0006,WC-001,30,Delivered
ORD-0001226,2026-06-21,SKU-0018,WH-004,-6,Cancelled
ORD-0000376,31/31/2026,SKU-0039,WH-002,19,Delivered
ORD-0000334,2026-06-13,SKU-0050,WH-006,18,Delivered
ORD-0001381,,SKU-0006,WH-008,54,Shipped
ORD-0002080,2026-07-31,SKU-0008,WH-002,49,Shipped
ORD-0001119,%Y/%m/%d %H:%M,SKU-0044,WH-005,65,Pending
ORD-0000911,2026-07-14,SKU-0047,WH-0,98,Shipped
ORD-0000777,2026-07-18,SKU-0014,WH-001,85,Delivered
ORD-0001341,2026-07-01,SKU-0055,WH-007,60,Pending
ORD-0000329,2026-07-16,SKU-0030,WH-008,12,Delivered
ORD-0001830,%Y-%m-%d,SKU-0042,WH-008,34,Delivered
ORD-0000013,2026-06-26,SKU-0016,WH-005,11,Pending
ORD-0000898,2026-08-03,SKU-0059,WH-002,81,shipd
ORD-0000172,2026-06-30,SKU-0006,WH-007,52,Delivered
ORD-0000261,2026-08-23,UNKNOWN,WH-002,-2,Shipped
ORD-0001442,2026-07-06,SKU-0005,WH-008,28,Pending
ORD-0001860,,,WH-008,-5,shipd
ORD-0000902,2026-06-19,SKU-0001,WH-004,90,Pending
ORD-0000259,2026-06-29,SKU-0042,WH-008,-6,Cancelled
ORD-0000845,2026-06-19,SKU-0013,WH-007,16,Pending
ORD-0000139,2026-08-18,SKU-0014,WH-005,45,Delivered
ORD-0000320,2026-08-05,SKU-0059,,39,Pending
ORD-0001826,2026-06-07,SKU-0046,WH-008,93,Cancelled
ORD-0001467,%m/%d/%Y,SKU-0007,WH-004,94,Delivered
ORD-0002133,2026-07-09,SKU-0049,WH-002,1,Pending
ORD-0000559,2026-08-27,SKU-0060,WH-001,37,Shipped
ORD-0000140,2026-06-19,SKU-0009,WC-001,31,IN TRANSIT 
ORD-0000113,2026-07-26,SKU-0003,WH-003,27,Shipped
ORD-0000532,%m/%d/%Y,SKU-0051,WH-001,85,Delivered
ORD-0000225,2026-08-11,SKU-0013,WH-006,1,Pending
ORD-0000724,2026-08-04,SKU-0052,WH-999,50,Shipped
ORD-0002054,%d/%m/%Y,UNKNOWN,WH-003,30,Cancelled
ORD-0001754,2026-08-21,SKU-0005,WH-003,3,Shipped
ORD-0000326,2026-06-17,SKU-0009,WH-002,45,Delivered
ORD-0001503,2026-06-24,SKU-0055,WH-006,61,pend
ORD-0001291,2026-07-21,SKU-0044,WH-001,84,Delivered
ORD-0000715,2026-08-13,SKU-0012,WH-005,11,Delivered
ORD-0000847,2026-07-12,SKU-0023,WH-007,69,Delivered
ORD-0000194,2026-06-08,SKU-0002,WH-007,43, shipped
ORD-0000574,2026-07-05,SKU-0030,WH-002,57,Shipped
ORD-0000947,2026-06-14,SKU-0019,WH-005,40,shipd
ORD-0000504,2026-08-15,SKU-0060,WH-002,69,Shipped
ORD-0001396,2026-07-13,SKU-0053,WH-002,93,Delivered
ORD-0001386,2026-06-13,SKU-9999,WH-007,47,CANCELLED 
ORD-0000646,2026-08-07,SKU-0018,WH-008,23,Pending
ORD-0000004,%d/%m/%Y,SKU-0053,WH-008,14,Cancelled
ORD-0002144,2026-08-22,SKU-0041,WH-005,98,Cancelled
ORD-0000468,2026-08-13,SKU-0023,WH-999,-6,Pending
ORD-0000006,2026-07-24,SKU-0020,WH-008,93,Shipped
ORD-0001640,2026-06-07,SKU-0038,WH-008,85,Shipped
ORD-0000548,2026-08-04,SKU-9999,WH-003,71,Shipped
ORD-0000229,2026-08-24, ,WH-004,3,Pending
ORD-0001064,2026-06-08,SKU-0055,WH-003,52,shipd
ORD-0000543,%m/%d/%Y,SKU-0031,WH-004,6, shipped
ORD-0000243,2026-06-07,SKU-0025,,21,Delivered
ORD-0000899,2026-08-19,SKU-0003,WH-004,7,Pending
ORD-0001701,2026-08-20,SKU-0033,WH-003,74,Delivered
ORD-0001161,2026-08-03,SKU-0049,WH-003,32,Shipped
ORD-0001415,2026-08-23,SKU-0004,WH-001,6,Delivered
ORD-0001748,2026-08-31,SKU-0049,WH-005,96,Pending
ORD-0000843,2026-08-28,SKU-0015,WH-001,9,Cancelled
ORD-0001700,2026-07-20,SKU-0021,WH-007,93,Shipped
ORD-0001376,2026-06-10,SKU-0048,WH-003,39,CANCELLED 
ORD-0000277,2026-08-23,SKU-0025,WH-005,86,Shipped
ORD-0000662,2026-06-12,SKU-0055,WH-001,58,Shipped
ORD-0001437,%Y-%m-%d,SKU-0005,WH-003,40,Delivered
ORD-0000315,2026-08-11,SKU-0007,WH-001,13,pend
ORD-0000692,%Y/%m/%d %H:%M,SKU-0020,WH-006,39,Delivered
ORD-0001829,2026-07-21,SKU-0026,WH-008,51,DELIVERD
ORD-0000425,2026-07-04,SKU-0027,WH-004,73,Pending
ORD-0000595,2026-07-24,SKU-0046,WH-001,42,Delivered
ORD-0002193,2026-08-13,SKU-0013,WH-001,89,Shipped
ORD-0000623,2026-08-26,SKU-0013,WH-001,99,Cancelled
ORD-0001394,2026-08-18,SKU-0045,WH-004,26,Cancelled
ORD-0001245,2026-07-05,SKU-0025,WH-999,86,Shipped
ORD-0000228,2026-08-25,SKU-0046,WH-004,54,Cancelled
ORD-0001333,2026-07-27,SKU-0024,WH-999,99,Shipped
ORD-0001170,2026-08-04,SKU-0011,WH-003,60,Delivered
ORD-0002168,2026-08-03,SKU-0032,WH-008,74,Delivered
ORD-0001310,2026-06-08,SKU-0004,WH-006,30,Shipped
ORD-0000067,2026-07-13,SKU-0059,WH-006,89,Pending
ORD-0000025,2026-07-06,UNKNOWN,WH-007,48,Shipped
ORD-0001236,2026-06-19,SKU-0056,WH-008,83,IN TRANSIT 
ORD-0000145,2026-06-23,SKU-0009,WH-007,19,CANCELLED 
ORD-0000537,2026-08-20,SKU-0006,WH-005,-2,Cancelled
ORD-0000812,2026-08-10,SKU-0003,WH-006,69,pend
ORD-0001335,2026-08-16,sku-1001,WH-003,4,Cancelled
ORD-0000086,2026-07-27,NA,WH-004,48,Shipped
ORD-0001255,2026-07-18,SKU-0030,WC-001,47,Shipped
ORD-0001587,2026-07-25,NA,WH-003,16,Delivered
ORD-0001407,2026-06-11,SKU-0053,WH-001,7, shipped
ORD-0001715,2026-07-24,SKU-0002,WH-004,84,Delivered
ORD-0000485,2026-06-21,SKU-0021,WH-999,62,Pending
ORD-0001899,2026-07-25,,WH-001,15,Delivered
ORD-0002116,%d/%m/%Y,SKU-0009,WH-001,72,Cancelled
ORD-0001638,2026-08-22,SKU-0018,WH-004,70,pend
ORD-0001363,2026-06-29,SKU-0013,WH-007,49,Cancelled
ORD-0000363,%m/%d/%Y,SKU-0000,WH-001,28,Cancelled
ORD-0002109,2026-08-27,SKU-0022,WH-005,5,Shipped
ORD-0001884,2026-06-16,SKU-0006,WH-003,48,Cancelled
ORD-0001027,2026-08-04,SKU-0010,WH-003,31,Pending
ORD-0001031,2026-08-10,,WH-007,83,Cancelled
ORD-0001552,2026-06-07,SKU-0059,WH-001,22,Pending
ORD-0001617,%m/%d/%Y,SKU-0016,WH-003,31,Shipped
ORD-0001870,2026-07-28,SKU-0035,WH-002,55,DELIVERD
ORD-0000666,2026-06-26,SKU-0057,WH-005,73,Shipped
ORD-0000365,2026-08-10,SKU-0034,WH-003,93,Cancelled
ORD-0001240,2026-06-29,SKU-0039,WH-003,93,Pending
ORD-0000078,2026-07-29,SKU-0015,WH-005,37,Delivered
ORD-0000028,2026-08-06,SKU-0028,WH-007,-5,Cancelled
ORD-0001721,2026-06-28,SKU-0011,WH-004,97,Delivered
ORD-0000526,2026-07-18,SKU-0042,WH-007,11,Cancelled
ORD-0000726,2026-06-16,,WH-0,88,Cancelled
ORD-0000056,2026-08-21,SKU-0006,WH-003,54,Shipped
ORD-0000639,2026-06-03,SKU-0051,WH-003,78,Cancelled
ORD-0000303,2026-06-08,SKU-0044,WH-001,52,Pending
ORD-0000719,2026-06-25,SKU-0038,WH-006,93,Shipped
ORD-0001448,2026-08-11,SKU-0047,WH-001,62,Delivered
ORD-0000625,2026-06-28,SKU-0021,WH-007,86,Pending
ORD-0000008,2026-07-16,SKU-0036,WH-003,65,Pending
ORD-0001281,2026-08-22,UNKNOWN,WH-006,54,pend
ORD-0000804,2026-06-22,SKU-0032,WH-003,11,Shipped
ORD-0001050,%Y/%m/%d %H:%M,SKU-9999,WH-003,78,Cancelled
ORD-0000337,2026-07-29,SKU-0055,WH-005,66,Shipped
ORD-0000048,2026-07-01,SKU-0037,WH-004,61,Pending
ORD-0001772,2026-06-20,SKU-0000,WH-004,58,pend
ORD-0000107,2026-06-17,SKU-0018,WH-008,71,CANCELLED 
ORD-0000350,2026-08-15,SKU-0045,WH-008,11,Delivered
ORD-0001080,%Y/%m/%d %H:%M,SKU-0050,WH-007,36,Delivered
ORD-0000239,2026-08-30,SKU-0037,WH-003,45,Shipped
ORD-0000214,2026-07-06,SKU-0015,WH-003,68,Cancelled
ORD-0001145,2026-08-02,SKU-0021,WH-006,4,Delivered
ORD-0001491,2026-07-03,SKU-0023,WH-006,95,Cancelled
ORD-0002083,2026-06-10,SKU-0042,WH-999,46,Cancelled
ORD-0000794,2026-08-23,SKU-0032,WH-003,29,Cancelled
ORD-0001097,2026-08-23,SKU-0018,WH-003,80,Shipped
ORD-0001403,2026-06-23,SKU-0054,WH-007,44,Shipped
ORD-0001338,2026-06-27,SKU-0035,WH-003,98, shipped
ORD-0001891,2026-06-12,SKU-0018,WH-008,58,Cancelled
ORD-0001998,2026-07-30,SKU-0000,WH-005,11,Shipped
ORD-0000524,2026-07-15,SKU-0059,WH-006,66,pend
ORD-0000233,2026-13-45,SKU-0014,WH-008,7,pend
ORD-0000645,2026-07-28,SKU-0006,WH-007,9,Cancelled
ORD-0001804,2026-06-21,SKU-0021,WH-007,78,Pending
ORD-0000534,2026-08-22,SKU-0008,WH-0,82,Shipped
ORD-0001805,2026-08-09,SKU-0000,WH-003,53,Pending
ORD-0000604,2026-08-24,SKU-0044,WH-003,69,Cancelled
ORD-0001436,%Y-%m-%d,SKU-0000,WH-007,9,Shipped
ORD-0001075,2026-08-08,SKU-0058,WH-004,44,Cancelled
ORD-0001557,2026-06-09,SKU-0032,WH-007,58,Pending
ORD-0000061,2026-06-30,SKU-0011,WH-002,14,Pending
ORD-0001504,2026-08-10,SKU-0015,WH-006,-7,DELIVERD
ORD-0000093,%Y-%m-%d,SKU-0010,WH-007,61,Delivered
ORD-0000667,2026-08-18,,WH-004,21,Pending
ORD-0001324,2026-06-11,SKU-0058,WH-005,17,Delivered
ORD-0001935,2026-06-02,SKU-0011,WH-008,69,Pending
ORD-0000281,2026-07-23,SKU-0015,WH-0,55,Cancelled
ORD-0001991,%m/%d/%Y,SKU-0047,WH-007,41,Cancelled
ORD-0000360,%Y-%m-%d,SKU-0060,WH-002,24,Cancelled
ORD-0001344,2026-08-11,SKU-0000,WH-007,-2,DELIVERD
ORD-0001392,2026-07-13,SKU-0001,WH-004,39,Pending
ORD-0000848,2026-07-15,SKU-0049,WH-006,1,Cancelled
ORD-0001207,2026-06-08,SKU-0031,WH-005,94,Shipped
ORD-0001794,2026-06-09,SKU-0035,WH-001,23,Pending
ORD-0000111,%d/%m/%Y,SKU-0010,WH-001,8,Shipped
ORD-0000043,2026-06-08, ,WH-003,91,shipd
ORD-0000126,2026-07-13,SKU-0060,WH-002,15,Cancelled
ORD-0000205,2026-08-15,SKU-0023,WH-006,-5,Pending
ORD-0000053,2026-08-22,SKU-0047,WH-004,41,Pending
ORD-0000546,2026-08-17,,WH-005,75,Shipped
ORD-0000069,2026-08-21,SKU-0052,WH-001,6,Shipped
ORD-0001352,2026-08-02,SKU-0030,WH-003,55,shipd
ORD-0001850,%Y-%m-%d,SKU-0050,WH-999,-3,Shipped
ORD-0000184,2026-06-17,SKU-0056,WH-002,-1,Shipped
ORD-0000138,2026-08-24,SKU-0008,WH-004,-2,Cancelled
ORD-0000900,2026-06-15,SKU-0005,WH-002,7, shipped
ORD-0000797,2026-07-06,sku-1001,WH-001,61,Shipped
ORD-0000133,2026-06-09,SKU-0018,WH-007,20,Cancelled
ORD-0000081,2026-08-16,SKU-0051,WH-004,51,Cancelled
ORD-0001777,2026-07-31,SKU-0060,WH-004,86,Shipped
ORD-0001841,2026-06-07,SKU-0057,WC-001,11,Delivered
ORD-0000542,%Y/%m/%d %H:%M,SKU-0035,WH-005,11,CANCELLED 
ORD-0001905,2026-06-21,SKU-0005,WH-004,20,Pending
ORD-0000984,2026-07-17,SKU-0027,WH-001,34,Shipped
ORD-0000166,2026-07-26,SKU-0027,,80,Shipped
ORD-0000249,2026-08-05,SKU-0006,WH-001,-8,pend
ORD-0001332,2026-07-18,SKU-0056,WH-999,44,Shipped
ORD-0000447,2026-07-31,SKU-0049,WH-003,91,Cancelled
ORD-0001367,2026-07-07,SKU-0035,WH-003,30,Pending
ORD-0000859,2026-06-16,SKU-0039,WH-003,98,Delivered
ORD-0001359,2026-06-20,SKU-0048,WH-006,13,IN TRANSIT 
ORD-0002055,2026-08-09,SKU-0027,WH-002,43,CANCELLED 
ORD-0000098,2026-08-28,SKU-0015,WH-008,10,Cancelled
ORD-0001384,2026-07-10,SKU-0031,WH-001,47,Delivered
ORD-0000806,2026-06-07,SKU-0038,WH-004,69,Pending
ORD-0000738,2026-07-15,SKU-0041,WH-003,-4,Delivered
ORD-0002074,2026-06-10,SKU-0007,WH-002,28,Pending
ORD-0000103,2026-07-29,SKU-0030,WH-999,32,canceled
ORD-0000435,2026-08-26,SKU-0029,WH-007,88,Cancelled
ORD-0000075,2026-07-27,SKU-0059,WH-005,25,Pending
ORD-0000578,2026-08-31,SKU-0010,WH-003,96,Pending
ORD-0001427,2026-07-22,SKU-0014,WH-008,-8,Cancelled
ORD-0001495,%d/%m/%Y,SKU-0006,WH-001,19,Shipped
ORD-0001231,2026-07-13,SKU-0004,WH-007,67,Delivered
ORD-0000919,%d/%m/%Y,SKU-0003,WH-005,2,Pending
ORD-0001327,,SKU-0002,WH-004,-7,Shipped
ORD-0002050,2026-07-29,SKU-0024,WH-001,59,Pending
ORD-0001997,2026-06-22,SKU-0016,WH-006,83,pend
ORD-0001934,2026-07-26,SKU-0016,WH-006,-8,Pending
ORD-0000763,2026-06-10,UNKNOWN,WH-003,49,Pending
ORD-0000990,2026-08-10,SKU-0030,WH-008,74,Delivered
ORD-0000389,2026-07-27,SKU-0034,WH-007,82,Shipped
ORD-0000236,2026-08-14,SKU-0005,WH-004,96,Delivered
ORD-0002009,2026-06-29,SKU-0031,WH-003,99,Pending
ORD-0000268,2026-07-05,SKU-0046,WH-008,75,Shipped
ORD-0001330,2026-06-01,SKU-0015,WH-007,52,Pending
ORD-0001411,2026-06-18,SKU-0037,WH-004,91,Delivered
ORD-0000118,2026-08-21,SKU-0043,WH-002,23,Shipped
ORD-0001918,2026-07-12,SKU-0030,WH-002,87,Delivered
ORD-0000674,2026-07-31,SKU-0024,WH-005,13,Delivered
ORD-0000250,2026-06-26,SKU-0000,WH-001,6,Cancelled
ORD-0001739,2026-08-25,SKU-0004,WH-004,30,Delivered
ORD-0000878,2026-07-09,SKU-0044,WH-008,31,Shipped
ORD-0000095,2026-06-11,SKU-0046,WH-008,39,IN TRANSIT 
ORD-0001469,2026-07-02,SKU-0027,WH-008,22,Pending
ORD-0000034,2026-06-09,SKU-0045,WH-001,-6,Cancelled
ORD-0001751,2026-06-25,SKU-0017,WH-004,20,Cancelled
ORD-0001994,2026-07-08,SKU-0004,WH-006,-8, shipped
ORD-0000449,2026-06-02,SKU-0044,WH-008,90,Shipped
ORD-0000717,2026-08-18,NA,WH-005,86,Shipped
ORD-0001928,2026-07-05,SKU-0056,WH-007,98, shipped
ORD-0001866,2026-08-31,SKU-0054,WH-008,56,Cancelled
ORD-0000001,2026-08-20,SKU-0017,WH-006,62,Delivered
ORD-0001641,2026-06-15,,WH-007,94,shipd
ORD-0001102,2026-08-01,SKU-0059,WH-004,50,Pending
ORD-0001109,2026-06-26,SKU-0039,WH-0,23,Pending
ORD-0001456,2026-08-25,sku-1001,WH-001,75,Cancelled
ORD-0000083,2026-07-04,SKU-0039,WH-003,8,Delivered
ORD-0001533,2026-06-26,SKU-0035,WH-007,96,Shipped
ORD-0000677,2026-07-21,SKU-0058,WH-004,39,Delivered
ORD-0001736,2026-06-29,SKU-0033,WH-006,1,Shipped
ORD-0001047,2026-06-03,SKU-0054,WC-001,87,Shipped
ORD-0000771,2026-08-22,SKU-0058,WH-002,30,IN TRANSIT 
ORD-0001648,2026-06-01,SKU-0009,WH-007,48,Pending
ORD-0001524,2026-08-04,SKU-0022,WH-008,62,Pending
ORD-0001889,2026-07-08,SKU-0034,WH-004,50,Cancelled
ORD-0001783,2026-07-13,SKU-0043,WH-003,95,Shipped
ORD-0000405,2026-07-25,SKU-0053,WH-008,19,Cancelled
ORD-0000385,2026-08-06,SKU-0052,WH-008,78,Shipped
ORD-0001546,2026-07-13,SKU-0000,  WH-007  ,65,Delivered
ORD-0002101,2026-06-19,SKU-0051,WH-005,46,CANCELLED 
ORD-0000105,31/31/2026,SKU-0045,WH-002,9,Cancelled
ORD-0000689,2026-08-17,SKU-0045,WH-007,20,Delivered
ORD-0001558,2026-08-15,SKU-0044,WH-003,46,Shipped
ORD-0000827,not-a-date,SKU-0057,WH-007,88,shipd
ORD-0001241,2026-08-16,SKU-0039,WH-008,94,canceled
ORD-0000063,2026-06-23,,  WH-007  ,96,CANCELLED 
ORD-0001306,2026-07-23,SKU-0009,WH-002,74,Pending
ORD-0000853,2026-06-22,SKU-0042,WH-007,26,canceled
ORD-0001615,2026-06-11,SKU-0036,WH-002,1,Cancelled
ORD-0001263,2026-07-18,SKU-0027,WH-008,18,CANCELLED 
ORD-0000224,2026-07-15,SKU-0036,WH-007,28,Delivered
ORD-0000146,2026-06-16,SKU-0027,WH-004,8,Delivered
ORD-0001089,2026-07-31,SKU-0013,WH-006,97,Pending
ORD-0000374,2026-07-02,SKU-0024,WH-004,12,Cancelled
ORD-0001702,2026-08-10,SKU-0051,WH-006,49,Cancelled
ORD-0001143,2026-08-19,SKU-0030,WH-005,81,Cancelled
ORD-0002122,2026-06-17,,WH-004,71,Delivered
ORD-0001789,%m/%d/%Y,SKU-0009,WH-007,56,Cancelled
ORD-0001275,2026-07-14,SKU-0007,WH-002,32,Shipped
ORD-0001266,2026-06-05,,WH-002,47,Shipped
ORD-0001912,2026-07-30,SKU-0040,WH-004,24,Shipped
ORD-0001511,2026-08-24,SKU-0052,WH-007,96,Pending
ORD-0000010,2026-07-22,SKU-0054,WH-007,68,Pending
ORD-0000450,2026-07-30,,WH-006,97,Pending
ORD-0000709,%m/%d/%Y,SKU-0013,WH-005,70,Shipped
ORD-0000256,2026-06-10,SKU-0013,WH-003,24,Delivered
ORD-0000883,2026-06-20,SKU-0057,WH-002,92,Pending
ORD-0000390,2026-08-07,SKU-0053,WH-008,94,IN TRANSIT 
ORD-0001566,2026-07-08,SKU-0010,WH-008,51,Cancelled
ORD-0000909,2026-07-30,SKU-0026,WH-006,55,Shipped
ORD-0000925,2026-08-11,SKU-0041,WH-008,72,Shipped
ORD-0002040,2026-08-28,SKU-0016,WH-001,7,Cancelled
ORD-0001462,%m/%d/%Y,SKU-0035,WH-002,11,Cancelled
ORD-0000461,%m/%d/%Y,SKU-0018,WH-004,30,Delivered
ORD-0001510,2026-06-12,SKU-0032,WH-008,4,Pending
ORD-0002037,2026-06-03,SKU-0019,WH-005,21,Pending
ORD-0001169,2026-07-22,SKU-0007,WH-001,15,Delivered
ORD-0000959,2026-08-05,SKU-0017,WH-008,69,Cancelled
ORD-0000502,%m/%d/%Y,SKU-0046,WH-007,98,Pending
ORD-0000740,%Y/%m/%d %H:%M,NA,WH-005,-2,Cancelled
ORD-0000041,2026-07-27,SKU-0054,WH-006,9,Cancelled
ORD-0000869,2026-06-21,SKU-0044,WH-006,15,Delivered
ORD-0000732,2026-08-10,SKU-0051,WH-005,40,Cancelled
ORD-0000540,%Y-%m-%d,SKU-0037,WH-002,39,shipd
ORD-0001202,2026-06-15,SKU-0007,WH-002,60,Delivered
ORD-0001340,2026-07-08,SKU-0043,WH-005,64,Cancelled
ORD-0000698,2026-07-11,SKU-0001,WH-001,-5,Cancelled
ORD-0001761,2026-07-17, ,WH-001,-6,Delivered
ORD-0001643,2026-08-19,SKU-0038,WH-001,18,Cancelled
ORD-0001372,2026-06-18,SKU-0030,WH-007,58,Shipped
ORD-0001146,2026-08-23,SKU-0012,WH-999,96,Delivered
ORD-0001032,2026-07-12,SKU-0010,,38,Cancelled
ORD-0000373,2026-07-30,SKU-0039,WH-004,80,Delivered
ORD-0000668,2026-06-26,SKU-0038,WH-001,59,Shipped
ORD-0001432,2026-08-29,SKU-0019,WH-004,87,Delivered
ORD-0001825,2026-07-08,SKU-0052,WH-002,44,Cancelled
ORD-0000358,2026-08-05,SKU-0025,WH-005,20,Pending
ORD-0000968,2026-06-06,SKU-0034,WH-001,25, shipped
ORD-0000784,2026-08-07,SKU-0027,WH-005,53,Delivered
ORD-0000736,2026-07-21,SKU-0008,WH-008,60,Shipped
ORD-0001354,2026-07-04,SKU-0044,WH-007,78,Delivered
ORD-0001036,2026-08-17,SKU-0001,WH-008,5,Delivered
ORD-0000971,,NA,WH-002,29,Delivered
ORD-0001824,,SKU-0011,WH-008,2,Delivered
ORD-0001781,2026-06-12,SKU-0053,WH-004,50,Pending
ORD-0002085,2026-06-30,SKU-0058,WH-003,30,Pending
ORD-0001890,%Y-%m-%d,SKU-0044,WH-003,-4,Cancelled
ORD-0001539,%Y/%m/%d %H:%M,SKU-0034,WH-002,20,Cancelled
ORD-0001823,2026-06-18,SKU-0042,WH-004,62,Pending
ORD-0001329,2026-07-21,SKU-0016,WH-003,-7,Delivered
ORD-0001612,2026-08-20,SKU-0014,WH-004,55,Delivered
ORD-0001785,2026-08-26,SKU-0040,WH-005,50,Shipped
ORD-0001426,2026-06-07,SKU-0010,WH-001,31,Delivered
ORD-0001465,2026-07-21,SKU-0007,WH-002,72,Cancelled
ORD-0001963,2026-06-24,SKU-0030,WH-007,97,Cancelled
ORD-0001253,2026-08-09,SKU-0046,WH-006,18,Shipped
ORD-0002029,2026-07-17,SKU-0021,WH-008,97,Cancelled
ORD-0002053,2026-06-20,SKU-0018,WH-005,28,Pending
ORD-0001237,%m/%d/%Y,SKU-0038,WH-004,99,Cancelled
ORD-0000886,2026-07-08,SKU-0032,WH-003,9,Cancelled
ORD-0000080,2026-07-24,,WH-006,-8,Pending
ORD-0001173,2026-07-08,SKU-0003,WH-008,68,Delivered
ORD-0000815,2026-08-09,SKU-0055,WH-003,-4,shipd
ORD-0002183,2026-06-20,SKU-0024,WH-008,88,Shipped
ORD-0000672,2026-07-16,SKU-0048,WH-005,77,Delivered
ORD-0001832,2026-08-15,SKU-0036,WH-007,46,Pending
ORD-0000058,2026-06-21,,WH-007,-7,Delivered
ORD-0000134,2026-07-14,sku-1001,WH-008,-7,Delivered
ORD-0001141,2026-07-31,SKU-0006,WH-003,13,canceled
ORD-0000934,2026-07-29,SKU-0024,WH-007,86,IN TRANSIT 
ORD-0002016,2026-07-17,SKU-0008,WH-007,56,Cancelled
ORD-0000824,2026-07-22,SKU-0030,WH-001,44,Shipped
ORD-0001433,2026-07-09,SKU-0019,WH-006,46,Shipped
ORD-0001629,%m/%d/%Y,SKU-0025,WH-006,25,Pending
ORD-0001215,2026-07-17,SKU-0051,WH-004,49,Shipped
ORD-0000505,2026-06-03,SKU-0014,WH-001,86,Shipped
ORD-0002187,2026-06-14,SKU-0019,WH-006,84,Delivered
ORD-0000348,2026-08-16,SKU-0021,WH-004,17,Delivered
ORD-0000387,2026-06-04,SKU-0014,WH-008,11,Shipped
ORD-0001025,2026-08-21,SKU-0059,WH-001,96,Shipped
ORD-0001385,2026-06-29,SKU-0002,WH-0,53, shipped
ORD-0000895,2026-08-08,SKU-0012,WH-001,44,Pending
ORD-0000829,2026-06-23,SKU-0018,WH-008,49,canceled
ORD-0002157,2026-08-21,SKU-0034,WH-006,21,Pending
ORD-0000476,2026-07-24,SKU-0038,WH-006,76,Pending
ORD-0002178,2026-06-25,SKU-0038,WH-006,69,Pending
ORD-0001732,2026-07-06,SKU-0012,WH-004,30,Shipped
ORD-0001669,2026-08-12,SKU-0007,WH-007,92, shipped
ORD-0000653,2026-08-30,SKU-0015,WH-001,18,Cancelled
ORD-0000173,2026-08-21,SKU-0060,WH-001,47,Cancelled
ORD-0001475,2026-08-29,SKU-0040,WH-007,72,Pending
ORD-0001150,2026-06-19,SKU-0022,WH-003,33,Pending
ORD-0000039,2026-07-11,SKU-0019,WC-001,14,Pending
ORD-0000714,2026-08-13,SKU-0047,WH-001,91,Shipped
ORD-0000091,2026-08-29,SKU-0028,WH-005,70,canceled
ORD-0000167,2026-06-08,SKU-0031,WH-001,75,DELIVERD
ORD-0001206,2026-07-08,SKU-0035,WH-006,25,Delivered
ORD-0000876,2026-08-11,SKU-0033,WH-002,25,Shipped
ORD-0001613,2026-07-06,SKU-0024,WH-002,12,Pending
ORD-0002004,2026-07-09,SKU-0049,WH-004,37,CANCELLED 
ORD-0002156,2026-08-02,SKU-0003,WH-003,70,Cancelled
ORD-0001094,2026-06-07,SKU-0048,WH-002,58,DELIVERD
ORD-0001156,2026-08-05,SKU-0055,WH-002,-6,Delivered
ORD-0001325,2026-06-30,SKU-0045,WH-006,54,Delivered
ORD-0001661,2026-07-09,SKU-0054,WH-006,90,Cancelled
ORD-0001351,2026-06-09,UNKNOWN,WH-004,39,Delivered
ORD-0000511,2026-06-15,SKU-0003,WH-002,67,Cancelled
ORD-0000500,2026-08-27,SKU-0011,WH-006,64,Cancelled
ORD-0001619,2026-06-15,SKU-0021,WH-003,19,Cancelled
ORD-0001938,2026-07-14,UNKNOWN,WH-003,-1,Shipped
ORD-0001520,2026-07-15,SKU-0006,WH-002,97,DELIVERD
ORD-0000339,2026-07-13,SKU-9999,WH-004,18,Delivered
ORD-0001967,2026-07-16,SKU-0021,WH-005,85,Delivered
ORD-0001189,2026-08-09,SKU-0024,WH-007,50,Shipped
ORD-0000029,2026-08-11,SKU-0031,WH-006,64,Pending
ORD-0001541,2026-06-21,SKU-0000,WH-001,73,Cancelled
ORD-0001218,2026-07-04,SKU-0012,  WH-007  ,15,Delivered
ORD-0001677,2026-07-24,SKU-0008,WH-004,16,Cancelled
ORD-0000795,2026-08-25,SKU-0045,WH-008,93,Delivered
ORD-0000946,2026-07-02,SKU-0036,WH-008,65,Cancelled
ORD-0001763,2026-08-01,SKU-0044,WH-003,3,Delivered
ORD-0000170,2026-07-04,SKU-0010,WC-001,73,Cancelled
ORD-0002107,2026-06-23,SKU-0036,WH-004,-4,Cancelled
ORD-0001198,2026-08-21,SKU-0056,WH-004,60,Delivered
ORD-0001543,2026-06-05,SKU-0000,WH-007,-6,Pending
ORD-0001254,2026-08-24,SKU-0001,WH-002,71,Pending
ORD-0001671,2026-08-10,SKU-0052,WH-008,68,Shipped
ORD-0000913,%d/%m/%Y,SKU-0046,WH-006,87,canceled
ORD-0000492,2026-06-13,SKU-0008,WH-006,25,Delivered
ORD-0000954,2026-07-09,SKU-0027,WH-002,13,Pending
ORD-0001098,2026-08-25,SKU-0059,WH-001,72,Shipped
ORD-0001033,2026-08-17,SKU-0043,WH-002,53,Delivered
ORD-0000588,2026-08-29,SKU-0029,WH-004,5,Shipped
ORD-0000751,%m/%d/%Y,,WH-005,60,Shipped
ORD-0000658,2026-08-30,SKU-0000,WH-007,97,Delivered
ORD-0000235,2026-08-05,SKU-0021,WH-007,95,Pending
ORD-0000733,2026-07-17,SKU-0054,WH-001,37,Shipped
ORD-0000767,2026-07-12,SKU-0012,WH-006,6,canceled
ORD-0001950,2026-08-19,sku-1001,WH-008,69,Pending
ORD-0001157,2026-08-23,SKU-0026,WH-003,88,Pending
ORD-0001865,%Y/%m/%d %H:%M,SKU-0027,WH-004,19,Pending
ORD-0002058,2026-08-04,SKU-0042,WH-002,-4,Delivered
ORD-0001943,%Y-%m-%d,SKU-0022,WH-006,16,Cancelled
ORD-0000935,2026-06-09,SKU-0032,WH-003,26,Delivered
ORD-0001210,2026-07-22,SKU-0027,WC-001,-8,Pending
ORD-0001066,2026-08-01,SKU-0015,WH-008,40,Cancelled
ORD-0000109,2026-08-27,SKU-0041,WH-001,37, shipped
ORD-0002018,2026-07-24,SKU-0011,WH-004,79,Pending
ORD-0000569,2026-06-23,SKU-0027,WH-005,27,Delivered
ORD-0001168,2026-08-19,SKU-0028,WH-002,25,Delivered
ORD-0001175,2026-08-24,SKU-0012,WH-005,80,Cancelled
ORD-0001589,2026-07-29,SKU-0039,WH-008,74,Delivered
ORD-0001508,2026-07-15,SKU-0048,WH-004,61,Pending
ORD-0001493,2026-06-09,,WH-008,26,Pending
ORD-0000891,2026-07-27,SKU-0003,WH-005,76,Delivered
ORD-0000948,2026-06-30,SKU-0017,WH-004,78,Cancelled
ORD-0001049,2026-08-22,SKU-0047,WH-002,41,Pending
ORD-0001614,2026-07-13,SKU-0050,WH-003,-4,Cancelled
ORD-0001842,2026-07-31,SKU-0034,WC-001,26,Cancelled
ORD-0001731,2026-08-05,SKU-0013,WH-007,80,Shipped
ORD-0000885,2026-08-06,SKU-0032,WH-004,73,Delivered
ORD-0002076,2026-08-14,SKU-0020,WH-003,37,Shipped
ORD-0002173,2026-08-28,SKU-0010,WH-004,39,Shipped
ORD-0001847,2026-06-08,SKU-0056,WH-999,50,Pending
ORD-0000851,not-a-date,SKU-0021,WH-008,52,Shipped
ORD-0001588,2026-07-13,SKU-0035,WH-003,23,Pending
ORD-0001408,2026-07-03,SKU-0010,WH-003,-3,Shipped
ORD-0000735,2026-06-15,SKU-0033,WH-007,45,Pending
ORD-0000718,2026-07-20,SKU-0002,WH-003,95,Pending
ORD-0000455,2026-07-04,SKU-0053,WH-006,27,Delivered
ORD-0000265,2026-07-28,SKU-0046,WH-007,14,DELIVERD
ORD-0000076,%d/%m/%Y,SKU-0049,WH-001,89,Shipped
ORD-0001983,2026-08-11,SKU-0017,WH-005,84,Pending
ORD-0000445,2026-06-11,SKU-0048,WH-001,97,Pending
ORD-0000396,2026-08-10,SKU-0020,WH-007,87,DELIVERD
ORD-0000177,2026-07-04,SKU-0001,WH-007,84,Delivered
ORD-0001043,2026-07-31,SKU-0052,WH-001,45,IN TRANSIT 
ORD-0002067,2026-07-18,SKU-0028,WH-003,66,Pending
ORD-0001675,2026-06-13,SKU-0002,WH-006,45,Pending
ORD-0001808,2026-08-20,SKU-0043,WH-007,73,canceled
ORD-0001647,2026-07-11,SKU-0001,WH-005,9,Pending
ORD-0000596,2026-07-16,SKU-0016,WH-006,57,Cancelled
ORD-0000062,2026-07-30,SKU-0003,WH-002,14,Pending
ORD-0001297,2026-06-10,SKU-0009,WH-006,49,Cancelled
ORD-0000873,2026-07-02,SKU-0010,WH-008,41,Delivered
ORD-0001784,2026-07-27,SKU-0018,WH-001,37,Cancelled
ORD-0000217,2026-07-29,SKU-0026,WH-004,8,Delivered
ORD-0000279,2026-06-07,SKU-0036,WH-006,9,Shipped
ORD-0001549,2026-07-17,SKU-0054,WH-003,54,Pending
ORD-0001393,2026-08-10,SKU-0023,WH-001,23,Delivered
ORD-0000037,2026-08-23,SKU-0014,WH-003,46,Shipped
ORD-0001813,2026-08-11,SKU-0058,WH-002,12,Pending
ORD-0000663,2026-08-04,,WH-008,50,CANCELLED 
ORD-0002110,2026-07-07,SKU-0029,WH-003,20,Cancelled
ORD-0001729,2026-06-09,SKU-0048,WH-003,19,Delivered
ORD-0000978,2026-06-01,SKU-0025,WH-002,63,Shipped
ORD-0001572,2026-08-23,SKU-0033,  WH-007  ,40,Pending
ORD-0001879,2026-07-03,SKU-0048,WH-004,16,Shipped
ORD-0000739,2026-07-22,SKU-0025,WH-007,24,Pending
ORD-0000192,2026-07-22,SKU-0005,WH-007,99,Cancelled
ORD-0000920,2026-06-25,sku-1001,WH-008,24,Pending
ORD-0000457,2026-08-17,SKU-0025,WH-003,58,Delivered
ORD-0001418,2026-08-31,SKU-0028,WH-006,94,Shipped
ORD-0000676,2026-07-11,SKU-0050,WH-005,35,DELIVERD
ORD-0000761,2026-07-25,SKU-0028,WH-006,2,CANCELLED 
ORD-0002111,2026-07-11,SKU-0060,WH-005,83,Cancelled
ORD-0001913,%Y-%m-%d,SKU-0027,WH-001,45,Shipped
ORD-0000729,2026-06-11,SKU-0045,WH-001,7,Delivered
ORD-0001968,%m/%d/%Y,SKU-0023,WH-003,41,Pending
ORD-0001400,2026-08-20,SKU-0014,WH-005,78,shipd
ORD-0000413,2026-07-26,SKU-0051,  WH-007  ,69,Shipped
ORD-0001099,2026-07-29,SKU-0023,WH-002,34,Cancelled
ORD-0001517,2026-06-19,SKU-0012,WH-007,79,Pending
ORD-0001650,2026-06-27,SKU-0008,WH-005,-4,Pending
ORD-0001525,2026-06-28,SKU-0022,WH-002,75,Cancelled
ORD-0000826,2026-07-20,SKU-0023,WH-003,19,Shipped
ORD-0001791,2026-08-22,SKU-0030,WH-001,52,pend
ORD-0000617,2026-08-13,SKU-0023,WH-002,40,Cancelled
ORD-0000115,2026-06-18,SKU-0012,WH-002,61,Cancelled
ORD-0000418,2026-07-11,SKU-0003,WH-004,37,Cancelled
ORD-0002167,2026-07-25,SKU-0025,WH-007,39,Shipped
ORD-0001626,2026-08-18,SKU-0059,WH-005,24,Shipped
ORD-0000970,2026-06-18,SKU-0060,WC-001,53,Delivered
ORD-0000605,2026-07-14,SKU-0046,WH-007,58,CANCELLED 
ORD-0002171,%m/%d/%Y,SKU-0004,WH-001,-8,Delivered
ORD-0000090,2026-08-14,SKU-9999,WH-004,76,Cancelled
ORD-0000849,2026-06-03,SKU-0040,WH-005,63,Cancelled
ORD-0001819,2026-07-25,SKU-9999,WH-004,12,Delivered
ORD-0000213,2026-06-27,SKU-0007,WH-002,68,Delivered
ORD-0000754,2026-06-23,SKU-0005,WH-004,25,DELIVERD
ORD-0000499,2026-08-13,SKU-0035,WH-005,45,Delivered
ORD-0001277,%d/%m/%Y,SKU-0040,,55,Delivered
ORD-0001326,2026-08-16,SKU-0047,WH-003,94,Shipped
ORD-0001631,2026-06-19,SKU-0057,WH-005,37,Delivered
ORD-0000012,%m/%d/%Y,SKU-0038,WH-006,36,Cancelled
ORD-0000397,%Y/%m/%d %H:%M,SKU-0045,WH-002,70,Pending
ORD-0000285,2026-07-05,SKU-0035,WH-007,56,Shipped
ORD-0002163,%Y-%m-%d,UNKNOWN,WH-003,15,Shipped
ORD-0001067,%Y-%m-%d,,WH-007,75,CANCELLED 
ORD-0001192,%m/%d/%Y,SKU-0057,WH-999,-3,Pending
ORD-0001441,2026-06-11,SKU-0036,WH-005,96,Delivered
ORD-0001601,2026-08-24,SKU-0046,WH-004,-3,Cancelled
ORD-0002181,31/31/2026,SKU-0011,WC-001,4,Cancelled
ORD-0002068,2026-07-02,SKU-0022,WH-007,-4,Pending
ORD-0001451,2026-07-12,SKU-0051,WH-003,48,Pending
ORD-0000691,2026-06-10,SKU-0005,WH-007,77,Shipped
ORD-0001948,2026-06-01,SKU-0016,WH-007,79,Pending
ORD-0001569,2026-07-02,SKU-0039,WH-001,12,Shipped
ORD-0002149,2026-08-12,SKU-0056,WH-005,41,Shipped
ORD-0000690,2026-07-07,SKU-0047,WH-005,-1,Shipped
ORD-0001688,2026-06-02,SKU-0025,WH-005,-6,Pending
ORD-0000852,2026-08-27,SKU-0007,WH-007,62,Delivered
ORD-0001499,%d/%m/%Y,SKU-0055,WH-002,28,Delivered
ORD-0000160,2026-08-11,SKU-0001,WH-008,-4,Cancelled
ORD-0000896,2026-06-02,SKU-0017,WH-999,57,Cancelled
ORD-0001883,2026-06-10,SKU-0044,WH-003,34,Shipped
ORD-0000258,2026-07-30,SKU-0026,WH-007,12,Shipped
ORD-0000336,2026-07-03,SKU-0026,WC-001,94,pend
ORD-0002151,2026-06-05,SKU-0046,WH-001,92,Cancelled
ORD-0001040,2026-06-25,UNKNOWN,WH-006,22,Delivered
ORD-0000516,2026-07-24,SKU-0020,WH-003,52,Pending
ORD-0001349,2026-08-29,SKU-0047,WH-006,75,Cancelled
ORD-0001016,2026-08-31,SKU-0038,WH-002,42,DELIVERD
ORD-0000769,2026-08-07,SKU-0039,WH-006,25,Delivered
ORD-0002075,2026-08-24,SKU-0008,WH-001,47,Pending
ORD-0000442,2026-07-20,SKU-0045,WH-005,90,Pending
ORD-0001775,2026-06-23,SKU-0046,WH-006,44,Cancelled
ORD-0000762,2026-07-28,SKU-0016,WH-007,1,DELIVERD
ORD-0001247,2026-08-01,SKU-0039,WH-003,62,pend
ORD-0001204,2026-08-19,SKU-0032,WH-005,32,Pending
ORD-0001757,%Y-%m-%d,SKU-0028,WH-004,70,Delivered
ORD-0001124,2026-07-23,SKU-0047,WH-006,24,Cancelled
ORD-0000522,2026-08-06,SKU-0040,WH-006,51,Pending
ORD-0000023,2026-06-03,SKU-0005,WH-007,3,Delivered
ORD-0000357,2026-07-03,SKU-0017,WH-004,29, shipped
ORD-0001278,2026-07-16,SKU-0004,  WH-007  ,87,Cancelled
ORD-0001313,2026-06-30,SKU-0050,WH-003,8,Pending
ORD-0001636,2026-08-08,SKU-0026,WH-001,61,Cancelled
ORD-0002013,2026-07-27,SKU-0014,WH-007,33,Cancelled
ORD-0000341,2026-06-08,SKU-0012,WH-007,69,Cancelled
ORD-0000432,%m/%d/%Y,SKU-0056,WH-003,9,Cancelled
ORD-0000474,2026-07-22,SKU-0059,WH-001,65,Shipped
ORD-0000218,2026-08-31,SKU-0026,WH-008,30,Pending
ORD-0000912,2026-08-18,SKU-0029,WH-008,69,Shipped
ORD-0001228,2026-07-11,SKU-0051,WH-003,40,Cancelled
ORD-0001906,2026-07-22,SKU-0032,WH-0,65,Pending
ORD-0001012,2026-08-28,SKU-0026,WH-005,10,Delivered
ORD-0000958,2026-06-16,SKU-0036,WH-004,38,Delivered
ORD-0000094,2026-07-21,SKU-0035,WH-007,88,CANCELLED 
ORD-0001009,2026-07-20,SKU-0055,,31,Shipped
ORD-0001071,2026-06-22,SKU-0042,WH-008,96,Delivered
ORD-0001093,2026-06-26,SKU-0008,WH-003,12,CANCELLED 
ORD-0001894,2026-06-15,SKU-0038,WH-007,99,Pending
ORD-0001309,2026-08-08,SKU-0004,WH-002,45,Delivered
ORD-0000697,%m/%d/%Y,SKU-0034,WH-001,61,canceled
ORD-0001110,2026-06-07,sku-1001,WH-003,18,Shipped
ORD-0000997,2026-07-31, ,WH-008,53,Pending
ORD-0001459,2026-08-06,SKU-0020,WH-003,44,Delivered
ORD-0001680,%Y-%m-%d,SKU-0014,WH-001,28,Pending
ORD-0000154,2026-08-21,SKU-0031,WH-004,-2,Cancelled
ORD-0001100,2026-06-08,SKU-0019,WH-003,13,Shipped
ORD-0000247,2026-06-05,SKU-0007,WH-007,49,Shipped
ORD-0000780,2026-07-22,SKU-0037,WH-007,10,Shipped
ORD-0000790,2026-08-17,SKU-0010,WH-002,69,Shipped
ORD-0000581,2026-06-01,SKU-0050,WH-002,67,Cancelled
ORD-0001471,2026-06-19,SKU-0023,WH-007,84,Shipped
ORD-0000704,2026-07-18,SKU-0059,WH-0,81,pend
ORD-0001213,2026-07-14,SKU-0051,WH-005,73,Pending
ORD-0001296,%m/%d/%Y,SKU-0000,WH-007,90,Delivered
ORD-0001992,2026-08-20,SKU-9999,WH-006,24,Pending
ORD-0001261,2026-06-21,SKU-0003,WH-008,80,Delivered
ORD-0000488,2026-08-28,SKU-0038,WH-005,98,Shipped
ORD-0001625,not-a-date,SKU-0023,WH-007,38,Shipped
ORD-0000560,2026-08-29,SKU-0002,WH-007,91,Shipped
ORD-0001142,2026-06-02,SKU-0003,WH-005,12,Delivered
ORD-0002061,2026-07-05,SKU-0020,WH-004,13,Cancelled
ORD-0001120,2026-08-26,SKU-0045,WH-006,41,Shipped
ORD-0000802,%m/%d/%Y,SKU-0039,WH-006,95,Delivered
ORD-0000513,2026-08-30,SKU-0051,WH-004,46,Shipped
ORD-0000634,2026-08-16,SKU-0016,WH-004,93,Shipped
ORD-0001770,2026-08-21,SKU-0039,WH-003,15,Delivered
ORD-0001665,2026-06-09,SKU-0039,WH-999,71,Cancelled
ORD-0001013,2026-08-06,SKU-0035,WH-001,-3,IN TRANSIT 
ORD-0001848,2026-07-30,SKU-0022,WH-007,38,Pending
ORD-0001151,%Y-%m-%d,SKU-0038,WH-003,38,Cancelled
ORD-0000791,2026-06-05,SKU-0007,WH-003,9,Delivered
ORD-0000117,2026-06-04,SKU-0051,WH-001,94,Shipped
ORD-0001498,2026-07-24,SKU-0004,WH-001,91,Cancelled
ORD-0000741,%d/%m/%Y,SKU-0000,WH-004,88,Shipped
ORD-0002025,2026-07-08,SKU-0049,WH-007,5,Shipped
ORD-0001082,2026-08-21,SKU-0018,WH-008,44,Shipped
ORD-0001628,2026-07-27,SKU-0035,WH-002,56,DELIVERD
ORD-0000831,2026-08-15,SKU-0033,WH-008,-8,Cancelled
ORD-0000120,2026-08-13,SKU-0060,WH-007,48,Delivered
ORD-0000657,2026-06-25,SKU-0006,WH-008,38,Cancelled
ORD-0001981,2026-08-28,SKU-0028,  WH-007  ,95,DELIVERD
ORD-0001923,2026-08-09,,WH-006,19,canceled
ORD-0002166,%d/%m/%Y,SKU-0026,WH-002,84,Shipped
ORD-0000636,2026-08-16,SKU-0058,WH-008,50,Pending
ORD-0000370,2026-08-17,SKU-0006,  WH-007  ,21, shipped
ORD-0000269,2026-08-11,SKU-0039,WH-003,34,Delivered
ORD-0000656,2026-07-26,SKU-0022,WH-006,20,Pending
ORD-0000936,2026-07-18,SKU-0030,WH-004,81,Delivered
ORD-0000823,2026-08-28,SKU-0007,WH-003,5, shipped
ORD-0000867,2026-08-21,SKU-0016,WH-007,33,Pending
ORD-0000047,2026-08-13,SKU-0047,WH-006,43,Cancelled
ORD-0001374,2026-07-18,SKU-0058,WH-003,32,canceled
ORD-0002046,%Y/%m/%d %H:%M,SKU-0018,WH-003,69,Pending
ORD-0000992,%d/%m/%Y,SKU-0015,WH-008,83,Delivered
ORD-0000877,2026-06-28,SKU-0036,WH-001,5,Shipped
ORD-0000774,2026-07-27,SKU-0037,WH-004,-4,Cancelled
ORD-0001220,%Y-%m-%d,SKU-0004,WH-006,88,pend
ORD-0001127,2026-07-26,SKU-0007,WH-008,87,Pending
ORD-0000005,%Y/%m/%d %H:%M,SKU-0048,WH-008,84,Delivered
ORD-0002098,2026-07-30,SKU-0042,WH-0,35,Cancelled
ORD-0001004,2026-08-23,SKU-0046,WH-001,33,Delivered
ORD-0001995,%Y/%m/%d %H:%M,SKU-0008,WH-004,97,Pending
ORD-0002059,%Y/%m/%d %H:%M,SKU-0003,WH-007,-5,Delivered
ORD-0000264,2026-07-19,SKU-0023,WH-002,45,Cancelled
ORD-0001877,2026-08-09,SKU-0006,  WH-007  ,14,canceled
ORD-0000613,2026-08-20,SKU-0032,WH-008,33,Delivered
ORD-0000444,2026-08-22,SKU-0050,WH-005,88,Pending
ORD-0001003,2026-07-10,SKU-0043,WH-006,35,Cancelled
ORD-0001078,2026-07-28,NA,WH-002,73,Pending
ORD-0000838,2026-07-30,SKU-0046,WH-008,24,Cancelled
ORD-0000682,2026-06-20,SKU-0048,  WH-007  ,-1,Pending
ORD-0001716,2026-08-20,SKU-0045,WH-003,45,Pending
ORD-0000305,not-a-date,,WH-008,77,Shipped
ORD-0001366,2026-08-24,SKU-0035,WH-004,91, shipped
ORD-0001863,2026-13-45,SKU-0000,WH-003,4,IN TRANSIT 
ORD-0000314,2026-08-06,SKU-0022,WH-008,47,Pending
ORD-0000150,2026-06-07,SKU-0009,WH-007,7,Pending
ORD-0001149,2026-06-08,SKU-0042,WH-008,27,Delivered
ORD-0001214,2026-06-07,SKU-9999,WH-004,23,Delivered
ORD-0000575,2026-06-21,SKU-0015,WH-002,29,Delivered
ORD-0001722,2026-07-12,SKU-0002,WH-008,76,Pending
ORD-0001689,2026-06-27,sku-1001,WH-008,9,Delivered
ORD-0000051,2026-07-05,SKU-0051,WH-005,71, shipped
ORD-0001857,2026-06-22,,WH-003,72,Pending
ORD-0000727,%m/%d/%Y,SKU-0002,WH-005,22,Pending
ORD-0000834,2026-08-09,SKU-0037,WH-001,62,Pending
ORD-0001378,2026-08-01,SKU-0052,WH-005,39,Shipped
ORD-0001116,2026-07-24,SKU-0039,WH-008,36,Delivered
ORD-0001167,2026-07-11,SKU-0031,WH-006,1,Shipped
ORD-0000471,2026-06-25,SKU-0030,WH-003,64,Cancelled
ORD-0000972,2026-06-15,SKU-0056,WH-008,-8,Shipped
ORD-0000654,2026-07-09,SKU-0017,WH-002,91,Delivered
ORD-0000400,2026-08-12,SKU-0004,WH-007,24,Cancelled
ORD-0000512,2026-07-19,SKU-0040,WH-004,67,Pending
ORD-0001917,2026-06-10,SKU-0039,WH-001,87, shipped
ORD-0000321,2026-07-05,SKU-0012,WH-003,-7,Delivered
ORD-0000020,2026-07-13,SKU-0029,WH-0,58,Shipped
ORD-0000685,2026-06-06,SKU-0028,WH-007,91,Shipped
ORD-0000036,2026-06-20,SKU-0000,WH-005,5,Cancelled
ORD-0000903,2026-06-08,SKU-0026,WH-007,97,Cancelled
ORD-0002093,%d/%m/%Y,SKU-0002,WH-004,17,Cancelled
ORD-0000828,%Y/%m/%d %H:%M,SKU-0053,WH-001,14,Delivered
ORD-0000525,2026-08-18,SKU-0001,WH-005,78,Shipped
ORD-0000408,%Y/%m/%d %H:%M,NA,WH-003,42,Pending
ORD-0000921,2026-07-21,SKU-0022,WH-002,18,Pending
ORD-0000538,2026-06-11,SKU-0013,WH-008,-4,Shipped
ORD-0000759,2026-07-31,SKU-0000,WH-002,51,Pending
ORD-0001706,2026-06-02,SKU-0021,WH-008,17,Cancelled
ORD-0002165,2026-07-07,SKU-0050,WH-003,29,Pending
ORD-0001063,2026-06-24,SKU-0050,WH-003,95,IN TRANSIT 
ORD-0001200,2026-08-29,SKU-0009,WH-004,80,shipd
ORD-0000246,2026-08-18,SKU-0009,,70,Delivered
ORD-0001835,2026-07-26,SKU-0034,WH-004,42,Cancelled
ORD-0001417,%Y/%m/%d %H:%M,SKU-0026,WH-007,22,pend
ORD-0001128,2026-06-08,SKU-0010,WH-002,74,Cancelled
ORD-0000785,2026-08-09,SKU-0012,WH-004,44,shipd
ORD-0001410,2026-08-16,SKU-0008,WH-006,93,canceled
ORD-0000490,2026-07-27,SKU-0046,WH-003,15,Pending
ORD-0000155,2026-07-18,SKU-0023,WH-008,11,CANCELLED 
ORD-0001663,%d/%m/%Y,SKU-0043,WH-003,44,DELIVERD
ORD-0000962,2026-07-25,SKU-9999,WH-003,60,Pending
ORD-0001687,2026-07-29,SKU-0040,WH-001,62,Cancelled
ORD-0000854,not-a-date,SKU-0043,WH-004,36,Pending
ORD-0001312,2026-06-23,SKU-0044,WH-003,-8,Shipped
ORD-0000626,2026-06-23,SKU-0012,WH-007,15,Cancelled
ORD-0001816,%d/%m/%Y,SKU-0003,WH-007,25,IN TRANSIT 
ORD-0000686,,SKU-0032,WH-007,58,Shipped
ORD-0001869,2026-08-21,SKU-0020,WH-006,23,Cancelled
ORD-0000570,%m/%d/%Y,SKU-0032,WH-0,63,Delivered
ORD-0000566,2026-07-26,NA,WH-002,70,Cancelled
ORD-0001759,2026-08-18,SKU-0027,WH-001,86,Cancelled
ORD-0001817,2026-07-20,SKU-0025,WH-007,46,Pending
ORD-0000018,2026-06-02,SKU-0043,WH-001,24,Cancelled
ORD-0000128,2026-06-20,SKU-0033,WH-999,38,Shipped
ORD-0001347,2026-08-28,,WH-006,87,Delivered
ORD-0001280,2026-08-09,NA,WH-008,73,Pending
ORD-0002196,2026-06-22,SKU-0003,WH-0,48,Cancelled
ORD-0000928,2026-07-04,SKU-0057,  WH-007  ,39,Delivered
ORD-0000981,2026-06-18,SKU-0040,WH-003,68,Pending
ORD-0000253,2026-07-06,SKU-0015,WH-002,52,Shipped
ORD-0000191,2026-07-05,SKU-0049,WH-007,12,Cancelled
ORD-0001140,2026-06-17,SKU-0037,WH-003,42,Shipped
ORD-0000993,2026-08-25,SKU-0042,WH-006,56,Delivered
ORD-0000700,2026-06-19,SKU-0058,WH-001,74,Cancelled
ORD-0002096,2026-07-22,,WH-006,51,CANCELLED 
ORD-0000607,%d/%m/%Y,SKU-0004,WH-008,2, shipped
ORD-0000181,2026-07-26,SKU-0042,WH-001,-7,Cancelled
ORD-0000302,2026-07-30,SKU-0009,WH-008,65,Pending
ORD-0000497,2026-07-26,SKU-0014,WH-003,58,Cancelled
ORD-0002032,%m/%d/%Y,SKU-0029,WH-001,22,pend
ORD-0002190,2026-07-11,SKU-0032,WH-006,17,CANCELLED 
ORD-0002024,2026-06-28,SKU-0036,WH-007,49,Pending
ORD-0002086,2026-08-12,SKU-0046,WH-006,51,Cancelled
ORD-0001959,2026-06-22,SKU-0044,WH-004,66,CANCELLED 
ORD-0000518,2026-08-12,SKU-0058,WH-003,11,DELIVERD
ORD-0001397,2026-06-10,SKU-0055,WH-007,61,Delivered
ORD-0001070,2026-08-22,SKU-0009,WH-008,81, shipped
ORD-0000477,2026-07-30,SKU-0012,WH-001,55,Delivered
ORD-0000158,2026-08-29,SKU-0053,WH-008,71,Shipped
ORD-0001244,2026-08-15,SKU-0031,WH-003,55,Pending
ORD-0001196,2026-07-15,SKU-0001,WH-004,30,shipd
ORD-0000017,2026-08-27,SKU-0054,WH-003,98,Cancelled
ORD-0001536,%Y-%m-%d,sku-1001,WH-001,62,Delivered
ORD-0001073,2026-06-23,SKU-0030,WH-007,59,Cancelled
ORD-0002198,2026-07-10,SKU-0028,WH-008,72,Delivered
ORD-0000547,2026-06-14,SKU-0044,WH-001,96,Pending
ORD-0001540,2026-06-18,SKU-0021,WH-001,15,Delivered
ORD-0000659,2026-07-10,SKU-0020,WH-003,95,Delivered
ORD-0001941,2026-08-06,SKU-0037,WH-006,95,Cancelled
ORD-0001853,2026-07-14,SKU-0054,WH-008,35,Cancelled
ORD-0001020,2026-06-28,SKU-0013,WH-002,95,Pending
ORD-0001988,2026-06-27,SKU-0017,WH-002,97,Pending
ORD-0001505,2026-06-22,SKU-0000,WH-999,31,Cancelled
ORD-0000960,2026-06-25,SKU-0051,WH-006,31,Pending
ORD-0002153,2026-07-16,SKU-0038,WH-008,51,Delivered
ORD-0000284,2026-06-11,NA,WH-999,77,Cancelled
ORD-0001633,2026-06-05,SKU-0039,WH-007,31,Cancelled
ORD-0000798,2026-07-04,SKU-0045,WH-004,71,Shipped
ORD-0001942,%m/%d/%Y,SKU-0032,WH-004,45,Shipped
ORD-0000226,2026-08-10,SKU-0047,WH-004,18,Delivered
ORD-0000027,2026-06-05,SKU-0030,WH-001,31,Cancelled
ORD-0002088,2026-08-01,sku-1001,WH-005,73, shipped
ORD-0001800,2026-06-30,SKU-0054,WH-004,61,Delivered
ORD-0000438,2026-07-18,SKU-0043,WH-001,81,Pending
ORD-0002186,,SKU-0060,WH-003,11,canceled
ORD-0001389,2026-06-21,SKU-0014,WH-001,30,Pending
ORD-0000230,%m/%d/%Y,SKU-0051,WH-001,66,Shipped
ORD-0000038,2026-08-01, ,WC-001,23,Shipped
ORD-0001694,2026-06-25,SKU-0050,WH-007,21,Shipped
ORD-0000750,2026-07-29,SKU-0038,WH-002,91,Cancelled
ORD-0001046,2026-06-21,SKU-0056,WH-004,44,Pending
ORD-0001399,%Y-%m-%d,SKU-0001,WH-001,-7,Pending
ORD-0000470,2026-06-21,SKU-0002,WH-006,86,Shipped
ORD-0001907,2026-08-17,SKU-0034,WH-001,61,Shipped
ORD-0002142,2026-06-29,SKU-0026,WC-001,4,Delivered
ORD-0002195,2026-07-14,SKU-0005,WH-004,77,canceled
ORD-0000688,2026-08-06,SKU-0010,WH-008,11,Pending
ORD-0001057,31/31/2026,UNKNOWN,WH-006,45,Shipped
ORD-0000640,2026-06-01,SKU-0047,WH-002,23,Delivered
ORD-0002051,2026-06-01,SKU-0036,WH-006,95,CANCELLED 
ORD-0001219,2026-06-23,SKU-0011,,24,Cancelled
ORD-0001159,2026-08-12,SKU-0001,WH-005,66,IN TRANSIT 
ORD-0001416,2026-08-08,SKU-0015,WH-002,5,Pending
ORD-0001955,2026-08-27,SKU-0029,WH-002,93,Delivered
ORD-0001528,2026-08-04,SKU-0010,WH-007,19,Shipped
ORD-0001940,2026-07-23,SKU-0006,WH-008,85,Delivered
ORD-0001980,%Y/%m/%d %H:%M,SKU-0013,WH-004,78,Delivered
ORD-0001301,2026-08-20,SKU-0040,WH-005,95,Cancelled
ORD-0002120,2026-07-03,SKU-0059,WH-008,87,Shipped
ORD-0000801,2026-08-10,SKU-0015,WH-004,31,Pending
ORD-0001604,2026-06-06,SKU-0023,WH-002,20,Pending
ORD-0000161,2026-08-07,SKU-0034,WH-005,89,Delivered
ORD-0001705,2026-06-18,SKU-0053,WH-001,90,Pending
ORD-0000957,2026-06-27,SKU-0036,WH-005,19,Delivered
ORD-0001744,2026-07-02,SKU-0010,WH-005,35,Pending
ORD-0001187,2026-07-01,SKU-0010,WH-001,48,Cancelled
ORD-0000822,2026-07-06,SKU-0002,WH-002,97,Cancelled
ORD-0001730,2026-07-30,SKU-0009,WH-005,80,Cancelled
ORD-0002012,2026-07-08,SKU-0020,WH-006,73,Delivered
ORD-0000878,2026-07-09,SKU-0044,WH-008,31,Shipped
ORD-0001920,2026-07-09,SKU-0048,WH-007,45,Cancelled
ORD-0000914,2026-06-15,NA,WH-005,9,Delivered
ORD-0001885,2026-06-24,SKU-0050,WH-005,9,Pending
ORD-0000153,2026-08-31,SKU-0010,WH-004,56,shipd
ORD-0000099,2026-08-15,SKU-0012,WH-008,47,Pending
ORD-0002091,%Y-%m-%d,SKU-0052,WH-006,78,Shipped
ORD-0000510,2026-07-12,UNKNOWN,WH-001,83,canceled
ORD-0001136,2026-08-03,SKU-0011,WH-003,93,Cancelled
ORD-0001251,2026-06-17,SKU-0049,WH-003,21,Pending
ORD-0001990,2026-07-20,SKU-0037,WH-005,31,Shipped
ORD-0001876,%m/%d/%Y,SKU-0050,WH-008,42,Pending
ORD-0000104,2026-06-11,SKU-0028,,54,Shipped
ORD-0001446,2026-06-28,SKU-0016,WH-001,2,Pending
ORD-0001444,2026-06-19,SKU-0038,WH-002,99,Delivered
ORD-0001649,2026-07-02,NA,WH-005,82,Pending
ORD-0000587,2026-07-28,NA,WH-005,65,Pending
ORD-0000628,%d/%m/%Y,SKU-0042,WH-002,-2,Shipped
ORD-0001944,2026-07-22,SKU-0014,WH-001,7,Cancelled
ORD-0001697,2026-08-29,SKU-0033,WH-005,31,shipd
ORD-0001144,2026-07-19,SKU-0017,WH-004,66,Shipped
ORD-0000054,%Y-%m-%d,SKU-0046,WH-002,88,Cancelled
ORD-0000152,2026-07-10,SKU-0036,WH-007,45,CANCELLED 
ORD-0000404,2026-08-31,SKU-0060,WH-002,93,Delivered
ORD-0001155,2026-07-29,SKU-0013,WH-003,32,Delivered
ORD-0000208,2026-06-13,SKU-0034,WH-004,69,Shipped
ORD-0002158,not-a-date,NA,WH-005,21,Cancelled
ORD-0001683,%d/%m/%Y,SKU-0055,WH-008,39,Shipped
ORD-0001123,2026-06-27,SKU-0043,WH-007,10,Delivered
ORD-0001257,2026-08-03,SKU-0039,WH-006,83,Delivered
ORD-0000009,2026-08-29,SKU-0021,WH-007,52,Delivered
ORD-0001015,2026-06-26,SKU-0006,WH-001,-2,Shipped
ORD-0002104,2026-07-08,SKU-0033,WH-001,8,Pending
ORD-0001061,2026-06-14,SKU-0043,WC-001,63,Shipped
ORD-0000453,2026-07-23,SKU-0015,WH-006,72,pend
ORD-0001676,2026-06-02,SKU-0039,WH-001,52,Shipped
ORD-0000254,2026-07-08, ,WH-004,40,IN TRANSIT 
ORD-0001328,2026-07-17,SKU-0038,WH-001,50,Pending
ORD-0000897,2026-07-30,SKU-0011,WH-006,56,Cancelled
ORD-0002066,2026-08-20,UNKNOWN,WH-008,32,Shipped
ORD-0000881,2026-07-08,sku-1001,WH-004,76,Shipped
ORD-0001596,2026-06-21,SKU-9999,WH-003,60,Pending
ORD-0002155,2026-08-17,SKU-0037,WH-005,1,Shipped
ORD-0000624,2026-08-06,SKU-0024,WH-006,63,Pending
ORD-0000346,2026-08-31,SKU-0052,WH-002,7,Delivered
ORD-0002092,2026-08-29,SKU-0057,WH-003,26,Pending
ORD-0001788,2026-07-01,SKU-0023,WH-007,84,Shipped
ORD-0000263,2026-08-18,SKU-0048,WH-003,45,Pending
ORD-0001635,2026-08-09,SKU-0049,WH-999,76,Cancelled
ORD-0001322,2026-08-14,SKU-9999,WH-008,52,Shipped
ORD-0001439,2026-08-23,SKU-0026,WH-006,51,Pending
ORD-0000151,2026-08-29,SKU-0060,WH-003,-3,Delivered
ORD-0001970,2026-07-22,SKU-0003,WH-007,11,Cancelled
ORD-0000473,2026-07-05,SKU-0012,WH-003,35,Delivered
ORD-0001977,%Y/%m/%d %H:%M,SKU-0026,WH-002,54,Delivered
ORD-0001803,2026-08-29,SKU-0025,WH-003,61,Pending
ORD-0000641,2026-06-01,SKU-0058,WH-002,59,Delivered
ORD-0000872,2026-08-11,SKU-0049,WH-008,34,Pending
ORD-0002154,2026-06-15,SKU-0050,WH-001,97,Delivered
ORD-0000551,2026-07-28,SKU-0010,WH-008,71,Pending
ORD-0002094,2026-06-19,SKU-0037,WH-007,49,Pending
ORD-0001960,2026-06-22,,WH-005,29,Pending
ORD-0000929,2026-06-05,SKU-0042,WH-005,41,pend
ORD-0000489,2026-06-26,SKU-0031,WH-008,71,Shipped
ORD-0001844,2026-13-45,SKU-0029,WH-003,55,Cancelled
ORD-0001735,2026-06-12,SKU-0032,WH-008,2,Pending
ORD-0002113,2026-07-07,SKU-0048,WH-001,91,Delivered
ORD-0001172,%Y/%m/%d %H:%M,SKU-0042,WH-001,-4,Shipped
ORD-0000147,2026-06-19,SKU-0003,WH-005,12,Delivered
ORD-0002041,2026-08-31,SKU-0034,WH-003,40,Cancelled
ORD-0001987,,SKU-0041,WH-004,44,Shipped
ORD-0001370,2026-07-21,sku-1001,WH-004,22,Shipped
ORD-0000403,2026-08-08,SKU-0039,WH-005,71,Pending
ORD-0002169,2026-13-45,SKU-0004,WH-003,80,Shipped
ORD-0000955,2026-08-18,SKU-0051,WH-007,51,Pending
ORD-0002150,2026-06-19,,WH-008,89,Cancelled
ORD-0000660,2026-06-17,NA,  WH-007  ,35,Pending
ORD-0001795,2026-07-25,SKU-0039,WH-001,45,Pending
ORD-0001373,2026-06-11,SKU-0023,WH-006,53,shipd
ORD-0000464,2026-06-07,SKU-0040,WH-004,92,Shipped
ORD-0001350,2026-07-17,SKU-0012,WH-001,69,shipd
ORD-0000187,2026-07-16,SKU-0027,WH-005,5,Pending
ORD-0001148,2026-07-07,SKU-0026,WH-002,5,Delivered
ORD-0001225,2026-06-01,SKU-0047,WH-008,4,Delivered
ORD-0000609,2026-07-27,NA,WH-003,-2,shipd
ORD-0000144,%Y/%m/%d %H:%M,SKU-0058,WH-008,2,Cancelled
ORD-0000752,2026-06-08,SKU-0059,WH-007,61,Delivered
ORD-0001535,2026-07-12,SKU-0048,WH-003,15,Delivered
ORD-0001931,2026-08-11,SKU-0006,WH-003,92,Shipped
ORD-0000982,2026-06-26,SKU-0011,WH-003,63,Delivered
ORD-0000198,2026-07-02,SKU-0002,WH-002,1,Pending
ORD-0001634,2026-08-18,SKU-0010,,67,Shipped
ORD-0000884,%Y/%m/%d %H:%M,SKU-0011,WH-002,5,Cancelled
ORD-0001861,2026-06-04,SKU-0026,WH-005,20,Cancelled
ORD-0000280,2026-08-20,SKU-0048,WH-002,10,DELIVERD
ORD-0000294,2026-08-18,SKU-0060,WH-008,76,Pending
ORD-0000767,2026-07-12,SKU-0012,WH-006,6,canceled
ORD-0000401,%Y-%m-%d,SKU-0030,WH-007,83,Pending
ORD-0000123,2026-06-19,SKU-9999,WH-007,74,shipd
ORD-0000203,2026-07-23,SKU-0036,WH-007,17, shipped
ORD-0000836,2026-06-13,,WH-006,91,Shipped
ORD-0001440,2026-08-27,SKU-0022,WH-003,77,Delivered
ORD-0001734,2026-08-27, ,WH-003,51,Pending
ORD-0001696,%m/%d/%Y,UNKNOWN,WH-005,-2,canceled
ORD-0001708,2026-08-11,SKU-0054,WH-002,15,Pending
ORD-0002152,2026-08-13,SKU-0011,WH-004,23,Shipped
ORD-0001154,2026-08-09,,WH-001,14,Pending
ORD-0001662,2026-07-28,,WH-001,58,Delivered
ORD-0001760,2026-07-16, ,WH-007,52,Delivered
ORD-0000855,2026-06-01,SKU-0006,WH-004,12,Delivered
ORD-0001590,%m/%d/%Y,SKU-0004,WH-006,95,Shipped
ORD-0000642,2026-07-31,SKU-0025,WH-001,49,Cancelled
ORD-0000002,2026-08-16,SKU-0032,WH-003,-1,Cancelled
ORD-0000699,2026-08-12,SKU-0055,WH-002,84,Delivered
ORD-0001637,2026-06-20,NA,WH-002,5,Pending
ORD-0001292,2026-07-16,SKU-0040,WH-007,86,Delivered
ORD-0002112,2026-08-25,SKU-0017,WH-002,93,DELIVERD
ORD-0001521,2026-07-25,SKU-0012,WH-006,7,Shipped
ORD-0001854,%m/%d/%Y,,WH-005,62,Pending
ORD-0001137,2026-08-22,SKU-0046,WH-004,61,Pending
ORD-0002141,2026-08-10,SKU-0030,WH-007,20,Pending
ORD-0001632,%m/%d/%Y,SKU-0034,WH-005,50,Shipped
ORD-0001999,%m/%d/%Y,SKU-0059,WH-004,91,Shipped
ORD-0000664,2026-07-18,SKU-0025,WH-005,-5,Delivered
ORD-0000684,2026-06-16,,WH-006,6,IN TRANSIT 
ORD-0001258,2026-08-09,SKU-0022,WH-006,83,Pending
ORD-0000318,2026-06-21,SKU-0059,WH-003,95,Delivered
ORD-0000649,%d/%m/%Y,UNKNOWN,WH-004,71,Pending
ORD-0001435,2026-08-23,SKU-0027,WH-007,86,Pending
ORD-0001480,2026-06-13,SKU-0041,WH-003,79,Pending
ORD-0000710,2026-08-01,SKU-0031,WH-006,78,Pending
ORD-0001283,2026-07-20,SKU-0050,WH-004,7,Delivered
ORD-0001769,2026-07-17,SKU-0005,WH-006,66,canceled
ORD-0000973,2026-06-14,SKU-0014,  WH-007  ,32,IN TRANSIT 
ORD-0001307,2026-06-04,SKU-0019,WH-007,20,Cancelled
ORD-0001401,2026-06-18,SKU-0037,WH-003,51,Pending
ORD-0001409,2026-08-04,SKU-0018,WH-008,87,Cancelled
ORD-0001497,2026-07-27,SKU-0056,WH-001,16,shipd
ORD-0002039,2026-08-20,,WH-006,81,Shipped
ORD-0001530,31/31/2026,SKU-0014,WH-007,11,Shipped
ORD-0001664,2026-07-06,NA,WH-002,54,Shipped
ORD-0001355,2026-08-22,SKU-0025,WH-003,48,Pending
ORD-0002160,2026-07-17,UNKNOWN,WH-001,80, shipped
ORD-0002175,2026-06-24,SKU-0036,WH-004,28,CANCELLED 
ORD-0001644,2026-06-12,SKU-0034,WH-002,86,Pending
ORD-0001052,2026-07-19,SKU-0029,WH-002,-3,Pending
ORD-0000796,2026-08-18,SKU-0038,  WH-007  ,71,Delivered
ORD-0001598,2026-06-25,SKU-0059,WH-004,90,Pending
ORD-0001820,2026-07-28,SKU-0042,WH-005,73,canceled
ORD-0001723,2026-06-27,SKU-0005,WH-0,42,Pending
ORD-0001184,%d/%m/%Y,SKU-0000,WH-005,41,Cancelled
ORD-0001060,2026-08-28,SKU-0037,WH-005,1,Delivered
ORD-0000541,%Y-%m-%d,SKU-0053,WH-008,47,Delivered
ORD-0001679,2026-08-07,SKU-0003,WH-004,92,Pending
ORD-0001758,2026-08-12,SKU-0003,WH-002,-5,Shipped
ORD-0001924,%m/%d/%Y,SKU-0008,WH-005,-4,Delivered
ORD-0000096,2026-08-27,SKU-0020,WH-002,91,Shipped
ORD-0001021,2026-06-19,SKU-0002,WH-003,1,Delivered
ORD-0000564,2026-08-21,SKU-0016,WH-999,57,pend
ORD-0000864,2026-07-09, ,WH-999,81,Shipped
ORD-0001485,2026-08-24,,WH-001,56,Delivered
ORD-0001882,2026-08-08,SKU-0022,WH-004,7,Delivered
ORD-0001039,2026-07-14,SKU-0046,WH-005,2,Cancelled
ORD-0000207,2026-08-23,SKU-0057,WH-003,76,Delivered
ORD-0000393,2026-06-19,SKU-0006,WH-008,2,CANCELLED 
ORD-0000871,2026-07-21,SKU-0022,WH-004,97,Cancelled
ORD-0000398,2026-07-24,SKU-0017,WH-008,9,Shipped
ORD-0002129,2026-06-30,SKU-0038,WH-003,9,Delivered
ORD-0001029,2026-08-07,UNKNOWN,WH-007,31, shipped
ORD-0001486,2026-08-10,SKU-0011,WH-008,67,canceled
ORD-0000961,2026-07-10,SKU-0034,WH-008,36,Pending
ORD-0001571,2026-07-06,SKU-0032,WH-007,-5,Pending
ORD-0001896,2026-08-06,SKU-0031,WH-002,2,DELIVERD
ORD-0000805,2026-08-11,SKU-0003,  WH-007  ,56,pend
ORD-0001752,2026-07-25,SKU-0028,WH-002,62,Shipped
ORD-0000503,2026-06-18,SKU-0002,WH-0,31,Cancelled
ORD-0000780,2026-07-22,SKU-0037,WH-007,10,Shipped
ORD-0001864,2026-07-14,SKU-0039,WH-002,15,Delivered
ORD-0000201,2026-08-24,SKU-0041,WH-003,1,pend
ORD-0002089,2026-08-01,SKU-0006,WH-004,36,Cancelled
ORD-0001797,2026-07-17,SKU-0039,WH-006,46,canceled
ORD-0000379,2026-06-18,SKU-0012,WH-003,39,Shipped
ORD-0000419,2026-06-22,SKU-0043,WH-006,29,Pending
ORD-0001699,2026-06-03,SKU-0035,WH-003,30,Pending
ORD-0000392,%Y/%m/%d %H:%M,SKU-0054,WH-008,19,Shipped
ORD-0001523,2026-07-08,SKU-0018,WH-006,-4,Delivered
ORD-0001163,2026-08-20,SKU-0000,WH-006,81,Shipped
ORD-0001496,2026-07-24,SKU-0051,WH-008,38,Delivered
ORD-0002028,2026-08-09,SKU-0047,WH-005,92,Pending
ORD-0001153,2026-08-31,SKU-0059,WH-001,80,Pending
ORD-0001368,2026-08-21,SKU-0032,WH-003,35,Delivered
ORD-0000065,2026-07-22,SKU-0004,WH-008,63,Cancelled
ORD-0002063,2026-06-23,sku-1001,WH-007,81,Delivered
ORD-0001181,2026-07-02,SKU-0001,WH-008,91,Cancelled
ORD-0000493,2026-07-13,SKU-0056,WH-001,44,Pending
ORD-0000380,2026-06-06,SKU-0000,WH-008,55,Cancelled
ORD-0000764,2026-06-08,SKU-0021,WH-003,96,Cancelled
ORD-0000792,2026-08-24,SKU-0043,WH-001,89,Delivered
ORD-0001077,2026-07-25,SKU-0026,WH-006,54,canceled
ORD-0000879,2026-08-23,SKU-0024,WH-002,59,CANCELLED 
ORD-0000338,2026-07-30,SKU-0038,WH-0,83,DELIVERD
ORD-0001017,2026-06-03,SKU-0022,WH-002,60,Cancelled
ORD-0001276,2026-08-11,SKU-0021,WH-002,6,Shipped
ORD-0000456,2026-06-26,SKU-0027,WC-001,86,Cancelled
ORD-0000816,2026-08-04,SKU-0033,WH-005,12, shipped
ORD-0000996,2026-08-01,SKU-0021,WH-004,23,Pending
ORD-0001982,2026-06-15,SKU-0042,WH-006,16,Delivered
ORD-0000202,2026-07-12,SKU-0037,WH-001,9,Shipped
ORD-0000162,2026-06-29,SKU-0056,WH-005,88,Delivered
ORD-0001580,2026-08-07,SKU-0000,WH-003,-4,Pending
ORD-0000703,2026-06-25,SKU-0002,  WH-007  ,97,Shipped
ORD-0001501,2026-08-18,SKU-0028,WH-004,25,pend
ORD-0001130,%m/%d/%Y,SKU-0024,WH-004,88,Delivered
ORD-0001022,2026-08-15,SKU-0059,WH-004,5,Delivered
ORD-0001586,2026-06-29,SKU-0034,WH-007,90,DELIVERD
ORD-0001956,2026-06-27,SKU-0017,WH-999,11,Cancelled
ORD-0000035,2026-07-10,sku-1001,WH-001,15,Shipped
ORD-0000776,2026-06-11,SKU-0059,WH-008,94,Pending
ORD-0001479,2026-06-05,SKU-0021,WH-003,63,Delivered
ORD-0001391,2026-08-29,SKU-0028,WH-008,45,Shipped
ORD-0002140,2026-06-25,SKU-0013,WH-008,64,Delivered
ORD-0001364,2026-07-06, ,WH-003,64,Pending
ORD-0002042,2026-08-07,SKU-0028,WH-005,30,Delivered
ORD-0000242,2026-08-16,SKU-0016,WH-008,22, shipped
ORD-0002062,2026-07-11,SKU-0012,WH-005,17,Delivered
ORD-0000601,2026-08-11,SKU-0051,WH-004,80,Shipped
ORD-0001298,2026-06-28,SKU-0002,WH-999,93,Pending
ORD-0002069,2026-07-21,SKU-0031,WH-006,75,Shipped
ORD-0000647,2026-06-29,SKU-0018,WH-002,-6,Delivered
ORD-0001529,2026-08-14,SKU-0022,WH-002,46,Shipped
ORD-0001268,2026-08-25,SKU-0045,WH-008,11,Cancelled
ORD-0001900,2026-08-15,SKU-0049,WH-005,6,Delivered
ORD-0000563,2026-07-13,SKU-0051,WH-001,64, shipped
ORD-0000190,2026-06-02,SKU-0037,  WH-007  ,18,Pending
ORD-0001807,2026-08-20,SKU-0019,WH-003,82,Shipped
ORD-0000976,2026-06-21, ,WH-001,90,IN TRANSIT 
ORD-0002048,2026-06-05,SKU-0011,WH-006,12,Cancelled
ORD-0001083,2026-07-31,SKU-0026,WH-005,42,Delivered
ORD-0000475,2026-07-15,SKU-0053,WH-001,89,Delivered
ORD-0000748,2026-06-02,SKU-0006,WH-007,93,Delivered
ORD-0000022,2026-07-13,SKU-0050,WH-008,-6,Pending
ORD-0000460,2026-06-03,SKU-0051,WH-003,38,Pending
ORD-0001185,2026-06-16,SKU-0057,WH-005,3,Pending
ORD-0000956,2026-07-15,SKU-0044,WH-006,32,Delivered
ORD-0001216,2026-06-21,SKU-0010,WH-003,11,Shipped
ORD-0001516,2026-08-01,NA,WH-003,47,Cancelled
ORD-0000770,2026-07-07,SKU-0007,WH-999,54,Delivered
ORD-0001686,2026-07-09,SKU-0015,WH-001,30,Shipped
ORD-0000131,2026-06-06,SKU-0051,WH-003,93,Cancelled
ORD-0002136,%Y/%m/%d %H:%M,SKU-0049,WH-004,20,Pending
ORD-0001483,2026-07-17,SKU-0006,WH-005,30,Shipped
ORD-0000331,%m/%d/%Y,SKU-0002,  WH-007  ,55,pend
ORD-0001239,%Y-%m-%d,SKU-0045,WH-003,-4,Cancelled
ORD-0000467,2026-06-05,SKU-0040,WH-007,88,Cancelled
ORD-0002170,2026-08-11,SKU-0013,WH-007,14,Pending
ORD-0001639,%Y/%m/%d %H:%M,SKU-0048,  WH-007  ,85,Delivered
ORD-0001096,2026-08-20,SKU-0005,WH-005,63,Cancelled
ORD-0001131,2026-06-06,SKU-0021,WH-006,55,Pending
ORD-0001295,2026-08-18,SKU-0021,WH-999,82,Cancelled
ORD-0000861,2026-06-26,SKU-0025,WH-003,60,Pending
